scientific_name,scientific_name_lower,taxon_id,family,countries_native_treekipedia,is_invasive,is_alien,num_countries_invasive,num_countries_alien,num_countries_present,countries_invasive_griis,countries_alien_griis,countries_present_griis,habitats_griis
Ricinus communis,ricinus communis,AngMaMaph41647-00; AngMaMaph41647-01; AngMaMaph41647-02; AngMaMaph41647-03; AngMaMaph41647-04; AngMaMaph41647-05; AngMaMaph41647-06; AngMaMaph41647-07; AngMaMaph41647-08; AngMaMaph41647-09; AngMaMaph41647-01,Euphorbiaceae,Australia;Colombia,YES,YES,78,187,197,"- Cook Islands; - Indonesia; - Nauru; - Paraguay; -Samoa; Angola; Antigua and Barbuda; Argentina; Aruba; Bahamas; Bermuda; Bonaire, Bonaire, Sint Eustatius and Saba; Brazil; Cambodia; Chile; China; Cosmoledo, Seychelles; Costa Rica; Cousin Special Reserve, Seychelles; Cousine Island, Seychelles; Cuba; Curacao, Netherlands; Curieuse Special Reserve, Seychelles; Cyprus; D'Arros island, Seychelles; El Hierro, Islas Canarias, Spain; Ethiopia; Fiji; Fuerteventura, Islas Canarias, Spain; Galápagos Islands, Ecuador; Gran Canaria, Islas Canarias, Spain; Greece; Ha'apai group, Tonga; Ile-aux-Vaches Nature Reserve, Seychelles; India; Islets of Farquhar Atoll, Seychelles; Israel; Italy; Jordan; Kiribati; La Digue island, Seychelles; La Gomera, Islas Canarias, Spain; La Palma, Islas Canarias, Spain; Lanzarote, Islas Canarias, Spain; Libya; Lord Howe Island, Australia; Maldives; Malta; Mexico; Morocco; Namibia; New Zealand; Palau; Papua New Guinea; Peru; Pitcairn Islands- Great Britain; Portugal; Rapa Nui  (Isla de Pascua, Easter Island); Rapa Nui (Isla de Pascua, Easter Island); Saba, Bonaire, Sint Eustatius and Saba; Silhouette National Park, Seychelles; Sint Eustatius, Bonaire, Sint Eustatius and Saba; Sint Maarten, Netherlands; Solomon Islands; South Africa; Tenerife, Islas Canarias, Spain; Timor-Leste; Tonga; Tongatapu Island, Tonga; Uganda; Uruguay; Vanuatu; Vava'u group, Tonga; Wallis and Futuna; Zambia; Zimbabwe; – Reunion; – Turks and Caicos Islands","- Cook Islands; - Croatia; - Indonesia; - Japan; - Nauru; - Nicaragua; - Paraguay; - Sao Tome and Principe; -Samoa; Addo-Elephant National Park, South Africa; Afghanistan; Agulhas National Park, South Africa; Ailinglaplap Atoll, Marshall Islands; Albania; Algeria; American Samoa; Angola; Anguilla; Antigua and Barbuda; Argentina; Aruba; Augrabies Falls National Park, South Africa; Australia; Austria; Azores, Portugal; Bahamas; Barbados; Belgium; Belize; Benin; Bermuda; Bikini Atoll, Marshall Islands; Bolivia; Bonaire, Bonaire, Sint Eustatius and Saba; Bontebok National Park, South Africa; Bosnia and Herzegovina; Brazil; Bulgaria; Burkina Faso; Burundi; Cabo Verde; Cambodia; Camdeboo National Park, South Africa; Cayman Islands; Chad; Chile; China; Chuuk, Federated States of Micronesia; Cosmoledo, Seychelles; Cousin Special Reserve, Seychelles; Cousine Island, Seychelles; Cuba; Curacao, Netherlands; Curieuse Special Reserve, Seychelles; Cyprus; Czechia; D'Arros island, Seychelles; Democratic Republic of Congo; Denmark; Dominican Republic; Ecuador; El Hierro, Islas Canarias, Spain; El Salvador; Enewetak Atoll, Marshall Islands; Estonia; Ethiopia; Fiji; France; French Guiana; French Polynesia; Fuerteventura, Islas Canarias, Spain; Gabon; Galápagos Islands, Ecuador; Gambia; Garden Route National Park, South Africa; Ghana; Golden Gate Highlands National Park, South Africa; Gran Canaria, Islas Canarias, Spain; Guinea; Guinea-Bissau; Guyana; Ha'apai group, Tonga; Hawaii, United States (ver.2.0, 2022); Honduras; Ile-aux-Vaches Nature Reserve, Seychelles; India; Iran; Iraq; Islets of Farquhar Atoll, Seychelles; Israel; Italy; Jaluit Atoll, Marshall Islands; Kiribati; Kruger National Park, South Africa; La Digue island, Seychelles; La Gomera, Islas Canarias, Spain; La Palma, Islas Canarias, Spain; Lanzarote, Islas Canarias, Spain; Lebanon; Lesotho; Libya; Lithuania; Lord Howe Island, Australia; Madagascar; Madeira, Portugal; Majuro Atoll, Marshall Islands; Malawi; Malaysia; Maldives; Mali; Malta; Mapungupwe National Park, South Africa; Marshall Islands; Mauritania; Mayotte, France; Mexico; Mokala National Park, South Africa; Montserrat; Morocco; Mountain Zebra National Park, South Africa; Namaqua National Park, South Africa; Namibia; Nepal; New Zealand; Niue; Pakistan; Palau; Panama; Papua New Guinea; Peru; Philippines; Pitcairn Islands- Great Britain; Portugal; Qatar; Rapa Nui  (Isla de Pascua, Easter Island); Rapa Nui (Isla de Pascua, Easter Island); Richtersveld National Park, South Africa; Romania; Saba, Bonaire, Sint Eustatius and Saba; Saint Barthelemy; Saint Martin (French part); Saint Vincent and the Grenadines; Senegal; Serengeti National Park, Tanzania; Seychelles; Silhouette National Park, Seychelles; Sint Eustatius, Bonaire, Sint Eustatius and Saba; Sint Maarten, Netherlands; Socotra Archipelago, Yemen; Solomon Islands; Soqotra, Yemen; South Africa; Spain; Sri Lanka; State of Palestine; Suriname; Sweden; Table Mountain National Park, South Africa; Tanganyika, Zambia; Tankwa-Karoo National Park, South Africa; Tenerife, Islas Canarias, Spain; Timor-Leste; Togo; Tonga; Tongatapu Island, Tonga; Tunisia; Turkey; Tuvalu; Uganda; United States (Contiguous) (ver.2.0, 2022); Uruguay; Vanuatu; Vava'u group, Tonga; Venezuela; Wallis and Futuna; Yap, Federated States of Micronesia; Yemen; Zambia; Zimbabwe; – Ascension Island, Saint Helena, Ascension and Tristan da Cunha; – British Indian Ocean Territory; – Central African Republic; – Guadeloupe; – Martinique; – Reunion; – Saint Helena, Saint Helena, Ascension and Tristan da Cunha; – Turks and Caicos Islands","- Cook Islands; - Croatia; - Indonesia; - Japan; - Nauru; - Nicaragua; - Paraguay; - Sao Tome and Principe; -Samoa; Addo-Elephant National Park, South Africa; Afghanistan; Agulhas National Park, South Africa; Ailinglaplap Atoll, Marshall Islands; Albania; Algeria; American Samoa; Angola; Anguilla; Antigua and Barbuda; Argentina; Aruba; Augrabies Falls National Park, South Africa; Australia; Austria; Azores, Portugal; Bahamas; Barbados; Belgium; Belize; Benin; Bermuda; Bikini Atoll, Marshall Islands; Bolivia; Bonaire, Bonaire, Sint Eustatius and Saba; Bontebok National Park, South Africa; Bosnia and Herzegovina; Brazil; Bulgaria; Burkina Faso; Burundi; Cabo Verde; Cambodia; Camdeboo National Park, South Africa; Cayman Islands; Chad; Chile; China; Chuuk, Federated States of Micronesia; Comoros; Cosmoledo, Seychelles; Costa Rica; Cousin Special Reserve, Seychelles; Cousine Island, Seychelles; Cuba; Curacao, Netherlands; Curieuse Special Reserve, Seychelles; Cyprus; Czechia; D'Arros island, Seychelles; Democratic Republic of Congo; Denmark; Dominican Republic; Ecuador; El Hierro, Islas Canarias, Spain; El Salvador; Enewetak Atoll, Marshall Islands; Estonia; Ethiopia; Federated States of Micronesia; Fiji; France; French Guiana; French Polynesia; Fuerteventura, Islas Canarias, Spain; Gabon; Galápagos Islands, Ecuador; Gambia; Garden Route National Park, South Africa; Ghana; Golden Gate Highlands National Park, South Africa; Gran Canaria, Islas Canarias, Spain; Greece; Guinea; Guinea-Bissau; Guyana; Ha'apai group, Tonga; Hawaii, United States (ver.2.0, 2022); Honduras; Ile-aux-Vaches Nature Reserve, Seychelles; India; Iran; Iraq; Islets of Farquhar Atoll, Seychelles; Israel; Italy; Jaluit Atoll, Marshall Islands; Jamaica; Jordan; Kiribati; Kruger National Park, South Africa; La Digue island, Seychelles; La Gomera, Islas Canarias, Spain; La Palma, Islas Canarias, Spain; Lanzarote, Islas Canarias, Spain; Lebanon; Lesotho; Libya; Lithuania; Lord Howe Island, Australia; Madagascar; Madeira, Portugal; Majuro Atoll, Marshall Islands; Malawi; Malaysia; Maldives; Mali; Malta; Mapungupwe National Park, South Africa; Marshall Islands; Mauritania; Mayotte, France; Mexico; Mokala National Park, South Africa; Montserrat; Morocco; Mountain Zebra National Park, South Africa; Namaqua National Park, South Africa; Namibia; Nepal; New Zealand; Niue; Pakistan; Palau; Panama; Papua New Guinea; Peru; Philippines; Pitcairn Islands- Great Britain; Portugal; Qatar; Rapa Nui  (Isla de Pascua, Easter Island); Rapa Nui (Isla de Pascua, Easter Island); Richtersveld National Park, South Africa; Romania; Saba, Bonaire, Sint Eustatius and Saba; Saint Barthelemy; Saint Martin (French part); Saint Vincent and the Grenadines; Senegal; Serengeti National Park, Tanzania; Seychelles; Silhouette National Park, Seychelles; Singapore; Sint Eustatius, Bonaire, Sint Eustatius and Saba; Sint Maarten, Netherlands; Slovakia; Socotra Archipelago, Yemen; Solomon Islands; Soqotra, Yemen; South Africa; Spain; Sri Lanka; State of Palestine; Suriname; Sweden; Table Mountain National Park, South Africa; Tanganyika, Zambia; Tankwa-Karoo National Park, South Africa; Tenerife, Islas Canarias, Spain; Timor-Leste; Togo; Tonga; Tongatapu Island, Tonga; Tunisia; Turkey; Tuvalu; Uganda; United States (Contiguous) (ver.2.0, 2022); Uruguay; Vanuatu; Vava'u group, Tonga; Venezuela; Vietnam; Wallis and Futuna; Yap, Federated States of Micronesia; Yemen; Zambia; Zimbabwe; Îles Éparses, France; – Ascension Island, Saint Helena, Ascension and Tristan da Cunha; – British Indian Ocean Territory; – Central African Republic; – Guadeloupe; – Martinique; – Reunion; – Saint Helena, Saint Helena, Ascension and Tristan da Cunha; – Turks and Caicos Islands",Freshwater; Terrestrial; terrestrial
Psidium guajava,psidium guajava,AngMaMyMy39478-00; AngMaMyMy39478-01; AngMaMyMy39478-02; AngMaMyMy39478-03; AngMaMyMy39478-04; AngMaMyMy39478-01,Myrtaceae,Australia;Chile;Timor-Leste,YES,YES,46,141,149,"- Cook Islands; - Indonesia; - Nauru; -Samoa; Bahamas; Bermuda; Brazil; Cambodia; Comoros; Cuba; Dominican Republic; Ethiopia; Federated States of Micronesia; Fiji; Galápagos Islands, Ecuador; Guyana; Ha'apai group, Tonga; Huvalu Conservation Area, Niue; Kenya; Malaysia; Mara Ecosystem (Kenya, Tanzania); Mayotte, France; Montserrat; Mozambique; Namibia; Ndzuwani (Anjouan), Comoros; New Caledonia, France; New Zealand; Ngazidja (Grande Comore), Comoros; Pitcairn Islands- Great Britain; Rapa Nui  (Isla de Pascua, Easter Island); Rapa Nui (Isla de Pascua, Easter Island); Rwanda; Solomon Islands; South Africa; St Lucia System, South Africa; Tanzania; Tonga; Tongatapu Island, Tonga; Uganda; Vanuatu; Vava'u group, Tonga; Venezuela; Zambia; Zimbabwe; – Ascension Island, Saint Helena, Ascension and Tristan da Cunha","- Cook Islands; - Egypt; - Indonesia; - Japan; - Nauru; - Sao Tome and Principe; -Samoa; Addo-Elephant National Park, South Africa; Amani Forest Nature Reserve, Tanzania; American Samoa; Angola; Anguilla; Argentina; Arno Atoll, Marshall Islands; Aruba; Australia; Bahamas; Bangladesh; Bermuda; Bonaire, Bonaire, Sint Eustatius and Saba; Brazil; Brunei Darussalam; Burkina Faso; Burundi; Cabo Verde; Cambodia; Cameroon; Cayman Islands; Chad; China; Chuuk, Federated States of Micronesia; Cuba; Curacao, Netherlands; Curieuse Special Reserve, Seychelles; Côte d'Ivoire; Democratic Republic of Congo; Dominican Republic; East Usambara, Tanzania; El Salvador; Equatorial Guinea; Eritrea; Eswatini (Swaziland); Ethiopia; Fiji; French Polynesia; Gabon; Galápagos Islands, Ecuador; Gambia; Garden Route National Park, South Africa; Ghana; Golden Gate Highlands National Park, South Africa; Grenada; Guatemala; Guinea; Guinea-Bissau; Guyana; Ha'apai group, Tonga; Haiti; Hawaii, United States (ver.2.0, 2022); Honduras; Huvalu Conservation Area, Niue; India; Kenya; Kiribati; Kosrae, Federated States of Micronesia; Kruger National Park, South Africa; Kwajalein Atoll, Marshall Islands; Laos; Libya; Lord Howe Island, Australia; Madagascar; Majuro Atoll, Marshall Islands; Malawi; Malaysia; Maldives; Mapungupwe National Park, South Africa; Mara Ecosystem (Kenya, Tanzania); Marakele National Park, South Africa; Marshall Islands; Mauritania; Mayotte, France; Mokala National Park, South Africa; Montserrat; Mountain Zebra National Park, South Africa; Mozambique; Myanmar; Namibia; Nepal; New Caledonia, France; New Zealand; Nigeria; Niue; Palau; Papua New Guinea; Peru; Philippines; Pitcairn Islands- Great Britain; Pohnpei, Federated States of Micronesia; Rapa Nui  (Isla de Pascua, Easter Island); Rapa Nui (Isla de Pascua, Easter Island); Rwanda; Saba, Bonaire, Sint Eustatius and Saba; Saint Barthelemy; Saint Martin (French part); Saint Vincent and the Grenadines; Senegal; Seychelles; Sint Eustatius, Bonaire, Sint Eustatius and Saba; Sint Maarten, Netherlands; Socotra Archipelago, Yemen; Solomon Islands; Soqotra, Yemen; South Africa; St Lucia System, South Africa; Sudan; Suriname; Table Mountain National Park, South Africa; Tanganyika, Zambia; Tankwa-Karoo National Park, South Africa; Tanzania; Thailand; Timor-Leste; Togo; Tonga; Tongatapu Island, Tonga; Trinidad and Tobago; Uganda; United States (Contiguous) (ver.2.0, 2022); Vanuatu; Vava'u group, Tonga; Venezuela; Wallis and Futuna; Yap, Federated States of Micronesia; Yemen; Zambia; Zimbabwe; – Ascension Island, Saint Helena, Ascension and Tristan da Cunha; – British Indian Ocean Territory; – Central African Republic; – Reunion; – Saint Helena, Saint Helena, Ascension and Tristan da Cunha","- Cook Islands; - Egypt; - Indonesia; - Japan; - Nauru; - Sao Tome and Principe; -Samoa; Addo-Elephant National Park, South Africa; Amani Forest Nature Reserve, Tanzania; American Samoa; Angola; Anguilla; Argentina; Arno Atoll, Marshall Islands; Aruba; Australia; Bahamas; Bangladesh; Bermuda; Bonaire, Bonaire, Sint Eustatius and Saba; Brazil; Brunei Darussalam; Burkina Faso; Burundi; Cabo Verde; Cambodia; Cameroon; Cayman Islands; Chad; China; Chuuk, Federated States of Micronesia; Comoros; Cuba; Curacao, Netherlands; Curieuse Special Reserve, Seychelles; Côte d'Ivoire; Democratic Republic of Congo; Dominican Republic; East Usambara, Tanzania; El Salvador; Equatorial Guinea; Eritrea; Eswatini (Swaziland); Ethiopia; Federated States of Micronesia; Fiji; French Polynesia; Gabon; Galápagos Islands, Ecuador; Gambia; Garden Route National Park, South Africa; Ghana; Golden Gate Highlands National Park, South Africa; Grenada; Guatemala; Guinea; Guinea-Bissau; Guyana; Ha'apai group, Tonga; Haiti; Hawaii, United States (ver.2.0, 2022); Honduras; Huvalu Conservation Area, Niue; India; Jamaica; Jordan; Kenya; Kiribati; Kosrae, Federated States of Micronesia; Kruger National Park, South Africa; Kwajalein Atoll, Marshall Islands; Laos; Libya; Lord Howe Island, Australia; Madagascar; Majuro Atoll, Marshall Islands; Malawi; Malaysia; Maldives; Mapungupwe National Park, South Africa; Mara Ecosystem (Kenya, Tanzania); Marakele National Park, South Africa; Marshall Islands; Mauritania; Mayotte, France; Mokala National Park, South Africa; Montserrat; Mountain Zebra National Park, South Africa; Mozambique; Myanmar; Namibia; Ndzuwani (Anjouan), Comoros; Nepal; New Caledonia, France; New Zealand; Ngazidja (Grande Comore), Comoros; Nigeria; Niue; Palau; Papua New Guinea; Peru; Philippines; Pitcairn Islands- Great Britain; Pohnpei, Federated States of Micronesia; Rapa Nui  (Isla de Pascua, Easter Island); Rapa Nui (Isla de Pascua, Easter Island); Rwanda; Saba, Bonaire, Sint Eustatius and Saba; Saint Barthelemy; Saint Martin (French part); Saint Vincent and the Grenadines; Senegal; Seychelles; Singapore; Sint Eustatius, Bonaire, Sint Eustatius and Saba; Sint Maarten, Netherlands; Socotra Archipelago, Yemen; Solomon Islands; Soqotra, Yemen; South Africa; St Lucia System, South Africa; Sudan; Suriname; Table Mountain National Park, South Africa; Tanganyika, Zambia; Tankwa-Karoo National Park, South Africa; Tanzania; Thailand; Timor-Leste; Togo; Tonga; Tongatapu Island, Tonga; Trinidad and Tobago; Uganda; United States (Contiguous) (ver.2.0, 2022); Vanuatu; Vava'u group, Tonga; Venezuela; Vietnam; Wallis and Futuna; Yap, Federated States of Micronesia; Yemen; Zambia; Zimbabwe; – Ascension Island, Saint Helena, Ascension and Tristan da Cunha; – British Indian Ocean Territory; – Central African Republic; – Reunion; – Saint Helena, Saint Helena, Ascension and Tristan da Cunha",Terrestrial; terrestrial
Ailanthus altissima,ailanthus altissima,AngMaSaSm1464-00; AngMaSaSm1464-01; AngMaSaSm1464-02; AngMaSaSm1464-03; AngMaSaSm1464-04; AngMaSaSm1464-01,Simaroubaceae,Australia;Canada;Spain;Taiwan;United States,YES,YES,46,67,71,"- Croatia; - Japan; Algeria; Argentina; Armenia; Austria; Bosnia and Herzegovina; Bulgaria; Canada; Cyprus; Czechia; Denmark; France; Georgia; Germany; Gran Canaria, Islas Canarias, Spain; Great Britain; Greece; India; Iran; Israel; Italy; Jordan; Kyrgyzstan; La Palma, Islas Canarias, Spain; Lebanon; Lesotho; Liechtenstein; Malta; Moldova; Montenegro; Morocco; New Zealand; North Macedonia; Portugal; Romania; Serbia; Slovakia; Slovenia; South Africa; Spain; Switzerland; Tenerife, Islas Canarias, Spain; Turkmenistan; Ukraine; – Korea (Democratic People's Republic of)","- Croatia; - Japan; Albania; Algeria; Archipielago Juan Fernández, Chile; Argentina; Armenia; Australia; Austria; Azores, Portugal; Belgium; Bosnia and Herzegovina; Bulgaria; Canada; Chile; Cyprus; Czechia; Denmark; Estonia; France; Georgia; Germany; Golden Gate Highlands National Park, South Africa; Gran Canaria, Islas Canarias, Spain; Great Britain; Hawaii, United States (ver.2.0, 2022); Hungary; India; Iran; Ireland; Israel; Italy; Juan Fernandez Islands, Chile; Kyrgyzstan; La Palma, Islas Canarias, Spain; Lebanon; Lesotho; Libya; Liechtenstein; Luxembourg; Madeira, Portugal; Malta; Moldova; Montenegro; Morocco; New Zealand; North Macedonia; Norway; Pakistan; Poland; Portugal; Romania; Russian Federation; Serbia; Slovenia; South Africa; Spain; State of Palestine; Switzerland; Table Mountain National Park, South Africa; Tankwa-Karoo National Park, South Africa; Tenerife, Islas Canarias, Spain; Turkey; Turkmenistan; United States (Contiguous) (ver.2.0, 2022); – Korea (Democratic People's Republic of); – Saint Helena, Saint Helena, Ascension and Tristan da Cunha","- Croatia; - Japan; Albania; Algeria; Archipielago Juan Fernández, Chile; Argentina; Armenia; Australia; Austria; Azores, Portugal; Belgium; Bosnia and Herzegovina; Bulgaria; Canada; Chile; Cyprus; Czechia; Denmark; Estonia; France; Georgia; Germany; Golden Gate Highlands National Park, South Africa; Gran Canaria, Islas Canarias, Spain; Great Britain; Greece; Hawaii, United States (ver.2.0, 2022); Hungary; India; Iran; Ireland; Israel; Italy; Jordan; Juan Fernandez Islands, Chile; Kyrgyzstan; La Palma, Islas Canarias, Spain; Lebanon; Lesotho; Libya; Liechtenstein; Luxembourg; Madeira, Portugal; Malta; Moldova; Montenegro; Morocco; New Zealand; North Macedonia; Norway; Pakistan; Poland; Portugal; Romania; Russian Federation; Serbia; Slovakia; Slovenia; South Africa; Spain; State of Palestine; Switzerland; Table Mountain National Park, South Africa; Tankwa-Karoo National Park, South Africa; Tenerife, Islas Canarias, Spain; Turkey; Turkmenistan; Ukraine; United States (Contiguous) (ver.2.0, 2022); – Korea (Democratic People's Republic of); – Saint Helena, Saint Helena, Ascension and Tristan da Cunha",Freshwater; Terrestrial; terrestrial
Robinia pseudoacacia,robinia pseudoacacia,AngMaFaFb41772-00; AngMaFaFb41772-01; AngMaFaFb41772-02; AngMaFaFb41772-03; AngMaFaFb41772-04; AngMaFaFb41772-05; AngMaFaFb41772-06; AngMaFaFb41772-07; AngMaFaFb41772-08; AngMaFaFb41772-09; AngMaFaFb41772-10; AngMaFaFb41772-01,Fabaceae,Australia,YES,YES,45,77,81,"- Croatia; - Japan; - Republic of Korea; Argentina; Armenia; Belarus; Bhutan; Bosnia and Herzegovina; Brazil; Bulgaria; Canada; China; Cyprus; Czechia; Denmark; France; Georgia; Germany; Great Britain; Greece; India; Italy; Lesotho; Liechtenstein; Lithuania; Lord Howe Island, Australia; Luxembourg; Moldova; Montenegro; New Zealand; North Macedonia; Portugal; Rapa Nui  (Isla de Pascua, Easter Island); Rapa Nui (Isla de Pascua, Easter Island); Romania; Serbia; Slovakia; Slovenia; South Africa; Sweden; Switzerland; Turkey; Ukraine; – Korea (Democratic People's Republic of); – Reunion","- Croatia; - Japan; - Republic of Korea; Afghanistan; Albania; Algeria; Argentina; Armenia; Australia; Belarus; Belgium; Bhutan; Bosnia and Herzegovina; Brazil; Bulgaria; Camdeboo National Park, South Africa; Canada; Chile; China; Cyprus; Czechia; Denmark; Estonia; Eswatini (Swaziland); France; Garden Route National Park, South Africa; Georgia; Germany; Golden Gate Highlands National Park, South Africa; Gran Canaria, Islas Canarias, Spain; Great Britain; Hungary; India; Iran; Iraq; Ireland; Israel; Italy; Jeju Island, Republic of Korea; Latvia; Lesotho; Libya; Liechtenstein; Lithuania; Lord Howe Island, Australia; Luxembourg; Madeira, Portugal; Mexico; Mokala National Park, South Africa; Moldova; Montenegro; Morocco; Mountain Zebra National Park, South Africa; Myanmar; Netherlands; New Zealand; North Macedonia; Norway; Pakistan; Poland; Portugal; Rapa Nui  (Isla de Pascua, Easter Island); Rapa Nui (Isla de Pascua, Easter Island); Romania; Russian Federation; Serbia; Slovenia; South Africa; Spain; Sweden; Switzerland; Table Mountain National Park, South Africa; Tankwa-Karoo National Park, South Africa; Turkey; Wadden Sea; – Korea (Democratic People's Republic of); – Reunion","- Croatia; - Japan; - Republic of Korea; Afghanistan; Albania; Algeria; Argentina; Armenia; Australia; Belarus; Belgium; Bhutan; Bosnia and Herzegovina; Brazil; Bulgaria; Camdeboo National Park, South Africa; Canada; Chile; China; Cyprus; Czechia; Denmark; Estonia; Eswatini (Swaziland); France; Garden Route National Park, South Africa; Georgia; Germany; Golden Gate Highlands National Park, South Africa; Gran Canaria, Islas Canarias, Spain; Great Britain; Greece; Hungary; India; Iran; Iraq; Ireland; Israel; Italy; Jeju Island, Republic of Korea; Jordan; Latvia; Lesotho; Libya; Liechtenstein; Lithuania; Lord Howe Island, Australia; Luxembourg; Madeira, Portugal; Mexico; Mokala National Park, South Africa; Moldova; Montenegro; Morocco; Mountain Zebra National Park, South Africa; Myanmar; Netherlands; New Zealand; North Macedonia; Norway; Pakistan; Poland; Portugal; Rapa Nui  (Isla de Pascua, Easter Island); Rapa Nui (Isla de Pascua, Easter Island); Romania; Russian Federation; Serbia; Slovakia; Slovenia; South Africa; Spain; Sweden; Switzerland; Table Mountain National Park, South Africa; Tankwa-Karoo National Park, South Africa; Turkey; Ukraine; Wadden Sea; – Korea (Democratic People's Republic of); – Reunion",Freshwater; Terrestrial; terrestrial
Prosopis juliflora,prosopis juliflora,AngMaFaFb38925-00; AngMaFaFb38925-01; AngMaFaFb38925-01,Fabaceae,Colombia,YES,YES,40,72,76,"- Egypt; Australia; Burkina Faso; Cabo Verde; Cuba; Djibouti; Eritrea; Ethiopia; India; Iran; Iraq; Israel; Jordan; Kenya; Malawi; Mali; Mara Ecosystem (Kenya, Tanzania); Marsa Waiai, Sudan; Mauritania; Mozambique; Myanmar; Niger; Nigeria; Oman; Pakistan; Qatar; Saudi Arabia; Senegal; Somalia; Soqotra, Yemen; Spain; Sudan; Tanzania; Thailand; Uganda; United Arab Emirates; Yemen; Zambia; – Ascension Island, Saint Helena, Ascension and Tristan da Cunha; – Reunion","- Egypt; Algeria; Antigua and Barbuda; Australia; Bahamas; Bahrain; Barbados; Bolivia; Brazil; Brunei Darussalam; Burkina Faso; Cabo Verde; Cambodia; Cayman Islands; Chad; Cuba; Djibouti; Dominican Republic; El Salvador; Eritrea; Ethiopia; Gambia; Ghana; Gran Canaria, Islas Canarias, Spain; Guatemala; Guinea-Bissau; Haiti; Hawaii, United States (ver.2.0, 2022); Honduras; India; Iran; Iraq; Israel; Kenya; Kuwait; Libya; Madagascar; Malawi; Maldives; Mali; Mara Ecosystem (Kenya, Tanzania); Marsa Waiai, Sudan; Mauritania; Mozambique; Myanmar; Niger; Nigeria; Oman; Pakistan; Philippines; Qatar; Saint Lucia; Saudi Arabia; Senegal; Socotra Archipelago, Yemen; Somalia; Soqotra, Yemen; Spain; Sri Lanka; State of Palestine; Sudan; Tanzania; Thailand; Trinidad and Tobago; Tunisia; Uganda; United Arab Emirates; Yemen; Zambia; – Ascension Island, Saint Helena, Ascension and Tristan da Cunha; – Reunion; – Saint Helena, Saint Helena, Ascension and Tristan da Cunha","- Egypt; Algeria; Antigua and Barbuda; Australia; Bahamas; Bahrain; Barbados; Bolivia; Brazil; Brunei Darussalam; Burkina Faso; Cabo Verde; Cambodia; Cayman Islands; Chad; Cuba; Djibouti; Dominican Republic; El Salvador; Eritrea; Ethiopia; Gambia; Ghana; Gran Canaria, Islas Canarias, Spain; Guatemala; Guinea-Bissau; Haiti; Hawaii, United States (ver.2.0, 2022); Honduras; India; Iran; Iraq; Israel; Jamaica; Jordan; Kenya; Kuwait; Libya; Madagascar; Malawi; Maldives; Mali; Mara Ecosystem (Kenya, Tanzania); Marsa Waiai, Sudan; Mauritania; Mauritius; Mozambique; Myanmar; Niger; Nigeria; Oman; Pakistan; Philippines; Qatar; Saint Lucia; Saudi Arabia; Senegal; Socotra Archipelago, Yemen; Somalia; Soqotra, Yemen; Spain; Sri Lanka; State of Palestine; Sudan; Tanzania; Thailand; Trinidad and Tobago; Tunisia; Uganda; United Arab Emirates; Vietnam; Yemen; Zambia; – Ascension Island, Saint Helena, Ascension and Tristan da Cunha; – Reunion; – Saint Helena, Saint Helena, Ascension and Tristan da Cunha",Terrestrial; terrestrial
Nicotiana glauca,nicotiana glauca,AngMaSoSl33556-00; AngMaSoSl33556-01; AngMaSoSl33556-01,Solanaceae,Australia,YES,YES,35,77,80,"- Croatia; - Egypt; Chile; Cuba; Cyprus; El Hierro, Islas Canarias, Spain; Ethiopia; Fuerteventura, Islas Canarias, Spain; Gran Canaria, Islas Canarias, Spain; Greece; Israel; Italy; Jordan; Kenya; La Gomera, Islas Canarias, Spain; La Palma, Islas Canarias, Spain; Lanzarote, Islas Canarias, Spain; Lesotho; Libya; Madeira, Portugal; Malta; Marshall Islands; Morocco; Namibia; Portugal; Saudi Arabia; Soqotra, Yemen; South Africa; Tanzania; Tenerife, Islas Canarias, Spain; Tunisia; Uganda; Yemen; Zambia; – Ascension Island, Saint Helena, Ascension and Tristan da Cunha","- Croatia; - Egypt; - Paraguay; Addo-Elephant National Park, South Africa; Agulhas National Park, South Africa; Algeria; Angola; Augrabies Falls National Park, South Africa; Australia; Barbados; Belgium; Brazil; Cabo Verde; Camdeboo National Park, South Africa; Chile; Cuba; Cyprus; Ecuador; El Hierro, Islas Canarias, Spain; Enewetak Atoll, Marshall Islands; Eritrea; Eswatini (Swaziland); Ethiopia; France; Fuerteventura, Islas Canarias, Spain; Garden Route National Park, South Africa; Golden Gate Highlands National Park, South Africa; Gran Canaria, Islas Canarias, Spain; Hawaii, United States (ver.2.0, 2022); India; Israel; Italy; Kalahari Gemsbok National Park, South Africa; Karoo National Park, South Africa; Kenya; Kruger National Park, South Africa; La Gomera, Islas Canarias, Spain; La Palma, Islas Canarias, Spain; Lanzarote, Islas Canarias, Spain; Lesotho; Libya; Madeira, Portugal; Malawi; Malta; Mapungupwe National Park, South Africa; Mara Ecosystem (Kenya, Tanzania); Marshall Islands; Mexico; Mokala National Park, South Africa; Morocco; Mountain Zebra National Park, South Africa; Mozambique; Namaqua National Park, South Africa; Namibia; Portugal; Richtersveld National Park, South Africa; Rwanda; Saudi Arabia; Socotra Archipelago, Yemen; Soqotra, Yemen; South Africa; Spain; State of Palestine; Table Mountain National Park, South Africa; Tankwa-Karoo National Park, South Africa; Tanzania; Tenerife, Islas Canarias, Spain; Tunisia; Turkey; Uganda; United States (Contiguous) (ver.2.0, 2022); West Coast National Park, South Africa; Yemen; Zambia; Zimbabwe; – Ascension Island, Saint Helena, Ascension and Tristan da Cunha; – Saint Helena, Saint Helena, Ascension and Tristan da Cunha","- Croatia; - Egypt; - Paraguay; Addo-Elephant National Park, South Africa; Agulhas National Park, South Africa; Algeria; Angola; Augrabies Falls National Park, South Africa; Australia; Barbados; Belgium; Brazil; Cabo Verde; Camdeboo National Park, South Africa; Chile; Cuba; Cyprus; Ecuador; El Hierro, Islas Canarias, Spain; Enewetak Atoll, Marshall Islands; Eritrea; Eswatini (Swaziland); Ethiopia; France; Fuerteventura, Islas Canarias, Spain; Garden Route National Park, South Africa; Golden Gate Highlands National Park, South Africa; Gran Canaria, Islas Canarias, Spain; Greece; Hawaii, United States (ver.2.0, 2022); India; Israel; Italy; Jamaica; Jordan; Kalahari Gemsbok National Park, South Africa; Karoo National Park, South Africa; Kenya; Kruger National Park, South Africa; La Gomera, Islas Canarias, Spain; La Palma, Islas Canarias, Spain; Lanzarote, Islas Canarias, Spain; Lesotho; Libya; Madeira, Portugal; Malawi; Malta; Mapungupwe National Park, South Africa; Mara Ecosystem (Kenya, Tanzania); Marshall Islands; Mexico; Mokala National Park, South Africa; Morocco; Mountain Zebra National Park, South Africa; Mozambique; Namaqua National Park, South Africa; Namibia; Portugal; Richtersveld National Park, South Africa; Rwanda; Saudi Arabia; Socotra Archipelago, Yemen; Soqotra, Yemen; South Africa; Spain; State of Palestine; Table Mountain National Park, South Africa; Tankwa-Karoo National Park, South Africa; Tanzania; Tenerife, Islas Canarias, Spain; Tunisia; Turkey; Uganda; United States (Contiguous) (ver.2.0, 2022); West Coast National Park, South Africa; Yemen; Zambia; Zimbabwe; – Ascension Island, Saint Helena, Ascension and Tristan da Cunha; – Saint Helena, Saint Helena, Ascension and Tristan da Cunha",Terrestrial; terrestrial
Calotropis procera,calotropis procera,AngMaGepc6671-00; AngMaGepc6671-01,Apocynaceae,Australia,YES,YES,35,58,59,"- Nicaragua; - Paraguay; -Samoa; Anguilla; Aruba; Bahamas; Bonaire, Bonaire, Sint Eustatius and Saba; Brazil; China; Colombia; Cuba; Curacao, Netherlands; Dominican Republic; Ethiopia; Fuerteventura, Islas Canarias, Spain; Gran Canaria, Islas Canarias, Spain; Guyana; Haiti; Malawi; Niger; Palau; Panama; Peru; Saba, Bonaire, Sint Eustatius and Saba; Saint Vincent and the Grenadines; Sint Eustatius, Bonaire, Sint Eustatius and Saba; Sint Maarten, Netherlands; Socotra Archipelago, Yemen; South Africa; Tanzania; Uganda; United Arab Emirates; Venezuela; Zambia; – Virgin Islands, British","- Nicaragua; - Paraguay; -Samoa; Anguilla; Argentina; Aruba; Australia; Bahamas; Bonaire, Bonaire, Sint Eustatius and Saba; Brazil; China; Colombia; Cuba; Curacao, Netherlands; Djibouti; Dominica; Dominican Republic; El Salvador; Ethiopia; Fuerteventura, Islas Canarias, Spain; Gran Canaria, Islas Canarias, Spain; Guatemala; Guyana; Haiti; Hawaii, United States (ver.2.0, 2022); Honduras; Iraq; Kruger National Park, South Africa; Madagascar; Malawi; Mapungupwe National Park, South Africa; Mexico; Montserrat; Niger; Palau; Panama; Peru; Saba, Bonaire, Sint Eustatius and Saba; Saint Barthelemy; Saint Kitts and Nevis; Saint Vincent and the Grenadines; Sint Eustatius, Bonaire, Sint Eustatius and Saba; Sint Maarten, Netherlands; Socotra Archipelago, Yemen; Soqotra, Yemen; South Africa; Spain; Tanzania; Timor-Leste; Trinidad and Tobago; Uganda; United Arab Emirates; United States (Contiguous) (ver.2.0, 2022); Venezuela; Yemen; Zambia; Zimbabwe; – Virgin Islands, British","- Nicaragua; - Paraguay; -Samoa; Anguilla; Argentina; Aruba; Australia; Bahamas; Bonaire, Bonaire, Sint Eustatius and Saba; Brazil; China; Colombia; Cuba; Curacao, Netherlands; Djibouti; Dominica; Dominican Republic; El Salvador; Ethiopia; Fuerteventura, Islas Canarias, Spain; Gran Canaria, Islas Canarias, Spain; Guatemala; Guyana; Haiti; Hawaii, United States (ver.2.0, 2022); Honduras; Iraq; Jamaica; Kruger National Park, South Africa; Madagascar; Malawi; Mapungupwe National Park, South Africa; Mexico; Montserrat; Niger; Palau; Panama; Peru; Saba, Bonaire, Sint Eustatius and Saba; Saint Barthelemy; Saint Kitts and Nevis; Saint Vincent and the Grenadines; Sint Eustatius, Bonaire, Sint Eustatius and Saba; Sint Maarten, Netherlands; Socotra Archipelago, Yemen; Soqotra, Yemen; South Africa; Spain; Tanzania; Timor-Leste; Trinidad and Tobago; Uganda; United Arab Emirates; United States (Contiguous) (ver.2.0, 2022); Venezuela; Yemen; Zambia; Zimbabwe; – Virgin Islands, British",Terrestrial; terrestrial
Spathodea campanulata,spathodea campanulata,AngMaLaBg44461-00; AngMaLaBg44461-01; AngMaLaBg44461-02; AngMaLaBg44461-01,Bignoniaceae,Australia;Kenya;Malaysia,YES,YES,32,67,74,"- Cook Islands; -Samoa; Bahamas; Belize; Brazil; Chuuk, Federated States of Micronesia; Costa Rica; Cuba; Dominica; Dominican Republic; Eswatini (Swaziland); Federated States of Micronesia; Fiji; French Polynesia; Jamaica; Mayotte, France; Mwali (Mohéli), Comoros; Ndzuwani (Anjouan), Comoros; New Caledonia, France; Ngazidja (Grande Comore), Comoros; Palau; Papua New Guinea; Saint Lucia; Singapore; Tonga; Tongatapu Island, Tonga; Vanuatu; Vava'u group, Tonga; Wallis and Futuna; – Guadeloupe; – Martinique; – Reunion","- Cook Islands; - Egypt; - Nauru; - Nicaragua; - Paraguay; -Samoa; Amani Forest Nature Reserve, Tanzania; American Samoa; Australia; Bahamas; Barbados; Belize; Brazil; Cabo Verde; Cayman Islands; Chad; Chuuk, Federated States of Micronesia; Costa Rica; Cuba; Dominica; Dominican Republic; Ecuador; Eswatini (Swaziland); Fiji; French Polynesia; Galápagos Islands, Ecuador; Haiti; Hawaii, United States (ver.2.0, 2022); Kiribati; Kruger National Park, South Africa; Kwajalein Atoll, Marshall Islands; Laos; Malaysia; Maldives; Mara Ecosystem (Kenya, Tanzania); Marshall Islands; Mayotte, France; Mexico; Mozambique; New Caledonia, France; Niue; Palau; Panama; Papua New Guinea; Peru; Philippines; Saba, Bonaire, Sint Eustatius and Saba; Saint Kitts and Nevis; Saint Lucia; Senegal; Seychelles; South Africa; Tanzania; Thailand; Tonga; Tongatapu Island, Tonga; United States (Contiguous) (ver.2.0, 2022); Vanuatu; Vava'u group, Tonga; Venezuela; Wallis and Futuna; Yap, Federated States of Micronesia; Zambia; Zimbabwe; – Guadeloupe; – Martinique; – Reunion","- Cook Islands; - Egypt; - Nauru; - Nicaragua; - Paraguay; -Samoa; Amani Forest Nature Reserve, Tanzania; American Samoa; Australia; Bahamas; Barbados; Belize; Brazil; Cabo Verde; Cayman Islands; Chad; Chuuk, Federated States of Micronesia; Comoros; Costa Rica; Cuba; Dominica; Dominican Republic; Ecuador; Eswatini (Swaziland); Federated States of Micronesia; Fiji; French Polynesia; Galápagos Islands, Ecuador; Haiti; Hawaii, United States (ver.2.0, 2022); Jamaica; Kiribati; Kruger National Park, South Africa; Kwajalein Atoll, Marshall Islands; Laos; Malaysia; Maldives; Mara Ecosystem (Kenya, Tanzania); Marshall Islands; Mayotte, France; Mexico; Mozambique; Mwali (Mohéli), Comoros; Ndzuwani (Anjouan), Comoros; New Caledonia, France; Ngazidja (Grande Comore), Comoros; Niue; Palau; Panama; Papua New Guinea; Peru; Philippines; Saba, Bonaire, Sint Eustatius and Saba; Saint Kitts and Nevis; Saint Lucia; Senegal; Seychelles; Singapore; South Africa; Tanzania; Thailand; Tonga; Tongatapu Island, Tonga; United States (Contiguous) (ver.2.0, 2022); Vanuatu; Vava'u group, Tonga; Venezuela; Wallis and Futuna; Yap, Federated States of Micronesia; Zambia; Zimbabwe; – Guadeloupe; – Martinique; – Reunion",Terrestrial; terrestrial
Tecoma stans,tecoma stans,AngMaLaBg47211-00; AngMaLaBg47211-01; AngMaLaBg47211-02; AngMaLaBg47211-03; AngMaLaBg47211-01,Bignoniaceae,Australia,YES,YES,31,85,88,"- Cook Islands; -Samoa; Aruba; Bonaire, Bonaire, Sint Eustatius and Saba; Brazil; Cabo Verde; Curacao, Netherlands; Ethiopia; Federated States of Micronesia; Fiji; French Polynesia; Ha'apai group, Tonga; India; Kenya; Malawi; Mara Ecosystem (Kenya, Tanzania); Marshall Islands; Namibia; New Caledonia, France; Palau; Saba, Bonaire, Sint Eustatius and Saba; Sint Eustatius, Bonaire, Sint Eustatius and Saba; Sint Maarten, Netherlands; Solomon Islands; South Africa; Tanzania; Tonga; Tongatapu Island, Tonga; Vava'u group, Tonga; – Ascension Island, Saint Helena, Ascension and Tristan da Cunha; – Reunion","- Cook Islands; - Nauru; -Samoa; American Samoa; Argentina; Arno Atoll, Marshall Islands; Aruba; Australia; Bonaire, Bonaire, Sint Eustatius and Saba; Brazil; Burkina Faso; Burundi; Cabo Verde; Cayman Islands; Chad; Chuuk, Federated States of Micronesia; Curacao, Netherlands; Democratic Republic of Congo; El Salvador; Eswatini (Swaziland); Ethiopia; Fiji; French Polynesia; Garden Route National Park, South Africa; Gran Canaria, Islas Canarias, Spain; Guatemala; Ha'apai group, Tonga; Hawaii, United States (ver.2.0, 2022); Honduras; India; Iran; Iraq; Kenya; Kiribati; Kosrae, Federated States of Micronesia; Kruger National Park, South Africa; Kwajalein Atoll, Marshall Islands; Libya; Majuro Atoll, Marshall Islands; Malawi; Maldives; Maloelap Atoll, Marshall Islands; Mapungupwe National Park, South Africa; Mara Ecosystem (Kenya, Tanzania); Marshall Islands; Mauritania; Mayotte, France; Mili Atoll, Marshall Islands; Mokala National Park, South Africa; Namibia; New Caledonia, France; Nigeria; Niue; Palau; Papua New Guinea; Peru; Philippines; Pohnpei, Federated States of Micronesia; Queen Elizabeth National Park, Uganda; Richtersveld National Park, South Africa; Rongelap Atoll, Marshall Islands; Rwanda; Saba, Bonaire, Sint Eustatius and Saba; Seychelles; Sint Eustatius, Bonaire, Sint Eustatius and Saba; Sint Maarten, Netherlands; Solomon Islands; South Africa; Spain; Tanzania; Tenerife, Islas Canarias, Spain; Timor-Leste; Tonga; Tongatapu Island, Tonga; Uganda; Vava'u group, Tonga; Wallis and Futuna; Wotje Atoll, Marshall Islands; Yap, Federated States of Micronesia; Yemen; Zambia; Zimbabwe; – Ascension Island, Saint Helena, Ascension and Tristan da Cunha; – Reunion; – Saint Helena, Saint Helena, Ascension and Tristan da Cunha","- Cook Islands; - Nauru; -Samoa; American Samoa; Argentina; Arno Atoll, Marshall Islands; Aruba; Australia; Bonaire, Bonaire, Sint Eustatius and Saba; Brazil; Burkina Faso; Burundi; Cabo Verde; Cayman Islands; Chad; Chuuk, Federated States of Micronesia; Comoros; Curacao, Netherlands; Democratic Republic of Congo; El Salvador; Eswatini (Swaziland); Ethiopia; Federated States of Micronesia; Fiji; French Polynesia; Garden Route National Park, South Africa; Gran Canaria, Islas Canarias, Spain; Guatemala; Ha'apai group, Tonga; Hawaii, United States (ver.2.0, 2022); Honduras; India; Iran; Iraq; Kenya; Kiribati; Kosrae, Federated States of Micronesia; Kruger National Park, South Africa; Kwajalein Atoll, Marshall Islands; Libya; Majuro Atoll, Marshall Islands; Malawi; Maldives; Maloelap Atoll, Marshall Islands; Mapungupwe National Park, South Africa; Mara Ecosystem (Kenya, Tanzania); Marshall Islands; Mauritania; Mauritius; Mayotte, France; Mili Atoll, Marshall Islands; Mokala National Park, South Africa; Namibia; New Caledonia, France; Nigeria; Niue; Palau; Papua New Guinea; Peru; Philippines; Pohnpei, Federated States of Micronesia; Queen Elizabeth National Park, Uganda; Richtersveld National Park, South Africa; Rongelap Atoll, Marshall Islands; Rwanda; Saba, Bonaire, Sint Eustatius and Saba; Seychelles; Sint Eustatius, Bonaire, Sint Eustatius and Saba; Sint Maarten, Netherlands; Solomon Islands; South Africa; Spain; Tanzania; Tenerife, Islas Canarias, Spain; Timor-Leste; Tonga; Tongatapu Island, Tonga; Uganda; Vava'u group, Tonga; Wallis and Futuna; Wotje Atoll, Marshall Islands; Yap, Federated States of Micronesia; Yemen; Zambia; Zimbabwe; – Ascension Island, Saint Helena, Ascension and Tristan da Cunha; – Reunion; – Saint Helena, Saint Helena, Ascension and Tristan da Cunha",Terrestrial; terrestrial
Casuarina equisetifolia,casuarina equisetifolia,AngMaFaCs7783-00; AngMaFaCs7783-01; AngMaFaCs7783-02; AngMaFaCs7783-03,Casuarinaceae,Australia;China;Indonesia;New Caledonia;Papua New Guinea;Philippines;Seychelles;St. Kitts & Nevis;Taiwan;United States,YES,YES,30,141,146,"- Cook Islands; - Japan; - Nauru; -Samoa; Aldabra Atoll, Seychelles; Anguilla; Bahamas; Barbados; Bermuda; Cuba; Dominican Republic; Guyana; India; Jamaica; Maldives; Mexico; Myanmar; Palau; Pitcairn Islands- Great Britain; Saint Lucia; Seychelles; South Africa; Sri Lanka; Tonga; Tunisia; Îles Éparses, France; – Ascension Island, Saint Helena, Ascension and Tristan da Cunha; – Reunion; – Turks and Caicos Islands; – Virgin Islands, British","- Cook Islands; - Egypt; - Japan; - Nauru; - Nicaragua; - Sao Tome and Principe; -Samoa; Aldabra Atoll, Seychelles; Algeria; Amani Forest Nature Reserve, Tanzania; American Samoa; Anguilla; Antigua and Barbuda; Aride Special Reserve, Seychelles; Arno Atoll, Marshall Islands; Atoll Nui, Tuvalu; Bahamas; Bangladesh; Barbados; Belize; Benin; Bermuda; Brazil; Burkina Faso; Cabo Verde; Cambodia; Cameroon; Cayman Islands; Chad; Chile; Chuuk, Federated States of Micronesia; Colombia; Conception, Seychelles; Congo; Cosmoledo, Seychelles; Costa Rica; Cousin Special Reserve, Seychelles; Cousine Island, Seychelles; Cuba; Curieuse Special Reserve, Seychelles; Côte d'Ivoire; Democratic Republic of Congo; Djibouti; Dominica; Dominican Republic; Ecuador; Eritrea; Fiji; French Polynesia; Frégate island, Seychelles; Fuerteventura, Islas Canarias, Spain; Gabon; Galápagos Islands, Ecuador; Gambia; Garden Route National Park, South Africa; Ghana; Gran Canaria, Islas Canarias, Spain; Grenada; Guinea; Guinea-Bissau; Guyana; Ha'apai group, Tonga; Haiti; Hawaii, United States (ver.2.0, 2022); Ile-aux-Vaches Nature Reserve, Seychelles; India; Iran; Iraq; Islets of Farquhar Atoll, Seychelles; Italy; Jaluit Atoll, Marshall Islands; Kili Atoll, Marshall Islands; Kiribati; Kosrae, Federated States of Micronesia; Kwajalein Atoll, Marshall Islands; La Digue island, Seychelles; Laos; Liberia; Libya; Likiep Atoll, Marshall Islands; Majuro Atoll, Marshall Islands; Malawi; Maldives; Mali; Malta; Mara Ecosystem (Kenya, Tanzania); Marshall Islands; Mauritania; Mexico; Mili Atoll, Marshall Islands; Montserrat; Mozambique; Myanmar; Niger; Nigeria; Niue; Palau; Panama; Peru; Pitcairn Islands- Great Britain; Pohnpei, Federated States of Micronesia; Portugal; Praslin National Park, Seychelles; Protected areas, Tonga; Qatar; Rongelap Atoll, Marshall Islands; Saint Kitts and Nevis; Saint Lucia; Saint Vincent and the Grenadines; Senegal; Seychelles; Sierra Leone; Silhouette National Park, Seychelles; Solomon Islands; Somalia; South Africa; Spain; Sri Lanka; Sudan; Tenerife, Islas Canarias, Spain; Thailand; Togo; Tonga; Tongatapu Island, Tonga; Trinidad and Tobago; Tunisia; Tuvalu; Uganda; United States (Contiguous) (ver.2.0, 2022); Vallée de Mai Nature Reserve, Seychelles; Vanuatu; Vava'u group, Tonga; Wotje Atoll, Marshall Islands; Yap, Federated States of Micronesia; Yemen; – Ascension Island, Saint Helena, Ascension and Tristan da Cunha; – Central African Republic; – Reunion; – Saint Helena, Saint Helena, Ascension and Tristan da Cunha; – Turks and Caicos Islands; – Virgin Islands, British","- Cook Islands; - Egypt; - Japan; - Nauru; - Nicaragua; - Sao Tome and Principe; -Samoa; Aldabra Atoll, Seychelles; Algeria; Amani Forest Nature Reserve, Tanzania; American Samoa; Anguilla; Antigua and Barbuda; Aride Special Reserve, Seychelles; Arno Atoll, Marshall Islands; Atoll Nui, Tuvalu; Bahamas; Bangladesh; Barbados; Belize; Benin; Bermuda; Brazil; Burkina Faso; Cabo Verde; Cambodia; Cameroon; Cayman Islands; Chad; Chile; Chuuk, Federated States of Micronesia; Colombia; Comoros; Conception, Seychelles; Congo; Cosmoledo, Seychelles; Costa Rica; Cousin Special Reserve, Seychelles; Cousine Island, Seychelles; Cuba; Curieuse Special Reserve, Seychelles; Côte d'Ivoire; Democratic Republic of Congo; Djibouti; Dominica; Dominican Republic; Ecuador; Eritrea; Federated States of Micronesia; Fiji; French Polynesia; Frégate island, Seychelles; Fuerteventura, Islas Canarias, Spain; Gabon; Galápagos Islands, Ecuador; Gambia; Garden Route National Park, South Africa; Ghana; Gran Canaria, Islas Canarias, Spain; Grenada; Guinea; Guinea-Bissau; Guyana; Ha'apai group, Tonga; Haiti; Hawaii, United States (ver.2.0, 2022); Ile-aux-Vaches Nature Reserve, Seychelles; India; Iran; Iraq; Islets of Farquhar Atoll, Seychelles; Italy; Jaluit Atoll, Marshall Islands; Jamaica; Kili Atoll, Marshall Islands; Kiribati; Kosrae, Federated States of Micronesia; Kwajalein Atoll, Marshall Islands; La Digue island, Seychelles; Laos; Liberia; Libya; Likiep Atoll, Marshall Islands; Majuro Atoll, Marshall Islands; Malawi; Maldives; Mali; Malta; Mara Ecosystem (Kenya, Tanzania); Marshall Islands; Mauritania; Mauritius; Mexico; Mili Atoll, Marshall Islands; Montserrat; Mozambique; Myanmar; Niger; Nigeria; Niue; Palau; Panama; Peru; Pitcairn Islands- Great Britain; Pohnpei, Federated States of Micronesia; Portugal; Praslin National Park, Seychelles; Protected areas, Tonga; Qatar; Rongelap Atoll, Marshall Islands; Saint Kitts and Nevis; Saint Lucia; Saint Vincent and the Grenadines; Senegal; Seychelles; Sierra Leone; Silhouette National Park, Seychelles; Solomon Islands; Somalia; South Africa; Spain; Sri Lanka; Sudan; Tenerife, Islas Canarias, Spain; Thailand; Togo; Tonga; Tongatapu Island, Tonga; Trinidad and Tobago; Tunisia; Tuvalu; Uganda; United States (Contiguous) (ver.2.0, 2022); Vallée de Mai Nature Reserve, Seychelles; Vanuatu; Vava'u group, Tonga; Wotje Atoll, Marshall Islands; Yap, Federated States of Micronesia; Yemen; Îles Éparses, France; – Ascension Island, Saint Helena, Ascension and Tristan da Cunha; – Central African Republic; – Reunion; – Saint Helena, Saint Helena, Ascension and Tristan da Cunha; – Turks and Caicos Islands; – Virgin Islands, British",Terrestrial; terrestrial
Syzygium jambos,syzygium jambos,AngMaMyMy46127-00; AngMaMyMy46127-01; AngMaMyMy46127-01,Myrtaceae,New Caledonia,YES,YES,29,72,81,"- Cook Islands; - Japan; -Samoa; Conception, Seychelles; Costa Rica; Cuba; Dominican Republic; Fiji; French Polynesia; Frégate island, Seychelles; Galápagos Islands, Ecuador; Jamaica; Mare-Aux-Cochons, Seychelles; Mauritius; Mayotte, France; Morne-Seychellois National Park, Seychelles; Mwali (Mohéli), Comoros; Ndzuwani (Anjouan), Comoros; New Caledonia, France; Ngazidja (Grande Comore), Comoros; Panama; Pitcairn Islands- Great Britain; Rapa Nui  (Isla de Pascua, Easter Island); Rapa Nui (Isla de Pascua, Easter Island); Seychelles; Silhouette National Park, Seychelles; Tanzania; – Guadeloupe; – Reunion","- Cook Islands; - Japan; - Nicaragua; - Sao Tome and Principe; -Samoa; Amani Forest Nature Reserve, Tanzania; American Samoa; Antigua and Barbuda; Australia; Bahamas; Barbados; Belize; Cambodia; Conception, Seychelles; Costa Rica; Cuba; Democratic Republic of Congo; Dominica; Dominican Republic; East Usambara, Tanzania; Ecuador; Equatorial Guinea; Fiji; French Guiana; French Polynesia; Frégate island, Seychelles; Galápagos Islands, Ecuador; Ghana; Grenada; Guinea-Bissau; Haiti; Hawaii, United States (ver.2.0, 2022); India; Iran; Madagascar; Maldives; Mare-Aux-Cochons, Seychelles; Mayotte, France; Morne-Seychellois National Park, Seychelles; Mozambique; Myanmar; New Caledonia, France; Niue; Palau; Panama; Peru; Pitcairn Islands- Great Britain; Pohnpei, Federated States of Micronesia; Rapa Nui  (Isla de Pascua, Easter Island); Rapa Nui (Isla de Pascua, Easter Island); Saba, Bonaire, Sint Eustatius and Saba; Saint Kitts and Nevis; Saint Martin (French part); Saint Vincent and the Grenadines; Seychelles; Sierra Leone; Silhouette National Park, Seychelles; Sint Eustatius, Bonaire, Sint Eustatius and Saba; Sint Maarten, Netherlands; South Africa; Suriname; Tanzania; Tonga; United States (Contiguous) (ver.2.0, 2022); Vava'u group, Tonga; Wallis and Futuna; Yemen; Zimbabwe; – Central African Republic; – Guadeloupe; – Martinique; – Reunion","- Cook Islands; - Japan; - Nicaragua; - Sao Tome and Principe; -Samoa; Amani Forest Nature Reserve, Tanzania; American Samoa; Antigua and Barbuda; Australia; Bahamas; Barbados; Belize; Cambodia; Comoros; Conception, Seychelles; Costa Rica; Cuba; Democratic Republic of Congo; Dominica; Dominican Republic; East Usambara, Tanzania; Ecuador; Equatorial Guinea; Federated States of Micronesia; Fiji; French Guiana; French Polynesia; Frégate island, Seychelles; Galápagos Islands, Ecuador; Ghana; Grenada; Guinea-Bissau; Haiti; Hawaii, United States (ver.2.0, 2022); India; Iran; Jamaica; Madagascar; Maldives; Mare-Aux-Cochons, Seychelles; Mauritius; Mayotte, France; Morne-Seychellois National Park, Seychelles; Mozambique; Mwali (Mohéli), Comoros; Myanmar; Ndzuwani (Anjouan), Comoros; New Caledonia, France; Ngazidja (Grande Comore), Comoros; Niue; Palau; Panama; Peru; Pitcairn Islands- Great Britain; Pohnpei, Federated States of Micronesia; Rapa Nui  (Isla de Pascua, Easter Island); Rapa Nui (Isla de Pascua, Easter Island); Saba, Bonaire, Sint Eustatius and Saba; Saint Kitts and Nevis; Saint Martin (French part); Saint Vincent and the Grenadines; Seychelles; Sierra Leone; Silhouette National Park, Seychelles; Singapore; Sint Eustatius, Bonaire, Sint Eustatius and Saba; Sint Maarten, Netherlands; South Africa; Suriname; Tanzania; Tonga; United States (Contiguous) (ver.2.0, 2022); Vava'u group, Tonga; Vietnam; Wallis and Futuna; Yemen; Zimbabwe; – Central African Republic; – Guadeloupe; – Martinique; – Reunion",Terrestrial; terrestrial
Melia azedarach,melia azedarach,AngMaSaMl29755-00; AngMaSaMl29755-01; AngMaSaMl29755-02; AngMaSaMl29755-03; AngMaSaMl29755-04; AngMaSaMl29755-01,Meliaceae,Australia;Indonesia;Timor-Leste;United States,YES,YES,28,144,149,"- Cook Islands; - Nauru; Argentina; Belize; Bermuda; Brazil; Burkina Faso; Fiji; Israel; Libya; Lord Howe Island, Australia; Marshall Islands; Namibia; Palau; Panama; Pitcairn Islands- Great Britain; Rapa Nui  (Isla de Pascua, Easter Island); Rapa Nui (Isla de Pascua, Easter Island); Solomon Islands; South Africa; St Lucia System, South Africa; Tanzania; Turkey; Uruguay; Zambia; Zimbabwe; – Ascension Island, Saint Helena, Ascension and Tristan da Cunha; – Reunion","- Cook Islands; - Croatia; - Egypt; - Nauru; - Nicaragua; - Paraguay; - Sao Tome and Principe; -Samoa; Addo-Elephant National Park, South Africa; Afghanistan; Agulhas National Park, South Africa; Albania; Amani Forest Nature Reserve, Tanzania; Angola; Anguilla; Antigua and Barbuda; Argentina; Armenia; Augrabies Falls National Park, South Africa; Bahamas; Bahrain; Barbados; Belgium; Belize; Bermuda; Bhutan; Bolivia; Bosnia and Herzegovina; Brazil; Brunei Darussalam; Burkina Faso; Cabo Verde; Cambodia; Camdeboo National Park, South Africa; Cameroon; Chad; Chuuk, Federated States of Micronesia; Colombia; Congo; Costa Rica; Cuba; Cyprus; Côte d'Ivoire; Democratic Republic of Congo; Djibouti; Dominica; Dominican Republic; Ecuador; El Hierro, Islas Canarias, Spain; Eritrea; Eswatini (Swaziland); Ethiopia; Fiji; French Guiana; French Polynesia; Galápagos Islands, Ecuador; Garden Route National Park, South Africa; Ghana; Golden Gate Highlands National Park, South Africa; Gran Canaria, Islas Canarias, Spain; Guatemala; Guyana; Haiti; Hawaii, United States (ver.2.0, 2022); Honduras; Iran; Iraq; Israel; Italy; Kazakhstan; Kenya; Kruger National Park, South Africa; La Palma, Islas Canarias, Spain; Lebanon; Lesotho; Libya; Lord Howe Island, Australia; Madagascar; Malawi; Mali; Mapungupwe National Park, South Africa; Mara Ecosystem (Kenya, Tanzania); Marakele National Park, South Africa; Marshall Islands; Mauritania; Mayotte, France; Mexico; Mokala National Park, South Africa; Montserrat; Mountain Zebra National Park, South Africa; Mozambique; Namibia; Ngorongoro Conservation Area, Tanzania; Niger; Nigeria; Niue; Palau; Panama; Papua New Guinea; Philippines; Pitcairn Islands- Great Britain; Pohnpei, Federated States of Micronesia; Portugal; Rapa Nui  (Isla de Pascua, Easter Island); Rapa Nui (Isla de Pascua, Easter Island); Richtersveld National Park, South Africa; Rwanda; Saba, Bonaire, Sint Eustatius and Saba; Saint Barthelemy; Saint Martin (French part); Saint Vincent and the Grenadines; Senegal; Sint Eustatius, Bonaire, Sint Eustatius and Saba; Sint Maarten, Netherlands; Solomon Islands; Somalia; South Africa; Spain; St Lucia System, South Africa; Sudan; Suriname; Syrian Arab Republic; Table Mountain National Park, South Africa; Tankwa-Karoo National Park, South Africa; Tanzania; Tenerife, Islas Canarias, Spain; Thailand; Tonga; Tongatapu Island, Tonga; Tunisia; Turkey; Uganda; United States (Contiguous) (ver.2.0, 2022); Uruguay; Venezuela; Yap, Federated States of Micronesia; Yemen; Zambia; Zimbabwe; – Ascension Island, Saint Helena, Ascension and Tristan da Cunha; – Guadeloupe; – Martinique; – Reunion; – Saint Helena, Saint Helena, Ascension and Tristan da Cunha","- Cook Islands; - Croatia; - Egypt; - Nauru; - Nicaragua; - Paraguay; - Sao Tome and Principe; -Samoa; Addo-Elephant National Park, South Africa; Afghanistan; Agulhas National Park, South Africa; Albania; Amani Forest Nature Reserve, Tanzania; Angola; Anguilla; Antigua and Barbuda; Argentina; Armenia; Augrabies Falls National Park, South Africa; Bahamas; Bahrain; Barbados; Belgium; Belize; Bermuda; Bhutan; Bolivia; Bosnia and Herzegovina; Brazil; Brunei Darussalam; Burkina Faso; Cabo Verde; Cambodia; Camdeboo National Park, South Africa; Cameroon; Chad; Chuuk, Federated States of Micronesia; Colombia; Congo; Costa Rica; Cuba; Cyprus; Côte d'Ivoire; Democratic Republic of Congo; Djibouti; Dominica; Dominican Republic; Ecuador; El Hierro, Islas Canarias, Spain; Eritrea; Eswatini (Swaziland); Ethiopia; Federated States of Micronesia; Fiji; French Guiana; French Polynesia; Galápagos Islands, Ecuador; Garden Route National Park, South Africa; Ghana; Golden Gate Highlands National Park, South Africa; Gran Canaria, Islas Canarias, Spain; Greece; Guatemala; Guyana; Haiti; Hawaii, United States (ver.2.0, 2022); Honduras; Iran; Iraq; Israel; Italy; Jamaica; Jordan; Kazakhstan; Kenya; Kruger National Park, South Africa; La Palma, Islas Canarias, Spain; Lebanon; Lesotho; Libya; Lord Howe Island, Australia; Madagascar; Malawi; Mali; Mapungupwe National Park, South Africa; Mara Ecosystem (Kenya, Tanzania); Marakele National Park, South Africa; Marshall Islands; Mauritania; Mauritius; Mayotte, France; Mexico; Mokala National Park, South Africa; Montserrat; Mountain Zebra National Park, South Africa; Mozambique; Namibia; Ngorongoro Conservation Area, Tanzania; Niger; Nigeria; Niue; Palau; Panama; Papua New Guinea; Philippines; Pitcairn Islands- Great Britain; Pohnpei, Federated States of Micronesia; Portugal; Rapa Nui  (Isla de Pascua, Easter Island); Rapa Nui (Isla de Pascua, Easter Island); Richtersveld National Park, South Africa; Rwanda; Saba, Bonaire, Sint Eustatius and Saba; Saint Barthelemy; Saint Martin (French part); Saint Vincent and the Grenadines; Senegal; Sint Eustatius, Bonaire, Sint Eustatius and Saba; Sint Maarten, Netherlands; Solomon Islands; Somalia; South Africa; Spain; St Lucia System, South Africa; Sudan; Suriname; Syrian Arab Republic; Table Mountain National Park, South Africa; Tankwa-Karoo National Park, South Africa; Tanzania; Tenerife, Islas Canarias, Spain; Thailand; Tonga; Tongatapu Island, Tonga; Tunisia; Turkey; Uganda; United States (Contiguous) (ver.2.0, 2022); Uruguay; Venezuela; Yap, Federated States of Micronesia; Yemen; Zambia; Zimbabwe; – Ascension Island, Saint Helena, Ascension and Tristan da Cunha; – Guadeloupe; – Martinique; – Reunion; – Saint Helena, Saint Helena, Ascension and Tristan da Cunha",Terrestrial; terrestrial
Adenanthera pavonina,adenanthera pavonina,AngMaFaFb1004-00; AngMaFaFb1004-01,Fabaceae,Australia;Indonesia;Papua New Guinea,YES,YES,26,80,88,"- Cook Islands; - Indonesia; - Nauru; -Samoa; American Samoa; Comoros; Dominican Republic; Federated States of Micronesia; Fiji; French Polynesia; Ha'apai group, Tonga; Jamaica; Mayotte, France; Myanmar; Niue; Palau; Pitcairn Islands- Great Britain; Pohnpei, Federated States of Micronesia; Protected areas, Tonga; Saint Barthelemy; Silhouette National Park, Seychelles; Tonga; Tongatapu Island, Tonga; Vava'u group, Tonga; Wallis and Futuna; – Reunion","- Cook Islands; - Indonesia; - Nauru; - Sao Tome and Principe; -Samoa; Algeria; American Samoa; Angola; Antigua and Barbuda; Bahamas; Barbados; Brazil; Brunei Darussalam; Burkina Faso; Cambodia; Cameroon; Cayman Islands; Chad; Colombia; Conception, Seychelles; Cousin Special Reserve, Seychelles; Cousine Island, Seychelles; Cuba; Curieuse Special Reserve, Seychelles; D'Arros island, Seychelles; Dominica; Dominican Republic; Equatorial Guinea; Fiji; French Guiana; French Polynesia; Frégate island, Seychelles; Ghana; Grenada; Guinea-Bissau; Guyana; Ha'apai group, Tonga; Haiti; Hawaii, United States (ver.2.0, 2022); Huvalu Conservation Area, Niue; Kosrae, Federated States of Micronesia; Kruger National Park, South Africa; Laos; Madagascar; Majuro Atoll, Marshall Islands; Malaysia; Maldives; Marshall Islands; Mayotte, France; Montserrat; Mozambique; Myanmar; Niue; Palau; Pitcairn Islands- Great Britain; Pohnpei, Federated States of Micronesia; Praslin National Park, Seychelles; Protected areas, Tonga; Saint Barthelemy; Saint Kitts and Nevis; Saint Lucia; Saint Vincent and the Grenadines; Sierra Leone; Silhouette National Park, Seychelles; Solomon Islands; South Africa; Suriname; Tanzania; Thailand; Tonga; Tongatapu Island, Tonga; Uganda; United States (Contiguous) (ver.2.0, 2022); Vallée de Mai Nature Reserve, Seychelles; Vava'u group, Tonga; Venezuela; Wallis and Futuna; – Guadeloupe; – Martinique; – Reunion","- Cook Islands; - Indonesia; - Nauru; - Sao Tome and Principe; -Samoa; Algeria; American Samoa; Angola; Antigua and Barbuda; Bahamas; Barbados; Brazil; Brunei Darussalam; Burkina Faso; Cambodia; Cameroon; Cayman Islands; Chad; Colombia; Comoros; Conception, Seychelles; Cousin Special Reserve, Seychelles; Cousine Island, Seychelles; Cuba; Curieuse Special Reserve, Seychelles; D'Arros island, Seychelles; Democratic Republic of Congo; Dominica; Dominican Republic; Equatorial Guinea; Federated States of Micronesia; Fiji; French Guiana; French Polynesia; Frégate island, Seychelles; Ghana; Grenada; Guinea-Bissau; Guyana; Ha'apai group, Tonga; Haiti; Hawaii, United States (ver.2.0, 2022); Huvalu Conservation Area, Niue; Jamaica; Kosrae, Federated States of Micronesia; Kruger National Park, South Africa; Laos; Madagascar; Majuro Atoll, Marshall Islands; Malaysia; Maldives; Marshall Islands; Mauritius; Mayotte, France; Montserrat; Mozambique; Myanmar; Nigeria; Niue; Palau; Pitcairn Islands- Great Britain; Pohnpei, Federated States of Micronesia; Praslin National Park, Seychelles; Protected areas, Tonga; Saint Barthelemy; Saint Kitts and Nevis; Saint Lucia; Saint Vincent and the Grenadines; Sierra Leone; Silhouette National Park, Seychelles; Singapore; Solomon Islands; South Africa; Suriname; Tanzania; Thailand; Tonga; Tongatapu Island, Tonga; Uganda; United States (Contiguous) (ver.2.0, 2022); Vallée de Mai Nature Reserve, Seychelles; Vava'u group, Tonga; Venezuela; Vietnam; Wallis and Futuna; – Guadeloupe; – Martinique; – Reunion",Terrestrial; terrestrial
Albizia lebbeck,albizia lebbeck,AngMaFaFb1646-01,Fabaceae,Australia,YES,YES,25,89,95,"- Cook Islands; Aruba; Bahamas; Bonaire, Bonaire, Sint Eustatius and Saba; Cuba; Curacao, Netherlands; Dominican Republic; Federated States of Micronesia; Fiji; Madagascar; Malawi; Mayotte, France; Mexico; New Caledonia, France; Ngazidja (Grande Comore), Comoros; Pohnpei, Federated States of Micronesia; Saba, Bonaire, Sint Eustatius and Saba; Sint Eustatius, Bonaire, Sint Eustatius and Saba; Sint Maarten, Netherlands; South Africa; Sri Lanka; Tonga; Tongatapu Island, Tonga; Venezuela; – Reunion","- Cook Islands; - Egypt; - Paraguay; - Sao Tome and Principe; Afghanistan; Algeria; Angola; Anguilla; Aruba; Bahamas; Belize; Benin; Bonaire, Bonaire, Sint Eustatius and Saba; Brazil; Burkina Faso; Cabo Verde; Chad; Colombia; Cuba; Curacao, Netherlands; Côte d'Ivoire; Democratic Republic of Congo; Djibouti; Dominican Republic; El Salvador; Equatorial Guinea; Fiji; French Guiana; French Polynesia; Gabon; Gambia; Guatemala; Guinea; Guinea-Bissau; Guyana; Hawaii, United States (ver.2.0, 2022); Iran; Iraq; Kenya; Kosrae, Federated States of Micronesia; Liberia; Madagascar; Malawi; Malaysia; Maldives; Mali; Mara Ecosystem (Kenya, Tanzania); Mauritania; Mayotte, France; Mexico; Mozambique; New Caledonia, France; Niger; Nigeria; Oman; Panama; Papua New Guinea; Peru; Pohnpei, Federated States of Micronesia; Praslin National Park, Seychelles; Rwanda; Saba, Bonaire, Sint Eustatius and Saba; Saint Barthelemy; Saint Lucia; Saint Martin (French part); Senegal; Seychelles; Sierra Leone; Sint Eustatius, Bonaire, Sint Eustatius and Saba; Sint Maarten, Netherlands; Socotra Archipelago, Yemen; Somalia; Soqotra, Yemen; South Africa; Sri Lanka; Sudan; Suriname; Tanzania; Togo; Tonga; Tongatapu Island, Tonga; Uganda; United States (Contiguous) (ver.2.0, 2022); Venezuela; Yemen; Zambia; – British Indian Ocean Territory; – Central African Republic; – Reunion","- Cook Islands; - Egypt; - Paraguay; - Sao Tome and Principe; Afghanistan; Algeria; Angola; Anguilla; Aruba; Bahamas; Belize; Benin; Bonaire, Bonaire, Sint Eustatius and Saba; Brazil; Burkina Faso; Cabo Verde; Chad; Colombia; Comoros; Cuba; Curacao, Netherlands; Côte d'Ivoire; Democratic Republic of Congo; Djibouti; Dominican Republic; El Salvador; Equatorial Guinea; Federated States of Micronesia; Fiji; French Guiana; French Polynesia; Gabon; Gambia; Guatemala; Guinea; Guinea-Bissau; Guyana; Hawaii, United States (ver.2.0, 2022); Iran; Iraq; Jamaica; Kenya; Kosrae, Federated States of Micronesia; Liberia; Madagascar; Malawi; Malaysia; Maldives; Mali; Mara Ecosystem (Kenya, Tanzania); Mauritania; Mauritius; Mayotte, France; Mexico; Mozambique; New Caledonia, France; Ngazidja (Grande Comore), Comoros; Niger; Nigeria; Oman; Panama; Papua New Guinea; Peru; Pohnpei, Federated States of Micronesia; Praslin National Park, Seychelles; Rwanda; Saba, Bonaire, Sint Eustatius and Saba; Saint Barthelemy; Saint Lucia; Saint Martin (French part); Senegal; Seychelles; Sierra Leone; Sint Eustatius, Bonaire, Sint Eustatius and Saba; Sint Maarten, Netherlands; Socotra Archipelago, Yemen; Somalia; Soqotra, Yemen; South Africa; Sri Lanka; Sudan; Suriname; Tanzania; Togo; Tonga; Tongatapu Island, Tonga; Uganda; United States (Contiguous) (ver.2.0, 2022); Venezuela; Vietnam; Yemen; Zambia; – British Indian Ocean Territory; – Central African Republic; – Reunion",Terrestrial; terrestrial
Acer negundo,acer negundo,AngMaSaSp0668-00; AngMaSaSp0668-01; AngMaSaSp0668-02; AngMaSaSp0668-03; AngMaSaSp0668-04; AngMaSaSp0668-05; AngMaSaSp0668-06; AngMaSaSp0668-07; AngMaSaSp0668-08; AngMaSaSp0668-09; AngMaSaSp0668-10; AngMaSaSp0668-11; AngMaSaSp0668-12; AngMaSaSp0668-13; AngMaSaSp0668-14; AngMaSaSp0668-15; AngMaSaSp0668-16; AngMaSaSp0668-17; AngMaSaSp0668-18; AngMaSaSp0668-19; AngMaSaSp0668-20; AngMaSaSp0668-21; AngMaSaSp0668-22; AngMaSaSp0668-23; AngMaSaSp0668-24; AngMaSaSp0668-01,Sapindaceae,Canada;Germany;Italy;Slovenia;Spain;United States,YES,YES,25,51,54,- Croatia; Argentina; Armenia; Austria; Belarus; Bosnia and Herzegovina; Brazil; Czechia; France; Germany; Greece; Italy; Latvia; Lithuania; Moldova; Montenegro; New Zealand; North Macedonia; Russian Federation; Serbia; Slovakia; Slovenia; South Africa; Ukraine; Uruguay,"- Croatia; - Japan; Albania; Algeria; Argentina; Armenia; Australia; Austria; Belarus; Belgium; Bosnia and Herzegovina; Brazil; Bulgaria; China; Czechia; Denmark; Estonia; France; Garden Route National Park, South Africa; Georgia; Germany; Golden Gate Highlands National Park, South Africa; Great Britain; Guatemala; Hungary; Iran; Italy; Kazakhstan; Latvia; Lithuania; Luxembourg; Moldova; Montenegro; Netherlands; New Zealand; North Macedonia; Norway; Poland; Portugal; Romania; Russian Federation; Serbia; Slovenia; South Africa; Spain; Sweden; Switzerland; Table Mountain National Park, South Africa; Tankwa-Karoo National Park, South Africa; Turkey; Uruguay","- Croatia; - Japan; Albania; Algeria; Argentina; Armenia; Australia; Austria; Belarus; Belgium; Bosnia and Herzegovina; Brazil; Bulgaria; China; Czechia; Denmark; Estonia; France; Garden Route National Park, South Africa; Georgia; Germany; Golden Gate Highlands National Park, South Africa; Great Britain; Greece; Guatemala; Hungary; Iran; Italy; Kazakhstan; Latvia; Lithuania; Luxembourg; Moldova; Montenegro; Netherlands; New Zealand; North Macedonia; Norway; Poland; Portugal; Romania; Russian Federation; Serbia; Slovakia; Slovenia; South Africa; Spain; Sweden; Switzerland; Table Mountain National Park, South Africa; Tankwa-Karoo National Park, South Africa; Turkey; Ukraine; Uruguay",Freshwater; Terrestrial; terrestrial
Solanum mauritianum,solanum mauritianum,AngMaSoSl44168-00; AngMaSoSl44168-01,Solanaceae,Argentina;Australia;Bolivia;Brazil;China;Mexico;Paraguay;Taiwan;United States;Uruguay,YES,YES,24,56,59,"- Cook Islands; - Japan; Angola; Federated States of Micronesia; Fiji; Ha'apai group, Tonga; India; Kenya; Madeira, Portugal; Mara Ecosystem (Kenya, Tanzania); Mauritius; Namibia; New Caledonia, France; New Zealand; Rwanda; Solomon Islands; South Africa; Tonga; Tongatapu Island, Tonga; Uganda; Vava'u group, Tonga; Zimbabwe; – Reunion; – Saint Helena, Saint Helena, Ascension and Tristan da Cunha","- Cook Islands; - Japan; Addo-Elephant National Park, South Africa; Angola; Australia; Azores, Portugal; Bontebok National Park, South Africa; Cameroon; China; Democratic Republic of Congo; Ecuador; Eswatini (Swaziland); Fiji; France; Garden Route National Park, South Africa; Golden Gate Highlands National Park, South Africa; Ha'apai group, Tonga; Hawaii, United States (ver.2.0, 2022); Hawane Nature Reserve and Dam, Eswatini; India; Kenya; Kruger National Park, South Africa; La Palma, Islas Canarias, Spain; Lord Howe Island, Australia; Madagascar; Madeira, Portugal; Malalotja Nature Reserve, Eswatini; Mara Ecosystem (Kenya, Tanzania); Marakele National Park, South Africa; Matenga Nature Reserve, Eswatini; Mayotte, France; Mlawula Nature Reserve, Eswatini; Namibia; Nepal; New Caledonia, France; New Zealand; Peru; Portugal; Rwanda; Solomon Islands; South Africa; Spain; Table Mountain National Park, South Africa; Tankwa-Karoo National Park, South Africa; Tanzania; Timor-Leste; Tonga; Tongatapu Island, Tonga; Uganda; United States (Contiguous) (ver.2.0, 2022); Vava'u group, Tonga; Zambia; Zimbabwe; – Ascension Island, Saint Helena, Ascension and Tristan da Cunha; – Reunion; – Saint Helena, Saint Helena, Ascension and Tristan da Cunha","- Cook Islands; - Japan; Addo-Elephant National Park, South Africa; Angola; Australia; Azores, Portugal; Bontebok National Park, South Africa; Cameroon; China; Comoros; Democratic Republic of Congo; Ecuador; Eswatini (Swaziland); Federated States of Micronesia; Fiji; France; Garden Route National Park, South Africa; Golden Gate Highlands National Park, South Africa; Ha'apai group, Tonga; Hawaii, United States (ver.2.0, 2022); Hawane Nature Reserve and Dam, Eswatini; India; Kenya; Kruger National Park, South Africa; La Palma, Islas Canarias, Spain; Lord Howe Island, Australia; Madagascar; Madeira, Portugal; Malalotja Nature Reserve, Eswatini; Mara Ecosystem (Kenya, Tanzania); Marakele National Park, South Africa; Matenga Nature Reserve, Eswatini; Mauritius; Mayotte, France; Mlawula Nature Reserve, Eswatini; Namibia; Nepal; New Caledonia, France; New Zealand; Peru; Portugal; Rwanda; Solomon Islands; South Africa; Spain; Table Mountain National Park, South Africa; Tankwa-Karoo National Park, South Africa; Tanzania; Timor-Leste; Tonga; Tongatapu Island, Tonga; Uganda; United States (Contiguous) (ver.2.0, 2022); Vava'u group, Tonga; Zambia; Zimbabwe; – Ascension Island, Saint Helena, Ascension and Tristan da Cunha; – Reunion; – Saint Helena, Saint Helena, Ascension and Tristan da Cunha",Terrestrial; terrestrial
Azadirachta indica,azadirachta indica,AngMaSaMl4141-00; AngMaSaMl4141-01; AngMaSaMl4141-01,Meliaceae,Australia;India,YES,YES,23,90,94,"Anguilla; Aruba; Bonaire, Bonaire, Sint Eustatius and Saba; Brazil; Curacao, Netherlands; Dominican Republic; Ethiopia; Fiji; Gambia; Ghana; Guinea; Kenya; Mali; Niger; Papua New Guinea; Senegal; Sint Eustatius, Bonaire, Sint Eustatius and Saba; Sint Maarten, Netherlands; Socotra Archipelago, Yemen; Tanzania; Timor-Leste; Uganda; Zambia","- Cook Islands; - Egypt; - Nicaragua; - Paraguay; -Samoa; Algeria; American Samoa; Anguilla; Antigua and Barbuda; Aruba; Australia; Barbados; Benin; Bonaire, Bonaire, Sint Eustatius and Saba; Brazil; Burkina Faso; Burundi; Cabo Verde; Cameroon; Chad; Colombia; Congo; Cuba; Curacao, Netherlands; Côte d'Ivoire; Democratic Republic of Congo; Djibouti; Dominica; Dominican Republic; Ecuador; Eritrea; Ethiopia; Fiji; French Guiana; Gabon; Gambia; Ghana; Guinea; Guinea-Bissau; Haiti; Hawaii, United States (ver.2.0, 2022); India; Iran; Kenya; Liberia; Madagascar; Majuro Atoll, Marshall Islands; Malawi; Maldives; Mali; Mara Ecosystem (Kenya, Tanzania); Marshall Islands; Mauritania; Mexico; Montserrat; Mozambique; Niger; Nigeria; Oman; Panama; Papua New Guinea; Peru; Pohnpei, Federated States of Micronesia; Rwanda; Saint Kitts and Nevis; Saint Lucia; Saint Vincent and the Grenadines; Senegal; Seychelles; Sierra Leone; Sint Eustatius, Bonaire, Sint Eustatius and Saba; Sint Maarten, Netherlands; Socotra Archipelago, Yemen; Somalia; Soqotra, Yemen; Sudan; Suriname; Tanzania; Thailand; Timor-Leste; Togo; Trinidad and Tobago; Tunisia; Uganda; Venezuela; Wotje Atoll, Marshall Islands; Yemen; Zambia; Zimbabwe; – Central African Republic","- Cook Islands; - Egypt; - Nicaragua; - Paraguay; -Samoa; Algeria; American Samoa; Anguilla; Antigua and Barbuda; Aruba; Australia; Barbados; Benin; Bonaire, Bonaire, Sint Eustatius and Saba; Brazil; Burkina Faso; Burundi; Cabo Verde; Cameroon; Chad; Colombia; Congo; Cuba; Curacao, Netherlands; Côte d'Ivoire; Democratic Republic of Congo; Djibouti; Dominica; Dominican Republic; Ecuador; Eritrea; Ethiopia; Federated States of Micronesia; Fiji; French Guiana; Gabon; Gambia; Ghana; Guinea; Guinea-Bissau; Haiti; Hawaii, United States (ver.2.0, 2022); India; Iran; Jamaica; Kenya; Liberia; Madagascar; Majuro Atoll, Marshall Islands; Malawi; Maldives; Mali; Mara Ecosystem (Kenya, Tanzania); Marshall Islands; Mauritania; Mauritius; Mexico; Montserrat; Mozambique; Niger; Nigeria; Oman; Panama; Papua New Guinea; Peru; Pohnpei, Federated States of Micronesia; Rwanda; Saint Kitts and Nevis; Saint Lucia; Saint Vincent and the Grenadines; Senegal; Seychelles; Sierra Leone; Singapore; Sint Eustatius, Bonaire, Sint Eustatius and Saba; Sint Maarten, Netherlands; Socotra Archipelago, Yemen; Somalia; Soqotra, Yemen; Sudan; Suriname; Tanzania; Thailand; Timor-Leste; Togo; Trinidad and Tobago; Tunisia; Uganda; Venezuela; Wotje Atoll, Marshall Islands; Yemen; Zambia; Zimbabwe; – Central African Republic",Terrestrial; terrestrial
Acacia mearnsii,acacia mearnsii,AngMaFaFb0352-01,Fabaceae,Australia,YES,YES,23,60,62,"- Cook Islands; - Indonesia; - Japan; Argentina; Ethiopia; France; India; Italy; Kenya; Madagascar; Malawi; Mount Elgon, Uganda; New Zealand; Portugal; Rwanda; South Africa; Sri Lanka; Tanzania; Uganda; Verloren Valei Nature Reserve, South Africa; Zambia; Zimbabwe; – Reunion","- Cook Islands; - Indonesia; - Japan; Addo-Elephant National Park, South Africa; Agulhas National Park, South Africa; Algeria; Amani Forest Nature Reserve, Tanzania; Argentina; Augrabies Falls National Park, South Africa; Bontebok National Park, South Africa; Brazil; Burundi; Cabo Verde; Camdeboo National Park, South Africa; Democratic Republic of Congo; Ecuador; Eswatini (Swaziland); Ethiopia; France; Garden Route National Park, South Africa; Golden Gate Highlands National Park, South Africa; Hawaii, United States (ver.2.0, 2022); Hawane Nature Reserve and Dam, Eswatini; India; Italy; Karoo National Park, South Africa; Kenya; Madagascar; Madeira, Portugal; Malalotja Nature Reserve, Eswatini; Malawi; Mara Ecosystem (Kenya, Tanzania); Matenga Nature Reserve, Eswatini; Mlawula Nature Reserve, Eswatini; Mount Elgon, Uganda; Mountain Zebra National Park, South Africa; New Zealand; Ngorongoro Conservation Area, Tanzania; Papua New Guinea; Portugal; Rapa Nui  (Isla de Pascua, Easter Island); Rapa Nui (Isla de Pascua, Easter Island); Rwanda; Seychelles; South Africa; Sri Lanka; Sudan; Table Mountain National Park, South Africa; Tanganyika, Zambia; Tankwa-Karoo National Park, South Africa; Tanzania; Timor-Leste; Turkey; Uganda; United States (Contiguous) (ver.2.0, 2022); Verloren Valei Nature Reserve, South Africa; Zambia; Zimbabwe; – Reunion; – Saint Helena, Saint Helena, Ascension and Tristan da Cunha","- Cook Islands; - Indonesia; - Japan; Addo-Elephant National Park, South Africa; Agulhas National Park, South Africa; Algeria; Amani Forest Nature Reserve, Tanzania; Argentina; Augrabies Falls National Park, South Africa; Bontebok National Park, South Africa; Brazil; Burundi; Cabo Verde; Camdeboo National Park, South Africa; Democratic Republic of Congo; Ecuador; Eswatini (Swaziland); Ethiopia; France; Garden Route National Park, South Africa; Golden Gate Highlands National Park, South Africa; Hawaii, United States (ver.2.0, 2022); Hawane Nature Reserve and Dam, Eswatini; India; Italy; Jamaica; Karoo National Park, South Africa; Kenya; Madagascar; Madeira, Portugal; Malalotja Nature Reserve, Eswatini; Malawi; Mara Ecosystem (Kenya, Tanzania); Matenga Nature Reserve, Eswatini; Mlawula Nature Reserve, Eswatini; Mount Elgon, Uganda; Mountain Zebra National Park, South Africa; New Zealand; Ngorongoro Conservation Area, Tanzania; Papua New Guinea; Portugal; Rapa Nui  (Isla de Pascua, Easter Island); Rapa Nui (Isla de Pascua, Easter Island); Rwanda; Seychelles; South Africa; Sri Lanka; Sudan; Table Mountain National Park, South Africa; Tanganyika, Zambia; Tankwa-Karoo National Park, South Africa; Tanzania; Timor-Leste; Turkey; Uganda; United States (Contiguous) (ver.2.0, 2022); Verloren Valei Nature Reserve, South Africa; Vietnam; Zambia; Zimbabwe; – Reunion; – Saint Helena, Saint Helena, Ascension and Tristan da Cunha",Terrestrial; terrestrial
Acacia auriculiformis,acacia auriculiformis,AngMaFaFb0136-01,Fabaceae,Australia;Indonesia;Papua New Guinea,YES,YES,21,45,53,"- Cook Islands; Bahamas; Brazil; Brunei Darussalam; Comoros; Federated States of Micronesia; Madagascar; Mayotte, France; Mwali (Mohéli), Comoros; Myanmar; Ndzuwani (Anjouan), Comoros; Ngazidja (Grande Comore), Comoros; Palau; Pohnpei, Federated States of Micronesia; Sierra Leone; Singapore; Solomon Islands; Sri Lanka; Tanzania; Tonga; Tongatapu Island, Tonga","- Cook Islands; -Samoa; American Samoa; Bahamas; Bangladesh; Benin; Brazil; Brunei Darussalam; Burundi; Cambodia; Cameroon; Cuba; Côte d'Ivoire; Democratic Republic of Congo; Fiji; Ghana; Ha'apai group, Tonga; Haiti; Hawaii, United States (ver.2.0, 2022); Kosrae, Federated States of Micronesia; Laos; Liberia; Madagascar; Majuro Atoll, Marshall Islands; Malaysia; Marshall Islands; Mayotte, France; Myanmar; Nigeria; Palau; Panama; Philippines; Pohnpei, Federated States of Micronesia; Saint Vincent and the Grenadines; Senegal; Sierra Leone; Solomon Islands; Sri Lanka; Tanzania; Thailand; Tonga; Tongatapu Island, Tonga; Trinidad and Tobago; United States (Contiguous) (ver.2.0, 2022); Vanuatu","- Cook Islands; -Samoa; American Samoa; Bahamas; Bangladesh; Benin; Brazil; Brunei Darussalam; Burundi; Cambodia; Cameroon; Comoros; Cuba; Côte d'Ivoire; Democratic Republic of Congo; Federated States of Micronesia; Fiji; Ghana; Ha'apai group, Tonga; Haiti; Hawaii, United States (ver.2.0, 2022); Jamaica; Kosrae, Federated States of Micronesia; Laos; Liberia; Madagascar; Majuro Atoll, Marshall Islands; Malaysia; Marshall Islands; Mayotte, France; Mwali (Mohéli), Comoros; Myanmar; Ndzuwani (Anjouan), Comoros; Ngazidja (Grande Comore), Comoros; Nigeria; Palau; Panama; Philippines; Pohnpei, Federated States of Micronesia; Saint Vincent and the Grenadines; Senegal; Sierra Leone; Singapore; Solomon Islands; Sri Lanka; Tanzania; Thailand; Tonga; Tongatapu Island, Tonga; Trinidad and Tobago; United States (Contiguous) (ver.2.0, 2022); Vanuatu; Vietnam",Terrestrial; terrestrial
Acacia mangium,acacia mangium,AngMaFaFb0346-01,Fabaceae,Australia;Papua New Guinea,YES,YES,21,35,42,"- Cook Islands; - Indonesia; American Samoa; Brazil; Brunei Darussalam; Congo; Federated States of Micronesia; French Guiana; Guyana; Madagascar; Mayotte, France; Mwali (Mohéli), Comoros; Myanmar; Ndzuwani (Anjouan), Comoros; Ngazidja (Grande Comore), Comoros; Palau; Pohnpei, Federated States of Micronesia; Seychelles; Sierra Leone; Sri Lanka; Suriname","- Cook Islands; - Indonesia; -Samoa; American Samoa; Bangladesh; Brazil; Brunei Darussalam; Cameroon; China; Colombia; Congo; Costa Rica; Cuba; Dominican Republic; Fiji; French Guiana; Guyana; Hawaii, United States (ver.2.0, 2022); India; Laos; Madagascar; Malaysia; Mayotte, France; Myanmar; Palau; Papua New Guinea; Philippines; Pohnpei, Federated States of Micronesia; Seychelles; Sierra Leone; Sri Lanka; Suriname; Thailand; Timor-Leste; Trinidad and Tobago","- Cook Islands; - Indonesia; -Samoa; American Samoa; Bangladesh; Brazil; Brunei Darussalam; Cameroon; China; Colombia; Comoros; Congo; Costa Rica; Cuba; Dominican Republic; Federated States of Micronesia; Fiji; French Guiana; Guyana; Hawaii, United States (ver.2.0, 2022); India; Laos; Madagascar; Malaysia; Mayotte, France; Mwali (Mohéli), Comoros; Myanmar; Ndzuwani (Anjouan), Comoros; Ngazidja (Grande Comore), Comoros; Palau; Papua New Guinea; Philippines; Pohnpei, Federated States of Micronesia; Seychelles; Sierra Leone; Singapore; Sri Lanka; Suriname; Thailand; Timor-Leste; Trinidad and Tobago; Vietnam",Terrestrial; terrestrial
Eucalyptus camaldulensis,eucalyptus camaldulensis,AngMaMyMy17315-00; AngMaMyMy17315-01; AngMaMyMy17315-02; AngMaMyMy17315-03; AngMaMyMy17315-04; AngMaMyMy17315-05; AngMaMyMy17315-06; AngMaMyMy17315-07; AngMaMyMy17315-08; AngMaMyMy17315-09; AngMaMyMy17315-10; AngMaMyMy17315-01,Myrtaceae,Australia;United States,YES,YES,20,90,96,"Angola; Argentina; Bangladesh; El Hierro, Islas Canarias, Spain; Gran Canaria, Islas Canarias, Spain; Guyana; Israel; Jamaica; La Gomera, Islas Canarias, Spain; La Palma, Islas Canarias, Spain; Lesotho; Mexico; Myanmar; Namibia; Pakistan; South Africa; Tenerife, Islas Canarias, Spain; Turkey; Zambia; – Ascension Island, Saint Helena, Ascension and Tristan da Cunha","- Egypt; - Nicaragua; - Paraguay; Addo-Elephant National Park, South Africa; Agulhas National Park, South Africa; Albania; Algeria; Angola; Argentina; Augrabies Falls National Park, South Africa; Bangladesh; Benin; Bontebok National Park, South Africa; Brazil; Brunei Darussalam; Burkina Faso; Burundi; Cambodia; Camdeboo National Park, South Africa; Cameroon; Chad; Chile; Colombia; Congo; Cuba; Côte d'Ivoire; Democratic Republic of Congo; Ecuador; El Hierro, Islas Canarias, Spain; Eritrea; Fiji; Galápagos Islands, Ecuador; Gambia; Garden Route National Park, South Africa; Ghana; Golden Gate Highlands National Park, South Africa; Gran Canaria, Islas Canarias, Spain; Guyana; Hawaii, United States (ver.2.0, 2022); India; Iran; Iraq; Israel; Italy; La Gomera, Islas Canarias, Spain; La Palma, Islas Canarias, Spain; Laos; Lesotho; Malawi; Malaysia; Mali; Malta; Mara Ecosystem (Kenya, Tanzania); Marakele National Park, South Africa; Mexico; Mokala National Park, South Africa; Mountain Zebra National Park, South Africa; Mozambique; Myanmar; Namibia; Nepal; Ngorongoro Conservation Area, Tanzania; Niger; Nigeria; Pakistan; Panama; Peru; Philippines; Portugal; Rwanda; Senegal; Seychelles; Sierra Leone; Somalia; South Africa; Sovereign Base Areas of Cyprus, Cyprus; Spain; Sudan; Table Mountain National Park, South Africa; Tankwa-Karoo National Park, South Africa; Tenerife, Islas Canarias, Spain; Thailand; Tunisia; Turkey; United States (Contiguous) (ver.2.0, 2022); Yemen; Zambia; Zimbabwe; – Ascension Island, Saint Helena, Ascension and Tristan da Cunha; – Saint Helena, Saint Helena, Ascension and Tristan da Cunha","- Egypt; - Nicaragua; - Paraguay; Addo-Elephant National Park, South Africa; Agulhas National Park, South Africa; Albania; Algeria; Angola; Argentina; Augrabies Falls National Park, South Africa; Bangladesh; Benin; Bontebok National Park, South Africa; Brazil; Brunei Darussalam; Burkina Faso; Burundi; Cambodia; Camdeboo National Park, South Africa; Cameroon; Chad; Chile; Colombia; Comoros; Congo; Cuba; Côte d'Ivoire; Democratic Republic of Congo; Ecuador; El Hierro, Islas Canarias, Spain; Eritrea; Federated States of Micronesia; Fiji; Galápagos Islands, Ecuador; Gambia; Garden Route National Park, South Africa; Ghana; Golden Gate Highlands National Park, South Africa; Gran Canaria, Islas Canarias, Spain; Greece; Guyana; Hawaii, United States (ver.2.0, 2022); India; Iran; Iraq; Israel; Italy; Jamaica; Jordan; La Gomera, Islas Canarias, Spain; La Palma, Islas Canarias, Spain; Laos; Lesotho; Malawi; Malaysia; Mali; Malta; Mara Ecosystem (Kenya, Tanzania); Marakele National Park, South Africa; Mexico; Mokala National Park, South Africa; Mountain Zebra National Park, South Africa; Mozambique; Myanmar; Namibia; Nepal; Ngorongoro Conservation Area, Tanzania; Niger; Nigeria; Pakistan; Panama; Peru; Philippines; Portugal; Rwanda; Senegal; Seychelles; Sierra Leone; Somalia; South Africa; Sovereign Base Areas of Cyprus, Cyprus; Spain; Sudan; Table Mountain National Park, South Africa; Tankwa-Karoo National Park, South Africa; Tenerife, Islas Canarias, Spain; Thailand; Tunisia; Turkey; United States (Contiguous) (ver.2.0, 2022); Vietnam; Yemen; Zambia; Zimbabwe; – Ascension Island, Saint Helena, Ascension and Tristan da Cunha; – Saint Helena, Saint Helena, Ascension and Tristan da Cunha",Terrestrial; terrestrial
Jatropha curcas,jatropha curcas,AngMaMaph25512-01,Euphorbiaceae,Australia;Timor-Leste,YES,YES,17,108,114,"- Indonesia; -Samoa; Brazil; Ethiopia; Federated States of Micronesia; Fiji; Ha'apai group, Tonga; Kenya; Madagascar; Mayotte, France; Myanmar; Ngazidja (Grande Comore), Comoros; Tonga; Tongatapu Island, Tonga; Vanuatu; Vava'u group, Tonga; Zambia","- Cook Islands; - Egypt; - Indonesia; - Sao Tome and Principe; -Samoa; Angola; Anguilla; Antigua and Barbuda; Atoll Nui, Tuvalu; Australia; Bahamas; Barbados; Benin; Bhutan; Brazil; Burkina Faso; Burundi; Cabo Verde; Cambodia; Cameroon; Chad; China; Chuuk, Federated States of Micronesia; Colombia; Cuba; Côte d'Ivoire; Democratic Republic of Congo; Dominica; Dominican Republic; Ecuador; El Salvador; Equatorial Guinea; Eswatini (Swaziland); Ethiopia; Fiji; French Guiana; Gabon; Galápagos Islands, Ecuador; Gambia; Ghana; Grenada; Guatemala; Guinea; Guinea-Bissau; Guyana; Ha'apai group, Tonga; Haiti; Hawaii, United States (ver.2.0, 2022); Honduras; India; Kenya; Liberia; Libya; Madagascar; Malawi; Malaysia; Mali; Mayotte, France; Montserrat; Mozambique; Myanmar; Namibia; Nepal; Niger; Nigeria; Niue; Palau; Papua New Guinea; Peru; Philippines; Pohnpei, Federated States of Micronesia; Rwanda; Saint Barthelemy; Saint Kitts and Nevis; Saint Lucia; Saint Martin (French part); Saint Vincent and the Grenadines; Saudi Arabia; Senegal; Seychelles; Sierra Leone; Socotra Archipelago, Yemen; Somalia; Soqotra, Yemen; South Africa; Sudan; Suriname; Tanzania; Thailand; Timor-Leste; Togo; Tonga; Tongatapu Island, Tonga; Trinidad and Tobago; Tuvalu; Uganda; United States (Contiguous) (ver.2.0, 2022); Vanuatu; Vava'u group, Tonga; Venezuela; Wallis and Futuna; Yap, Federated States of Micronesia; Yemen; Zambia; Zimbabwe; – Central African Republic; – Guadeloupe; – Martinique","- Cook Islands; - Egypt; - Indonesia; - Sao Tome and Principe; -Samoa; Angola; Anguilla; Antigua and Barbuda; Atoll Nui, Tuvalu; Australia; Bahamas; Barbados; Benin; Bhutan; Brazil; Burkina Faso; Burundi; Cabo Verde; Cambodia; Cameroon; Chad; China; Chuuk, Federated States of Micronesia; Colombia; Comoros; Cuba; Côte d'Ivoire; Democratic Republic of Congo; Dominica; Dominican Republic; Ecuador; El Salvador; Equatorial Guinea; Eswatini (Swaziland); Ethiopia; Federated States of Micronesia; Fiji; French Guiana; Gabon; Galápagos Islands, Ecuador; Gambia; Ghana; Grenada; Guatemala; Guinea; Guinea-Bissau; Guyana; Ha'apai group, Tonga; Haiti; Hawaii, United States (ver.2.0, 2022); Honduras; India; Jamaica; Kenya; Liberia; Libya; Madagascar; Malawi; Malaysia; Mali; Mauritius; Mayotte, France; Montserrat; Mozambique; Myanmar; Namibia; Nepal; Ngazidja (Grande Comore), Comoros; Niger; Nigeria; Niue; Palau; Papua New Guinea; Peru; Philippines; Pohnpei, Federated States of Micronesia; Rwanda; Saint Barthelemy; Saint Kitts and Nevis; Saint Lucia; Saint Martin (French part); Saint Vincent and the Grenadines; Saudi Arabia; Senegal; Seychelles; Sierra Leone; Socotra Archipelago, Yemen; Somalia; Soqotra, Yemen; South Africa; Sudan; Suriname; Tanzania; Thailand; Timor-Leste; Togo; Tonga; Tongatapu Island, Tonga; Trinidad and Tobago; Tuvalu; Uganda; United States (Contiguous) (ver.2.0, 2022); Vanuatu; Vava'u group, Tonga; Venezuela; Vietnam; Wallis and Futuna; Yap, Federated States of Micronesia; Yemen; Zambia; Zimbabwe; – Central African Republic; – Guadeloupe; – Martinique",Terrestrial; terrestrial
Parkinsonia aculeata,parkinsonia aculeata,AngMaFaFb35889-00; AngMaFaFb35889-01,Fabaceae,Australia;Timor-Leste,YES,YES,17,75,81,- Indonesia; Australia; Cuba; Ethiopia; Israel; Italy; Jordan; Kenya; Libya; Mozambique; Namibia; Senegal; Somalia; South Africa; Tanzania; Timor-Leste; Zambia,"- Egypt; - Indonesia; Agulhas National Park, South Africa; Algeria; Angola; Aruba; Augrabies Falls National Park, South Africa; Australia; Bonaire, Bonaire, Sint Eustatius and Saba; Brazil; Burkina Faso; Cabo Verde; Cambodia; Camdeboo National Park, South Africa; Cameroon; Chad; Congo; Cuba; Curacao, Netherlands; Cyprus; Democratic Republic of Congo; Dominican Republic; El Salvador; Eswatini (Swaziland); Ethiopia; Gambia; Ghana; Gran Canaria, Islas Canarias, Spain; Guatemala; Haiti; Hawaii, United States (ver.2.0, 2022); India; Iran; Iraq; Israel; Italy; Kalahari Gemsbok National Park, South Africa; Kenya; Laos; Libya; Madagascar; Malawi; Mara Ecosystem (Kenya, Tanzania); Mauritania; Mountain Zebra National Park, South Africa; Mozambique; Namibia; Niger; Nigeria; Pohnpei, Federated States of Micronesia; Portugal; Qatar; Rapa Nui  (Isla de Pascua, Easter Island); Rapa Nui (Isla de Pascua, Easter Island); Saint Kitts and Nevis; Senegal; Sierra Leone; Sint Eustatius, Bonaire, Sint Eustatius and Saba; Sint Maarten, Netherlands; Socotra Archipelago, Yemen; Somalia; Soqotra, Yemen; South Africa; Spain; Sudan; Syrian Arab Republic; Tanzania; Tenerife, Islas Canarias, Spain; Thailand; Timor-Leste; Turkey; Uganda; Yemen; Zambia; Zimbabwe","- Egypt; - Indonesia; Agulhas National Park, South Africa; Algeria; Angola; Aruba; Augrabies Falls National Park, South Africa; Australia; Bonaire, Bonaire, Sint Eustatius and Saba; Brazil; Burkina Faso; Cabo Verde; Cambodia; Camdeboo National Park, South Africa; Cameroon; Chad; Congo; Cuba; Curacao, Netherlands; Cyprus; Democratic Republic of Congo; Dominican Republic; El Salvador; Eswatini (Swaziland); Ethiopia; Federated States of Micronesia; Gambia; Ghana; Gran Canaria, Islas Canarias, Spain; Greece; Guatemala; Haiti; Hawaii, United States (ver.2.0, 2022); India; Iran; Iraq; Israel; Italy; Jamaica; Jordan; Kalahari Gemsbok National Park, South Africa; Kenya; Laos; Libya; Madagascar; Malawi; Mara Ecosystem (Kenya, Tanzania); Mauritania; Mauritius; Mountain Zebra National Park, South Africa; Mozambique; Namibia; Niger; Nigeria; Pohnpei, Federated States of Micronesia; Portugal; Qatar; Rapa Nui  (Isla de Pascua, Easter Island); Rapa Nui (Isla de Pascua, Easter Island); Saint Kitts and Nevis; Senegal; Sierra Leone; Sint Eustatius, Bonaire, Sint Eustatius and Saba; Sint Maarten, Netherlands; Socotra Archipelago, Yemen; Somalia; Soqotra, Yemen; South Africa; Spain; Sudan; Syrian Arab Republic; Tanzania; Tenerife, Islas Canarias, Spain; Thailand; Timor-Leste; Turkey; Uganda; Vietnam; Yemen; Zambia; Zimbabwe",Terrestrial; terrestrial
Eugenia uniflora,eugenia uniflora,AngMaMyMy18623-00; AngMaMyMy18623-01,Myrtaceae,Argentina;Australia;Brazil;Paraguay;United States,YES,YES,17,53,57,"- Cook Islands; - Indonesia; -Samoa; Bahamas; Bermuda; Costa Rica; Dominican Republic; Federated States of Micronesia; Fiji; French Polynesia; Guinea; India; Marshall Islands; New Caledonia, France; Pitcairn Islands- Great Britain; South Africa; – Reunion","- Cook Islands; - Indonesia; - Nicaragua; - Sao Tome and Principe; -Samoa; American Samoa; Antigua and Barbuda; Australia; Bahamas; Barbados; Belize; Bermuda; Burundi; Cayman Islands; Colombia; Costa Rica; Cuba; Dominican Republic; Fiji; French Polynesia; Gabon; Ghana; Guinea; Hawaii, United States (ver.2.0, 2022); India; Kruger National Park, South Africa; Kwajalein Atoll, Marshall Islands; Lord Howe Island, Australia; Madagascar; Malawi; Marshall Islands; Montserrat; New Caledonia, France; Niue; Panama; Pitcairn Islands- Great Britain; Pohnpei, Federated States of Micronesia; Rapa Nui  (Isla de Pascua, Easter Island); Rapa Nui (Isla de Pascua, Easter Island); Saba, Bonaire, Sint Eustatius and Saba; Saint Martin (French part); Saint Vincent and the Grenadines; Seychelles; Sierra Leone; South Africa; Suriname; Thailand; Tonga; Tongatapu Island, Tonga; United States (Contiguous) (ver.2.0, 2022); – Guadeloupe; – Martinique; – Reunion","- Cook Islands; - Indonesia; - Nicaragua; - Sao Tome and Principe; -Samoa; American Samoa; Antigua and Barbuda; Australia; Bahamas; Barbados; Belize; Bermuda; Burundi; Cayman Islands; Colombia; Comoros; Costa Rica; Cuba; Dominican Republic; Federated States of Micronesia; Fiji; French Polynesia; Gabon; Ghana; Guinea; Hawaii, United States (ver.2.0, 2022); India; Jamaica; Kruger National Park, South Africa; Kwajalein Atoll, Marshall Islands; Lord Howe Island, Australia; Madagascar; Malawi; Marshall Islands; Mauritius; Montserrat; New Caledonia, France; Niue; Panama; Pitcairn Islands- Great Britain; Pohnpei, Federated States of Micronesia; Rapa Nui  (Isla de Pascua, Easter Island); Rapa Nui (Isla de Pascua, Easter Island); Saba, Bonaire, Sint Eustatius and Saba; Saint Martin (French part); Saint Vincent and the Grenadines; Seychelles; Sierra Leone; South Africa; Suriname; Thailand; Tonga; Tongatapu Island, Tonga; United States (Contiguous) (ver.2.0, 2022); – Guadeloupe; – Martinique; – Reunion",Terrestrial; terrestrial
Acacia melanoxylon,acacia melanoxylon,AngMaFaFb0354-01,Fabaceae,Australia;Spain,YES,YES,17,53,54,- Japan; Argentina; Bolivia; Brazil; Eswatini (Swaziland); India; Kenya; Mexico; New Zealand; Portugal; South Africa; Spain; Sri Lanka; Tanzania; Zambia; Zimbabwe; – Reunion,"- Japan; Addo-Elephant National Park, South Africa; Algeria; Angola; Argentina; Azores, Portugal; Bolivia; Bontebok National Park, South Africa; Brazil; Burundi; Chile; Colombia; Democratic Republic of Congo; Ecuador; Eswatini (Swaziland); Ethiopia; France; Garden Route National Park, South Africa; Georgia; Golden Gate Highlands National Park, South Africa; Great Britain; Haiti; Hawaii, United States (ver.2.0, 2022); India; Italy; Kenya; Lanzarote, Islas Canarias, Spain; Libya; Madagascar; Madeira, Portugal; Mapungupwe National Park, South Africa; Marakele National Park, South Africa; Mexico; Morocco; New Zealand; Peru; Portugal; Rapa Nui  (Isla de Pascua, Easter Island); Rapa Nui (Isla de Pascua, Easter Island); Rwanda; South Africa; Spain; Sri Lanka; Table Mountain National Park, South Africa; Tankwa-Karoo National Park, South Africa; Tanzania; Tenerife, Islas Canarias, Spain; United States (Contiguous) (ver.2.0, 2022); Venezuela; Zambia; Zimbabwe; – Reunion; – Saint Helena, Saint Helena, Ascension and Tristan da Cunha","- Japan; Addo-Elephant National Park, South Africa; Algeria; Angola; Argentina; Azores, Portugal; Bolivia; Bontebok National Park, South Africa; Brazil; Burundi; Chile; Colombia; Democratic Republic of Congo; Ecuador; Eswatini (Swaziland); Ethiopia; France; Garden Route National Park, South Africa; Georgia; Golden Gate Highlands National Park, South Africa; Great Britain; Haiti; Hawaii, United States (ver.2.0, 2022); India; Italy; Kenya; Lanzarote, Islas Canarias, Spain; Libya; Madagascar; Madeira, Portugal; Mapungupwe National Park, South Africa; Marakele National Park, South Africa; Mauritius; Mexico; Morocco; New Zealand; Peru; Portugal; Rapa Nui  (Isla de Pascua, Easter Island); Rapa Nui (Isla de Pascua, Easter Island); Rwanda; South Africa; Spain; Sri Lanka; Table Mountain National Park, South Africa; Tankwa-Karoo National Park, South Africa; Tanzania; Tenerife, Islas Canarias, Spain; United States (Contiguous) (ver.2.0, 2022); Venezuela; Zambia; Zimbabwe; – Reunion; – Saint Helena, Saint Helena, Ascension and Tristan da Cunha",Terrestrial; terrestrial
Solanum torvum,solanum torvum,AngMaSoSl44243-00; AngMaSoSl44243-01; AngMaSoSl44243-02; AngMaSoSl44243-01,Solanaceae,Afghanistan;Antigua & Barbuda;Australia;Bahamas;Barbados;Belize;Benin;Bermuda;Brazil;British Virgin Islands;Brunei;Cameroon;Central African Republic;China;Colombia;Congo - Brazzaville;Costa Rica;Côte d’Ivoire;Croatia;Cuba;Dominica;Dominican Republic;Ecuador;Egypt;El Salvador;Equatorial Guinea;Fiji;French Guiana;French Polynesia;Gabon;Ghana;Grenada;Guadeloupe;Guatemala;Guinea;Guyana;Haiti;Honduras;Hong Kong SAR China;India;Indonesia;Italy;Jamaica;Laos;Liberia;Madagascar;Malawi;Malaysia;Martinique;Mexico;Montserrat;Myanmar (Burma);Nepal;New Caledonia;Nicaragua;Nigeria;Northern Mariana Islands;Panama;Papua New Guinea;Paraguay;Peru;Philippines;Puerto Rico;Saint Martin (French part);Seychelles;Singapore;Sri Lanka;St. Kitts & Nevis;St. Lucia;St. Vincent & Grenadines;Taiwan;Thailand;Timor-Leste;Togo;Trinidad & Tobago;U.S. Virgin Islands;United States;Vanuatu;Venezuela;Vietnam,YES,YES,17,43,47,"- Indonesia; -Samoa; China; Fiji; India; Nepal; New Caledonia, France; Palau; Papua New Guinea; Solomon Islands; Tanzania; Tonga; Tongatapu Island, Tonga; Vanuatu; Vava'u group, Tonga; Wallis and Futuna; Zambia","- Indonesia; - Japan; -Samoa; American Samoa; Angola; Australia; Cambodia; Cameroon; China; Dominica; El Salvador; Ethiopia; Fiji; French Polynesia; Grenada; Guatemala; Hawaii, United States (ver.2.0, 2022); Honduras; India; Kiribati; Kosrae, Federated States of Micronesia; Kwajalein Atoll, Marshall Islands; Madagascar; Marshall Islands; Mayotte, France; Montserrat; Nepal; New Caledonia, France; Palau; Papua New Guinea; Philippines; Seychelles; Solomon Islands; South Africa; Tanzania; Timor-Leste; Tonga; Tongatapu Island, Tonga; United States (Contiguous) (ver.2.0, 2022); Vanuatu; Vava'u group, Tonga; Wallis and Futuna; Zambia","- Indonesia; - Japan; -Samoa; American Samoa; Angola; Australia; Cambodia; Cameroon; China; Comoros; Dominica; El Salvador; Ethiopia; Federated States of Micronesia; Fiji; French Polynesia; Grenada; Guatemala; Hawaii, United States (ver.2.0, 2022); Honduras; India; Kiribati; Kosrae, Federated States of Micronesia; Kwajalein Atoll, Marshall Islands; Madagascar; Marshall Islands; Mauritius; Mayotte, France; Montserrat; Nepal; New Caledonia, France; Palau; Papua New Guinea; Philippines; Seychelles; Singapore; Solomon Islands; South Africa; Tanzania; Timor-Leste; Tonga; Tongatapu Island, Tonga; United States (Contiguous) (ver.2.0, 2022); Vanuatu; Vava'u group, Tonga; Wallis and Futuna; Zambia",Terrestrial; terrestrial
Senna alata,senna alata,AngMaFaFb43371-01,Fabaceae,Argentina;Australia;Bolivia;Brazil;Honduras;Paraguay;Timor-Leste,YES,YES,16,66,74,"- Cook Islands; -Samoa; Cuba; Federated States of Micronesia; Fiji; Ha'apai group, Tonga; India; Marshall Islands; Palau; Papua New Guinea; Tanzania; Timor-Leste; Tonga; Tongatapu Island, Tonga; Uganda; Zambia","- Cook Islands; -Samoa; American Samoa; Angola; Aruba; Australia; Bahamas; Benin; Bonaire, Bonaire, Sint Eustatius and Saba; Chad; China; Chuuk, Federated States of Micronesia; Cuba; Curacao, Netherlands; Côte d'Ivoire; Democratic Republic of Congo; Equatorial Guinea; Fiji; Gabon; Galápagos Islands, Ecuador; Guinea; Ha'apai group, Tonga; Hawaii, United States (ver.2.0, 2022); India; Kenya; Kosrae, Federated States of Micronesia; Kruger National Park, South Africa; Kwajalein Atoll, Marshall Islands; Liberia; Madagascar; Malawi; Malaysia; Maldives; Mali; Marshall Islands; Mayotte, France; Mozambique; Niger; Niue; Palau; Panama; Papua New Guinea; Pohnpei, Federated States of Micronesia; Queen Elizabeth National Park, Uganda; Saba, Bonaire, Sint Eustatius and Saba; Saint Kitts and Nevis; Senegal; Seychelles; Sierra Leone; Sint Eustatius, Bonaire, Sint Eustatius and Saba; Sint Maarten, Netherlands; Solomon Islands; South Africa; Sudan; Tanganyika, Zambia; Tanzania; Timor-Leste; Togo; Tonga; Tongatapu Island, Tonga; Uganda; United States (Contiguous) (ver.2.0, 2022); Vava'u group, Tonga; Yap, Federated States of Micronesia; Zambia; – Central African Republic","- Cook Islands; -Samoa; American Samoa; Angola; Aruba; Australia; Bahamas; Benin; Bonaire, Bonaire, Sint Eustatius and Saba; Chad; China; Chuuk, Federated States of Micronesia; Comoros; Costa Rica; Cuba; Curacao, Netherlands; Côte d'Ivoire; Democratic Republic of Congo; Equatorial Guinea; Federated States of Micronesia; Fiji; Gabon; Galápagos Islands, Ecuador; Guinea; Ha'apai group, Tonga; Hawaii, United States (ver.2.0, 2022); India; Kenya; Kosrae, Federated States of Micronesia; Kruger National Park, South Africa; Kwajalein Atoll, Marshall Islands; Liberia; Madagascar; Malawi; Malaysia; Maldives; Mali; Marshall Islands; Mayotte, France; Mozambique; Mwali (Mohéli), Comoros; Ndzuwani (Anjouan), Comoros; Ngazidja (Grande Comore), Comoros; Niger; Niue; Palau; Panama; Papua New Guinea; Pohnpei, Federated States of Micronesia; Queen Elizabeth National Park, Uganda; Saba, Bonaire, Sint Eustatius and Saba; Saint Kitts and Nevis; Senegal; Seychelles; Sierra Leone; Singapore; Sint Eustatius, Bonaire, Sint Eustatius and Saba; Sint Maarten, Netherlands; Solomon Islands; South Africa; Sudan; Tanganyika, Zambia; Tanzania; Timor-Leste; Togo; Tonga; Tongatapu Island, Tonga; Uganda; United States (Contiguous) (ver.2.0, 2022); Vava'u group, Tonga; Vietnam; Yap, Federated States of Micronesia; Zambia; – Central African Republic",Terrestrial; terrestrial
Opuntia monacantha,opuntia monacantha,AngMaCaCc34434-01,Cactaceae,Brazil,YES,YES,16,58,61,"-Samoa; Australia; Bangladesh; China; Fiji; Kenya; Mara Ecosystem (Kenya, Tanzania); Mauritius; New Zealand; Philippines; Rwanda; South Africa; Tanzania; Tonga; Zambia; – Ascension Island, Saint Helena, Ascension and Tristan da Cunha","- Cook Islands; - Nauru; - Nicaragua; -Samoa; Agulhas National Park, South Africa; Augrabies Falls National Park, South Africa; Australia; Bangladesh; Bhutan; Bontebok National Park, South Africa; China; Eswatini (Swaziland); Fiji; Fuerteventura, Islas Canarias, Spain; Galápagos Islands, Ecuador; Garden Route National Park, South Africa; Gran Canaria, Islas Canarias, Spain; Hawaii, United States (ver.2.0, 2022); India; Italy; Kenya; Kruger National Park, South Africa; Kwajalein Atoll, Marshall Islands; La Gomera, Islas Canarias, Spain; Lake Mburo, Uganda; Madagascar; Malawi; Malaysia; Mara Ecosystem (Kenya, Tanzania); Marshall Islands; New Zealand; Ngorongoro Biosphere Reserve, Tanzania; Ngorongoro Conservation Area, Tanzania; Nigeria; Niue; Palau; Panama; Philippines; Portugal; Queen Elizabeth National Park, Uganda; Rwanda; Saudi Arabia; Sierra Leone; Somalia; South Africa; Spain; Syrian Arab Republic; Tanzania; Tenerife, Islas Canarias, Spain; Tonga; Tongatapu Island, Tonga; Tunisia; Uganda; United States (Contiguous) (ver.2.0, 2022); Venezuela; West Coast National Park, South Africa; Zambia; – Ascension Island, Saint Helena, Ascension and Tristan da Cunha","- Cook Islands; - Nauru; - Nicaragua; -Samoa; Agulhas National Park, South Africa; Augrabies Falls National Park, South Africa; Australia; Bangladesh; Bhutan; Bontebok National Park, South Africa; China; Eswatini (Swaziland); Federated States of Micronesia; Fiji; Fuerteventura, Islas Canarias, Spain; Galápagos Islands, Ecuador; Garden Route National Park, South Africa; Gran Canaria, Islas Canarias, Spain; Hawaii, United States (ver.2.0, 2022); India; Italy; Kenya; Kruger National Park, South Africa; Kwajalein Atoll, Marshall Islands; La Gomera, Islas Canarias, Spain; Lake Mburo, Uganda; Madagascar; Malawi; Malaysia; Mara Ecosystem (Kenya, Tanzania); Marshall Islands; Mauritius; New Zealand; Ngorongoro Biosphere Reserve, Tanzania; Ngorongoro Conservation Area, Tanzania; Nigeria; Niue; Palau; Panama; Philippines; Portugal; Queen Elizabeth National Park, Uganda; Rwanda; Saudi Arabia; Sierra Leone; Somalia; South Africa; Spain; Syrian Arab Republic; Tanzania; Tenerife, Islas Canarias, Spain; Tonga; Tongatapu Island, Tonga; Tunisia; Uganda; United States (Contiguous) (ver.2.0, 2022); Venezuela; Vietnam; West Coast National Park, South Africa; Zambia; – Ascension Island, Saint Helena, Ascension and Tristan da Cunha",Terrestrial; terrestrial
Eucalyptus globulus,eucalyptus globulus,AngMaMyMy17486-00; AngMaMyMy17486-01; AngMaMyMy17486-02; AngMaMyMy17486-03; AngMaMyMy17486-04; AngMaMyMy17486-05,Myrtaceae,Australia;United States,YES,YES,16,58,61,"Archipielago Juan Fernández, Chile; Argentina; Bolivia; Chile; Colombia; El Hierro, Islas Canarias, Spain; Gran Canaria, Islas Canarias, Spain; Juan Fernandez Islands, Chile; La Gomera, Islas Canarias, Spain; La Palma, Islas Canarias, Spain; Madagascar; Mexico; Portugal; Tenerife, Islas Canarias, Spain; Uruguay; Zimbabwe","Addo-Elephant National Park, South Africa; Agulhas National Park, South Africa; Albania; Archipielago Juan Fernández, Chile; Argentina; Augrabies Falls National Park, South Africa; Azores, Portugal; Bolivia; Bontebok National Park, South Africa; Burundi; Camdeboo National Park, South Africa; Chile; Colombia; Ecuador; El Hierro, Islas Canarias, Spain; El Salvador; Galápagos Islands, Ecuador; Garden Route National Park, South Africa; Georgia; Golden Gate Highlands National Park, South Africa; Gran Canaria, Islas Canarias, Spain; Great Britain; Guatemala; Hawaii, United States (ver.2.0, 2022); India; Iran; Ireland; Italy; Juan Fernandez Islands, Chile; Karoo National Park, South Africa; La Gomera, Islas Canarias, Spain; La Palma, Islas Canarias, Spain; Libya; Madagascar; Madeira, Portugal; Mapungupwe National Park, South Africa; Mara Ecosystem (Kenya, Tanzania); Marakele National Park, South Africa; Mexico; Mountain Zebra National Park, South Africa; Namaqua National Park, South Africa; Palau; Peru; Pohnpei, Federated States of Micronesia; Portugal; Rwanda; Seychelles; South Africa; Spain; Table Mountain National Park, South Africa; Tankwa-Karoo National Park, South Africa; Tenerife, Islas Canarias, Spain; United States (Contiguous) (ver.2.0, 2022); Uruguay; West Coast National Park, South Africa; Yemen; Zimbabwe; – Saint Helena, Saint Helena, Ascension and Tristan da Cunha","Addo-Elephant National Park, South Africa; Agulhas National Park, South Africa; Albania; Archipielago Juan Fernández, Chile; Argentina; Augrabies Falls National Park, South Africa; Azores, Portugal; Bolivia; Bontebok National Park, South Africa; Burundi; Camdeboo National Park, South Africa; Chile; Colombia; Comoros; Ecuador; El Hierro, Islas Canarias, Spain; El Salvador; Federated States of Micronesia; Galápagos Islands, Ecuador; Garden Route National Park, South Africa; Georgia; Golden Gate Highlands National Park, South Africa; Gran Canaria, Islas Canarias, Spain; Great Britain; Guatemala; Hawaii, United States (ver.2.0, 2022); India; Iran; Ireland; Italy; Juan Fernandez Islands, Chile; Karoo National Park, South Africa; La Gomera, Islas Canarias, Spain; La Palma, Islas Canarias, Spain; Libya; Madagascar; Madeira, Portugal; Mapungupwe National Park, South Africa; Mara Ecosystem (Kenya, Tanzania); Marakele National Park, South Africa; Mexico; Mountain Zebra National Park, South Africa; Namaqua National Park, South Africa; Palau; Peru; Pohnpei, Federated States of Micronesia; Portugal; Rwanda; Seychelles; South Africa; Spain; Table Mountain National Park, South Africa; Tankwa-Karoo National Park, South Africa; Tenerife, Islas Canarias, Spain; United States (Contiguous) (ver.2.0, 2022); Uruguay; Vietnam; West Coast National Park, South Africa; Yemen; Zimbabwe; – Saint Helena, Saint Helena, Ascension and Tristan da Cunha",Terrestrial; terrestrial
Schinus terebinthifolia,schinus terebinthifolia,AngMaSanc42817-00; AngMaSanc42817-01; AngMaSanc42817-02; AngMaSanc42817-03; AngMaSanc42817-04; AngMaSanc42817-05; AngMaSanc42817-06; AngMaSanc42817-07; AngMaSanc42817-08; AngMaSanc42817-09; AngMaSanc42817-10; AngMaSanc42817-11; AngMaSanc42817-01,Anacardiaceae,Argentina;Australia;Brazil;Paraguay;Spain;United States,YES,YES,16,45,48,"Bahamas; Bermuda; Cuba; Curacao, Netherlands; French Polynesia; Israel; Jamaica; Malta; Mauritius; Namibia; New Caledonia, France; New Zealand; South Africa; – Reunion; – Saint Helena, Saint Helena, Ascension and Tristan da Cunha; – Turks and Caicos Islands","- Japan; -Samoa; Angola; Bahamas; Bermuda; Bolivia; Cuba; Curacao, Netherlands; Ecuador; Eswatini (Swaziland); Fiji; French Polynesia; Fuerteventura, Islas Canarias, Spain; Garden Route National Park, South Africa; Gran Canaria, Islas Canarias, Spain; Hawaii, United States (ver.2.0, 2022); India; Iraq; Israel; Kruger National Park, South Africa; Kwajalein Atoll, Marshall Islands; Libya; Madagascar; Malta; Marshall Islands; Mayotte, France; Namibia; New Caledonia, France; New Zealand; Peru; Portugal; Seychelles; South Africa; Spain; Table Mountain National Park, South Africa; Tankwa-Karoo National Park, South Africa; Tenerife, Islas Canarias, Spain; Turkey; United States (Contiguous) (ver.2.0, 2022); Vanuatu; Wallis and Futuna; – Ascension Island, Saint Helena, Ascension and Tristan da Cunha; – Reunion; – Saint Helena, Saint Helena, Ascension and Tristan da Cunha; – Turks and Caicos Islands","- Japan; -Samoa; Angola; Bahamas; Bermuda; Bolivia; Cuba; Curacao, Netherlands; Ecuador; Eswatini (Swaziland); Federated States of Micronesia; Fiji; French Polynesia; Fuerteventura, Islas Canarias, Spain; Garden Route National Park, South Africa; Gran Canaria, Islas Canarias, Spain; Hawaii, United States (ver.2.0, 2022); India; Iraq; Israel; Jamaica; Kruger National Park, South Africa; Kwajalein Atoll, Marshall Islands; Libya; Madagascar; Malta; Marshall Islands; Mauritius; Mayotte, France; Namibia; New Caledonia, France; New Zealand; Peru; Portugal; Seychelles; South Africa; Spain; Table Mountain National Park, South Africa; Tankwa-Karoo National Park, South Africa; Tenerife, Islas Canarias, Spain; Turkey; United States (Contiguous) (ver.2.0, 2022); Vanuatu; Wallis and Futuna; – Ascension Island, Saint Helena, Ascension and Tristan da Cunha; – Reunion; – Saint Helena, Saint Helena, Ascension and Tristan da Cunha; – Turks and Caicos Islands",Terrestrial; terrestrial
Cinnamomum verum,cinnamomum verum,AngMaLaLr8933-00; AngMaLaLr8933-01,Lauraceae,NA,YES,YES,15,42,48,"- Cook Islands; -Samoa; American Samoa; Curieuse Special Reserve, Seychelles; East Usambara, Tanzania; Federated States of Micronesia; Fiji; Mare-Aux-Cochons, Seychelles; Mauritius; Mayotte, France; Morne-Seychellois National Park, Seychelles; Ngazidja (Grande Comore), Comoros; Port Launay Wetland, Seychelles; Seychelles; – Reunion","- Cook Islands; - Egypt; - Nicaragua; - Sao Tome and Principe; -Samoa; American Samoa; Bolivia; Brazil; Cambodia; Conception, Seychelles; Curieuse Special Reserve, Seychelles; Democratic Republic of Congo; Dominica; Dominican Republic; East Usambara, Tanzania; Fiji; French Polynesia; Frégate island, Seychelles; Gabon; Ghana; Grenada; Hawaii, United States (ver.2.0, 2022); La Digue island, Seychelles; Madagascar; Mare-Aux-Cochons, Seychelles; Mayotte, France; Morne-Seychellois National Park, Seychelles; Myanmar; Palau; Peru; Port Launay Wetland, Seychelles; Praslin National Park, Seychelles; Seychelles; Silhouette National Park, Seychelles; Tanzania; Timor-Leste; United States (Contiguous) (ver.2.0, 2022); Vallée de Mai Nature Reserve, Seychelles; Venezuela; – Guadeloupe; – Martinique; – Reunion","- Cook Islands; - Egypt; - Nicaragua; - Sao Tome and Principe; -Samoa; American Samoa; Bolivia; Brazil; Cambodia; Comoros; Conception, Seychelles; Curieuse Special Reserve, Seychelles; Democratic Republic of Congo; Dominica; Dominican Republic; East Usambara, Tanzania; Federated States of Micronesia; Fiji; French Polynesia; Frégate island, Seychelles; Gabon; Ghana; Grenada; Hawaii, United States (ver.2.0, 2022); Jamaica; La Digue island, Seychelles; Madagascar; Mare-Aux-Cochons, Seychelles; Mauritius; Mayotte, France; Morne-Seychellois National Park, Seychelles; Myanmar; Ngazidja (Grande Comore), Comoros; Palau; Peru; Port Launay Wetland, Seychelles; Praslin National Park, Seychelles; Seychelles; Silhouette National Park, Seychelles; Tanzania; Timor-Leste; United States (Contiguous) (ver.2.0, 2022); Vallée de Mai Nature Reserve, Seychelles; Venezuela; Vietnam; – Guadeloupe; – Martinique; – Reunion",Terrestrial; terrestrial
Acacia saligna,acacia saligna,AngMaFaFb0454-01,Fabaceae,Australia;South Africa;Spain;United States,YES,YES,14,46,50,"- Egypt; Argentina; Cyprus; Ethiopia; France; Israel; Italy; Jordan; Malta; Namibia; Portugal; South Africa; Sovereign Base Areas of Cyprus, Cyprus; Tunisia","- Croatia; - Egypt; Addo-Elephant National Park, South Africa; Agulhas National Park, South Africa; Angola; Argentina; Augrabies Falls National Park, South Africa; Bontebok National Park, South Africa; Burundi; Chad; Cyprus; Ethiopia; France; Gambia; Garden Route National Park, South Africa; Golden Gate Highlands National Park, South Africa; India; Iran; Iraq; Israel; Italy; Kenya; Malta; Morocco; Mozambique; Namaqua National Park, South Africa; Namibia; Niger; Peru; Portugal; Rapa Nui  (Isla de Pascua, Easter Island); Rapa Nui (Isla de Pascua, Easter Island); Senegal; Somalia; South Africa; Sovereign Base Areas of Cyprus, Cyprus; Spain; Sudan; Syrian Arab Republic; Table Mountain National Park, South Africa; Tankwa-Karoo National Park, South Africa; Tunisia; Turkey; United States (Contiguous) (ver.2.0, 2022); West Coast National Park, South Africa; Zambia","- Croatia; - Egypt; Addo-Elephant National Park, South Africa; Agulhas National Park, South Africa; Angola; Argentina; Augrabies Falls National Park, South Africa; Bontebok National Park, South Africa; Burundi; Chad; Cyprus; Ethiopia; France; Gambia; Garden Route National Park, South Africa; Golden Gate Highlands National Park, South Africa; Greece; India; Iran; Iraq; Israel; Italy; Jordan; Kenya; Malta; Mauritius; Morocco; Mozambique; Namaqua National Park, South Africa; Namibia; Niger; Peru; Portugal; Rapa Nui  (Isla de Pascua, Easter Island); Rapa Nui (Isla de Pascua, Easter Island); Senegal; Somalia; South Africa; Sovereign Base Areas of Cyprus, Cyprus; Spain; Sudan; Syrian Arab Republic; Table Mountain National Park, South Africa; Tankwa-Karoo National Park, South Africa; Tunisia; Turkey; United States (Contiguous) (ver.2.0, 2022); Vietnam; West Coast National Park, South Africa; Zambia",Terrestrial; terrestrial
Populus alba,populus alba,AngMaMaSl38362-00; AngMaMaSl38362-01; AngMaMaSl38362-02; AngMaMaSl38362-03; AngMaMaSl38362-04; AngMaMaSl38362-05; AngMaMaSl38362-06; AngMaMaSl38362-07; AngMaMaSl38362-08; AngMaMaSl38362-01,Salicaceae,NA,YES,YES,14,45,46,"Argentina; Belarus; Fuerteventura, Islas Canarias, Spain; Gran Canaria, Islas Canarias, Spain; Israel; La Gomera, Islas Canarias, Spain; La Palma, Islas Canarias, Spain; Latvia; Lesotho; New Zealand; Russian Federation; South Africa; Tenerife, Islas Canarias, Spain; Uruguay","- Egypt; - Japan; Angola; Argentina; Australia; Belarus; Belgium; Bolivia; Brazil; Canada; Democratic Republic of Congo; Estonia; Fuerteventura, Islas Canarias, Spain; Garden Route National Park, South Africa; Golden Gate Highlands National Park, South Africa; Gran Canaria, Islas Canarias, Spain; Great Britain; India; Ireland; Israel; La Gomera, Islas Canarias, Spain; La Palma, Islas Canarias, Spain; Latvia; Lesotho; Libya; Lithuania; Madeira, Portugal; Mexico; Mountain Zebra National Park, South Africa; Netherlands; New Zealand; Norway; Russian Federation; South Africa; Spain; Sweden; Table Mountain National Park, South Africa; Tankwa-Karoo National Park, South Africa; Tenerife, Islas Canarias, Spain; United States (Contiguous) (ver.2.0, 2022); Uruguay; Wadden Sea; – Falkland Islands (Islas Malvinas); – Saint Helena, Saint Helena, Ascension and Tristan da Cunha; – Tristan da Cunha, Saint Helena, Ascension and Tristan da Cunha","- Egypt; - Japan; Angola; Argentina; Australia; Belarus; Belgium; Bolivia; Brazil; Canada; Democratic Republic of Congo; Estonia; Fuerteventura, Islas Canarias, Spain; Garden Route National Park, South Africa; Golden Gate Highlands National Park, South Africa; Gran Canaria, Islas Canarias, Spain; Great Britain; India; Ireland; Israel; Jordan; La Gomera, Islas Canarias, Spain; La Palma, Islas Canarias, Spain; Latvia; Lesotho; Libya; Lithuania; Madeira, Portugal; Mexico; Mountain Zebra National Park, South Africa; Netherlands; New Zealand; Norway; Russian Federation; South Africa; Spain; Sweden; Table Mountain National Park, South Africa; Tankwa-Karoo National Park, South Africa; Tenerife, Islas Canarias, Spain; United States (Contiguous) (ver.2.0, 2022); Uruguay; Wadden Sea; – Falkland Islands (Islas Malvinas); – Saint Helena, Saint Helena, Ascension and Tristan da Cunha; – Tristan da Cunha, Saint Helena, Ascension and Tristan da Cunha",Freshwater; Terrestrial; terrestrial
Acacia dealbata,acacia dealbata,AngMaFaFb0208-00; AngMaFaFb0208-01; AngMaFaFb0208-02; AngMaFaFb0208-03; AngMaFaFb0208-04,Fabaceae,Australia;New Zealand;South Africa;United Kingdom,YES,YES,14,43,44,Argentina; Chile; France; India; Italy; Lesotho; Madagascar; New Zealand; Portugal; South Africa; Spain; Sri Lanka; Uruguay; – Reunion,"- Croatia; - Japan; Agulhas National Park, South Africa; Albania; Algeria; Argentina; Augrabies Falls National Park, South Africa; Bontebok National Park, South Africa; Burundi; Chile; Costa Rica; El Hierro, Islas Canarias, Spain; Eswatini (Swaziland); France; Garden Route National Park, South Africa; Georgia; Golden Gate Highlands National Park, South Africa; Guatemala; India; Iran; Ireland; Italy; Kruger National Park, South Africa; Lesotho; Madagascar; Madeira, Portugal; Mozambique; New Zealand; Portugal; Rapa Nui  (Isla de Pascua, Easter Island); Rapa Nui (Isla de Pascua, Easter Island); South Africa; Spain; Sri Lanka; Table Mountain National Park, South Africa; Tankwa-Karoo National Park, South Africa; Tenerife, Islas Canarias, Spain; Turkey; United States (Contiguous) (ver.2.0, 2022); Uruguay; Zambia; Zimbabwe; – Reunion","- Croatia; - Japan; Agulhas National Park, South Africa; Albania; Algeria; Argentina; Augrabies Falls National Park, South Africa; Bontebok National Park, South Africa; Burundi; Chile; Costa Rica; El Hierro, Islas Canarias, Spain; Eswatini (Swaziland); France; Garden Route National Park, South Africa; Georgia; Golden Gate Highlands National Park, South Africa; Guatemala; India; Iran; Ireland; Italy; Kruger National Park, South Africa; Lesotho; Madagascar; Madeira, Portugal; Mauritius; Mozambique; New Zealand; Portugal; Rapa Nui  (Isla de Pascua, Easter Island); Rapa Nui (Isla de Pascua, Easter Island); South Africa; Spain; Sri Lanka; Table Mountain National Park, South Africa; Tankwa-Karoo National Park, South Africa; Tenerife, Islas Canarias, Spain; Turkey; United States (Contiguous) (ver.2.0, 2022); Uruguay; Zambia; Zimbabwe; – Reunion",Terrestrial; terrestrial
Melaleuca quinquenervia,melaleuca quinquenervia,AngMaMyMy29692-00; AngMaMyMy29692-01; AngMaMyMy29692-01,Myrtaceae,Australia;Papua New Guinea,YES,YES,14,42,45,"Bahamas; Belize; Bonaire, Bonaire, Sint Eustatius and Saba; Cuba; Curacao, Netherlands; Dominican Republic; Federated States of Micronesia; French Guiana; Guyana; India; Jamaica; Mexico; Palau; Sint Eustatius, Bonaire, Sint Eustatius and Saba","- Egypt; - Nicaragua; Antigua and Barbuda; Bahamas; Barbados; Belize; Benin; Bonaire, Bonaire, Sint Eustatius and Saba; Brazil; Colombia; Costa Rica; Cuba; Curacao, Netherlands; Dominica; Dominican Republic; Fiji; French Guiana; Grenada; Guyana; Haiti; Hawaii, United States (ver.2.0, 2022); India; Madagascar; Malaysia; Mexico; Montserrat; Nigeria; Palau; Panama; Pohnpei, Federated States of Micronesia; Saint Kitts and Nevis; Saint Vincent and the Grenadines; Senegal; Seychelles; Sierra Leone; Sint Eustatius, Bonaire, Sint Eustatius and Saba; South Africa; Suriname; Table Mountain National Park, South Africa; Trinidad and Tobago; United States (Contiguous) (ver.2.0, 2022); – Reunion","- Egypt; - Nicaragua; Antigua and Barbuda; Bahamas; Barbados; Belize; Benin; Bonaire, Bonaire, Sint Eustatius and Saba; Brazil; Colombia; Costa Rica; Cuba; Curacao, Netherlands; Dominica; Dominican Republic; Federated States of Micronesia; Fiji; French Guiana; Grenada; Guyana; Haiti; Hawaii, United States (ver.2.0, 2022); India; Jamaica; Madagascar; Malaysia; Mexico; Montserrat; Nigeria; Palau; Panama; Pohnpei, Federated States of Micronesia; Saint Kitts and Nevis; Saint Vincent and the Grenadines; Senegal; Seychelles; Sierra Leone; Sint Eustatius, Bonaire, Sint Eustatius and Saba; South Africa; Suriname; Table Mountain National Park, South Africa; Trinidad and Tobago; United States (Contiguous) (ver.2.0, 2022); Vietnam; – Reunion",Terrestrial; terrestrial
Tabebuia heterophylla,tabebuia heterophylla,AngMaLaBg46657-00; AngMaLaBg46657-01,Bignoniaceae,NA,YES,YES,14,36,38,"Aruba; Bonaire, Bonaire, Sint Eustatius and Saba; Conception, Seychelles; Curieuse Special Reserve, Seychelles; D'Arros island, Seychelles; Frégate island, Seychelles; Ile-aux-Vaches Nature Reserve, Seychelles; Islets of Farquhar Atoll, Seychelles; Mare-Aux-Cochons, Seychelles; Marshall Islands; Mauritius; Morne-Seychellois National Park, Seychelles; Panama; Silhouette National Park, Seychelles","- Cook Islands; -Samoa; American Samoa; Anguilla; Arno Atoll, Marshall Islands; Aruba; Bahamas; Bonaire, Bonaire, Sint Eustatius and Saba; Cayman Islands; Chuuk, Federated States of Micronesia; Conception, Seychelles; Curacao, Netherlands; Curieuse Special Reserve, Seychelles; D'Arros island, Seychelles; Dominica; Dominican Republic; Fiji; Frégate island, Seychelles; Grenada; Haiti; Hawaii, United States (ver.2.0, 2022); Ile-aux-Vaches Nature Reserve, Seychelles; Islets of Farquhar Atoll, Seychelles; Kwajalein Atoll, Marshall Islands; Majuro Atoll, Marshall Islands; Mare-Aux-Cochons, Seychelles; Marshall Islands; Montserrat; Morne-Seychellois National Park, Seychelles; Palau; Panama; Pohnpei, Federated States of Micronesia; Senegal; Silhouette National Park, Seychelles; Solomon Islands; Yap, Federated States of Micronesia","- Cook Islands; -Samoa; American Samoa; Anguilla; Arno Atoll, Marshall Islands; Aruba; Bahamas; Bonaire, Bonaire, Sint Eustatius and Saba; Cayman Islands; Chuuk, Federated States of Micronesia; Conception, Seychelles; Curacao, Netherlands; Curieuse Special Reserve, Seychelles; D'Arros island, Seychelles; Dominica; Dominican Republic; Federated States of Micronesia; Fiji; Frégate island, Seychelles; Grenada; Haiti; Hawaii, United States (ver.2.0, 2022); Ile-aux-Vaches Nature Reserve, Seychelles; Islets of Farquhar Atoll, Seychelles; Kwajalein Atoll, Marshall Islands; Majuro Atoll, Marshall Islands; Mare-Aux-Cochons, Seychelles; Marshall Islands; Mauritius; Montserrat; Morne-Seychellois National Park, Seychelles; Palau; Panama; Pohnpei, Federated States of Micronesia; Senegal; Silhouette National Park, Seychelles; Solomon Islands; Yap, Federated States of Micronesia",Terrestrial; terrestrial
Prunus serotina,prunus serotina,AngMaRoRs39248-00; AngMaRoRs39248-01; AngMaRoRs39248-02; AngMaRoRs39248-03; AngMaRoRs39248-04; AngMaRoRs39248-05; AngMaRoRs39248-06; AngMaRoRs39248-07; AngMaRoRs39248-08; AngMaRoRs39248-09; AngMaRoRs39248-10; AngMaRoRs39248-11; AngMaRoRs39248-01,Rosaceae,Canada;United States,YES,YES,14,29,30,Belarus; Bulgaria; Czechia; Denmark; Great Britain; Italy; New Zealand; Norway; Romania; Slovakia; South Africa; Sweden; Switzerland; Wadden Sea,"- Croatia; Armenia; Australia; Austria; Belarus; Belgium; Bulgaria; Czechia; Denmark; Estonia; France; Galápagos Islands, Ecuador; Great Britain; Hungary; Ireland; Italy; Luxembourg; Netherlands; New Zealand; Norway; Peru; Poland; Romania; Serbia; South Africa; Sweden; Switzerland; Wadden Sea; Zimbabwe","- Croatia; Armenia; Australia; Austria; Belarus; Belgium; Bulgaria; Czechia; Denmark; Estonia; France; Galápagos Islands, Ecuador; Great Britain; Hungary; Ireland; Italy; Luxembourg; Netherlands; New Zealand; Norway; Peru; Poland; Romania; Serbia; Slovakia; South Africa; Sweden; Switzerland; Wadden Sea; Zimbabwe",Freshwater; Terrestrial; terrestrial
Broussonetia papyrifera,broussonetia papyrifera,AngMaRoMr5733-00; AngMaRoMr5733-01; AngMaRoMr5733-02; AngMaRoMr5733-03; AngMaRoMr5733-01,Moraceae,Australia;China;Japan;Spain;Taiwan,YES,YES,13,35,37,- Croatia; Argentina; Bosnia and Herzegovina; Bulgaria; Gambia; Ghana; Guinea; Guinea-Bissau; India; Italy; Philippines; Uganda; Zambia,"- Croatia; Albania; Argentina; Armenia; Australia; Austria; Belgium; Bosnia and Herzegovina; Bulgaria; Gambia; Ghana; Guinea; Guinea-Bissau; India; Iraq; Italy; Kenya; Malta; Montenegro; North Macedonia; Pakistan; Philippines; Portugal; Romania; Serbia; Solomon Islands; Spain; Tanzania; Timor-Leste; Tonga; Turkey; Uganda; United States (Contiguous) (ver.2.0, 2022); Wallis and Futuna; Zambia","- Croatia; Albania; Argentina; Armenia; Australia; Austria; Belgium; Bosnia and Herzegovina; Bulgaria; Gambia; Ghana; Greece; Guinea; Guinea-Bissau; India; Iraq; Italy; Kenya; Malta; Montenegro; North Macedonia; Pakistan; Philippines; Portugal; Romania; Serbia; Slovakia; Solomon Islands; Spain; Tanzania; Timor-Leste; Tonga; Turkey; Uganda; United States (Contiguous) (ver.2.0, 2022); Wallis and Futuna; Zambia",Terrestrial; terrestrial
Syzygium cumini,syzygium cumini,AngMaMyMy45955-00; AngMaMyMy45955-01,Myrtaceae,Congo - Brazzaville;India;New Caledonia;Philippines;Sri Lanka;United States,YES,YES,12,57,63,"- Cook Islands; - Indonesia; Bahamas; Brazil; Comoros; Fiji; French Polynesia; Montserrat; New Caledonia, France; South Africa; Suriname; – Reunion","- Cook Islands; - Indonesia; - Paraguay; -Samoa; Afghanistan; Algeria; Antigua and Barbuda; Australia; Bahamas; Barbados; Belize; Bolivia; Brazil; Colombia; Cuba; Democratic Republic of Congo; Dominica; Dominican Republic; Eswatini (Swaziland); Fiji; French Guiana; French Polynesia; Ghana; Grenada; Guyana; Haiti; Hawaii, United States (ver.2.0, 2022); Iran; Kenya; Kruger National Park, South Africa; Laos; Madagascar; Malaysia; Maldives; Mara Ecosystem (Kenya, Tanzania); Mayotte, France; Montserrat; New Caledonia, France; Niue; Palau; Panama; Saint Kitts and Nevis; Saint Lucia; Saint Vincent and the Grenadines; Seychelles; South Africa; Suriname; Tanzania; Tonga; Tongatapu Island, Tonga; Trinidad and Tobago; United States (Contiguous) (ver.2.0, 2022); Venezuela; Zimbabwe; – Guadeloupe; – Martinique; – Reunion","- Cook Islands; - Indonesia; - Paraguay; -Samoa; Afghanistan; Algeria; Antigua and Barbuda; Australia; Bahamas; Barbados; Belize; Bolivia; Brazil; Colombia; Comoros; Cuba; Democratic Republic of Congo; Dominica; Dominican Republic; Eswatini (Swaziland); Federated States of Micronesia; Fiji; French Guiana; French Polynesia; Ghana; Grenada; Guyana; Haiti; Hawaii, United States (ver.2.0, 2022); Iran; Jamaica; Kenya; Kruger National Park, South Africa; Laos; Madagascar; Malaysia; Maldives; Mara Ecosystem (Kenya, Tanzania); Mauritius; Mayotte, France; Montserrat; New Caledonia, France; Niue; Palau; Panama; Saint Kitts and Nevis; Saint Lucia; Saint Vincent and the Grenadines; Seychelles; Singapore; South Africa; Suriname; Tanzania; Tonga; Tongatapu Island, Tonga; Trinidad and Tobago; United States (Contiguous) (ver.2.0, 2022); Venezuela; Vietnam; Zimbabwe; – Guadeloupe; – Martinique; – Reunion",Terrestrial; terrestrial
Brugmansia suaveolens,brugmansia suaveolens,AngMaSoSl5793-01,Solanaceae,Indonesia;Taiwan,YES,YES,12,33,34,"- Indonesia; Ethiopia; Fiji; India; Kenya; Malawi; New Caledonia, France; Tanzania; Tonga; Uganda; Vava'u group, Tonga; Zambia","- Cook Islands; - Indonesia; - Japan; - Nicaragua; Antigua and Barbuda; Brazil; Cuba; Dominican Republic; East Usambara, Tanzania; Ethiopia; Fiji; Galápagos Islands, Ecuador; Ghana; India; Kenya; Madagascar; Madeira, Portugal; Malawi; Mara Ecosystem (Kenya, Tanzania); New Caledonia, France; Panama; Rwanda; Saint Vincent and the Grenadines; Spain; Tanzania; Tenerife, Islas Canarias, Spain; Tonga; Uganda; United States (Contiguous) (ver.2.0, 2022); Vava'u group, Tonga; Zambia; – Guadeloupe; – Martinique","- Cook Islands; - Indonesia; - Japan; - Nicaragua; Antigua and Barbuda; Brazil; Cuba; Dominican Republic; East Usambara, Tanzania; Ethiopia; Fiji; Galápagos Islands, Ecuador; Ghana; India; Jamaica; Kenya; Madagascar; Madeira, Portugal; Malawi; Mara Ecosystem (Kenya, Tanzania); New Caledonia, France; Panama; Rwanda; Saint Vincent and the Grenadines; Spain; Tanzania; Tenerife, Islas Canarias, Spain; Tonga; Uganda; United States (Contiguous) (ver.2.0, 2022); Vava'u group, Tonga; Zambia; – Guadeloupe; – Martinique",Terrestrial; terrestrial
Pittosporum undulatum,pittosporum undulatum,AngMaApPt37471-01,Pittosporaceae,Australia;United States,YES,YES,12,28,30,"Azores, Portugal; Brazil; Gran Canaria, Islas Canarias, Spain; India; Jamaica; Lord Howe Island, Australia; Mauritius; New Zealand; Portugal; South Africa; Tenerife, Islas Canarias, Spain; Uruguay","Agulhas National Park, South Africa; Augrabies Falls National Park, South Africa; Azores, Portugal; Bolivia; Brazil; Colombia; Cuba; Ecuador; Garden Route National Park, South Africa; Golden Gate Highlands National Park, South Africa; Gran Canaria, Islas Canarias, Spain; Hawaii, United States (ver.2.0, 2022); India; Italy; Lord Howe Island, Australia; Madeira, Portugal; Mexico; New Zealand; Portugal; South Africa; Spain; Table Mountain National Park, South Africa; Tankwa-Karoo National Park, South Africa; Tenerife, Islas Canarias, Spain; United States (Contiguous) (ver.2.0, 2022); Uruguay; – Ascension Island, Saint Helena, Ascension and Tristan da Cunha; – Saint Helena, Saint Helena, Ascension and Tristan da Cunha","Agulhas National Park, South Africa; Augrabies Falls National Park, South Africa; Azores, Portugal; Bolivia; Brazil; Colombia; Cuba; Ecuador; Garden Route National Park, South Africa; Golden Gate Highlands National Park, South Africa; Gran Canaria, Islas Canarias, Spain; Hawaii, United States (ver.2.0, 2022); India; Italy; Jamaica; Lord Howe Island, Australia; Madeira, Portugal; Mauritius; Mexico; New Zealand; Portugal; South Africa; Spain; Table Mountain National Park, South Africa; Tankwa-Karoo National Park, South Africa; Tenerife, Islas Canarias, Spain; United States (Contiguous) (ver.2.0, 2022); Uruguay; – Ascension Island, Saint Helena, Ascension and Tristan da Cunha; – Saint Helena, Saint Helena, Ascension and Tristan da Cunha",Terrestrial; terrestrial
Senna siamea,senna siamea,AngMaFaFb43455-00; AngMaFaFb43455-01,Fabaceae,Australia,YES,YES,11,70,75,Angola; Dominican Republic; Eswatini (Swaziland); Federated States of Micronesia; Fiji; Kenya; Mexico; Rwanda; Tanzania; Uganda; Zambia,"- Cook Islands; - Nicaragua; Amani Forest Nature Reserve, Tanzania; Angola; Antigua and Barbuda; Australia; Bahamas; Bangladesh; Barbados; Belize; Benin; Brazil; Brunei Darussalam; Cambodia; Cameroon; Chad; Colombia; Côte d'Ivoire; Democratic Republic of Congo; Djibouti; Dominica; Dominican Republic; Ecuador; El Salvador; Eswatini (Swaziland); Ethiopia; Fiji; Galápagos Islands, Ecuador; Ghana; Haiti; Hawaii, United States (ver.2.0, 2022); India; Kenya; Kruger National Park, South Africa; Laos; Liberia; Malawi; Malaysia; Mali; Mara Ecosystem (Kenya, Tanzania); Mexico; Montserrat; Mozambique; Murchison Falls National Park, Uganda; Murchison Falls-Albert Delta Wetland System, Uganda; Niger; Nigeria; Niue; Palau; Panama; Pohnpei, Federated States of Micronesia; Queen Elizabeth National Park, Uganda; Rwanda; Saint Vincent and the Grenadines; Senegal; Sierra Leone; Solomon Islands; South Africa; Sudan; Tanganyika, Zambia; Tanzania; Timor-Leste; Togo; Tonga; Tongatapu Island, Tonga; Uganda; United States (Contiguous) (ver.2.0, 2022); Venezuela; Zambia; Zimbabwe","- Cook Islands; - Nicaragua; Amani Forest Nature Reserve, Tanzania; Angola; Antigua and Barbuda; Australia; Bahamas; Bangladesh; Barbados; Belize; Benin; Brazil; Brunei Darussalam; Cambodia; Cameroon; Chad; Colombia; Comoros; Côte d'Ivoire; Democratic Republic of Congo; Djibouti; Dominica; Dominican Republic; Ecuador; El Salvador; Eswatini (Swaziland); Ethiopia; Federated States of Micronesia; Fiji; Galápagos Islands, Ecuador; Ghana; Haiti; Hawaii, United States (ver.2.0, 2022); India; Jamaica; Kenya; Kruger National Park, South Africa; Laos; Liberia; Malawi; Malaysia; Mali; Mara Ecosystem (Kenya, Tanzania); Mauritius; Mexico; Montserrat; Mozambique; Murchison Falls National Park, Uganda; Murchison Falls-Albert Delta Wetland System, Uganda; Niger; Nigeria; Niue; Palau; Panama; Pohnpei, Federated States of Micronesia; Queen Elizabeth National Park, Uganda; Rwanda; Saint Vincent and the Grenadines; Senegal; Sierra Leone; Solomon Islands; South Africa; Sudan; Tanganyika, Zambia; Tanzania; Timor-Leste; Togo; Tonga; Tongatapu Island, Tonga; Uganda; United States (Contiguous) (ver.2.0, 2022); Venezuela; Vietnam; Zambia; Zimbabwe",Terrestrial; terrestrial
Aleurites moluccanus,aleurites moluccanus,AngMaMaph1783-00; AngMaMaph1783-01; AngMaMaph1783-02; AngMaMaph1783-03; AngMaMaph1783-01,Euphorbiaceae,Australia;Fiji;Madagascar;Papua New Guinea;Timor-Leste,YES,YES,11,48,52,"- Cook Islands; - Paraguay; -Samoa; Brazil; Federated States of Micronesia; Fiji; Niue; Pitcairn Islands- Great Britain; Pohnpei, Federated States of Micronesia; Tonga; Tongatapu Island, Tonga","- Cook Islands; - Paraguay; -Samoa; American Samoa; Antigua and Barbuda; Bahamas; Bangladesh; Barbados; Brazil; Cuba; Democratic Republic of Congo; Dominica; Dominican Republic; Ecuador; Fiji; Gabon; Galápagos Islands, Ecuador; Grenada; Ha'apai group, Tonga; Haiti; Hawaii, United States (ver.2.0, 2022); Huvalu Conservation Area, Niue; India; Kwajalein Atoll, Marshall Islands; Madagascar; Maldives; Marshall Islands; Mayotte, France; Montserrat; Niue; Palau; Papua New Guinea; Philippines; Pitcairn Islands- Great Britain; Pohnpei, Federated States of Micronesia; Rwanda; Saint Kitts and Nevis; Saint Vincent and the Grenadines; Seychelles; South Africa; Tonga; Tongatapu Island, Tonga; Trinidad and Tobago; United States (Contiguous) (ver.2.0, 2022); Vava'u group, Tonga; – Guadeloupe; – Martinique; – Saint Helena, Saint Helena, Ascension and Tristan da Cunha","- Cook Islands; - Paraguay; -Samoa; American Samoa; Antigua and Barbuda; Bahamas; Bangladesh; Barbados; Brazil; Comoros; Cuba; Democratic Republic of Congo; Dominica; Dominican Republic; Ecuador; Federated States of Micronesia; Fiji; Gabon; Galápagos Islands, Ecuador; Grenada; Ha'apai group, Tonga; Haiti; Hawaii, United States (ver.2.0, 2022); Huvalu Conservation Area, Niue; India; Jamaica; Kwajalein Atoll, Marshall Islands; Madagascar; Maldives; Marshall Islands; Mayotte, France; Montserrat; Niue; Palau; Papua New Guinea; Philippines; Pitcairn Islands- Great Britain; Pohnpei, Federated States of Micronesia; Rwanda; Saint Kitts and Nevis; Saint Vincent and the Grenadines; Seychelles; Singapore; South Africa; Tonga; Tongatapu Island, Tonga; Trinidad and Tobago; United States (Contiguous) (ver.2.0, 2022); Vava'u group, Tonga; – Guadeloupe; – Martinique; – Saint Helena, Saint Helena, Ascension and Tristan da Cunha",Terrestrial; terrestrial
Pinus patula,pinus patula,AngPiPiPn37074-00; AngPiPiPn37074-01; AngPiPiPn37074-01,Pinaceae,NA,YES,YES,11,31,32,Colombia; Ecuador; Kenya; Malawi; Mozambique; New Zealand; Rwanda; South Africa; Tanzania; Zambia; Zimbabwe,"Argentina; Australia; Brazil; Cameroon; Colombia; Ecuador; Eswatini (Swaziland); Ethiopia; Fiji; Garden Route National Park, South Africa; Golden Gate Highlands National Park, South Africa; Hawaii, United States (ver.2.0, 2022); India; Kenya; Lesotho; Madagascar; Malawi; Mozambique; Nepal; New Zealand; Papua New Guinea; Peru; Rwanda; South Africa; Tanzania; Uganda; Uruguay; Venezuela; Zambia; Zimbabwe; – Saint Helena, Saint Helena, Ascension and Tristan da Cunha","Argentina; Australia; Brazil; Cameroon; Colombia; Ecuador; Eswatini (Swaziland); Ethiopia; Federated States of Micronesia; Fiji; Garden Route National Park, South Africa; Golden Gate Highlands National Park, South Africa; Hawaii, United States (ver.2.0, 2022); India; Kenya; Lesotho; Madagascar; Malawi; Mozambique; Nepal; New Zealand; Papua New Guinea; Peru; Rwanda; South Africa; Tanzania; Uganda; Uruguay; Venezuela; Zambia; Zimbabwe; – Saint Helena, Saint Helena, Ascension and Tristan da Cunha",Terrestrial; terrestrial
Mangifera indica,mangifera indica,AngMaSanc29186-00; AngMaSanc29186-01; AngMaSanc29186-02; AngMaSanc29186-03; AngMaSanc29186-01,Anacardiaceae,Australia,YES,YES,10,85,90,"- Nauru; Antigua and Barbuda; Federated States of Micronesia; Fiji; Pitcairn Islands- Great Britain; Saba, Bonaire, Sint Eustatius and Saba; Sint Eustatius, Bonaire, Sint Eustatius and Saba; South Africa; Tonga; Tongatapu Island, Tonga","- Cook Islands; - Nauru; - Nicaragua; - Sao Tome and Principe; Afghanistan; Amani Forest Nature Reserve, Tanzania; American Samoa; Angola; Anguilla; Antigua and Barbuda; Arno Atoll, Marshall Islands; Aruba; Australia; Barbados; Belize; Bonaire, Bonaire, Sint Eustatius and Saba; Brazil; Burkina Faso; Burundi; Chad; Chuuk, Federated States of Micronesia; Colombia; Costa Rica; Cuba; Curacao, Netherlands; Curieuse Special Reserve, Seychelles; Democratic Republic of Congo; Ecuador; Equatorial Guinea; Eswatini (Swaziland); Fiji; Galápagos Islands, Ecuador; Ghana; Hawaii, United States (ver.2.0, 2022); Iraq; Jaluit Atoll, Marshall Islands; Kili Atoll, Marshall Islands; Kiribati; Kosrae, Federated States of Micronesia; Kruger National Park, South Africa; Kwajalein Atoll, Marshall Islands; Libya; Majuro Atoll, Marshall Islands; Maldives; Mara Ecosystem (Kenya, Tanzania); Marshall Islands; Mayotte, France; Montserrat; Nigeria; Niue; Palau; Panama; Peru; Philippines; Pitcairn Islands- Great Britain; Pohnpei, Federated States of Micronesia; Praslin National Park, Seychelles; Rapa Nui  (Isla de Pascua, Easter Island); Rapa Nui (Isla de Pascua, Easter Island); Rwanda; Saba, Bonaire, Sint Eustatius and Saba; Saint Barthelemy; Saint Martin (French part); Saint Vincent and the Grenadines; Seychelles; Sint Eustatius, Bonaire, Sint Eustatius and Saba; Sint Maarten, Netherlands; Socotra Archipelago, Yemen; Solomon Islands; Somalia; Soqotra, Yemen; South Africa; Sudan; Suriname; Timor-Leste; Tonga; Tongatapu Island, Tonga; Trinidad and Tobago; United States (Contiguous) (ver.2.0, 2022); Vallée de Mai Nature Reserve, Seychelles; Yap, Federated States of Micronesia; Yemen; Zimbabwe; – British Indian Ocean Territory; – Central African Republic","- Cook Islands; - Nauru; - Nicaragua; - Sao Tome and Principe; Afghanistan; Amani Forest Nature Reserve, Tanzania; American Samoa; Angola; Anguilla; Antigua and Barbuda; Arno Atoll, Marshall Islands; Aruba; Australia; Barbados; Belize; Bonaire, Bonaire, Sint Eustatius and Saba; Brazil; Burkina Faso; Burundi; Chad; Chuuk, Federated States of Micronesia; Colombia; Comoros; Costa Rica; Cuba; Curacao, Netherlands; Curieuse Special Reserve, Seychelles; Democratic Republic of Congo; Ecuador; Equatorial Guinea; Eswatini (Swaziland); Federated States of Micronesia; Fiji; Galápagos Islands, Ecuador; Ghana; Hawaii, United States (ver.2.0, 2022); Iraq; Jaluit Atoll, Marshall Islands; Jamaica; Kili Atoll, Marshall Islands; Kiribati; Kosrae, Federated States of Micronesia; Kruger National Park, South Africa; Kwajalein Atoll, Marshall Islands; Libya; Majuro Atoll, Marshall Islands; Maldives; Mara Ecosystem (Kenya, Tanzania); Marshall Islands; Mayotte, France; Montserrat; Ngazidja (Grande Comore), Comoros; Nigeria; Niue; Palau; Panama; Peru; Philippines; Pitcairn Islands- Great Britain; Pohnpei, Federated States of Micronesia; Praslin National Park, Seychelles; Rapa Nui  (Isla de Pascua, Easter Island); Rapa Nui (Isla de Pascua, Easter Island); Rwanda; Saba, Bonaire, Sint Eustatius and Saba; Saint Barthelemy; Saint Martin (French part); Saint Vincent and the Grenadines; Seychelles; Singapore; Sint Eustatius, Bonaire, Sint Eustatius and Saba; Sint Maarten, Netherlands; Socotra Archipelago, Yemen; Solomon Islands; Somalia; Soqotra, Yemen; South Africa; Sudan; Suriname; Timor-Leste; Tonga; Tongatapu Island, Tonga; Trinidad and Tobago; United States (Contiguous) (ver.2.0, 2022); Vallée de Mai Nature Reserve, Seychelles; Yap, Federated States of Micronesia; Yemen; Zimbabwe; – British Indian Ocean Territory; – Central African Republic",Terrestrial; terrestrial
Ziziphus mauritiana,ziziphus mauritiana,AngMaRoRh50818-00; AngMaRoRh50818-01,Rhamnaceae,Australia,YES,YES,10,63,71,"Aruba; Barbados; Curacao, Netherlands; Federated States of Micronesia; Fiji; Sint Eustatius, Bonaire, Sint Eustatius and Saba; Sint Maarten, Netherlands; Timor-Leste; Tunisia; Zimbabwe","- Cook Islands; - Egypt; - Sao Tome and Principe; Afghanistan; Algeria; Aruba; Australia; Bahamas; Bangladesh; Barbados; Belize; Brazil; Cabo Verde; Cambodia; Colombia; Congo; Curacao, Netherlands; Côte d'Ivoire; Djibouti; Dominican Republic; Eritrea; Fiji; French Guiana; Ghana; Grenada; Guinea; Guyana; Hawaii, United States (ver.2.0, 2022); India; Iraq; Kiribati; Kuwait; Madagascar; Majuro Atoll, Marshall Islands; Malawi; Malaysia; Maldives; Mali; Marshall Islands; Mauritania; Montserrat; Mozambique; Niger; Papua New Guinea; Qatar; Saint Barthelemy; Saint Kitts and Nevis; Saint Martin (French part); Seychelles; Sierra Leone; Sint Eustatius, Bonaire, Sint Eustatius and Saba; Sint Maarten, Netherlands; Somalia; Sri Lanka; Sudan; Suriname; Syrian Arab Republic; Timor-Leste; Tunisia; United States (Contiguous) (ver.2.0, 2022); Venezuela; Zimbabwe; – British Indian Ocean Territory","- Cook Islands; - Egypt; - Sao Tome and Principe; Afghanistan; Algeria; Aruba; Australia; Bahamas; Bangladesh; Barbados; Belize; Brazil; Cabo Verde; Cambodia; Colombia; Comoros; Congo; Curacao, Netherlands; Côte d'Ivoire; Djibouti; Dominican Republic; Eritrea; Federated States of Micronesia; Fiji; French Guiana; Ghana; Grenada; Guinea; Guyana; Hawaii, United States (ver.2.0, 2022); India; Iraq; Jamaica; Kiribati; Kuwait; Madagascar; Majuro Atoll, Marshall Islands; Malawi; Malaysia; Maldives; Mali; Marshall Islands; Mauritania; Mauritius; Montserrat; Mozambique; Niger; Nigeria; Papua New Guinea; Qatar; Saint Barthelemy; Saint Kitts and Nevis; Saint Martin (French part); Senegal; Seychelles; Sierra Leone; Sint Eustatius, Bonaire, Sint Eustatius and Saba; Sint Maarten, Netherlands; Somalia; Sri Lanka; Sudan; Suriname; Syrian Arab Republic; Timor-Leste; Tonga; Tunisia; United States (Contiguous) (ver.2.0, 2022); Venezuela; Vietnam; Zimbabwe; – British Indian Ocean Territory",Terrestrial; terrestrial
Senna septemtrionalis,senna septemtrionalis,AngMaFaFb43454-01,Fabaceae,NA,YES,YES,10,42,43,"Ethiopia; Fiji; Kenya; Lord Howe Island, Australia; New Zealand; Pitcairn Islands- Great Britain; Rwanda; South Africa; Tanzania; Uganda","- Japan; Angola; Australia; Barbados; Brazil; Burundi; Cameroon; Chile; Democratic Republic of Congo; El Salvador; Equatorial Guinea; Eswatini (Swaziland); Ethiopia; Fiji; Galápagos Islands, Ecuador; Garden Route National Park, South Africa; Ghana; Golden Gate Highlands National Park, South Africa; Guatemala; Hawaii, United States (ver.2.0, 2022); Honduras; India; Kenya; Kruger National Park, South Africa; Lord Howe Island, Australia; Madagascar; Madeira, Portugal; Malawi; Mara Ecosystem (Kenya, Tanzania); New Zealand; Nigeria; Panama; Pitcairn Islands- Great Britain; Queen Elizabeth National Park, Uganda; Rwanda; Sierra Leone; South Africa; Tanzania; Timor-Leste; Uganda; Zambia; Zimbabwe","- Japan; Angola; Australia; Barbados; Brazil; Burundi; Cameroon; Chile; Democratic Republic of Congo; El Salvador; Equatorial Guinea; Eswatini (Swaziland); Ethiopia; Fiji; Galápagos Islands, Ecuador; Garden Route National Park, South Africa; Ghana; Golden Gate Highlands National Park, South Africa; Guatemala; Hawaii, United States (ver.2.0, 2022); Honduras; India; Jamaica; Kenya; Kruger National Park, South Africa; Lord Howe Island, Australia; Madagascar; Madeira, Portugal; Malawi; Mara Ecosystem (Kenya, Tanzania); New Zealand; Nigeria; Panama; Pitcairn Islands- Great Britain; Queen Elizabeth National Park, Uganda; Rwanda; Sierra Leone; South Africa; Tanzania; Timor-Leste; Uganda; Zambia; Zimbabwe",Terrestrial; terrestrial
Acacia cyclops,acacia cyclops,AngMaFaFb0203-01,Fabaceae,Australia;South Africa,YES,YES,10,37,37,"Fuerteventura, Islas Canarias, Spain; Gran Canaria, Islas Canarias, Spain; Israel; La Palma, Islas Canarias, Spain; Lanzarote, Islas Canarias, Spain; Portugal; South Africa; Tenerife, Islas Canarias, Spain; Tunisia; Wilderness Lakes, South Africa","- Egypt; Addo-Elephant National Park, South Africa; Agulhas National Park, South Africa; Algeria; Augrabies Falls National Park, South Africa; Bontebok National Park, South Africa; Cabo Verde; Cameroon; Fuerteventura, Islas Canarias, Spain; Garden Route National Park, South Africa; Golden Gate Highlands National Park, South Africa; Gran Canaria, Islas Canarias, Spain; Israel; Italy; Karoo National Park, South Africa; La Palma, Islas Canarias, Spain; Lanzarote, Islas Canarias, Spain; Libya; Mali; Malta; Mauritania; Morocco; Namaqua National Park, South Africa; Namibia; Niger; Portugal; Senegal; South Africa; Spain; Table Mountain National Park, South Africa; Tankwa-Karoo National Park, South Africa; Tenerife, Islas Canarias, Spain; Tunisia; United States (Contiguous) (ver.2.0, 2022); West Coast National Park, South Africa; Wilderness Lakes, South Africa; – Saint Helena, Saint Helena, Ascension and Tristan da Cunha","- Egypt; Addo-Elephant National Park, South Africa; Agulhas National Park, South Africa; Algeria; Augrabies Falls National Park, South Africa; Bontebok National Park, South Africa; Cabo Verde; Cameroon; Fuerteventura, Islas Canarias, Spain; Garden Route National Park, South Africa; Golden Gate Highlands National Park, South Africa; Gran Canaria, Islas Canarias, Spain; Israel; Italy; Karoo National Park, South Africa; La Palma, Islas Canarias, Spain; Lanzarote, Islas Canarias, Spain; Libya; Mali; Malta; Mauritania; Morocco; Namaqua National Park, South Africa; Namibia; Niger; Portugal; Senegal; South Africa; Spain; Table Mountain National Park, South Africa; Tankwa-Karoo National Park, South Africa; Tenerife, Islas Canarias, Spain; Tunisia; United States (Contiguous) (ver.2.0, 2022); West Coast National Park, South Africa; Wilderness Lakes, South Africa; – Saint Helena, Saint Helena, Ascension and Tristan da Cunha",Terrestrial; terrestrial
Ficus microcarpa,ficus microcarpa,AngMaRoMr19823-00; AngMaRoMr19823-01; AngMaRoMr19823-02; AngMaRoMr19823-03; AngMaRoMr19823-04; AngMaRoMr19823-01,Moraceae,Australia;Christmas Island;India;Papua New Guinea;Philippines;Singapore;Timor-Leste,YES,YES,10,33,34,"- Japan; Anguilla; Aruba; Bermuda; Bonaire, Bonaire, Sint Eustatius and Saba; Curacao, Netherlands; Israel; Tonga; Tongatapu Island, Tonga; Turkey","- Japan; - Nicaragua; Anguilla; Aruba; Bermuda; Bonaire, Bonaire, Sint Eustatius and Saba; Brazil; Chuuk, Federated States of Micronesia; Curacao, Netherlands; French Polynesia; Hawaii, United States (ver.2.0, 2022); Iraq; Israel; Italy; Kili Atoll, Marshall Islands; Kosrae, Federated States of Micronesia; Kwajalein Atoll, Marshall Islands; La Gomera, Islas Canarias, Spain; La Palma, Islas Canarias, Spain; Majuro Atoll, Marshall Islands; Marshall Islands; Montserrat; Palau; Panama; Seychelles; Tenerife, Islas Canarias, Spain; Tonga; Tongatapu Island, Tonga; Turkey; United States (Contiguous) (ver.2.0, 2022); Wotje Atoll, Marshall Islands; Yap, Federated States of Micronesia; – Ascension Island, Saint Helena, Ascension and Tristan da Cunha","- Japan; - Nicaragua; Anguilla; Aruba; Bermuda; Bonaire, Bonaire, Sint Eustatius and Saba; Brazil; Chuuk, Federated States of Micronesia; Curacao, Netherlands; Federated States of Micronesia; French Polynesia; Hawaii, United States (ver.2.0, 2022); Iraq; Israel; Italy; Kili Atoll, Marshall Islands; Kosrae, Federated States of Micronesia; Kwajalein Atoll, Marshall Islands; La Gomera, Islas Canarias, Spain; La Palma, Islas Canarias, Spain; Majuro Atoll, Marshall Islands; Marshall Islands; Montserrat; Palau; Panama; Seychelles; Tenerife, Islas Canarias, Spain; Tonga; Tongatapu Island, Tonga; Turkey; United States (Contiguous) (ver.2.0, 2022); Wotje Atoll, Marshall Islands; Yap, Federated States of Micronesia; – Ascension Island, Saint Helena, Ascension and Tristan da Cunha",Terrestrial; terrestrial
Ligustrum sinense,ligustrum sinense,AngMaLalc26832-00; AngMaLalc26832-01; AngMaLalc26832-02; AngMaLalc26832-03; AngMaLalc26832-04; AngMaLalc26832-05; AngMaLalc26832-06; AngMaLalc26832-07; AngMaLalc26832-08; AngMaLalc26832-09; AngMaLalc26832-01,Oleaceae,Australia,YES,YES,10,24,26,"-Samoa; Argentina; Brazil; Federated States of Micronesia; Fiji; Lord Howe Island, Australia; New Zealand; Panama; South Africa; Uruguay","-Samoa; American Samoa; Argentina; Australia; Belgium; Brazil; Fiji; Garden Route National Park, South Africa; Georgia; Hawaii, United States (ver.2.0, 2022); Italy; Lord Howe Island, Australia; Mexico; New Zealand; Panama; Portugal; South Africa; Table Mountain National Park, South Africa; Tankwa-Karoo National Park, South Africa; Thailand; Tonga; Tongatapu Island, Tonga; United States (Contiguous) (ver.2.0, 2022); Uruguay","-Samoa; American Samoa; Argentina; Australia; Belgium; Brazil; Federated States of Micronesia; Fiji; Garden Route National Park, South Africa; Georgia; Hawaii, United States (ver.2.0, 2022); Italy; Lord Howe Island, Australia; Mauritius; Mexico; New Zealand; Panama; Portugal; South Africa; Table Mountain National Park, South Africa; Tankwa-Karoo National Park, South Africa; Thailand; Tonga; Tongatapu Island, Tonga; United States (Contiguous) (ver.2.0, 2022); Uruguay",Terrestrial; terrestrial
Austrocylindropuntia subulata,austrocylindropuntia subulata,AngMaCaCc4086-00; AngMaCaCc4086-01; AngMaCaCc4086-01,Cactaceae,Australia;Spain,YES,YES,10,18,18,"Australia; Fuerteventura, Islas Canarias, Spain; Gran Canaria, Islas Canarias, Spain; Kenya; La Gomera, Islas Canarias, Spain; La Palma, Islas Canarias, Spain; Lanzarote, Islas Canarias, Spain; Tanzania; Tenerife, Islas Canarias, Spain; Uganda","Australia; Fuerteventura, Islas Canarias, Spain; Gran Canaria, Islas Canarias, Spain; Italy; Kenya; La Gomera, Islas Canarias, Spain; La Palma, Islas Canarias, Spain; Lanzarote, Islas Canarias, Spain; Ngorongoro Biosphere Reserve, Tanzania; Ngorongoro Conservation Area, Tanzania; Portugal; South Africa; Spain; Tanzania; Tenerife, Islas Canarias, Spain; Uganda; United States (Contiguous) (ver.2.0, 2022); Zambia","Australia; Fuerteventura, Islas Canarias, Spain; Gran Canaria, Islas Canarias, Spain; Italy; Kenya; La Gomera, Islas Canarias, Spain; La Palma, Islas Canarias, Spain; Lanzarote, Islas Canarias, Spain; Ngorongoro Biosphere Reserve, Tanzania; Ngorongoro Conservation Area, Tanzania; Portugal; South Africa; Spain; Tanzania; Tenerife, Islas Canarias, Spain; Uganda; United States (Contiguous) (ver.2.0, 2022); Zambia",Artificial - Terrestrial; Desert; Shrubland; Savannah; Terrestrial; terrestrial
Gliricidia sepium,gliricidia sepium,AngMaFaFb21192-01,Fabaceae,NA,YES,YES,9,94,102,"- Cook Islands; Guyana; Ndzuwani (Anjouan), Comoros; Ngazidja (Grande Comore), Comoros; Papua New Guinea; Sierra Leone; Timor-Leste; Tonga; Vava'u group, Tonga","- Cook Islands; - Paraguay; -Samoa; American Samoa; Anguilla; Antigua and Barbuda; Australia; Bahamas; Barbados; Belize; Benin; Bhutan; Bolivia; Brazil; Brunei Darussalam; Burkina Faso; Burundi; Cambodia; Cameroon; Cayman Islands; Chad; China; Colombia; Congo; Cuba; Curieuse Special Reserve, Seychelles; Côte d'Ivoire; Democratic Republic of Congo; Dominica; Dominican Republic; Ecuador; El Salvador; Ethiopia; Fiji; French Guiana; Gabon; Galápagos Islands, Ecuador; Gambia; Ghana; Grenada; Guatemala; Guinea; Guinea-Bissau; Guyana; Haiti; Hawaii, United States (ver.2.0, 2022); Honduras; India; Kenya; Kiribati; Kosrae, Federated States of Micronesia; Kruger National Park, South Africa; Kwajalein Atoll, Marshall Islands; Laos; Liberia; Malawi; Malaysia; Maldives; Mali; Marshall Islands; Mauritania; Mayotte, France; Montserrat; Mozambique; Myanmar; Niger; Nigeria; Niue; Palau; Papua New Guinea; Peru; Philippines; Pohnpei, Federated States of Micronesia; Saint Kitts and Nevis; Saint Lucia; Saint Vincent and the Grenadines; Senegal; Seychelles; Sierra Leone; Solomon Islands; South Africa; Suriname; Thailand; Timor-Leste; Togo; Tonga; Tongatapu Island, Tonga; Trinidad and Tobago; United States (Contiguous) (ver.2.0, 2022); Vanuatu; Vava'u group, Tonga; Venezuela; Zambia; – Central African Republic","- Cook Islands; - Paraguay; -Samoa; American Samoa; Anguilla; Antigua and Barbuda; Australia; Bahamas; Barbados; Belize; Benin; Bhutan; Bolivia; Brazil; Brunei Darussalam; Burkina Faso; Burundi; Cambodia; Cameroon; Cayman Islands; Chad; China; Colombia; Comoros; Congo; Cuba; Curieuse Special Reserve, Seychelles; Côte d'Ivoire; Democratic Republic of Congo; Dominica; Dominican Republic; Ecuador; El Salvador; Ethiopia; Federated States of Micronesia; Fiji; French Guiana; Gabon; Galápagos Islands, Ecuador; Gambia; Ghana; Grenada; Guatemala; Guinea; Guinea-Bissau; Guyana; Haiti; Hawaii, United States (ver.2.0, 2022); Honduras; India; Jamaica; Kenya; Kiribati; Kosrae, Federated States of Micronesia; Kruger National Park, South Africa; Kwajalein Atoll, Marshall Islands; Laos; Liberia; Malawi; Malaysia; Maldives; Mali; Marshall Islands; Mauritania; Mauritius; Mayotte, France; Montserrat; Mozambique; Myanmar; Ndzuwani (Anjouan), Comoros; Ngazidja (Grande Comore), Comoros; Niger; Nigeria; Niue; Palau; Papua New Guinea; Peru; Philippines; Pohnpei, Federated States of Micronesia; Saint Kitts and Nevis; Saint Lucia; Saint Vincent and the Grenadines; Senegal; Seychelles; Sierra Leone; Singapore; Solomon Islands; South Africa; Suriname; Thailand; Timor-Leste; Togo; Tonga; Tongatapu Island, Tonga; Trinidad and Tobago; United States (Contiguous) (ver.2.0, 2022); Vanuatu; Vava'u group, Tonga; Venezuela; Vietnam; Zambia; – Central African Republic",Terrestrial; terrestrial
Moringa oleifera,moringa oleifera,AngMaBrMr31857-01,Moringaceae,Australia,YES,YES,9,69,73,"Aruba; Bonaire, Bonaire, Sint Eustatius and Saba; Cuba; Curacao, Netherlands; Saba, Bonaire, Sint Eustatius and Saba; Sint Eustatius, Bonaire, Sint Eustatius and Saba; Sint Maarten, Netherlands; Solomon Islands; Tonga","- Cook Islands; -Samoa; Angola; Anguilla; Aruba; Australia; Bahamas; Benin; Bonaire, Bonaire, Sint Eustatius and Saba; Burkina Faso; Burundi; Cameroon; Chad; Chuuk, Federated States of Micronesia; Costa Rica; Cuba; Curacao, Netherlands; Curieuse Special Reserve, Seychelles; Democratic Republic of Congo; Dominica; Gabon; Gambia; Guinea; Haiti; Kili Atoll, Marshall Islands; Kosrae, Federated States of Micronesia; Kruger National Park, South Africa; Kwajalein Atoll, Marshall Islands; Laos; Liberia; Libya; Madagascar; Majuro Atoll, Marshall Islands; Mali; Maloelap Atoll, Marshall Islands; Marshall Islands; Mauritania; Montserrat; Namibia; Niger; Niue; Palau; Panama; Philippines; Pohnpei, Federated States of Micronesia; Saba, Bonaire, Sint Eustatius and Saba; Saint Barthelemy; Saint Martin (French part); Senegal; Seychelles; Sierra Leone; Sint Eustatius, Bonaire, Sint Eustatius and Saba; Sint Maarten, Netherlands; Socotra Archipelago, Yemen; Solomon Islands; Somalia; Soqotra, Yemen; South Africa; Sudan; Timor-Leste; Togo; Tonga; Tongatapu Island, Tonga; United States (Contiguous) (ver.2.0, 2022); Yap, Federated States of Micronesia; Yemen; Zambia; Zimbabwe; – British Indian Ocean Territory","- Cook Islands; -Samoa; Angola; Anguilla; Aruba; Australia; Bahamas; Benin; Bonaire, Bonaire, Sint Eustatius and Saba; Burkina Faso; Burundi; Cameroon; Chad; Chuuk, Federated States of Micronesia; Comoros; Costa Rica; Cuba; Curacao, Netherlands; Curieuse Special Reserve, Seychelles; Democratic Republic of Congo; Dominica; Federated States of Micronesia; Gabon; Gambia; Guinea; Haiti; Kili Atoll, Marshall Islands; Kosrae, Federated States of Micronesia; Kruger National Park, South Africa; Kwajalein Atoll, Marshall Islands; Laos; Liberia; Libya; Madagascar; Majuro Atoll, Marshall Islands; Mali; Maloelap Atoll, Marshall Islands; Marshall Islands; Mauritania; Montserrat; Namibia; Niger; Niue; Palau; Panama; Philippines; Pohnpei, Federated States of Micronesia; Saba, Bonaire, Sint Eustatius and Saba; Saint Barthelemy; Saint Martin (French part); Senegal; Seychelles; Sierra Leone; Sint Eustatius, Bonaire, Sint Eustatius and Saba; Sint Maarten, Netherlands; Socotra Archipelago, Yemen; Solomon Islands; Somalia; Soqotra, Yemen; South Africa; Sudan; Timor-Leste; Togo; Tonga; Tongatapu Island, Tonga; United States (Contiguous) (ver.2.0, 2022); Vietnam; Yap, Federated States of Micronesia; Yemen; Zambia; Zimbabwe; Îles Éparses, France; – British Indian Ocean Territory",Terrestrial; Terrestrial/Freshwater; terrestrial
Grevillea robusta,grevillea robusta,AngMaPrPr21800-01,Proteaceae,Australia,YES,YES,9,67,73,"Argentina; Jamaica; Lord Howe Island, Australia; New Caledonia, France; Ngazidja (Grande Comore), Comoros; South Africa; Turkey; Zimbabwe; – Reunion","- Cook Islands; - Paraguay; - Sao Tome and Principe; -Samoa; Addo-Elephant National Park, South Africa; Afghanistan; Algeria; Argentina; Bolivia; Brazil; Burundi; Colombia; Costa Rica; Cuba; Democratic Republic of Congo; Dominican Republic; Ecuador; Eritrea; Eswatini (Swaziland); Ethiopia; Fiji; French Polynesia; Galápagos Islands, Ecuador; Garden Route National Park, South Africa; Hawaii, United States (ver.2.0, 2022); India; Kenya; Kruger National Park, South Africa; Laos; Libya; Lord Howe Island, Australia; Malawi; Malaysia; Mara Ecosystem (Kenya, Tanzania); Marshall Islands; Montserrat; Mountain Zebra National Park, South Africa; Mozambique; Myanmar; Nepal; New Caledonia, France; Niue; Papua New Guinea; Peru; Portugal; Rapa Nui  (Isla de Pascua, Easter Island); Rapa Nui (Isla de Pascua, Easter Island); Rwanda; Senegal; Seychelles; South Africa; Table Mountain National Park, South Africa; Tankwa-Karoo National Park, South Africa; Tanzania; Thailand; Tonga; Tongatapu Island, Tonga; Turkey; Uganda; United States (Contiguous) (ver.2.0, 2022); Vava'u group, Tonga; Venezuela; Zambia; Zimbabwe; – Ascension Island, Saint Helena, Ascension and Tristan da Cunha; – Reunion; – Saint Helena, Saint Helena, Ascension and Tristan da Cunha","- Cook Islands; - Paraguay; - Sao Tome and Principe; -Samoa; Addo-Elephant National Park, South Africa; Afghanistan; Algeria; Argentina; Bolivia; Brazil; Burundi; Colombia; Comoros; Costa Rica; Cuba; Democratic Republic of Congo; Dominican Republic; Ecuador; Eritrea; Eswatini (Swaziland); Ethiopia; Federated States of Micronesia; Fiji; French Polynesia; Galápagos Islands, Ecuador; Garden Route National Park, South Africa; Hawaii, United States (ver.2.0, 2022); India; Jamaica; Kenya; Kruger National Park, South Africa; Laos; Libya; Lord Howe Island, Australia; Malawi; Malaysia; Mara Ecosystem (Kenya, Tanzania); Marshall Islands; Mauritius; Montserrat; Mountain Zebra National Park, South Africa; Mozambique; Myanmar; Nepal; New Caledonia, France; Ngazidja (Grande Comore), Comoros; Niue; Papua New Guinea; Peru; Portugal; Rapa Nui  (Isla de Pascua, Easter Island); Rapa Nui (Isla de Pascua, Easter Island); Rwanda; Senegal; Seychelles; South Africa; Table Mountain National Park, South Africa; Tankwa-Karoo National Park, South Africa; Tanzania; Thailand; Tonga; Tongatapu Island, Tonga; Turkey; Uganda; United States (Contiguous) (ver.2.0, 2022); Vava'u group, Tonga; Venezuela; Vietnam; Zambia; Zimbabwe; – Ascension Island, Saint Helena, Ascension and Tristan da Cunha; – Reunion; – Saint Helena, Saint Helena, Ascension and Tristan da Cunha",Terrestrial; terrestrial
Cestrum nocturnum,cestrum nocturnum,AngMaSoSl8174-00; AngMaSoSl8174-01,Solanaceae,Taiwan,YES,YES,9,44,46,"- Cook Islands; -Samoa; Fiji; French Polynesia; Lord Howe Island, Australia; New Zealand; Tonga; Tongatapu Island, Tonga; Vava'u group, Tonga","- Cook Islands; - Nauru; -Samoa; American Samoa; Australia; Brazil; China; Colombia; El Salvador; Ethiopia; Fiji; French Polynesia; Galápagos Islands, Ecuador; Guatemala; Hawaii, United States (ver.2.0, 2022); Honduras; India; Kenya; Kiribati; Laos; Libya; Likiep Atoll, Marshall Islands; Lord Howe Island, Australia; Madagascar; Majuro Atoll, Marshall Islands; Malawi; Mara Ecosystem (Kenya, Tanzania); Marshall Islands; New Zealand; Niue; Philippines; Pitcairn Islands- Great Britain; Pohnpei, Federated States of Micronesia; Rwanda; Seychelles; Tanzania; Tonga; Tongatapu Island, Tonga; Uganda; United States (Contiguous) (ver.2.0, 2022); Vava'u group, Tonga; Wallis and Futuna; Zambia; – Reunion","- Cook Islands; - Nauru; -Samoa; American Samoa; Australia; Brazil; China; Colombia; El Salvador; Ethiopia; Federated States of Micronesia; Fiji; French Polynesia; Galápagos Islands, Ecuador; Guatemala; Hawaii, United States (ver.2.0, 2022); Honduras; India; Jamaica; Kenya; Kiribati; Laos; Libya; Likiep Atoll, Marshall Islands; Lord Howe Island, Australia; Madagascar; Majuro Atoll, Marshall Islands; Malawi; Mara Ecosystem (Kenya, Tanzania); Marshall Islands; New Zealand; Niue; Philippines; Pitcairn Islands- Great Britain; Pohnpei, Federated States of Micronesia; Rwanda; Seychelles; Tanzania; Tonga; Tongatapu Island, Tonga; Uganda; United States (Contiguous) (ver.2.0, 2022); Vava'u group, Tonga; Wallis and Futuna; Zambia; – Reunion",Terrestrial; terrestrial
Coffea arabica,coffea arabica,AngMaGeRb9937-00; AngMaGeRb9937-01; AngMaGeRb9937-02; AngMaGeRb9937-03; AngMaGeRb9937-04; AngMaGeRb9937-05; AngMaGeRb9937-06; AngMaGeRb9937-07; AngMaGeRb9937-08; AngMaGeRb9937-01,Rubiaceae,Australia;Fiji;Taiwan;United Kingdom,YES,YES,9,42,46,"- Cook Islands; Costa Rica; Federated States of Micronesia; Fiji; French Polynesia; Rapa Nui  (Isla de Pascua, Easter Island); Rapa Nui (Isla de Pascua, Easter Island); Seychelles; Tonga","- Cook Islands; - Sao Tome and Principe; -Samoa; Australia; Bolivia; Brazil; Brunei Darussalam; Costa Rica; Ecuador; Eswatini (Swaziland); Fiji; French Guiana; French Polynesia; Galápagos Islands, Ecuador; Gran Canaria, Islas Canarias, Spain; Ha'apai group, Tonga; Hawaii, United States (ver.2.0, 2022); India; Kosrae, Federated States of Micronesia; Kruger National Park, South Africa; Kwajalein Atoll, Marshall Islands; Lord Howe Island, Australia; Mara Ecosystem (Kenya, Tanzania); Marshall Islands; Palau; Peru; Philippines; Pitcairn Islands- Great Britain; Pohnpei, Federated States of Micronesia; Rapa Nui  (Isla de Pascua, Easter Island); Rapa Nui (Isla de Pascua, Easter Island); Seychelles; South Africa; Spain; Tanzania; Tonga; Tongatapu Island, Tonga; Vanuatu; Vava'u group, Tonga; Yemen; Zimbabwe; – Saint Helena, Saint Helena, Ascension and Tristan da Cunha","- Cook Islands; - Sao Tome and Principe; -Samoa; Australia; Bolivia; Brazil; Brunei Darussalam; Comoros; Costa Rica; Ecuador; Eswatini (Swaziland); Federated States of Micronesia; Fiji; French Guiana; French Polynesia; Galápagos Islands, Ecuador; Gran Canaria, Islas Canarias, Spain; Ha'apai group, Tonga; Hawaii, United States (ver.2.0, 2022); India; Kosrae, Federated States of Micronesia; Kruger National Park, South Africa; Kwajalein Atoll, Marshall Islands; Lord Howe Island, Australia; Mara Ecosystem (Kenya, Tanzania); Marshall Islands; Ngazidja (Grande Comore), Comoros; Niue; Palau; Peru; Philippines; Pitcairn Islands- Great Britain; Pohnpei, Federated States of Micronesia; Rapa Nui  (Isla de Pascua, Easter Island); Rapa Nui (Isla de Pascua, Easter Island); Seychelles; South Africa; Spain; Tanzania; Tonga; Tongatapu Island, Tonga; Vanuatu; Vava'u group, Tonga; Yemen; Zimbabwe; – Saint Helena, Saint Helena, Ascension and Tristan da Cunha",Terrestrial; terrestrial
Clerodendrum chinense,clerodendrum chinense,AngMaLaLm9309-00; AngMaLaLm9309-01; AngMaLaLm9309-02; AngMaLaLm9309-03; AngMaLaLm9309-04; AngMaLaLm9309-01,Lamiaceae,Fiji,YES,YES,9,38,42,"- Cook Islands; -Samoa; American Samoa; Chuuk, Federated States of Micronesia; Federated States of Micronesia; Fiji; Kosrae, Federated States of Micronesia; Papua New Guinea; Tonga","- Cook Islands; - Nicaragua; - Sao Tome and Principe; -Samoa; Algeria; American Samoa; Anguilla; Australia; Bahamas; Barbados; Belize; Chuuk, Federated States of Micronesia; Colombia; Costa Rica; Dominica; Dominican Republic; El Salvador; Fiji; French Polynesia; Grenada; Guatemala; Haiti; Hawaii, United States (ver.2.0, 2022); Honduras; Huvalu Conservation Area, Niue; India; Kosrae, Federated States of Micronesia; Malaysia; Panama; Papua New Guinea; Peru; Pohnpei, Federated States of Micronesia; Saint Lucia; Saint Vincent and the Grenadines; Seychelles; Thailand; Timor-Leste; United States (Contiguous) (ver.2.0, 2022)","- Cook Islands; - Nicaragua; - Sao Tome and Principe; -Samoa; Algeria; American Samoa; Anguilla; Australia; Bahamas; Barbados; Belize; Chuuk, Federated States of Micronesia; Colombia; Costa Rica; Dominica; Dominican Republic; El Salvador; Federated States of Micronesia; Fiji; French Polynesia; Grenada; Guatemala; Haiti; Hawaii, United States (ver.2.0, 2022); Honduras; Huvalu Conservation Area, Niue; India; Jamaica; Kosrae, Federated States of Micronesia; Malaysia; Niue; Panama; Papua New Guinea; Peru; Pohnpei, Federated States of Micronesia; Saint Lucia; Saint Vincent and the Grenadines; Seychelles; Thailand; Timor-Leste; Tonga; United States (Contiguous) (ver.2.0, 2022)",Terrestrial; terrestrial
Toona ciliata,toona ciliata,AngMaSaMl47948-00; AngMaSaMl47948-01; AngMaSaMl47948-02; AngMaSaMl47948-03; AngMaSaMl47948-04; AngMaSaMl47948-05; AngMaSaMl47948-06; AngMaSaMl47948-07; AngMaSaMl47948-08; AngMaSaMl47948-09; AngMaSaMl47948-01,Meliaceae,Australia;India;Indonesia;Myanmar (Burma);Papua New Guinea;Philippines,YES,YES,9,25,26,"Kenya; Lord Howe Island, Australia; South Africa; Tanzania; Tonga; Tongatapu Island, Tonga; Uganda; Zambia; Zimbabwe","- Cook Islands; - Sao Tome and Principe; -Samoa; Afghanistan; Amani Forest Nature Reserve, Tanzania; Brazil; East Usambara, Tanzania; Eswatini (Swaziland); Hawaii, United States (ver.2.0, 2022); Kenya; Kruger National Park, South Africa; Lord Howe Island, Australia; Malawi; Mozambique; Niue; Pohnpei, Federated States of Micronesia; South Africa; Tanganyika, Zambia; Tanzania; Tonga; Tongatapu Island, Tonga; Uganda; United States (Contiguous) (ver.2.0, 2022); Zambia; Zimbabwe","- Cook Islands; - Sao Tome and Principe; -Samoa; Afghanistan; Amani Forest Nature Reserve, Tanzania; Brazil; East Usambara, Tanzania; Eswatini (Swaziland); Federated States of Micronesia; Hawaii, United States (ver.2.0, 2022); Kenya; Kruger National Park, South Africa; Lord Howe Island, Australia; Malawi; Mozambique; Niue; Pohnpei, Federated States of Micronesia; South Africa; Tanganyika, Zambia; Tanzania; Tonga; Tongatapu Island, Tonga; Uganda; United States (Contiguous) (ver.2.0, 2022); Zambia; Zimbabwe",Terrestrial; terrestrial
Cordia alliodora,cordia alliodora,AngMaBoCr10664-00; AngMaBoCr10664-01; AngMaBoCr10664-01,Cordiaceae,Bolivia;Brazil;Ecuador;Mexico;Nicaragua;Panama;Venezuela,YES,YES,9,25,26,"-Samoa; Galápagos Islands, Ecuador; Seychelles; Sierra Leone; Tanzania; Tonga; Tongatapu Island, Tonga; Vanuatu; Vava'u group, Tonga","-Samoa; Amani Forest Nature Reserve, Tanzania; Bolivia; Brazil; Colombia; Dominica; Dominican Republic; East Usambara, Tanzania; El Salvador; Fiji; Galápagos Islands, Ecuador; Guatemala; Haiti; Hawaii, United States (ver.2.0, 2022); Honduras; Kenya; Peru; Seychelles; Sierra Leone; Tanzania; Tonga; Tongatapu Island, Tonga; Vanuatu; Vava'u group, Tonga; Venezuela","-Samoa; Amani Forest Nature Reserve, Tanzania; Bolivia; Brazil; Colombia; Dominica; Dominican Republic; East Usambara, Tanzania; El Salvador; Federated States of Micronesia; Fiji; Galápagos Islands, Ecuador; Guatemala; Haiti; Hawaii, United States (ver.2.0, 2022); Honduras; Kenya; Peru; Seychelles; Sierra Leone; Tanzania; Tonga; Tongatapu Island, Tonga; Vanuatu; Vava'u group, Tonga; Venezuela",Terrestrial; terrestrial
Pinus caribaea,pinus caribaea,AngPiPiPn37016-00; AngPiPiPn37016-01; AngPiPiPn37016-02; AngPiPiPn37016-03; AngPiPiPn37016-04,Pinaceae,NA,YES,YES,8,55,59,"- Cook Islands; French Polynesia; Mozambique; New Caledonia, France; Pitcairn Islands- Great Britain; Sierra Leone; Tonga; – Guadeloupe","- Cook Islands; -Samoa; Australia; Bangladesh; Bolivia; Brazil; Cameroon; Colombia; Congo; Costa Rica; Côte d'Ivoire; Democratic Republic of Congo; Dominica; Dominican Republic; Fiji; French Polynesia; Gambia; Ghana; Grenada; Guatemala; Guinea; Guinea-Bissau; Guyana; Ha'apai group, Tonga; Haiti; Hawaii, United States (ver.2.0, 2022); Honduras; India; Kenya; Liberia; Mozambique; New Caledonia, France; Niger; Nigeria; Niue; Panama; Pitcairn Islands- Great Britain; Rapa Nui  (Isla de Pascua, Easter Island); Rapa Nui (Isla de Pascua, Easter Island); Seychelles; Sierra Leone; Solomon Islands; Sri Lanka; Sudan; Suriname; Thailand; Togo; Tonga; Tongatapu Island, Tonga; Vanuatu; Vava'u group, Tonga; Venezuela; – Guadeloupe; – Saint Helena, Saint Helena, Ascension and Tristan da Cunha; – Tristan da Cunha, Saint Helena, Ascension and Tristan da Cunha","- Cook Islands; -Samoa; Australia; Bangladesh; Bolivia; Brazil; Cameroon; Colombia; Congo; Costa Rica; Côte d'Ivoire; Democratic Republic of Congo; Dominica; Dominican Republic; Federated States of Micronesia; Fiji; French Polynesia; Gambia; Ghana; Grenada; Guatemala; Guinea; Guinea-Bissau; Guyana; Ha'apai group, Tonga; Haiti; Hawaii, United States (ver.2.0, 2022); Honduras; India; Jamaica; Kenya; Liberia; Mauritius; Mozambique; New Caledonia, France; Niger; Nigeria; Niue; Panama; Pitcairn Islands- Great Britain; Rapa Nui  (Isla de Pascua, Easter Island); Rapa Nui (Isla de Pascua, Easter Island); Seychelles; Sierra Leone; Solomon Islands; Sri Lanka; Sudan; Suriname; Thailand; Togo; Tonga; Tongatapu Island, Tonga; Vanuatu; Vava'u group, Tonga; Venezuela; Vietnam; – Guadeloupe; – Saint Helena, Saint Helena, Ascension and Tristan da Cunha; – Tristan da Cunha, Saint Helena, Ascension and Tristan da Cunha",Terrestrial; terrestrial
Duranta erecta,duranta erecta,AngMaLaVr15555-00; AngMaLaVr15555-01; AngMaLaVr15555-02; AngMaLaVr15555-03; AngMaLaVr15555-04; AngMaLaVr15555-05; AngMaLaVr15555-06; AngMaLaVr15555-01,Verbenaceae,Australia;Bahamas;Brazil;India;Mexico;Norfolk Island;Papua New Guinea;South Africa,YES,YES,8,48,50,"Fiji; India; South Africa; Tonga; Tongatapu Island, Tonga; Turkey; Yap, Federated States of Micronesia; Zimbabwe","- Cook Islands; - Sao Tome and Principe; -Samoa; American Samoa; Angola; Arno Atoll, Marshall Islands; Australia; Burkina Faso; Chad; Chuuk, Federated States of Micronesia; Costa Rica; Democratic Republic of Congo; El Salvador; Eswatini (Swaziland); Ethiopia; Fiji; French Polynesia; Guatemala; Ha'apai group, Tonga; Hawaii, United States (ver.2.0, 2022); Honduras; India; Iraq; Kenya; Kosrae, Federated States of Micronesia; Kruger National Park, South Africa; Kwajalein Atoll, Marshall Islands; Lord Howe Island, Australia; Malawi; Mapungupwe National Park, South Africa; Mara Ecosystem (Kenya, Tanzania); Marakele National Park, South Africa; Mayotte, France; Mozambique; Pohnpei, Federated States of Micronesia; Rwanda; Seychelles; South Africa; Tanzania; Timor-Leste; Tonga; Tongatapu Island, Tonga; Turkey; Uganda; Vanuatu; Yap, Federated States of Micronesia; Zambia; Zimbabwe","- Cook Islands; - Sao Tome and Principe; -Samoa; American Samoa; Angola; Arno Atoll, Marshall Islands; Australia; Burkina Faso; Chad; Chuuk, Federated States of Micronesia; Comoros; Costa Rica; Democratic Republic of Congo; El Salvador; Eswatini (Swaziland); Ethiopia; Federated States of Micronesia; Fiji; French Polynesia; Guatemala; Ha'apai group, Tonga; Hawaii, United States (ver.2.0, 2022); Honduras; India; Iraq; Kenya; Kosrae, Federated States of Micronesia; Kruger National Park, South Africa; Kwajalein Atoll, Marshall Islands; Lord Howe Island, Australia; Malawi; Mapungupwe National Park, South Africa; Mara Ecosystem (Kenya, Tanzania); Marakele National Park, South Africa; Mayotte, France; Mozambique; Pohnpei, Federated States of Micronesia; Rwanda; Seychelles; South Africa; Tanzania; Timor-Leste; Tonga; Tongatapu Island, Tonga; Turkey; Uganda; Vanuatu; Yap, Federated States of Micronesia; Zambia; Zimbabwe",Terrestrial; terrestrial
Phoenix dactylifera,phoenix dactylifera,AngNAParc36603-01,Arecaceae,;introduced;native,YES,YES,8,42,48,"Fiji; Fuerteventura, Islas Canarias, Spain; Gran Canaria, Islas Canarias, Spain; La Gomera, Islas Canarias, Spain; La Palma, Islas Canarias, Spain; Lanzarote, Islas Canarias, Spain; Socotra Archipelago, Yemen; Tenerife, Islas Canarias, Spain","- Cook Islands; - Croatia; - Sao Tome and Principe; Anguilla; Australia; Austria; Belgium; Burkina Faso; Chad; Cyprus; Denmark; Fiji; Fuerteventura, Islas Canarias, Spain; Galápagos Islands, Ecuador; Gran Canaria, Islas Canarias, Spain; Hawaii, United States (ver.2.0, 2022); Jaluit Atoll, Marshall Islands; Kiribati; Kwajalein Atoll, Marshall Islands; La Gomera, Islas Canarias, Spain; La Palma, Islas Canarias, Spain; Lanzarote, Islas Canarias, Spain; Majuro Atoll, Marshall Islands; Malta; Marshall Islands; Namibia; Niue; Palau; Peru; Pohnpei, Federated States of Micronesia; Poland; Qatar; Seychelles; Socotra Archipelago, Yemen; Soqotra, Yemen; South Africa; Spain; Tankwa-Karoo National Park, South Africa; Tenerife, Islas Canarias, Spain; United States (Contiguous) (ver.2.0, 2022); – Ascension Island, Saint Helena, Ascension and Tristan da Cunha; – Saint Helena, Saint Helena, Ascension and Tristan da Cunha","- Cook Islands; - Croatia; - Sao Tome and Principe; Anguilla; Australia; Austria; Belgium; Burkina Faso; Chad; Comoros; Cyprus; Denmark; Federated States of Micronesia; Fiji; Fuerteventura, Islas Canarias, Spain; Galápagos Islands, Ecuador; Gran Canaria, Islas Canarias, Spain; Greece; Hawaii, United States (ver.2.0, 2022); Jaluit Atoll, Marshall Islands; Kiribati; Kwajalein Atoll, Marshall Islands; La Gomera, Islas Canarias, Spain; La Palma, Islas Canarias, Spain; Lanzarote, Islas Canarias, Spain; Majuro Atoll, Marshall Islands; Malta; Marshall Islands; Mwali (Mohéli), Comoros; Namibia; Ndzuwani (Anjouan), Comoros; Ngazidja (Grande Comore), Comoros; Niue; Palau; Peru; Pohnpei, Federated States of Micronesia; Poland; Qatar; Seychelles; Socotra Archipelago, Yemen; Soqotra, Yemen; South Africa; Spain; Tankwa-Karoo National Park, South Africa; Tenerife, Islas Canarias, Spain; United States (Contiguous) (ver.2.0, 2022); – Ascension Island, Saint Helena, Ascension and Tristan da Cunha; – Saint Helena, Saint Helena, Ascension and Tristan da Cunha",Terrestrial; terrestrial
Dichrostachys cinerea,dichrostachys cinerea,AngMaFaFb13769-00; AngMaFaFb13769-01; AngMaFaFb13769-02; AngMaFaFb13769-03; AngMaFaFb13769-04; AngMaFaFb13769-05; AngMaFaFb13769-06; AngMaFaFb13769-07; AngMaFaFb13769-08; AngMaFaFb13769-09; AngMaFaFb13769-10; AngMaFaFb13769-11; AngMaFaFb13769-12; AngMaFaFb13769-13; AngMaFaFb13769-14; AngMaFaFb13769-15; AngMaFaFb13769-01,Fabaceae,Australia;Timor-Leste,YES,YES,8,41,46,Cuba; Maldives; Timor-Leste; Zambia; Zimbabwe; – Guadeloupe; – Martinique; – Reunion,"- Egypt; Australia; Benin; Brunei Darussalam; Burundi; Cabo Verde; Cambodia; Chad; Congo; Cuba; Côte d'Ivoire; Democratic Republic of Congo; Dominica; Dominican Republic; Gabon; Gambia; Guinea; Guinea-Bissau; Laos; Liberia; Malaysia; Maldives; Mali; Mauritania; Mayotte, France; Mozambique; Myanmar; Niger; Saint Martin (French part); Senegal; Sierra Leone; Thailand; Timor-Leste; United States (Contiguous) (ver.2.0, 2022); Yemen; Zambia; Zimbabwe; – Central African Republic; – Guadeloupe; – Martinique; – Reunion","- Egypt; Australia; Benin; Brunei Darussalam; Burundi; Cabo Verde; Cambodia; Chad; Comoros; Congo; Cuba; Côte d'Ivoire; Democratic Republic of Congo; Dominica; Dominican Republic; Gabon; Gambia; Guinea; Guinea-Bissau; Jamaica; Jordan; Laos; Liberia; Malaysia; Maldives; Mali; Mauritania; Mauritius; Mayotte, France; Mozambique; Myanmar; Niger; Saint Martin (French part); Senegal; Sierra Leone; Thailand; Timor-Leste; United States (Contiguous) (ver.2.0, 2022); Vietnam; Yemen; Zambia; Zimbabwe; – Central African Republic; – Guadeloupe; – Martinique; – Reunion",Terrestrial; terrestrial
Ceiba pentandra,ceiba pentandra,AngMaMaMl7945-00; AngMaMaMl7945-01; AngMaMaMl7945-02; AngMaMaMl7945-03; AngMaMaMl7945-01,Malvaceae,Brazil;Colombia;Ecuador;Indonesia;Mexico;Nicaragua;Peru;United States,YES,YES,8,38,40,"- Cook Islands; - Nauru; Fiji; Ha'apai group, Tonga; Marshall Islands; Tonga; Tongatapu Island, Tonga; Vava'u group, Tonga","- Cook Islands; - Nauru; -Samoa; American Samoa; Arno Atoll, Marshall Islands; Australia; Bangladesh; Brunei Darussalam; Burkina Faso; Chad; Chuuk, Federated States of Micronesia; El Salvador; Fiji; Galápagos Islands, Ecuador; Guatemala; Ha'apai group, Tonga; Honduras; India; Jaluit Atoll, Marshall Islands; Kosrae, Federated States of Micronesia; Kruger National Park, South Africa; Laos; Marshall Islands; Mejit Island, Marshall Islands; Niue; Palau; Papua New Guinea; Philippines; Pohnpei, Federated States of Micronesia; Seychelles; Solomon Islands; South Africa; Tonga; Tongatapu Island, Tonga; Vava'u group, Tonga; Yap, Federated States of Micronesia; Yemen; – British Indian Ocean Territory","- Cook Islands; - Nauru; -Samoa; American Samoa; Arno Atoll, Marshall Islands; Australia; Bangladesh; Brunei Darussalam; Burkina Faso; Chad; Chuuk, Federated States of Micronesia; El Salvador; Federated States of Micronesia; Fiji; Galápagos Islands, Ecuador; Guatemala; Ha'apai group, Tonga; Honduras; India; Jaluit Atoll, Marshall Islands; Kosrae, Federated States of Micronesia; Kruger National Park, South Africa; Laos; Marshall Islands; Mejit Island, Marshall Islands; Niue; Palau; Papua New Guinea; Philippines; Pohnpei, Federated States of Micronesia; Seychelles; Singapore; Solomon Islands; South Africa; Tonga; Tongatapu Island, Tonga; Vava'u group, Tonga; Yap, Federated States of Micronesia; Yemen; – British Indian Ocean Territory",Terrestrial; terrestrial
Senna spectabilis,senna spectabilis,AngMaFaFb43461-00; AngMaFaFb43461-01; AngMaFaFb43461-02; AngMaFaFb43461-01,Fabaceae,Argentina;Australia;Bolivia;Brazil;Mexico;Nicaragua,YES,YES,8,37,39,"Cuba; India; Kenya; Mara Ecosystem (Kenya, Tanzania); Mount Elgon, Uganda; Tanzania; Uganda; Zambia","Angola; Argentina; Australia; Barbados; Cameroon; Chad; Cuba; Democratic Republic of Congo; Dominican Republic; El Salvador; Equatorial Guinea; Ethiopia; Guatemala; Hawaii, United States (ver.2.0, 2022); Honduras; India; Kenya; Kruger National Park, South Africa; Malawi; Mara Ecosystem (Kenya, Tanzania); Mount Elgon, Uganda; Mozambique; Murchison Falls National Park, Uganda; Murchison Falls-Albert Delta Wetland System, Uganda; Nigeria; Queen Elizabeth National Park, Uganda; Rwanda; Seychelles; South Africa; Spain; Tanzania; Thailand; Togo; Uganda; United States (Contiguous) (ver.2.0, 2022); Zambia; – Central African Republic","Angola; Argentina; Australia; Barbados; Cameroon; Chad; Cuba; Democratic Republic of Congo; Dominican Republic; El Salvador; Equatorial Guinea; Ethiopia; Guatemala; Hawaii, United States (ver.2.0, 2022); Honduras; India; Jamaica; Kenya; Kruger National Park, South Africa; Malawi; Mara Ecosystem (Kenya, Tanzania); Mount Elgon, Uganda; Mozambique; Murchison Falls National Park, Uganda; Murchison Falls-Albert Delta Wetland System, Uganda; Nigeria; Queen Elizabeth National Park, Uganda; Rwanda; Seychelles; Singapore; South Africa; Spain; Tanzania; Thailand; Togo; Uganda; United States (Contiguous) (ver.2.0, 2022); Zambia; – Central African Republic",Terrestrial; terrestrial
Ligustrum lucidum,ligustrum lucidum,AngMaLalc26825-00; AngMaLalc26825-01,Oleaceae,Australia,YES,YES,8,33,33,"- Japan; Argentina; Brazil; Lord Howe Island, Australia; Mozambique; New Zealand; South Africa; Uruguay","- Croatia; - Japan; Argentina; Armenia; Australia; Brazil; Eswatini (Swaziland); France; Georgia; Golden Gate Highlands National Park, South Africa; Gran Canaria, Islas Canarias, Spain; Hawaii, United States (ver.2.0, 2022); India; Iraq; Ireland; Italy; Lesotho; Lord Howe Island, Australia; Mozambique; New Zealand; Norway; Pakistan; Portugal; Rwanda; South Africa; Spain; Switzerland; Tenerife, Islas Canarias, Spain; Tonga; Tongatapu Island, Tonga; United States (Contiguous) (ver.2.0, 2022); Uruguay; Zimbabwe","- Croatia; - Japan; Argentina; Armenia; Australia; Brazil; Eswatini (Swaziland); France; Georgia; Golden Gate Highlands National Park, South Africa; Gran Canaria, Islas Canarias, Spain; Hawaii, United States (ver.2.0, 2022); India; Iraq; Ireland; Italy; Lesotho; Lord Howe Island, Australia; Mozambique; New Zealand; Norway; Pakistan; Portugal; Rwanda; South Africa; Spain; Switzerland; Tenerife, Islas Canarias, Spain; Tonga; Tongatapu Island, Tonga; United States (Contiguous) (ver.2.0, 2022); Uruguay; Zimbabwe",Terrestrial; terrestrial
Acacia longifolia,acacia longifolia,AngMaFaFb0333-00; AngMaFaFb0333-01; AngMaFaFb0333-02; AngMaFaFb0333-01,Fabaceae,Australia;Colombia;South Africa,YES,YES,8,29,32,- Japan; Argentina; Brazil; New Zealand; Portugal; South Africa; Sri Lanka; Uruguay,"- Japan; Addo-Elephant National Park, South Africa; Agulhas National Park, South Africa; Argentina; Augrabies Falls National Park, South Africa; Azores, Portugal; Brazil; Colombia; Dominican Republic; Eswatini (Swaziland); France; Garden Route National Park, South Africa; Golden Gate Highlands National Park, South Africa; India; Italy; Madeira, Portugal; New Zealand; Portugal; South Africa; Spain; Sri Lanka; Table Mountain National Park, South Africa; Tankwa-Karoo National Park, South Africa; Turkey; United States (Contiguous) (ver.2.0, 2022); Uruguay; West Coast National Park, South Africa; Zimbabwe; – Saint Helena, Saint Helena, Ascension and Tristan da Cunha","- Japan; Addo-Elephant National Park, South Africa; Agulhas National Park, South Africa; Argentina; Augrabies Falls National Park, South Africa; Azores, Portugal; Brazil; Colombia; Dominican Republic; Eswatini (Swaziland); France; Garden Route National Park, South Africa; Golden Gate Highlands National Park, South Africa; Greece; India; Italy; Madeira, Portugal; Mauritius; New Zealand; Portugal; South Africa; Spain; Sri Lanka; Table Mountain National Park, South Africa; Tankwa-Karoo National Park, South Africa; Turkey; United States (Contiguous) (ver.2.0, 2022); Uruguay; Vietnam; West Coast National Park, South Africa; Zimbabwe; – Saint Helena, Saint Helena, Ascension and Tristan da Cunha",Terrestrial; terrestrial
Cananga odorata,cananga odorata,AngMaMann6934-00; AngMaMann6934-01; AngMaMann6934-01,Annonaceae,Australia;Burundi;Colombia;Cook Islands;French Polynesia;Guam;India;Myanmar (Burma);Papua New Guinea;Philippines;Puerto Rico;Samoa;Vanuatu,YES,YES,8,25,28,"- Cook Islands; -Samoa; Costa Rica; Federated States of Micronesia; Fiji; Ha'apai group, Tonga; Tongatapu Island, Tonga; Vava'u group, Tonga","- Cook Islands; - Sao Tome and Principe; -Samoa; American Samoa; Burundi; Chuuk, Federated States of Micronesia; Costa Rica; Democratic Republic of Congo; Fiji; Ha'apai group, Tonga; Kosrae, Federated States of Micronesia; Majuro Atoll, Marshall Islands; Marshall Islands; Mejit Island, Marshall Islands; Montserrat; Niue; Palau; Papua New Guinea; Pohnpei, Federated States of Micronesia; Saint Lucia; Seychelles; Tonga; Tongatapu Island, Tonga; Vava'u group, Tonga; Yap, Federated States of Micronesia","- Cook Islands; - Sao Tome and Principe; -Samoa; American Samoa; Burundi; Chuuk, Federated States of Micronesia; Comoros; Costa Rica; Democratic Republic of Congo; Federated States of Micronesia; Fiji; Ha'apai group, Tonga; Kosrae, Federated States of Micronesia; Majuro Atoll, Marshall Islands; Marshall Islands; Mejit Island, Marshall Islands; Montserrat; Ngazidja (Grande Comore), Comoros; Niue; Palau; Papua New Guinea; Pohnpei, Federated States of Micronesia; Saint Lucia; Seychelles; Tonga; Tongatapu Island, Tonga; Vava'u group, Tonga; Yap, Federated States of Micronesia",Terrestrial; terrestrial
Cestrum diurnum,cestrum diurnum,AngMaSoSl8150-00; AngMaSoSl8150-01; AngMaSoSl8150-02; AngMaSoSl8150-01,Solanaceae,NA,YES,YES,8,18,19,"- Cook Islands; Bahamas; Bangladesh; Ha'apai group, Tonga; Nepal; Tonga; Vava'u group, Tonga; Wallis and Futuna","- Cook Islands; -Samoa; American Samoa; Bahamas; Bangladesh; Brazil; Fiji; Ha'apai group, Tonga; Hawaii, United States (ver.2.0, 2022); India; Kruger National Park, South Africa; Nepal; South Africa; Tonga; Tongatapu Island, Tonga; United States (Contiguous) (ver.2.0, 2022); Vava'u group, Tonga; Wallis and Futuna","- Cook Islands; -Samoa; American Samoa; Bahamas; Bangladesh; Brazil; Federated States of Micronesia; Fiji; Ha'apai group, Tonga; Hawaii, United States (ver.2.0, 2022); India; Kruger National Park, South Africa; Nepal; South Africa; Tonga; Tongatapu Island, Tonga; United States (Contiguous) (ver.2.0, 2022); Vava'u group, Tonga; Wallis and Futuna",Terrestrial; terrestrial
Piper auritum,piper auritum,AngMaPiPp37128-00; AngMaPiPp37128-01,Piperaceae,NA,YES,YES,8,14,16,"-Samoa; Cuba; Federated States of Micronesia; Ha'apai group, Tonga; Tonga; Tongatapu Island, Tonga; Vanuatu; Vava'u group, Tonga","-Samoa; Cuba; El Salvador; Guatemala; Ha'apai group, Tonga; Haiti; Hawaii, United States (ver.2.0, 2022); Honduras; Pohnpei, Federated States of Micronesia; Tonga; Tongatapu Island, Tonga; United States (Contiguous) (ver.2.0, 2022); Vanuatu; Vava'u group, Tonga","-Samoa; Cuba; El Salvador; Federated States of Micronesia; Guatemala; Ha'apai group, Tonga; Haiti; Hawaii, United States (ver.2.0, 2022); Honduras; Jamaica; Pohnpei, Federated States of Micronesia; Tonga; Tongatapu Island, Tonga; United States (Contiguous) (ver.2.0, 2022); Vanuatu; Vava'u group, Tonga",Terrestrial; terrestrial
Alstonia macrophylla,alstonia macrophylla,AngMaGepc2194-01,Apocynaceae,Seychelles;Thailand,YES,YES,8,14,15,"Conception, Seychelles; Curieuse Special Reserve, Seychelles; Frégate island, Seychelles; Mare-Aux-Cochons, Seychelles; Morne-Seychellois National Park, Seychelles; Seychelles; Silhouette National Park, Seychelles; Sri Lanka","Conception, Seychelles; Curieuse Special Reserve, Seychelles; Frégate island, Seychelles; Hawaii, United States (ver.2.0, 2022); India; Mare-Aux-Cochons, Seychelles; Morne-Seychellois National Park, Seychelles; Papua New Guinea; Praslin National Park, Seychelles; Seychelles; Silhouette National Park, Seychelles; Sri Lanka; United States (Contiguous) (ver.2.0, 2022); Vallée de Mai Nature Reserve, Seychelles","Conception, Seychelles; Curieuse Special Reserve, Seychelles; Frégate island, Seychelles; Hawaii, United States (ver.2.0, 2022); India; Mare-Aux-Cochons, Seychelles; Morne-Seychellois National Park, Seychelles; Papua New Guinea; Praslin National Park, Seychelles; Seychelles; Silhouette National Park, Seychelles; Singapore; Sri Lanka; United States (Contiguous) (ver.2.0, 2022); Vallée de Mai Nature Reserve, Seychelles",Terrestrial; terrestrial
Delonix regia,delonix regia,AngMaFaFb13418-00; AngMaFaFb13418-01,Fabaceae,Australia,YES,YES,7,111,116,"Cuba; Fiji; Saba, Bonaire, Sint Eustatius and Saba; Sint Eustatius, Bonaire, Sint Eustatius and Saba; Sint Maarten, Netherlands; Tonga; Zambia","- Cook Islands; - Egypt; - Nauru; - Nicaragua; - Paraguay; - Sao Tome and Principe; -Samoa; American Samoa; Angola; Anguilla; Aruba; Australia; Bahamas; Bangladesh; Barbados; Belize; Bhutan; Bikini Atoll, Marshall Islands; Bolivia; Bonaire, Bonaire, Sint Eustatius and Saba; Brazil; Brunei Darussalam; Burkina Faso; Burundi; Cambodia; Cameroon; Cayman Islands; Chad; Chuuk, Federated States of Micronesia; Colombia; Costa Rica; Cuba; Curacao, Netherlands; Curieuse Special Reserve, Seychelles; Democratic Republic of Congo; Djibouti; Dominica; Dominican Republic; Ecuador; El Salvador; Equatorial Guinea; Eswatini (Swaziland); Ethiopia; Fiji; Gabon; Galápagos Islands, Ecuador; Ghana; Guatemala; Guinea; Haiti; Hawaii, United States (ver.2.0, 2022); Honduras; India; Iran; Jaluit Atoll, Marshall Islands; Kenya; Kiribati; Kosrae, Federated States of Micronesia; Kruger National Park, South Africa; Kwajalein Atoll, Marshall Islands; Laos; Libya; Likiep Atoll, Marshall Islands; Majuro Atoll, Marshall Islands; Malawi; Malaysia; Maldives; Mali; Mapungupwe National Park, South Africa; Mara Ecosystem (Kenya, Tanzania); Marakele National Park, South Africa; Marshall Islands; Mexico; Mokala National Park, South Africa; Mozambique; Niger; Niue; Palau; Panama; Papua New Guinea; Peru; Philippines; Pohnpei, Federated States of Micronesia; Rwanda; Saba, Bonaire, Sint Eustatius and Saba; Saint Lucia; Saint Vincent and the Grenadines; Seychelles; Sint Eustatius, Bonaire, Sint Eustatius and Saba; Sint Maarten, Netherlands; Solomon Islands; Somalia; South Africa; Sri Lanka; Suriname; Tanzania; Thailand; Timor-Leste; Togo; Tonga; Tongatapu Island, Tonga; Tuvalu; Uganda; United States (Contiguous) (ver.2.0, 2022); Venezuela; Yap, Federated States of Micronesia; Yemen; Zambia; Zimbabwe; – British Indian Ocean Territory; – Saint Helena, Saint Helena, Ascension and Tristan da Cunha","- Cook Islands; - Egypt; - Nauru; - Nicaragua; - Paraguay; - Sao Tome and Principe; -Samoa; American Samoa; Angola; Anguilla; Aruba; Australia; Bahamas; Bangladesh; Barbados; Belize; Bhutan; Bikini Atoll, Marshall Islands; Bolivia; Bonaire, Bonaire, Sint Eustatius and Saba; Brazil; Brunei Darussalam; Burkina Faso; Burundi; Cambodia; Cameroon; Cayman Islands; Chad; Chuuk, Federated States of Micronesia; Colombia; Comoros; Costa Rica; Cuba; Curacao, Netherlands; Curieuse Special Reserve, Seychelles; Democratic Republic of Congo; Djibouti; Dominica; Dominican Republic; Ecuador; El Salvador; Equatorial Guinea; Eswatini (Swaziland); Ethiopia; Federated States of Micronesia; Fiji; Gabon; Galápagos Islands, Ecuador; Ghana; Guatemala; Guinea; Haiti; Hawaii, United States (ver.2.0, 2022); Honduras; India; Iran; Jaluit Atoll, Marshall Islands; Jamaica; Kenya; Kiribati; Kosrae, Federated States of Micronesia; Kruger National Park, South Africa; Kwajalein Atoll, Marshall Islands; Laos; Libya; Likiep Atoll, Marshall Islands; Majuro Atoll, Marshall Islands; Malawi; Malaysia; Maldives; Mali; Mapungupwe National Park, South Africa; Mara Ecosystem (Kenya, Tanzania); Marakele National Park, South Africa; Marshall Islands; Mauritius; Mexico; Mokala National Park, South Africa; Mozambique; Niger; Niue; Palau; Panama; Papua New Guinea; Peru; Philippines; Pohnpei, Federated States of Micronesia; Rwanda; Saba, Bonaire, Sint Eustatius and Saba; Saint Lucia; Saint Vincent and the Grenadines; Seychelles; Sint Eustatius, Bonaire, Sint Eustatius and Saba; Sint Maarten, Netherlands; Solomon Islands; Somalia; South Africa; Sri Lanka; Suriname; Tanzania; Thailand; Timor-Leste; Togo; Tonga; Tongatapu Island, Tonga; Tuvalu; Uganda; United States (Contiguous) (ver.2.0, 2022); Venezuela; Vietnam; Yap, Federated States of Micronesia; Yemen; Zambia; Zimbabwe; – British Indian Ocean Territory; – Saint Helena, Saint Helena, Ascension and Tristan da Cunha",Terrestrial; terrestrial
Gossypium barbadense,gossypium barbadense,AngMaMaMl21703-00; AngMaMaMl21703-01; AngMaMaMl21703-02; AngMaMaMl21703-03; AngMaMaMl21703-04; AngMaMaMl21703-05; AngMaMaMl21703-06; AngMaMaMl21703-01,Malvaceae,Afghanistan;Australia;Brazil;Colombia;Dominica;Dominican Republic;Ecuador;French Guiana;Guadeloupe;Haiti;Martinique;Mexico;Papua New Guinea;Peru;Timor-Leste;Trinidad & Tobago;Venezuela,YES,YES,7,44,45,"Cuba; Fiji; Palau; Pitcairn Islands- Great Britain; Saba, Bonaire, Sint Eustatius and Saba; Sint Eustatius, Bonaire, Sint Eustatius and Saba; Sint Maarten, Netherlands","- Cook Islands; - Nauru; American Samoa; Arno Atoll, Marshall Islands; Australia; Brazil; Brunei Darussalam; Burkina Faso; Burundi; Chad; Chile; Chuuk, Federated States of Micronesia; Costa Rica; Cuba; Democratic Republic of Congo; Equatorial Guinea; Fiji; French Polynesia; Galápagos Islands, Ecuador; Hawaii, United States (ver.2.0, 2022); Jaluit Atoll, Marshall Islands; Kwajalein Atoll, Marshall Islands; Likiep Atoll, Marshall Islands; Majuro Atoll, Marshall Islands; Marshall Islands; Mejit Island, Marshall Islands; Niue; Palau; Pitcairn Islands- Great Britain; Pohnpei, Federated States of Micronesia; Rapa Nui  (Isla de Pascua, Easter Island); Rapa Nui (Isla de Pascua, Easter Island); Rwanda; Saba, Bonaire, Sint Eustatius and Saba; Sint Eustatius, Bonaire, Sint Eustatius and Saba; Sint Maarten, Netherlands; Socotra Archipelago, Yemen; Soqotra, Yemen; Timor-Leste; Tonga; Utirik Atoll, Marshall Islands; Vava'u group, Tonga; Yap, Federated States of Micronesia; Yemen","- Cook Islands; - Nauru; American Samoa; Arno Atoll, Marshall Islands; Australia; Brazil; Brunei Darussalam; Burkina Faso; Burundi; Chad; Chile; Chuuk, Federated States of Micronesia; Costa Rica; Cuba; Democratic Republic of Congo; Equatorial Guinea; Federated States of Micronesia; Fiji; French Polynesia; Galápagos Islands, Ecuador; Hawaii, United States (ver.2.0, 2022); Jaluit Atoll, Marshall Islands; Kwajalein Atoll, Marshall Islands; Likiep Atoll, Marshall Islands; Majuro Atoll, Marshall Islands; Marshall Islands; Mejit Island, Marshall Islands; Niue; Palau; Pitcairn Islands- Great Britain; Pohnpei, Federated States of Micronesia; Rapa Nui  (Isla de Pascua, Easter Island); Rapa Nui (Isla de Pascua, Easter Island); Rwanda; Saba, Bonaire, Sint Eustatius and Saba; Sint Eustatius, Bonaire, Sint Eustatius and Saba; Sint Maarten, Netherlands; Socotra Archipelago, Yemen; Soqotra, Yemen; Timor-Leste; Tonga; Utirik Atoll, Marshall Islands; Vava'u group, Tonga; Yap, Federated States of Micronesia; Yemen",Terrestrial; terrestrial
Pinus halepensis,pinus halepensis,AngPiPiPn37039-00; AngPiPiPn37039-01; AngPiPiPn37039-02; AngPiPiPn37039-03; AngPiPiPn37039-01,Pinaceae,NA,YES,YES,7,42,42,Argentina; Bolivia; Cyprus; Lesotho; New Zealand; South Africa; Venezuela,"- Croatia; Afghanistan; Agulhas National Park, South Africa; Albania; Argentina; Armenia; Augrabies Falls National Park, South Africa; Australia; Bolivia; Camdeboo National Park, South Africa; Cyprus; El Hierro, Islas Canarias, Spain; France; Fuerteventura, Islas Canarias, Spain; Garden Route National Park, South Africa; Georgia; Golden Gate Highlands National Park, South Africa; Gran Canaria, Islas Canarias, Spain; India; Iran; Iraq; La Gomera, Islas Canarias, Spain; La Palma, Islas Canarias, Spain; Lanzarote, Islas Canarias, Spain; Lesotho; Madeira, Portugal; Malta; Mountain Zebra National Park, South Africa; New Zealand; Peru; Portugal; Slovenia; South Africa; Spain; Table Mountain National Park, South Africa; Tankwa-Karoo National Park, South Africa; Tenerife, Islas Canarias, Spain; United States (Contiguous) (ver.2.0, 2022); Uruguay; Venezuela; – Azerbaijan; – Saint Helena, Saint Helena, Ascension and Tristan da Cunha","- Croatia; Afghanistan; Agulhas National Park, South Africa; Albania; Argentina; Armenia; Augrabies Falls National Park, South Africa; Australia; Bolivia; Camdeboo National Park, South Africa; Cyprus; El Hierro, Islas Canarias, Spain; France; Fuerteventura, Islas Canarias, Spain; Garden Route National Park, South Africa; Georgia; Golden Gate Highlands National Park, South Africa; Gran Canaria, Islas Canarias, Spain; India; Iran; Iraq; La Gomera, Islas Canarias, Spain; La Palma, Islas Canarias, Spain; Lanzarote, Islas Canarias, Spain; Lesotho; Madeira, Portugal; Malta; Mountain Zebra National Park, South Africa; New Zealand; Peru; Portugal; Slovenia; South Africa; Spain; Table Mountain National Park, South Africa; Tankwa-Karoo National Park, South Africa; Tenerife, Islas Canarias, Spain; United States (Contiguous) (ver.2.0, 2022); Uruguay; Venezuela; – Azerbaijan; – Saint Helena, Saint Helena, Ascension and Tristan da Cunha",Terrestrial; terrestrial
Pinus pinaster,pinus pinaster,AngPiPiPn37076-00; AngPiPiPn37076-01; AngPiPiPn37076-02; AngPiPiPn37076-03; AngPiPiPn37076-04; AngPiPiPn37076-05; AngPiPiPn37076-01,Pinaceae,NA,YES,YES,7,41,41,Argentina; Great Britain; Lesotho; New Zealand; South Africa; Uruguay; – Reunion,"- Croatia; Addo-Elephant National Park, South Africa; Agulhas National Park, South Africa; Albania; Algeria; Archipielago Juan Fernández, Chile; Argentina; Armenia; Augrabies Falls National Park, South Africa; Australia; Belgium; Garden Route National Park, South Africa; Georgia; Golden Gate Highlands National Park, South Africa; Great Britain; Hawaii, United States (ver.2.0, 2022); Ireland; Italy; Juan Fernandez Islands, Chile; Lesotho; Libya; Madeira, Portugal; Mountain Zebra National Park, South Africa; New Zealand; Prince Edward Island and Marion Island, South Africa; Slovenia; South Africa; Spain; Table Mountain National Park, South Africa; Tankwa-Karoo National Park, South Africa; Tenerife, Islas Canarias, Spain; Tunisia; Turkey; United States (Contiguous) (ver.2.0, 2022); Uruguay; Venezuela; West Coast National Park, South Africa; Wilderness Lakes, South Africa; – Reunion; – Saint Helena, Saint Helena, Ascension and Tristan da Cunha; – Tristan da Cunha, Saint Helena, Ascension and Tristan da Cunha","- Croatia; Addo-Elephant National Park, South Africa; Agulhas National Park, South Africa; Albania; Algeria; Archipielago Juan Fernández, Chile; Argentina; Armenia; Augrabies Falls National Park, South Africa; Australia; Belgium; Garden Route National Park, South Africa; Georgia; Golden Gate Highlands National Park, South Africa; Great Britain; Hawaii, United States (ver.2.0, 2022); Ireland; Italy; Juan Fernandez Islands, Chile; Lesotho; Libya; Madeira, Portugal; Mountain Zebra National Park, South Africa; New Zealand; Prince Edward Island and Marion Island, South Africa; Slovenia; South Africa; Spain; Table Mountain National Park, South Africa; Tankwa-Karoo National Park, South Africa; Tenerife, Islas Canarias, Spain; Tunisia; Turkey; United States (Contiguous) (ver.2.0, 2022); Uruguay; Venezuela; West Coast National Park, South Africa; Wilderness Lakes, South Africa; – Reunion; – Saint Helena, Saint Helena, Ascension and Tristan da Cunha; – Tristan da Cunha, Saint Helena, Ascension and Tristan da Cunha",Terrestrial; terrestrial
Euphorbia tirucalli,euphorbia tirucalli,AngMaMaph18954-00; AngMaMaph18954-01,Euphorbiaceae,NA,YES,YES,7,33,35,- Cook Islands; Anguilla; Cuba; Ethiopia; Marshall Islands; Zambia; Zimbabwe,"- Cook Islands; - Sao Tome and Principe; Anguilla; Australia; Brazil; Burkina Faso; Cuba; Ecuador; Ethiopia; Galápagos Islands, Ecuador; Guinea; Guinea-Bissau; Hawaii, United States (ver.2.0, 2022); India; Iran; Kwajalein Atoll, Marshall Islands; Majuro Atoll, Marshall Islands; Malawi; Maldives; Marshall Islands; Mozambique; Namibia; Ngorongoro Biosphere Reserve, Tanzania; Palau; Pohnpei, Federated States of Micronesia; Saudi Arabia; Senegal; Serengeti National Park, Tanzania; Seychelles; Uganda; United States (Contiguous) (ver.2.0, 2022); Zambia; Zimbabwe","- Cook Islands; - Sao Tome and Principe; Anguilla; Australia; Brazil; Burkina Faso; Cuba; Ecuador; Ethiopia; Federated States of Micronesia; Galápagos Islands, Ecuador; Guinea; Guinea-Bissau; Hawaii, United States (ver.2.0, 2022); India; Iran; Kwajalein Atoll, Marshall Islands; Majuro Atoll, Marshall Islands; Malawi; Maldives; Marshall Islands; Mauritius; Mozambique; Namibia; Ngorongoro Biosphere Reserve, Tanzania; Palau; Pohnpei, Federated States of Micronesia; Saudi Arabia; Senegal; Serengeti National Park, Tanzania; Seychelles; Uganda; United States (Contiguous) (ver.2.0, 2022); Zambia; Zimbabwe",Terrestrial; terrestrial
Elaeagnus angustifolia,elaeagnus angustifolia,AngMaRolg15782-00; AngMaRolg15782-01; AngMaRolg15782-02; AngMaRolg15782-03; AngMaRolg15782-01,Elaeagnaceae,NA,YES,YES,7,30,33,Argentina; Bermuda; Bulgaria; Canada; Greece; Russian Federation; Ukraine,"- Croatia; Albania; Algeria; Argentina; Austria; Belgium; Bermuda; Bulgaria; Canada; Cyprus; Czechia; Denmark; France; Germany; Hungary; Italy; Latvia; Libya; Madeira, Portugal; Mexico; Moldova; Norway; Poland; Portugal; Romania; Russian Federation; Serbia; Spain; Sweden; United States (Contiguous) (ver.2.0, 2022)","- Croatia; Albania; Algeria; Argentina; Austria; Belgium; Bermuda; Bulgaria; Canada; Cyprus; Czechia; Denmark; France; Germany; Greece; Hungary; Italy; Latvia; Libya; Madeira, Portugal; Mexico; Moldova; Norway; Poland; Portugal; Romania; Russian Federation; Serbia; Slovakia; Spain; Sweden; Ukraine; United States (Contiguous) (ver.2.0, 2022)",Terrestrial; terrestrial
Paraserianthes lophantha,paraserianthes lophantha,AngMaFaFb35732-00; AngMaFaFb35732-01; AngMaFaFb35732-02; AngMaFaFb35732-03; AngMaFaFb35732-04,Fabaceae,Australia;Norfolk Island,YES,YES,7,26,26,"Fuerteventura, Islas Canarias, Spain; Gran Canaria, Islas Canarias, Spain; La Gomera, Islas Canarias, Spain; La Palma, Islas Canarias, Spain; New Zealand; Tenerife, Islas Canarias, Spain; Wilderness Lakes, South Africa","- Cook Islands; Addo-Elephant National Park, South Africa; Agulhas National Park, South Africa; Augrabies Falls National Park, South Africa; Azores, Portugal; Bontebok National Park, South Africa; Ecuador; France; Fuerteventura, Islas Canarias, Spain; Garden Route National Park, South Africa; Golden Gate Highlands National Park, South Africa; Gran Canaria, Islas Canarias, Spain; Hawaii, United States (ver.2.0, 2022); India; Italy; La Gomera, Islas Canarias, Spain; La Palma, Islas Canarias, Spain; Madeira, Portugal; New Zealand; Portugal; Spain; Table Mountain National Park, South Africa; Tankwa-Karoo National Park, South Africa; Tenerife, Islas Canarias, Spain; United States (Contiguous) (ver.2.0, 2022); Wilderness Lakes, South Africa","- Cook Islands; Addo-Elephant National Park, South Africa; Agulhas National Park, South Africa; Augrabies Falls National Park, South Africa; Azores, Portugal; Bontebok National Park, South Africa; Ecuador; France; Fuerteventura, Islas Canarias, Spain; Garden Route National Park, South Africa; Golden Gate Highlands National Park, South Africa; Gran Canaria, Islas Canarias, Spain; Hawaii, United States (ver.2.0, 2022); India; Italy; La Gomera, Islas Canarias, Spain; La Palma, Islas Canarias, Spain; Madeira, Portugal; New Zealand; Portugal; Spain; Table Mountain National Park, South Africa; Tankwa-Karoo National Park, South Africa; Tenerife, Islas Canarias, Spain; United States (Contiguous) (ver.2.0, 2022); Wilderness Lakes, South Africa",Terrestrial; terrestrial
Pimenta dioica,pimenta dioica,AngMaMyMy36982-00; AngMaMyMy36982-01; AngMaMyMy36982-01,Myrtaceae,Afghanistan;Belize;Brazil;El Salvador;Honduras;Jamaica;Mexico;United Kingdom;United States,YES,YES,7,26,28,"Bermuda; Federated States of Micronesia; Fiji; Ha'apai group, Tonga; Tonga; Tongatapu Island, Tonga; Vava'u group, Tonga","- Egypt; - Nauru; Algeria; Bangladesh; Barbados; Bermuda; Cambodia; Cameroon; Colombia; El Salvador; Fiji; Guatemala; Ha'apai group, Tonga; Hawaii, United States (ver.2.0, 2022); Honduras; Kwajalein Atoll, Marshall Islands; Marshall Islands; Panama; Peru; Pohnpei, Federated States of Micronesia; Seychelles; Thailand; Tonga; Tongatapu Island, Tonga; United States (Contiguous) (ver.2.0, 2022); Vava'u group, Tonga","- Egypt; - Nauru; Algeria; Bangladesh; Barbados; Bermuda; Cambodia; Cameroon; Colombia; El Salvador; Federated States of Micronesia; Fiji; Guatemala; Ha'apai group, Tonga; Hawaii, United States (ver.2.0, 2022); Honduras; Kwajalein Atoll, Marshall Islands; Marshall Islands; Panama; Peru; Pohnpei, Federated States of Micronesia; Seychelles; Thailand; Tonga; Tongatapu Island, Tonga; United States (Contiguous) (ver.2.0, 2022); Vava'u group, Tonga; Vietnam",Terrestrial; terrestrial
Cascabela thevetia,cascabela thevetia,AngMaGepc7382-01,Apocynaceae,Australia;Brazil;China;Ecuador;Honduras;Mexico;Nicaragua;Peru;Philippines;Portugal;Spain,YES,YES,7,25,25,"Kenya; Mara Ecosystem (Kenya, Tanzania); South Africa; Tanzania; Timor-Leste; Uganda; Zambia","- Sao Tome and Principe; Burkina Faso; Burundi; Chad; Cyprus; Eswatini (Swaziland); Ethiopia; India; Iraq; Kenya; Kruger National Park, South Africa; Malawi; Mara Ecosystem (Kenya, Tanzania); Oman; Rwanda; South Africa; Spain; Table Mountain National Park, South Africa; Tankwa-Karoo National Park, South Africa; Tanzania; Timor-Leste; Turkey; Uganda; Zambia; Zimbabwe","- Sao Tome and Principe; Burkina Faso; Burundi; Chad; Cyprus; Eswatini (Swaziland); Ethiopia; India; Iraq; Kenya; Kruger National Park, South Africa; Malawi; Mara Ecosystem (Kenya, Tanzania); Oman; Rwanda; South Africa; Spain; Table Mountain National Park, South Africa; Tankwa-Karoo National Park, South Africa; Tanzania; Timor-Leste; Turkey; Uganda; Zambia; Zimbabwe",Terrestrial; terrestrial
Fraxinus pennsylvanica,fraxinus pennsylvanica,AngMaLalc20321-00; AngMaLalc20321-01; AngMaLalc20321-02; AngMaLalc20321-03; AngMaLalc20321-04; AngMaLalc20321-05; AngMaLalc20321-06; AngMaLalc20321-07; AngMaLalc20321-08; AngMaLalc20321-09; AngMaLalc20321-10; AngMaLalc20321-11; AngMaLalc20321-12; AngMaLalc20321-01,Oleaceae,Australia,YES,YES,7,21,23,Argentina; Austria; Czechia; Kenya; Serbia; Slovakia; Uruguay,- Croatia; Argentina; Armenia; Australia; Austria; Belarus; Belgium; Bulgaria; Czechia; Estonia; Germany; Hungary; Iraq; Kenya; Latvia; Norway; Poland; Portugal; Romania; Serbia; Uruguay,- Croatia; Argentina; Armenia; Australia; Austria; Belarus; Belgium; Bulgaria; Czechia; Estonia; Germany; Hungary; Iraq; Kenya; Latvia; Norway; Poland; Portugal; Romania; Serbia; Slovakia; Ukraine; Uruguay,Freshwater; Terrestrial; terrestrial
Chrysobalanus icaco,chrysobalanus icaco,AngMaMaCh8621-00; AngMaMaCh8621-01; AngMaMaCh8621-02; AngMaMaCh8621-03; AngMaMaCh8621-04; AngMaMaCh8621-01,Chrysobalanaceae,Brazil;Colombia;Mexico;Nicaragua;Senegal;Seychelles;United States,YES,YES,7,19,20,"Fiji; French Polynesia; Guatemala; Mare-Aux-Cochons, Seychelles; Morne-Seychellois National Park, Seychelles; Seychelles; – Reunion","Chad; Conception, Seychelles; Curieuse Special Reserve, Seychelles; Ecuador; El Salvador; Fiji; French Polynesia; Frégate island, Seychelles; Guatemala; Hawaii, United States (ver.2.0, 2022); Honduras; India; Malaysia; Mare-Aux-Cochons, Seychelles; Morne-Seychellois National Park, Seychelles; Praslin National Park, Seychelles; Seychelles; Vallée de Mai Nature Reserve, Seychelles; – Reunion","Chad; Conception, Seychelles; Curieuse Special Reserve, Seychelles; Ecuador; El Salvador; Fiji; French Polynesia; Frégate island, Seychelles; Guatemala; Hawaii, United States (ver.2.0, 2022); Honduras; India; Malaysia; Mare-Aux-Cochons, Seychelles; Morne-Seychellois National Park, Seychelles; Praslin National Park, Seychelles; Seychelles; Singapore; Vallée de Mai Nature Reserve, Seychelles; – Reunion",Terrestrial; terrestrial
Annona glabra,annona glabra,AngMaMann2648-01,Annonaceae,Australia;Brazil;Colombia;Ecuador;Jamaica;Mexico;Papua New Guinea;United States;Venezuela,YES,YES,7,17,19,Australia; Federated States of Micronesia; Fiji; India; Seychelles; Sri Lanka; Timor-Leste,"- Cook Islands; Australia; Fiji; French Polynesia; Guatemala; Honduras; India; Maldives; Montserrat; Niue; Palau; Papua New Guinea; Pohnpei, Federated States of Micronesia; Seychelles; Solomon Islands; Sri Lanka; Timor-Leste","- Cook Islands; Australia; Federated States of Micronesia; Fiji; French Polynesia; Guatemala; Honduras; India; Maldives; Montserrat; Niue; Palau; Papua New Guinea; Pohnpei, Federated States of Micronesia; Seychelles; Solomon Islands; Sri Lanka; Timor-Leste; Vietnam",Terrestrial; terrestrial
Clerodendrum quadriloculare,clerodendrum quadriloculare,AngMaLaLm9350-01,Lamiaceae,NA,YES,YES,7,16,17,"- Cook Islands; -Samoa; Chuuk, Federated States of Micronesia; Federated States of Micronesia; Kosrae, Federated States of Micronesia; Palau; Papua New Guinea","- Cook Islands; -Samoa; American Samoa; Chuuk, Federated States of Micronesia; Cuba; Dominican Republic; French Polynesia; Kosrae, Federated States of Micronesia; Kwajalein Atoll, Marshall Islands; Majuro Atoll, Marshall Islands; Marshall Islands; Palau; Papua New Guinea; Pohnpei, Federated States of Micronesia; Sri Lanka; Yap, Federated States of Micronesia","- Cook Islands; -Samoa; American Samoa; Chuuk, Federated States of Micronesia; Cuba; Dominican Republic; Federated States of Micronesia; French Polynesia; Kosrae, Federated States of Micronesia; Kwajalein Atoll, Marshall Islands; Majuro Atoll, Marshall Islands; Marshall Islands; Palau; Papua New Guinea; Pohnpei, Federated States of Micronesia; Sri Lanka; Yap, Federated States of Micronesia",Terrestrial; terrestrial
Ardisia elliptica,ardisia elliptica,AngMaErPr3410-01,Primulaceae,Australia;Papua New Guinea;Taiwan,YES,YES,7,15,17,- Cook Islands; -Samoa; Bermuda; French Polynesia; Mauritius; Saint Lucia; Seychelles,"- Cook Islands; - Nicaragua; -Samoa; Australia; Bermuda; Dominica; French Polynesia; Hawaii, United States (ver.2.0, 2022); Maldives; Panama; Saint Kitts and Nevis; Saint Lucia; Seychelles; South Africa; United States (Contiguous) (ver.2.0, 2022)","- Cook Islands; - Nicaragua; -Samoa; Australia; Bermuda; Dominica; French Polynesia; Hawaii, United States (ver.2.0, 2022); Jamaica; Maldives; Mauritius; Panama; Saint Kitts and Nevis; Saint Lucia; Seychelles; South Africa; United States (Contiguous) (ver.2.0, 2022)",Terrestrial; terrestrial
Litsea glutinosa,litsea glutinosa,AngMaLaLr27344-00; AngMaLaLr27344-01; AngMaLaLr27344-02; AngMaLaLr27344-03; AngMaLaLr27344-04; AngMaLaLr27344-05; AngMaLaLr27344-06; AngMaLaLr27344-01,Lauraceae,Australia;Timor-Leste,YES,YES,7,10,14,"Mayotte, France; Mwali (Mohéli), Comoros; Ndzuwani (Anjouan), Comoros; New Caledonia, France; Ngazidja (Grande Comore), Comoros; South Africa; – Reunion","Conception, Seychelles; Frégate island, Seychelles; Kruger National Park, South Africa; Madagascar; Mayotte, France; New Caledonia, France; Seychelles; South Africa; Vallée de Mai Nature Reserve, Seychelles; – Reunion","Comoros; Conception, Seychelles; Frégate island, Seychelles; Kruger National Park, South Africa; Madagascar; Mayotte, France; Mwali (Mohéli), Comoros; Ndzuwani (Anjouan), Comoros; New Caledonia, France; Ngazidja (Grande Comore), Comoros; Seychelles; South Africa; Vallée de Mai Nature Reserve, Seychelles; – Reunion",Terrestrial; terrestrial
Sambucus racemosa,sambucus racemosa,AngMaDiVb42398-00; AngMaDiVb42398-01; AngMaDiVb42398-02; AngMaDiVb42398-03; AngMaDiVb42398-04; AngMaDiVb42398-05; AngMaDiVb42398-06; AngMaDiVb42398-07; AngMaDiVb42398-08; AngMaDiVb42398-09; AngMaDiVb42398-10; AngMaDiVb42398-11; AngMaDiVb42398-12; AngMaDiVb42398-13,Viburnaceae,United States,YES,YES,7,9,9,Belarus; Estonia; Finland; Latvia; Lithuania; Norway; Sweden,Belarus; Estonia; Finland; Great Britain; Latvia; Lithuania; Norway; Russian Federation; Sweden,Belarus; Estonia; Finland; Great Britain; Latvia; Lithuania; Norway; Russian Federation; Sweden,Freshwater; Terrestrial; terrestrial
Pithecellobium dulce,pithecellobium dulce,AngMaFaFb37335-00; AngMaFaFb37335-01,Fabaceae,Colombia;Timor-Leste,YES,YES,6,79,87,"Cuba; Federated States of Micronesia; India; New Caledonia, France; Papua New Guinea; Timor-Leste","- Egypt; - Paraguay; -Samoa; Anguilla; Antigua and Barbuda; Australia; Bahamas; Bangladesh; Barbados; Bhutan; Brazil; Brunei Darussalam; Burkina Faso; Burundi; Cabo Verde; Cambodia; Cameroon; Cayman Islands; Chad; Chuuk, Federated States of Micronesia; Cuba; Democratic Republic of Congo; Djibouti; Dominica; Dominican Republic; El Salvador; Eritrea; Ethiopia; Fiji; Ghana; Grenada; Guatemala; Guyana; Haiti; Hawaii, United States (ver.2.0, 2022); Honduras; India; Iran; Iraq; Jaluit Atoll, Marshall Islands; Kenya; Laos; Madagascar; Majuro Atoll, Marshall Islands; Malawi; Malaysia; Maldives; Marshall Islands; Mayotte, France; Mozambique; Nepal; New Caledonia, France; Nigeria; Oman; Palau; Papua New Guinea; Pohnpei, Federated States of Micronesia; Rapa Nui  (Isla de Pascua, Easter Island); Rapa Nui (Isla de Pascua, Easter Island); Saint Vincent and the Grenadines; Senegal; Seychelles; Sierra Leone; Socotra Archipelago, Yemen; Solomon Islands; Somalia; Soqotra, Yemen; Sudan; Suriname; Tanzania; Thailand; Timor-Leste; Togo; United States (Contiguous) (ver.2.0, 2022); Yap, Federated States of Micronesia; Yemen; Zambia; – Guadeloupe; – Martinique","- Egypt; - Paraguay; -Samoa; Anguilla; Antigua and Barbuda; Australia; Bahamas; Bangladesh; Barbados; Bhutan; Brazil; Brunei Darussalam; Burkina Faso; Burundi; Cabo Verde; Cambodia; Cameroon; Cayman Islands; Chad; Chuuk, Federated States of Micronesia; Comoros; Cuba; Democratic Republic of Congo; Djibouti; Dominica; Dominican Republic; El Salvador; Eritrea; Ethiopia; Federated States of Micronesia; Fiji; Ghana; Grenada; Guatemala; Guyana; Haiti; Hawaii, United States (ver.2.0, 2022); Honduras; India; Iran; Iraq; Jaluit Atoll, Marshall Islands; Jamaica; Kenya; Laos; Madagascar; Majuro Atoll, Marshall Islands; Malawi; Malaysia; Maldives; Marshall Islands; Mauritius; Mayotte, France; Mozambique; Nepal; New Caledonia, France; Nigeria; Oman; Palau; Papua New Guinea; Pohnpei, Federated States of Micronesia; Rapa Nui  (Isla de Pascua, Easter Island); Rapa Nui (Isla de Pascua, Easter Island); Saint Vincent and the Grenadines; Senegal; Seychelles; Sierra Leone; Singapore; Socotra Archipelago, Yemen; Solomon Islands; Somalia; Soqotra, Yemen; Sudan; Suriname; Tanzania; Thailand; Timor-Leste; Togo; Tonga; United States (Contiguous) (ver.2.0, 2022); Vietnam; Yap, Federated States of Micronesia; Yemen; Zambia; Îles Éparses, France; – Guadeloupe; – Martinique",Terrestrial; terrestrial
Bauhinia monandra,bauhinia monandra,AngMaFaFb4617-01,Fabaceae,Australia,YES,YES,6,49,50,"- Cook Islands; -Samoa; Ha'apai group, Tonga; Tonga; Tongatapu Island, Tonga; Vava'u group, Tonga","- Cook Islands; - Sao Tome and Principe; -Samoa; American Samoa; Angola; Australia; Bangladesh; Barbados; Burkina Faso; Burundi; Chuuk, Federated States of Micronesia; Côte d'Ivoire; Democratic Republic of Congo; Equatorial Guinea; Ethiopia; Fiji; Galápagos Islands, Ecuador; Ghana; Ha'apai group, Tonga; Hawaii, United States (ver.2.0, 2022); India; Kenya; Kiribati; Kosrae, Federated States of Micronesia; Liberia; Majuro Atoll, Marshall Islands; Mali; Marshall Islands; Nigeria; Niue; Palau; Panama; Philippines; Pitcairn Islands- Great Britain; Pohnpei, Federated States of Micronesia; Rwanda; Saint Vincent and the Grenadines; Sierra Leone; Somalia; Tanzania; Thailand; Timor-Leste; Tonga; Tongatapu Island, Tonga; Uganda; United States (Contiguous) (ver.2.0, 2022); Vava'u group, Tonga; Yap, Federated States of Micronesia; Zambia","- Cook Islands; - Sao Tome and Principe; -Samoa; American Samoa; Angola; Australia; Bangladesh; Barbados; Burkina Faso; Burundi; Chuuk, Federated States of Micronesia; Côte d'Ivoire; Democratic Republic of Congo; Equatorial Guinea; Ethiopia; Federated States of Micronesia; Fiji; Galápagos Islands, Ecuador; Ghana; Ha'apai group, Tonga; Hawaii, United States (ver.2.0, 2022); India; Kenya; Kiribati; Kosrae, Federated States of Micronesia; Liberia; Majuro Atoll, Marshall Islands; Mali; Marshall Islands; Nigeria; Niue; Palau; Panama; Philippines; Pitcairn Islands- Great Britain; Pohnpei, Federated States of Micronesia; Rwanda; Saint Vincent and the Grenadines; Sierra Leone; Somalia; Tanzania; Thailand; Timor-Leste; Tonga; Tongatapu Island, Tonga; Uganda; United States (Contiguous) (ver.2.0, 2022); Vava'u group, Tonga; Yap, Federated States of Micronesia; Zambia",Terrestrial; terrestrial
Elaeis guineensis,elaeis guineensis,AngNAParc15827-01,Arecaceae,;introduced;introducedAssistedColonisation;native,YES,YES,6,44,48,Bangladesh; Colombia; Costa Rica; Federated States of Micronesia; Palau; Tanzania,"- Cook Islands; Amani Forest Nature Reserve, Tanzania; Bangladesh; Bolivia; Brazil; Burundi; Cambodia; Cameroon; Chuuk, Federated States of Micronesia; Colombia; Costa Rica; Cuba; Dominican Republic; East Usambara, Tanzania; Ecuador; Fiji; French Guiana; Galápagos Islands, Ecuador; Guyana; India; Jaluit Atoll, Marshall Islands; Kenya; Madagascar; Malawi; Marshall Islands; Mayotte, France; Mexico; Myanmar; Niue; Palau; Papua New Guinea; Peru; Philippines; Pohnpei, Federated States of Micronesia; Seychelles; Solomon Islands; Suriname; Tanzania; Thailand; Uganda; United States (Contiguous) (ver.2.0, 2022); Venezuela; Yap, Federated States of Micronesia; – Guadeloupe","- Cook Islands; Amani Forest Nature Reserve, Tanzania; Bangladesh; Bolivia; Brazil; Burundi; Cambodia; Cameroon; Chuuk, Federated States of Micronesia; Colombia; Costa Rica; Cuba; Dominican Republic; East Usambara, Tanzania; Ecuador; Federated States of Micronesia; Fiji; French Guiana; Galápagos Islands, Ecuador; Guyana; India; Jaluit Atoll, Marshall Islands; Kenya; Madagascar; Malawi; Marshall Islands; Mauritius; Mayotte, France; Mexico; Myanmar; Niue; Palau; Papua New Guinea; Peru; Philippines; Pohnpei, Federated States of Micronesia; Seychelles; Singapore; Solomon Islands; Suriname; Tanzania; Thailand; Uganda; United States (Contiguous) (ver.2.0, 2022); Venezuela; Vietnam; Yap, Federated States of Micronesia; – Guadeloupe",Terrestrial; terrestrial
Gleditsia triacanthos,gleditsia triacanthos,AngMaFaFb21180-00; AngMaFaFb21180-01; AngMaFaFb21180-02; AngMaFaFb21180-03; AngMaFaFb21180-01,Fabaceae,NA,YES,YES,6,40,44,Argentina; Serbia; South Africa; Turkey; Turkmenistan; Uruguay,"- Croatia; Afghanistan; Argentina; Armenia; Australia; Austria; Belgium; Bosnia and Herzegovina; Bulgaria; Camdeboo National Park, South Africa; Cyprus; Czechia; France; Georgia; Germany; Ghana; Golden Gate Highlands National Park, South Africa; Gran Canaria, Islas Canarias, Spain; India; Iran; Iraq; Italy; Libya; Mexico; Moldova; Mountain Zebra National Park, South Africa; Mozambique; North Macedonia; Portugal; Romania; Russian Federation; Serbia; Slovenia; South Africa; Spain; Switzerland; Tunisia; Turkey; Turkmenistan; Uruguay","- Croatia; Afghanistan; Argentina; Armenia; Australia; Austria; Belgium; Bosnia and Herzegovina; Bulgaria; Camdeboo National Park, South Africa; Cyprus; Czechia; France; Georgia; Germany; Ghana; Golden Gate Highlands National Park, South Africa; Gran Canaria, Islas Canarias, Spain; Greece; India; Iran; Iraq; Italy; Libya; Mauritius; Mexico; Moldova; Mountain Zebra National Park, South Africa; Mozambique; North Macedonia; Portugal; Romania; Russian Federation; Serbia; Slovakia; Slovenia; South Africa; Spain; Switzerland; Tunisia; Turkey; Turkmenistan; Ukraine; Uruguay",Terrestrial; terrestrial
Cinnamomum camphora,cinnamomum camphora,AngMaLaLr8779-00; AngMaLaLr8779-01; AngMaLaLr8779-02; AngMaLaLr8779-01,Lauraceae,Australia,YES,YES,6,39,42,"Dominican Republic; India; Lord Howe Island, Australia; South Africa; Tanzania; – Reunion","- Cook Islands; - Egypt; - Sao Tome and Principe; Algeria; Amani Forest Nature Reserve, Tanzania; Australia; Brazil; Chuuk, Federated States of Micronesia; Cuba; Democratic Republic of Congo; Dominican Republic; East Usambara, Tanzania; Garden Route National Park, South Africa; Ghana; Hawaii, United States (ver.2.0, 2022); India; Ireland; Kenya; Kruger National Park, South Africa; Lord Howe Island, Australia; Malawi; Mapungupwe National Park, South Africa; Mokala National Park, South Africa; Myanmar; Pohnpei, Federated States of Micronesia; Portugal; Seychelles; Sierra Leone; South Africa; Sri Lanka; Syrian Arab Republic; Table Mountain National Park, South Africa; Tankwa-Karoo National Park, South Africa; Tanzania; Thailand; United States (Contiguous) (ver.2.0, 2022); Yap, Federated States of Micronesia; – Guadeloupe; – Reunion","- Cook Islands; - Egypt; - Sao Tome and Principe; Algeria; Amani Forest Nature Reserve, Tanzania; Australia; Brazil; Chuuk, Federated States of Micronesia; Comoros; Cuba; Democratic Republic of Congo; Dominican Republic; East Usambara, Tanzania; Federated States of Micronesia; Garden Route National Park, South Africa; Ghana; Hawaii, United States (ver.2.0, 2022); India; Ireland; Kenya; Kruger National Park, South Africa; Lord Howe Island, Australia; Malawi; Mapungupwe National Park, South Africa; Mauritius; Mokala National Park, South Africa; Myanmar; Pohnpei, Federated States of Micronesia; Portugal; Seychelles; Sierra Leone; South Africa; Sri Lanka; Syrian Arab Republic; Table Mountain National Park, South Africa; Tankwa-Karoo National Park, South Africa; Tanzania; Thailand; United States (Contiguous) (ver.2.0, 2022); Yap, Federated States of Micronesia; – Guadeloupe; – Reunion",Terrestrial; terrestrial
Pinus radiata,pinus radiata,AngPiPiPn37085-00; AngPiPiPn37085-01; AngPiPiPn37085-02; AngPiPiPn37085-01,Pinaceae,NA,YES,YES,6,39,39,Argentina; Bolivia; Chile; New Zealand; South Africa; Uruguay,"Addo-Elephant National Park, South Africa; Agulhas National Park, South Africa; Archipielago Juan Fernández, Chile; Argentina; Augrabies Falls National Park, South Africa; Australia; Bolivia; Chile; Colombia; Ecuador; El Hierro, Islas Canarias, Spain; Galápagos Islands, Ecuador; Garden Route National Park, South Africa; Golden Gate Highlands National Park, South Africa; Gran Canaria, Islas Canarias, Spain; Great Britain; Hawaii, United States (ver.2.0, 2022); India; Ireland; Italy; Juan Fernandez Islands, Chile; La Gomera, Islas Canarias, Spain; La Palma, Islas Canarias, Spain; Lanzarote, Islas Canarias, Spain; Lesotho; Libya; New Zealand; Peru; Portugal; South Africa; Spain; Sudan; Table Mountain National Park, South Africa; Tankwa-Karoo National Park, South Africa; Tenerife, Islas Canarias, Spain; Turkey; Uruguay; – Falkland Islands (Islas Malvinas); – Tristan da Cunha, Saint Helena, Ascension and Tristan da Cunha","Addo-Elephant National Park, South Africa; Agulhas National Park, South Africa; Archipielago Juan Fernández, Chile; Argentina; Augrabies Falls National Park, South Africa; Australia; Bolivia; Chile; Colombia; Ecuador; El Hierro, Islas Canarias, Spain; Galápagos Islands, Ecuador; Garden Route National Park, South Africa; Golden Gate Highlands National Park, South Africa; Gran Canaria, Islas Canarias, Spain; Great Britain; Hawaii, United States (ver.2.0, 2022); India; Ireland; Italy; Juan Fernandez Islands, Chile; La Gomera, Islas Canarias, Spain; La Palma, Islas Canarias, Spain; Lanzarote, Islas Canarias, Spain; Lesotho; Libya; New Zealand; Peru; Portugal; South Africa; Spain; Sudan; Table Mountain National Park, South Africa; Tankwa-Karoo National Park, South Africa; Tenerife, Islas Canarias, Spain; Turkey; Uruguay; – Falkland Islands (Islas Malvinas); – Tristan da Cunha, Saint Helena, Ascension and Tristan da Cunha",Terrestrial; terrestrial
Casuarina cunninghamiana,casuarina cunninghamiana,AngMaFaCs7782-00; AngMaFaCs7782-01; AngMaFaCs7782-02; AngMaFaCs7782-03,Casuarinaceae,Australia;Spain;Uruguay,YES,YES,6,35,36,Cuba; Cyprus; Mexico; South Africa; Sri Lanka; Sudan,"- Egypt; - Japan; Addo-Elephant National Park, South Africa; Algeria; Bangladesh; Brazil; Costa Rica; Cuba; Cyprus; Eritrea; Eswatini (Swaziland); Ethiopia; Hawaii, United States (ver.2.0, 2022); India; La Palma, Islas Canarias, Spain; Libya; Madagascar; Malawi; Malta; Mexico; Peru; Portugal; South Africa; Sovereign Base Areas of Cyprus, Cyprus; Spain; Sri Lanka; Sudan; Table Mountain National Park, South Africa; Tankwa-Karoo National Park, South Africa; Tenerife, Islas Canarias, Spain; United States (Contiguous) (ver.2.0, 2022); Vanuatu; Venezuela; Yemen; – Saint Helena, Saint Helena, Ascension and Tristan da Cunha","- Egypt; - Japan; Addo-Elephant National Park, South Africa; Algeria; Bangladesh; Brazil; Costa Rica; Cuba; Cyprus; Eritrea; Eswatini (Swaziland); Ethiopia; Hawaii, United States (ver.2.0, 2022); India; La Palma, Islas Canarias, Spain; Libya; Madagascar; Malawi; Malta; Mexico; Peru; Portugal; South Africa; Sovereign Base Areas of Cyprus, Cyprus; Spain; Sri Lanka; Sudan; Table Mountain National Park, South Africa; Tankwa-Karoo National Park, South Africa; Tenerife, Islas Canarias, Spain; United States (Contiguous) (ver.2.0, 2022); Vanuatu; Venezuela; Vietnam; Yemen; – Saint Helena, Saint Helena, Ascension and Tristan da Cunha",Terrestrial; terrestrial
Sambucus nigra,sambucus nigra,AngMaDiVb42396-00; AngMaDiVb42396-01; AngMaDiVb42396-02; AngMaDiVb42396-03; AngMaDiVb42396-04; AngMaDiVb42396-05; AngMaDiVb42396-06; AngMaDiVb42396-01,Viburnaceae,Australia,YES,YES,6,34,35,Belarus; Estonia; Latvia; Lithuania; New Zealand; Sweden,"Australia; Belarus; Bolivia; Chile; Colombia; Cyprus; Côte d'Ivoire; Democratic Republic of Congo; Ecuador; Estonia; Ethiopia; Galápagos Islands, Ecuador; Garden Route National Park, South Africa; India; Kenya; Latvia; Lithuania; Madeira, Portugal; Malawi; Malta; Morocco; New Zealand; Palau; Russian Federation; Rwanda; Sweden; Tanzania; Timor-Leste; Turkey; Uganda; United States (Contiguous) (ver.2.0, 2022); Zambia; Zimbabwe; – Falkland Islands (Islas Malvinas)","Australia; Belarus; Bolivia; Chile; Colombia; Cyprus; Côte d'Ivoire; Democratic Republic of Congo; Ecuador; Estonia; Ethiopia; Federated States of Micronesia; Galápagos Islands, Ecuador; Garden Route National Park, South Africa; India; Kenya; Latvia; Lithuania; Madeira, Portugal; Malawi; Malta; Morocco; New Zealand; Palau; Russian Federation; Rwanda; Sweden; Tanzania; Timor-Leste; Turkey; Uganda; United States (Contiguous) (ver.2.0, 2022); Zambia; Zimbabwe; – Falkland Islands (Islas Malvinas)",Freshwater; Terrestrial; terrestrial
Cedrela odorata,cedrela odorata,AngMaSaMl7919-00; AngMaSaMl7919-01; AngMaSaMl7919-02; AngMaSaMl7919-01,Meliaceae,Argentina;Brazil;Colombia;Cuba;Ecuador;El Salvador;Mexico;Nicaragua;Panama;Paraguay;Peru;Suriname;United States;Venezuela,YES,YES,6,32,34,"Galápagos Islands, Ecuador; Malawi; New Caledonia, France; Tanzania; Tonga; Zambia","- Cook Islands; - Sao Tome and Principe; -Samoa; Amani Forest Nature Reserve, Tanzania; American Samoa; Australia; Burundi; Cameroon; Côte d'Ivoire; East Usambara, Tanzania; El Salvador; Fiji; Galápagos Islands, Ecuador; Ghana; Guatemala; Hawaii, United States (ver.2.0, 2022); Honduras; Kenya; Libya; Malawi; New Caledonia, France; Nigeria; Rwanda; Seychelles; Solomon Islands; South Africa; Tanzania; Tonga; Tongatapu Island, Tonga; Uganda; Zambia; Zimbabwe","- Cook Islands; - Nicaragua; - Sao Tome and Principe; -Samoa; Amani Forest Nature Reserve, Tanzania; American Samoa; Australia; Burundi; Cameroon; Côte d'Ivoire; East Usambara, Tanzania; El Salvador; Federated States of Micronesia; Fiji; Galápagos Islands, Ecuador; Ghana; Guatemala; Hawaii, United States (ver.2.0, 2022); Honduras; Kenya; Libya; Malawi; New Caledonia, France; Nigeria; Rwanda; Seychelles; Solomon Islands; South Africa; Tanzania; Tonga; Tongatapu Island, Tonga; Uganda; Zambia; Zimbabwe",Terrestrial; terrestrial
Syringa vulgaris,syringa vulgaris,AngMaLalc45737-00; AngMaLalc45737-01; AngMaLalc45737-01,Oleaceae,NA,YES,YES,6,31,33,Canada; Czechia; Germany; Latvia; Norway; Sweden,"- Croatia; Armenia; Australia; Austria; Belgium; Bosnia and Herzegovina; Canada; Czechia; Denmark; Estonia; France; Germany; Great Britain; Iraq; Ireland; Italy; Latvia; Libya; Lithuania; Luxembourg; Netherlands; Norway; Poland; Portugal; Russian Federation; Serbia; Slovenia; Sweden; Switzerland; Turkey; United States (Contiguous) (ver.2.0, 2022)","- Croatia; Armenia; Australia; Austria; Belgium; Bosnia and Herzegovina; Canada; Czechia; Denmark; Estonia; France; Germany; Great Britain; Iraq; Ireland; Italy; Latvia; Libya; Lithuania; Luxembourg; Netherlands; Norway; Poland; Portugal; Russian Federation; Serbia; Slovakia; Slovenia; Sweden; Switzerland; Turkey; Ukraine; United States (Contiguous) (ver.2.0, 2022)",Freshwater; Terrestrial; terrestrial
Lawsonia inermis,lawsonia inermis,AngMaMyLy26310-01,Lythraceae,Australia,YES,YES,6,29,31,"Aruba; Bonaire, Bonaire, Sint Eustatius and Saba; Curacao, Netherlands; Saba, Bonaire, Sint Eustatius and Saba; Sint Eustatius, Bonaire, Sint Eustatius and Saba; Sint Maarten, Netherlands","- Cook Islands; Anguilla; Aruba; Bonaire, Bonaire, Sint Eustatius and Saba; Burkina Faso; Chad; Cuba; Curacao, Netherlands; Cyprus; Democratic Republic of Congo; Ecuador; Gabon; Galápagos Islands, Ecuador; Laos; Libya; Madagascar; Maldives; Mauritania; Montserrat; Panama; Philippines; Qatar; Saba, Bonaire, Sint Eustatius and Saba; Seychelles; Sint Eustatius, Bonaire, Sint Eustatius and Saba; Sint Maarten, Netherlands; Socotra Archipelago, Yemen; Soqotra, Yemen; Yemen","- Cook Islands; Anguilla; Aruba; Bonaire, Bonaire, Sint Eustatius and Saba; Burkina Faso; Chad; Comoros; Cuba; Curacao, Netherlands; Cyprus; Democratic Republic of Congo; Ecuador; Gabon; Galápagos Islands, Ecuador; Laos; Libya; Madagascar; Maldives; Mauritania; Montserrat; Panama; Philippines; Qatar; Saba, Bonaire, Sint Eustatius and Saba; Seychelles; Singapore; Sint Eustatius, Bonaire, Sint Eustatius and Saba; Sint Maarten, Netherlands; Socotra Archipelago, Yemen; Soqotra, Yemen; Yemen",Terrestrial; terrestrial
Gmelina arborea,gmelina arborea,AngMaLaLm21405-00; AngMaLaLm21405-01,Lamiaceae,NA,YES,YES,6,26,27,- Cook Islands; Malawi; Sierra Leone; Tanzania; Timor-Leste; Zambia,"- Cook Islands; Australia; Benin; Burkina Faso; Burundi; Chad; Costa Rica; Cuba; Côte d'Ivoire; Democratic Republic of Congo; Dominican Republic; Ethiopia; Gambia; Kenya; Malawi; Philippines; Pohnpei, Federated States of Micronesia; Senegal; Seychelles; Sierra Leone; Sudan; Tanzania; Timor-Leste; Tonga; Tongatapu Island, Tonga; Zambia","- Cook Islands; Australia; Benin; Burkina Faso; Burundi; Chad; Costa Rica; Cuba; Côte d'Ivoire; Democratic Republic of Congo; Dominican Republic; Ethiopia; Federated States of Micronesia; Gambia; Kenya; Malawi; Philippines; Pohnpei, Federated States of Micronesia; Senegal; Seychelles; Sierra Leone; Sudan; Tanzania; Timor-Leste; Tonga; Tongatapu Island, Tonga; Zambia",Terrestrial; terrestrial
Muntingia calabura,muntingia calabura,AngMaMaMn32058-01,Muntingiaceae,Argentina;Bolivia;Brazil;China;Colombia;Ecuador;Honduras;Mexico;Panama;Papua New Guinea;Peru;Timor-Leste,YES,YES,6,25,28,- Indonesia; - Nauru; Federated States of Micronesia; India; Palau; Wallis and Futuna,"- Cook Islands; - Indonesia; - Nauru; Australia; Brunei Darussalam; Chuuk, Federated States of Micronesia; Curacao, Netherlands; El Salvador; French Polynesia; Galápagos Islands, Ecuador; Guatemala; Honduras; India; Laos; Malaysia; Maldives; Palau; Philippines; Pohnpei, Federated States of Micronesia; Seychelles; Solomon Islands; Timor-Leste; United States (Contiguous) (ver.2.0, 2022); Wallis and Futuna; Yap, Federated States of Micronesia","- Cook Islands; - Indonesia; - Nauru; Australia; Brunei Darussalam; Chuuk, Federated States of Micronesia; Curacao, Netherlands; El Salvador; Federated States of Micronesia; French Polynesia; Galápagos Islands, Ecuador; Guatemala; Honduras; India; Laos; Malaysia; Maldives; Palau; Philippines; Pohnpei, Federated States of Micronesia; Seychelles; Singapore; Solomon Islands; Timor-Leste; United States (Contiguous) (ver.2.0, 2022); Vietnam; Wallis and Futuna; Yap, Federated States of Micronesia",Terrestrial; terrestrial
Calliandra houstoniana,calliandra houstoniana,AngMaFaFb6376-00; AngMaFaFb6376-01; AngMaFaFb6376-02; AngMaFaFb6376-03; AngMaFaFb6376-04; AngMaFaFb6376-01,Fabaceae,Mexico,YES,YES,6,19,20,- Indonesia; Jamaica; Kenya; Rwanda; Tanzania; Uganda,"- Indonesia; American Samoa; Australia; Burundi; Ethiopia; Gabon; Hawaii, United States (ver.2.0, 2022); India; Kenya; Nigeria; Niue; Panama; Rwanda; Senegal; Suriname; Tanzania; Togo; Uganda; Zambia","- Indonesia; American Samoa; Australia; Burundi; Ethiopia; Gabon; Hawaii, United States (ver.2.0, 2022); India; Jamaica; Kenya; Nigeria; Niue; Panama; Rwanda; Senegal; Suriname; Tanzania; Togo; Uganda; Zambia",Terrestrial; terrestrial
Vachellia farnesiana,vachellia farnesiana,AngMaFaFb48934-00; AngMaFaFb48934-01; AngMaFaFb48934-02; AngMaFaFb48934-01,Fabaceae,Australia;Brazil;Mexico;Paraguay;Timor-Leste,YES,YES,6,18,22,China; Federated States of Micronesia; French Polynesia; Guyana; India; Timor-Leste,"Cayman Islands; China; El Salvador; France; French Polynesia; Guatemala; Guyana; Hawaii, United States (ver.2.0, 2022); Honduras; India; Iran; Iraq; Italy; Lebanon; Madeira, Portugal; Mayotte, France; Saint Barthelemy; Timor-Leste","Cayman Islands; China; Comoros; El Salvador; Federated States of Micronesia; France; French Polynesia; Guatemala; Guyana; Hawaii, United States (ver.2.0, 2022); Honduras; India; Iran; Iraq; Italy; Lebanon; Madeira, Portugal; Mauritius; Mayotte, France; Saint Barthelemy; Timor-Leste; Îles Éparses, France",Terrestrial; terrestrial
Piper aduncum,piper aduncum,AngMaPiPp37116-00; AngMaPiPp37116-01; AngMaPiPp37116-02; AngMaPiPp37116-03; AngMaPiPp37116-04; AngMaPiPp37116-05; AngMaPiPp37116-06; AngMaPiPp37116-07; AngMaPiPp37116-08; AngMaPiPp37116-09; AngMaPiPp37116-10; AngMaPiPp37116-11; AngMaPiPp37116-12; AngMaPiPp37116-13; AngMaPiPp37116-14; AngMaPiPp37116-15; AngMaPiPp37116-16; AngMaPiPp37116-01,Piperaceae,Bolivia;Brazil;Christmas Island;Colombia;Cuba;Dominican Republic;Ecuador;Indonesia;Mexico;Nicaragua;Panama;Papua New Guinea;Peru;Puerto Rico;Venezuela,YES,YES,6,16,17,- Indonesia; Fiji; Papua New Guinea; Philippines; Solomon Islands; Vanuatu,"- Indonesia; Amani Forest Nature Reserve, Tanzania; Australia; East Usambara, Tanzania; El Salvador; Fiji; Galápagos Islands, Ecuador; Guatemala; Hawaii, United States (ver.2.0, 2022); Honduras; Malaysia; Papua New Guinea; Philippines; Solomon Islands; Tuvalu; Vanuatu","- Indonesia; Amani Forest Nature Reserve, Tanzania; Australia; East Usambara, Tanzania; El Salvador; Fiji; Galápagos Islands, Ecuador; Guatemala; Hawaii, United States (ver.2.0, 2022); Honduras; Malaysia; Papua New Guinea; Philippines; Singapore; Solomon Islands; Tuvalu; Vanuatu",Terrestrial; terrestrial
Pinus contorta,pinus contorta,AngPiPiPn37021-00; AngPiPiPn37021-01; AngPiPiPn37021-02; AngPiPiPn37021-03; AngPiPiPn37021-04; AngPiPiPn37021-05; AngPiPiPn37021-01,Pinaceae,NA,YES,YES,6,12,13,Chile; Denmark; Ireland; New Zealand; Norway; Sweden,Argentina; Australia; Belgium; Chile; Denmark; Great Britain; Iceland; Ireland; New Zealand; Norway; Sweden; – Falkland Islands (Islas Malvinas),Argentina; Australia; Belgium; Chile; Denmark; Great Britain; Iceland; Ireland; New Zealand; Norway; Slovakia; Sweden; – Falkland Islands (Islas Malvinas),Terrestrial; terrestrial
Cecropia peltata,cecropia peltata,AngMaRort7891-01,Urticaceae,Australia;Brazil;Colombia;Cuba;Guatemala;Indonesia;Mexico,YES,YES,6,11,12,- Indonesia; Côte d'Ivoire; French Polynesia; Madagascar; Malaysia; Singapore,- Indonesia; - Sao Tome and Principe; Brazil; Cameroon; Côte d'Ivoire; French Polynesia; Guatemala; Honduras; Madagascar; Malaysia; Senegal,- Indonesia; - Sao Tome and Principe; Brazil; Cameroon; Côte d'Ivoire; French Polynesia; Guatemala; Honduras; Madagascar; Malaysia; Senegal; Singapore,Terrestrial; terrestrial
Nypa fruticans,nypa fruticans,AngLiArrc33756-00; AngLiArrc33756-01,Arecaceae,;NA,YES,YES,6,11,12,Cameroon; Guyana; Mauritania; Nigeria; Senegal; Sierra Leone,"Cameroon; Chuuk, Federated States of Micronesia; Guyana; Kosrae, Federated States of Micronesia; Mauritania; Nigeria; Papua New Guinea; Pohnpei, Federated States of Micronesia; Senegal; Sierra Leone; Yap, Federated States of Micronesia","Cameroon; Chuuk, Federated States of Micronesia; Federated States of Micronesia; Guyana; Kosrae, Federated States of Micronesia; Mauritania; Nigeria; Papua New Guinea; Pohnpei, Federated States of Micronesia; Senegal; Sierra Leone; Yap, Federated States of Micronesia",Brackish; Freshwater; Freshwater/Brackish; Terrestrial
Hippophae rhamnoides,hippophae rhamnoides,AngMaRolg23584-00; AngMaRolg23584-01; AngMaRolg23584-02; AngMaRolg23584-03; AngMaRolg23584-04; AngMaRolg23584-05; AngMaRolg23584-06; AngMaRolg23584-07; AngMaRolg23584-08; AngMaRolg23584-09; AngMaRolg23584-10; AngMaRolg23584-11,Elaeagnaceae,NA,YES,YES,6,11,12,Belarus; Canada; Ireland; Latvia; Lithuania; Russian Federation,Albania; Belarus; Belgium; Canada; Czechia; Estonia; Ireland; Latvia; Lithuania; Portugal; Russian Federation,Albania; Belarus; Belgium; Canada; Czechia; Estonia; Ireland; Latvia; Lithuania; Portugal; Russian Federation; Slovakia,Freshwater; Terrestrial; terrestrial
Terminalia catappa,terminalia catappa,AngMaMyCm47297-01,Combretaceae,Australia;Papua New Guinea,YES,YES,5,68,76,Barbados; Cambodia; Cuba; Guyana; Suriname,"- Sao Tome and Principe; -Samoa; Anguilla; Antigua and Barbuda; Aruba; Bahamas; Barbados; Bonaire, Bonaire, Sint Eustatius and Saba; Brazil; Burkina Faso; Burundi; Cambodia; Cayman Islands; Chad; Cuba; Curacao, Netherlands; Democratic Republic of Congo; Djibouti; Dominican Republic; Ecuador; Equatorial Guinea; Fiji; French Guiana; French Polynesia; Gabon; Galápagos Islands, Ecuador; Guyana; Haiti; Hawaii, United States (ver.2.0, 2022); Iran; Kenya; Liberia; Madagascar; Majuro Atoll, Marshall Islands; Malawi; Maldives; Marshall Islands; Montserrat; Myanmar; Panama; Pitcairn Islands- Great Britain; Rwanda; Saba, Bonaire, Sint Eustatius and Saba; Saint Barthelemy; Saint Martin (French part); Senegal; Sint Eustatius, Bonaire, Sint Eustatius and Saba; Sint Maarten, Netherlands; Socotra Archipelago, Yemen; Solomon Islands; Somalia; Soqotra, Yemen; Sudan; Suriname; Tanzania; Tokelau; Tonga; Tongatapu Island, Tonga; Trinidad and Tobago; Uganda; United States (Contiguous) (ver.2.0, 2022); Vanuatu; Venezuela; Yemen; – British Indian Ocean Territory; – Guadeloupe; – Martinique; – Saint Helena, Saint Helena, Ascension and Tristan da Cunha","- Sao Tome and Principe; -Samoa; Anguilla; Antigua and Barbuda; Aruba; Bahamas; Barbados; Bonaire, Bonaire, Sint Eustatius and Saba; Brazil; Burkina Faso; Burundi; Cambodia; Cayman Islands; Chad; Comoros; Cuba; Curacao, Netherlands; Democratic Republic of Congo; Djibouti; Dominican Republic; Ecuador; Equatorial Guinea; Federated States of Micronesia; Fiji; French Guiana; French Polynesia; Gabon; Galápagos Islands, Ecuador; Guyana; Haiti; Hawaii, United States (ver.2.0, 2022); Iran; Jamaica; Kenya; Liberia; Madagascar; Majuro Atoll, Marshall Islands; Malawi; Maldives; Marshall Islands; Mauritius; Montserrat; Mwali (Mohéli), Comoros; Myanmar; Ndzuwani (Anjouan), Comoros; Ngazidja (Grande Comore), Comoros; Panama; Pitcairn Islands- Great Britain; Rwanda; Saba, Bonaire, Sint Eustatius and Saba; Saint Barthelemy; Saint Martin (French part); Senegal; Sint Eustatius, Bonaire, Sint Eustatius and Saba; Sint Maarten, Netherlands; Socotra Archipelago, Yemen; Solomon Islands; Somalia; Soqotra, Yemen; Sudan; Suriname; Tanzania; Tokelau; Tonga; Tongatapu Island, Tonga; Trinidad and Tobago; Uganda; United States (Contiguous) (ver.2.0, 2022); Vanuatu; Venezuela; Vietnam; Yemen; – British Indian Ocean Territory; – Guadeloupe; – Martinique; – Saint Helena, Saint Helena, Ascension and Tristan da Cunha",Terrestrial; terrestrial
Morus alba,morus alba,AngMaRoMr31885-00; AngMaRoMr31885-01; AngMaRoMr31885-02; AngMaRoMr31885-03; AngMaRoMr31885-04; AngMaRoMr31885-05; AngMaRoMr31885-06; AngMaRoMr31885-07; AngMaRoMr31885-08; AngMaRoMr31885-09; AngMaRoMr31885-10; AngMaRoMr31885-01,Moraceae,NA,YES,YES,5,54,59,Argentina; Canada; Montenegro; South Africa; Uruguay,"- Croatia; - Egypt; - Japan; Albania; Argentina; Australia; Austria; Belgium; Bosnia and Herzegovina; Brazil; Bulgaria; Canada; Cyprus; Czechia; Democratic Republic of Congo; Denmark; Ecuador; France; Garden Route National Park, South Africa; Gran Canaria, Islas Canarias, Spain; Hawaii, United States (ver.2.0, 2022); India; Ireland; Italy; Kruger National Park, South Africa; La Palma, Islas Canarias, Spain; Laos; Lesotho; Libya; Lithuania; Malta; Mara Ecosystem (Kenya, Tanzania); Mokala National Park, South Africa; Moldova; Montenegro; Pakistan; Peru; Philippines; Poland; Portugal; Rapa Nui  (Isla de Pascua, Easter Island); Rapa Nui (Isla de Pascua, Easter Island); Romania; Russian Federation; Slovenia; South Africa; Spain; Switzerland; Table Mountain National Park, South Africa; United States (Contiguous) (ver.2.0, 2022); Uruguay; – British Indian Ocean Territory; – Korea (Democratic People's Republic of); – Saint Helena, Saint Helena, Ascension and Tristan da Cunha","- Croatia; - Egypt; - Japan; Albania; Argentina; Australia; Austria; Belgium; Bosnia and Herzegovina; Brazil; Bulgaria; Canada; Cyprus; Czechia; Democratic Republic of Congo; Denmark; Ecuador; France; Garden Route National Park, South Africa; Gran Canaria, Islas Canarias, Spain; Greece; Hawaii, United States (ver.2.0, 2022); India; Ireland; Italy; Jordan; Kruger National Park, South Africa; La Palma, Islas Canarias, Spain; Laos; Lesotho; Libya; Lithuania; Malta; Mara Ecosystem (Kenya, Tanzania); Mauritius; Mokala National Park, South Africa; Moldova; Montenegro; Pakistan; Peru; Philippines; Poland; Portugal; Rapa Nui  (Isla de Pascua, Easter Island); Rapa Nui (Isla de Pascua, Easter Island); Romania; Russian Federation; Slovakia; Slovenia; South Africa; Spain; Switzerland; Table Mountain National Park, South Africa; Ukraine; United States (Contiguous) (ver.2.0, 2022); Uruguay; – British Indian Ocean Territory; – Korea (Democratic People's Republic of); – Saint Helena, Saint Helena, Ascension and Tristan da Cunha",Terrestrial; terrestrial
Jacaranda mimosifolia,jacaranda mimosifolia,AngMaLaBg25453-01,Bignoniaceae,NA,YES,YES,5,46,46,Kenya; South Africa; Tanzania; Zambia; Zimbabwe,"- Cook Islands; - Sao Tome and Principe; Addo-Elephant National Park, South Africa; Australia; Burundi; Chimanimani National Park, Zimbabwe; Costa Rica; Democratic Republic of Congo; Ecuador; Eswatini (Swaziland); Ethiopia; Gabon; Galápagos Islands, Ecuador; Garden Route National Park, South Africa; Golden Gate Highlands National Park, South Africa; Guinea; Hawaii, United States (ver.2.0, 2022); Italy; Kenya; Kruger National Park, South Africa; La Palma, Islas Canarias, Spain; Malawi; Mapungupwe National Park, South Africa; Mara Ecosystem (Kenya, Tanzania); Marakele National Park, South Africa; Montserrat; Mountain Zebra National Park, South Africa; Namibia; Ngorongoro Conservation Area, Tanzania; Niue; Nyanga National Park, Zimbabwe; Panama; Rwanda; Seychelles; South Africa; Table Mountain National Park, South Africa; Tankwa-Karoo National Park, South Africa; Tanzania; Tenerife, Islas Canarias, Spain; Turkey; Uganda; United States (Contiguous) (ver.2.0, 2022); Venezuela; Yemen; Zambia; Zimbabwe","- Cook Islands; - Sao Tome and Principe; Addo-Elephant National Park, South Africa; Australia; Burundi; Chimanimani National Park, Zimbabwe; Costa Rica; Democratic Republic of Congo; Ecuador; Eswatini (Swaziland); Ethiopia; Gabon; Galápagos Islands, Ecuador; Garden Route National Park, South Africa; Golden Gate Highlands National Park, South Africa; Guinea; Hawaii, United States (ver.2.0, 2022); Italy; Kenya; Kruger National Park, South Africa; La Palma, Islas Canarias, Spain; Malawi; Mapungupwe National Park, South Africa; Mara Ecosystem (Kenya, Tanzania); Marakele National Park, South Africa; Montserrat; Mountain Zebra National Park, South Africa; Namibia; Ngorongoro Conservation Area, Tanzania; Niue; Nyanga National Park, Zimbabwe; Panama; Rwanda; Seychelles; South Africa; Table Mountain National Park, South Africa; Tankwa-Karoo National Park, South Africa; Tanzania; Tenerife, Islas Canarias, Spain; Turkey; Uganda; United States (Contiguous) (ver.2.0, 2022); Venezuela; Yemen; Zambia; Zimbabwe",Terrestrial; terrestrial
Annona muricata,annona muricata,AngMaMann2677-01,Annonaceae,Colombia,YES,YES,5,40,47,"- Nauru; Tonga; Tongatapu Island, Tonga; Vanuatu; Vava'u group, Tonga","- Cook Islands; - Nauru; - Sao Tome and Principe; -Samoa; Algeria; American Samoa; Anguilla; Bolivia; Brunei Darussalam; Burkina Faso; Burundi; Chuuk, Federated States of Micronesia; Costa Rica; Curieuse Special Reserve, Seychelles; Democratic Republic of Congo; Equatorial Guinea; Galápagos Islands, Ecuador; Ha'apai group, Tonga; Hawaii, United States (ver.2.0, 2022); India; Jaluit Atoll, Marshall Islands; Kosrae, Federated States of Micronesia; Laos; Majuro Atoll, Marshall Islands; Maldives; Marshall Islands; Niue; Palau; Philippines; Pohnpei, Federated States of Micronesia; Rwanda; Saba, Bonaire, Sint Eustatius and Saba; Seychelles; Sint Eustatius, Bonaire, Sint Eustatius and Saba; Sint Maarten, Netherlands; Tonga; Tongatapu Island, Tonga; Vanuatu; Vava'u group, Tonga; Yap, Federated States of Micronesia","- Cook Islands; - Nauru; - Sao Tome and Principe; -Samoa; Algeria; American Samoa; Anguilla; Bolivia; Brunei Darussalam; Burkina Faso; Burundi; Chuuk, Federated States of Micronesia; Comoros; Costa Rica; Curieuse Special Reserve, Seychelles; Democratic Republic of Congo; Equatorial Guinea; Federated States of Micronesia; Galápagos Islands, Ecuador; Ha'apai group, Tonga; Hawaii, United States (ver.2.0, 2022); India; Jaluit Atoll, Marshall Islands; Kosrae, Federated States of Micronesia; Laos; Majuro Atoll, Marshall Islands; Maldives; Marshall Islands; Mwali (Mohéli), Comoros; Ndzuwani (Anjouan), Comoros; Ngazidja (Grande Comore), Comoros; Niue; Palau; Philippines; Pohnpei, Federated States of Micronesia; Rwanda; Saba, Bonaire, Sint Eustatius and Saba; Seychelles; Sint Eustatius, Bonaire, Sint Eustatius and Saba; Sint Maarten, Netherlands; Tonga; Tongatapu Island, Tonga; Vanuatu; Vava'u group, Tonga; Vietnam; Yap, Federated States of Micronesia; Îles Éparses, France",Terrestrial; terrestrial
Ficus benjamina,ficus benjamina,AngMaRoMr19514-00; AngMaRoMr19514-01; AngMaRoMr19514-02; AngMaRoMr19514-03; AngMaRoMr19514-01,Moraceae,Australia;Papua New Guinea;Philippines;Singapore;Vanuatu,YES,YES,5,34,37,"-Samoa; Ha'apai group, Tonga; Tonga; Tongatapu Island, Tonga; Vava'u group, Tonga","- Cook Islands; - Egypt; -Samoa; American Samoa; Anguilla; Antigua and Barbuda; Arno Atoll, Marshall Islands; Barbados; Cambodia; Cuba; Eswatini (Swaziland); Fiji; French Guiana; Galápagos Islands, Ecuador; Ha'apai group, Tonga; Iran; Kiribati; Kwajalein Atoll, Marshall Islands; Libya; Majuro Atoll, Marshall Islands; Maldives; Mara Ecosystem (Kenya, Tanzania); Marshall Islands; Palau; Papua New Guinea; Pohnpei, Federated States of Micronesia; Saint Vincent and the Grenadines; Seychelles; Solomon Islands; Tonga; Tongatapu Island, Tonga; United States (Contiguous) (ver.2.0, 2022); Vava'u group, Tonga; Wotje Atoll, Marshall Islands","- Cook Islands; - Egypt; -Samoa; American Samoa; Anguilla; Antigua and Barbuda; Arno Atoll, Marshall Islands; Barbados; Cambodia; Cuba; Eswatini (Swaziland); Federated States of Micronesia; Fiji; French Guiana; Galápagos Islands, Ecuador; Ha'apai group, Tonga; Iran; Kiribati; Kwajalein Atoll, Marshall Islands; Libya; Majuro Atoll, Marshall Islands; Maldives; Mara Ecosystem (Kenya, Tanzania); Marshall Islands; Palau; Papua New Guinea; Pohnpei, Federated States of Micronesia; Saint Vincent and the Grenadines; Seychelles; Singapore; Solomon Islands; Tonga; Tongatapu Island, Tonga; United States (Contiguous) (ver.2.0, 2022); Vava'u group, Tonga; Vietnam; Wotje Atoll, Marshall Islands",Terrestrial; terrestrial
Sesbania grandiflora,sesbania grandiflora,AngMaFaFb43529-01,Fabaceae,Australia,YES,YES,5,33,34,"-Samoa; Fiji; Mexico; Tonga; Vava'u group, Tonga","- Cook Islands; -Samoa; American Samoa; Anguilla; Benin; Cayman Islands; China; Fiji; Gabon; India; Kwajalein Atoll, Marshall Islands; Laos; Madagascar; Maldives; Marshall Islands; Mexico; Nepal; Palau; Panama; Papua New Guinea; Philippines; Pohnpei, Federated States of Micronesia; Senegal; Seychelles; Sierra Leone; Somalia; Sudan; Tonga; United States (Contiguous) (ver.2.0, 2022); Vallée de Mai Nature Reserve, Seychelles; Vava'u group, Tonga; Venezuela; Yemen","- Cook Islands; -Samoa; American Samoa; Anguilla; Benin; Cayman Islands; China; Federated States of Micronesia; Fiji; Gabon; India; Kwajalein Atoll, Marshall Islands; Laos; Madagascar; Maldives; Marshall Islands; Mexico; Nepal; Palau; Panama; Papua New Guinea; Philippines; Pohnpei, Federated States of Micronesia; Senegal; Seychelles; Sierra Leone; Somalia; Sudan; Tonga; United States (Contiguous) (ver.2.0, 2022); Vallée de Mai Nature Reserve, Seychelles; Vava'u group, Tonga; Venezuela; Yemen",Terrestrial; terrestrial
Bauhinia purpurea,bauhinia purpurea,AngMaFaFb4637-00; AngMaFaFb4637-01; AngMaFaFb4637-01,Fabaceae,Taiwan,YES,YES,5,31,32,- Indonesia; -Samoa; Cuba; Eswatini (Swaziland); Fiji,"- Cook Islands; - Indonesia; - Sao Tome and Principe; -Samoa; Addo-Elephant National Park, South Africa; American Samoa; Australia; Bahamas; Brunei Darussalam; Burkina Faso; Burundi; Cuba; Democratic Republic of Congo; El Salvador; Eswatini (Swaziland); Ethiopia; Fiji; Guatemala; India; Iraq; Kenya; Kruger National Park, South Africa; Maldives; Panama; Pitcairn Islands- Great Britain; Pohnpei, Federated States of Micronesia; Sierra Leone; South Africa; United States (Contiguous) (ver.2.0, 2022); Zambia; – Saint Helena, Saint Helena, Ascension and Tristan da Cunha","- Cook Islands; - Indonesia; - Sao Tome and Principe; -Samoa; Addo-Elephant National Park, South Africa; American Samoa; Australia; Bahamas; Brunei Darussalam; Burkina Faso; Burundi; Cuba; Democratic Republic of Congo; El Salvador; Eswatini (Swaziland); Ethiopia; Federated States of Micronesia; Fiji; Guatemala; India; Iraq; Kenya; Kruger National Park, South Africa; Maldives; Panama; Pitcairn Islands- Great Britain; Pohnpei, Federated States of Micronesia; Sierra Leone; South Africa; United States (Contiguous) (ver.2.0, 2022); Zambia; – Saint Helena, Saint Helena, Ascension and Tristan da Cunha",Terrestrial; terrestrial
Murraya paniculata,murraya paniculata,AngMaSaRt32064-00; AngMaSaRt32064-01; AngMaSaRt32064-01,Rutaceae,Australia,YES,YES,5,30,30,"Bermuda; Brazil; Lord Howe Island, Australia; Vanuatu; – Reunion","- Cook Islands; -Samoa; Anguilla; Bermuda; Brazil; Cuba; Ecuador; Fiji; French Guiana; Galápagos Islands, Ecuador; Guyana; Ha'apai group, Tonga; Hawaii, United States (ver.2.0, 2022); Kwajalein Atoll, Marshall Islands; Lord Howe Island, Australia; Majuro Atoll, Marshall Islands; Marshall Islands; Mexico; Niue; Saint Barthelemy; Seychelles; South Africa; Suriname; Tonga; Tongatapu Island, Tonga; United States (Contiguous) (ver.2.0, 2022); Vanuatu; Vava'u group, Tonga; Venezuela; – Reunion","- Cook Islands; -Samoa; Anguilla; Bermuda; Brazil; Cuba; Ecuador; Fiji; French Guiana; Galápagos Islands, Ecuador; Guyana; Ha'apai group, Tonga; Hawaii, United States (ver.2.0, 2022); Kwajalein Atoll, Marshall Islands; Lord Howe Island, Australia; Majuro Atoll, Marshall Islands; Marshall Islands; Mexico; Niue; Saint Barthelemy; Seychelles; South Africa; Suriname; Tonga; Tongatapu Island, Tonga; United States (Contiguous) (ver.2.0, 2022); Vanuatu; Vava'u group, Tonga; Venezuela; – Reunion",Terrestrial; terrestrial
Senna didymobotrya,senna didymobotrya,AngMaFaFb43397-01,Fabaceae,NA,YES,YES,5,27,27,Ethiopia; South Africa; Uganda; Zambia; Zimbabwe,"Addo-Elephant National Park, South Africa; Agulhas National Park, South Africa; Augrabies Falls National Park, South Africa; Australia; Costa Rica; Ecuador; Eswatini (Swaziland); Ethiopia; Garden Route National Park, South Africa; Golden Gate Highlands National Park, South Africa; Hawaii, United States (ver.2.0, 2022); India; Iraq; Kruger National Park, South Africa; Madagascar; Malawi; Mexico; Namibia; South Africa; Spain; Table Mountain National Park, South Africa; Tankwa-Karoo National Park, South Africa; Tenerife, Islas Canarias, Spain; Uganda; United States (Contiguous) (ver.2.0, 2022); Zambia; Zimbabwe","Addo-Elephant National Park, South Africa; Agulhas National Park, South Africa; Augrabies Falls National Park, South Africa; Australia; Costa Rica; Ecuador; Eswatini (Swaziland); Ethiopia; Garden Route National Park, South Africa; Golden Gate Highlands National Park, South Africa; Hawaii, United States (ver.2.0, 2022); India; Iraq; Kruger National Park, South Africa; Madagascar; Malawi; Mexico; Namibia; South Africa; Spain; Table Mountain National Park, South Africa; Tankwa-Karoo National Park, South Africa; Tenerife, Islas Canarias, Spain; Uganda; United States (Contiguous) (ver.2.0, 2022); Zambia; Zimbabwe",Terrestrial; terrestrial
Quercus rubra,quercus rubra,AngMaFaFg40745-00; AngMaFaFg40745-01; AngMaFaFg40745-02; AngMaFaFg40745-03; AngMaFaFg40745-04; AngMaFaFg40745-05; AngMaFaFg40745-01,Fagaceae,NA,YES,YES,5,25,27,Belarus; Czechia; Germany; Italy; Lithuania,- Croatia; Armenia; Austria; Belarus; Belgium; Czechia; Denmark; Estonia; France; Germany; Great Britain; Ireland; Italy; Liechtenstein; Lithuania; Luxembourg; Netherlands; Norway; Poland; Portugal; Romania; Russian Federation; Sweden; Switzerland; Wadden Sea,- Croatia; Armenia; Austria; Belarus; Belgium; Czechia; Denmark; Estonia; France; Germany; Great Britain; Ireland; Italy; Liechtenstein; Lithuania; Luxembourg; Netherlands; Norway; Poland; Portugal; Romania; Russian Federation; Slovakia; Sweden; Switzerland; Ukraine; Wadden Sea,Freshwater; Terrestrial; terrestrial
Castanea sativa,castanea sativa,AngMaFaFg7650-00; AngMaFaFg7650-01,Fagaceae,Azerbaijan;France;Germany;Namibia;Spain;United Kingdom;United States,YES,YES,5,25,26,"El Hierro, Islas Canarias, Spain; Gran Canaria, Islas Canarias, Spain; La Gomera, Islas Canarias, Spain; La Palma, Islas Canarias, Spain; Tenerife, Islas Canarias, Spain","Archipielago Juan Fernández, Chile; Belgium; Czechia; Denmark; El Hierro, Islas Canarias, Spain; Gran Canaria, Islas Canarias, Spain; Great Britain; Ireland; Juan Fernandez Islands, Chile; La Gomera, Islas Canarias, Spain; La Palma, Islas Canarias, Spain; Madeira, Portugal; Norway; Poland; Romania; South Africa; Spain; Sweden; Switzerland; Table Mountain National Park, South Africa; Tankwa-Karoo National Park, South Africa; Tenerife, Islas Canarias, Spain; United States (Contiguous) (ver.2.0, 2022); – Falkland Islands (Islas Malvinas); – Saint Helena, Saint Helena, Ascension and Tristan da Cunha","Archipielago Juan Fernández, Chile; Belgium; Czechia; Denmark; El Hierro, Islas Canarias, Spain; Gran Canaria, Islas Canarias, Spain; Great Britain; Ireland; Juan Fernandez Islands, Chile; La Gomera, Islas Canarias, Spain; La Palma, Islas Canarias, Spain; Madeira, Portugal; Norway; Poland; Romania; Slovakia; South Africa; Spain; Sweden; Switzerland; Table Mountain National Park, South Africa; Tankwa-Karoo National Park, South Africa; Tenerife, Islas Canarias, Spain; United States (Contiguous) (ver.2.0, 2022); – Falkland Islands (Islas Malvinas); – Saint Helena, Saint Helena, Ascension and Tristan da Cunha",Terrestrial; terrestrial
Castilla elastica,castilla elastica,AngMaRoMr7777-00; AngMaRoMr7777-01; AngMaRoMr7777-02; AngMaRoMr7777-03; AngMaRoMr7777-01,Moraceae,Australia;Ecuador,YES,YES,5,21,24,-Samoa; Cuba; French Polynesia; Sri Lanka; Tanzania,"- Sao Tome and Principe; -Samoa; Amani Forest Nature Reserve, Tanzania; American Samoa; Australia; Cuba; Dominican Republic; East Usambara, Tanzania; El Salvador; French Polynesia; Guatemala; Hawaii, United States (ver.2.0, 2022); Honduras; Kenya; Mayotte, France; Montserrat; Saint Kitts and Nevis; Sri Lanka; Tanzania; Vanuatu; – Guadeloupe","- Sao Tome and Principe; -Samoa; Amani Forest Nature Reserve, Tanzania; American Samoa; Australia; Comoros; Cuba; Dominican Republic; East Usambara, Tanzania; El Salvador; French Polynesia; Guatemala; Hawaii, United States (ver.2.0, 2022); Honduras; Kenya; Mauritius; Mayotte, France; Montserrat; Saint Kitts and Nevis; Singapore; Sri Lanka; Tanzania; Vanuatu; – Guadeloupe",Terrestrial; terrestrial
Pinus strobus,pinus strobus,AngPiPiPn37096-00; AngPiPiPn37096-01; AngPiPiPn37096-02; AngPiPiPn37096-01,Pinaceae,NA,YES,YES,5,21,22,Czechia; Germany; New Zealand; Norway; Sweden,- Croatia; Armenia; Austria; Belarus; Belgium; Czechia; Denmark; France; Germany; Great Britain; Italy; Liechtenstein; New Zealand; Norway; Poland; Romania; Russian Federation; Slovenia; Sweden; Turkey; – Korea (Democratic People's Republic of),- Croatia; Armenia; Austria; Belarus; Belgium; Czechia; Denmark; France; Germany; Great Britain; Italy; Liechtenstein; New Zealand; Norway; Poland; Romania; Russian Federation; Slovakia; Slovenia; Sweden; Turkey; – Korea (Democratic People's Republic of),Terrestrial; terrestrial
Prunus laurocerasus,prunus laurocerasus,AngMaRoRs39181-00; AngMaRoRs39181-01; AngMaRoRs39181-02; AngMaRoRs39181-03; AngMaRoRs39181-04; AngMaRoRs39181-05; AngMaRoRs39181-06; AngMaRoRs39181-01,Rosaceae,Georgia;Spain;United Kingdom,YES,YES,5,20,21,Great Britain; Ireland; Italy; New Zealand; Norway,"- Croatia; Australia; Austria; Belgium; Canada; Czechia; France; Germany; Great Britain; India; Ireland; Italy; Libya; Luxembourg; New Zealand; Norway; Portugal; Sweden; Switzerland; United States (Contiguous) (ver.2.0, 2022)","- Croatia; Australia; Austria; Belgium; Canada; Czechia; France; Germany; Great Britain; India; Ireland; Italy; Libya; Luxembourg; New Zealand; Norway; Portugal; Slovakia; Sweden; Switzerland; United States (Contiguous) (ver.2.0, 2022)",Terrestrial; terrestrial
Buddleja madagascariensis,buddleja madagascariensis,AngMaLaSc5917-01,Scrophulariaceae,Australia,YES,YES,5,20,21,"Bermuda; Lord Howe Island, Australia; New Zealand; South Africa; – Ascension Island, Saint Helena, Ascension and Tristan da Cunha","Australia; Bermuda; Brazil; Burundi; Democratic Republic of Congo; Hawaii, United States (ver.2.0, 2022); Kenya; Kruger National Park, South Africa; Lord Howe Island, Australia; Malaysia; New Zealand; Rwanda; South Africa; Table Mountain National Park, South Africa; Tankwa-Karoo National Park, South Africa; Tanzania; Uganda; United States (Contiguous) (ver.2.0, 2022); – Ascension Island, Saint Helena, Ascension and Tristan da Cunha; – Saint Helena, Saint Helena, Ascension and Tristan da Cunha","Australia; Bermuda; Brazil; Burundi; Democratic Republic of Congo; Greece; Hawaii, United States (ver.2.0, 2022); Kenya; Kruger National Park, South Africa; Lord Howe Island, Australia; Malaysia; New Zealand; Rwanda; South Africa; Table Mountain National Park, South Africa; Tankwa-Karoo National Park, South Africa; Tanzania; Uganda; United States (Contiguous) (ver.2.0, 2022); – Ascension Island, Saint Helena, Ascension and Tristan da Cunha; – Saint Helena, Saint Helena, Ascension and Tristan da Cunha",Terrestrial; terrestrial
Livistona chinensis,livistona chinensis,AngNAParc27485-00; AngNAParc27485-01,Arecaceae,;introduced,YES,YES,5,17,19,Bermuda; Brazil; Fiji; Mauritius; – Reunion,"- Nauru; Bermuda; Brazil; Fiji; Hawaii, United States (ver.2.0, 2022); Kiribati; Kosrae, Federated States of Micronesia; Kruger National Park, South Africa; Majuro Atoll, Marshall Islands; Marshall Islands; Pohnpei, Federated States of Micronesia; Praslin National Park, Seychelles; Seychelles; United States (Contiguous) (ver.2.0, 2022); Vallée de Mai Nature Reserve, Seychelles; Wallis and Futuna; – Reunion","- Nauru; Bermuda; Brazil; Federated States of Micronesia; Fiji; Hawaii, United States (ver.2.0, 2022); Kiribati; Kosrae, Federated States of Micronesia; Kruger National Park, South Africa; Majuro Atoll, Marshall Islands; Marshall Islands; Mauritius; Pohnpei, Federated States of Micronesia; Praslin National Park, Seychelles; Seychelles; United States (Contiguous) (ver.2.0, 2022); Vallée de Mai Nature Reserve, Seychelles; Wallis and Futuna; – Reunion",Terrestrial; terrestrial
Pyracantha angustifolia,pyracantha angustifolia,AngMaRoRs40229-01,Rosaceae,Spain,YES,YES,5,17,17,- Japan; Argentina; Lesotho; New Zealand; South Africa,"- Japan; Argentina; Armenia; Australia; Camdeboo National Park, South Africa; Eswatini (Swaziland); Garden Route National Park, South Africa; Golden Gate Highlands National Park, South Africa; Hawaii, United States (ver.2.0, 2022); Lesotho; Mountain Zebra National Park, South Africa; New Zealand; South Africa; Table Mountain National Park, South Africa; Tankwa-Karoo National Park, South Africa; United States (Contiguous) (ver.2.0, 2022); Zambia","- Japan; Argentina; Armenia; Australia; Camdeboo National Park, South Africa; Eswatini (Swaziland); Garden Route National Park, South Africa; Golden Gate Highlands National Park, South Africa; Hawaii, United States (ver.2.0, 2022); Lesotho; Mountain Zebra National Park, South Africa; New Zealand; South Africa; Table Mountain National Park, South Africa; Tankwa-Karoo National Park, South Africa; United States (Contiguous) (ver.2.0, 2022); Zambia",Terrestrial; terrestrial
Cestrum aurantiacum,cestrum aurantiacum,AngMaSoSl8140-00; AngMaSoSl8140-01; AngMaSoSl8140-01,Solanaceae,NA,YES,YES,5,16,16,- Indonesia; India; Kenya; New Zealand; South Africa,"- Indonesia; Australia; Eswatini (Swaziland); Guatemala; Hawaii, United States (ver.2.0, 2022); Honduras; India; Kenya; La Palma, Islas Canarias, Spain; Malawi; Mara Ecosystem (Kenya, Tanzania); New Zealand; South Africa; Sri Lanka; Tanzania; Zimbabwe","- Indonesia; Australia; Eswatini (Swaziland); Guatemala; Hawaii, United States (ver.2.0, 2022); Honduras; India; Kenya; La Palma, Islas Canarias, Spain; Malawi; Mara Ecosystem (Kenya, Tanzania); New Zealand; South Africa; Sri Lanka; Tanzania; Zimbabwe",Terrestrial; terrestrial
Cylindropuntia fulgida,cylindropuntia fulgida,AngMaCaCc12635-00; AngMaCaCc12635-01; AngMaCaCc12635-01,Cactaceae,Australia,YES,YES,5,14,14,"Australia; Namibia; South Africa; Tenerife, Islas Canarias, Spain; Zimbabwe","Addo-Elephant National Park, South Africa; Agulhas National Park, South Africa; Augrabies Falls National Park, South Africa; Australia; Camdeboo National Park, South Africa; Hawaii, United States (ver.2.0, 2022); Kruger National Park, South Africa; Mapungupwe National Park, South Africa; Mokala National Park, South Africa; Mountain Zebra National Park, South Africa; Namibia; South Africa; Tenerife, Islas Canarias, Spain; Zimbabwe","Addo-Elephant National Park, South Africa; Agulhas National Park, South Africa; Augrabies Falls National Park, South Africa; Australia; Camdeboo National Park, South Africa; Hawaii, United States (ver.2.0, 2022); Kruger National Park, South Africa; Mapungupwe National Park, South Africa; Mokala National Park, South Africa; Mountain Zebra National Park, South Africa; Namibia; South Africa; Tenerife, Islas Canarias, Spain; Zimbabwe","Artificial - Terrestrial; Rocky Areas (e.g., inland cliffs, mountain peaks); Terrestrial; terrestrial"
Calophyllum inophyllum,calophyllum inophyllum,AngMaMaCl6585-00; AngMaMaCl6585-01; AngMaMaCl6585-02; AngMaMaCl6585-01,Calophyllaceae,Australia;French Polynesia;Madagascar;Seychelles;Taiwan;Timor-Leste;Tonga,YES,YES,5,13,16,"Bermuda; Cuba; Côte d'Ivoire; Ndzuwani (Anjouan), Comoros; Sri Lanka","Ailinginae Atoll, Marshall Islands; Bermuda; Costa Rica; Cuba; Côte d'Ivoire; Laos; Majuro Atoll, Marshall Islands; Marshall Islands; Myanmar; Rongelap Atoll, Marshall Islands; Sri Lanka; Tuvalu; United States (Contiguous) (ver.2.0, 2022)","Ailinginae Atoll, Marshall Islands; Bermuda; Comoros; Costa Rica; Cuba; Côte d'Ivoire; Laos; Majuro Atoll, Marshall Islands; Marshall Islands; Mauritius; Myanmar; Ndzuwani (Anjouan), Comoros; Rongelap Atoll, Marshall Islands; Sri Lanka; Tuvalu; United States (Contiguous) (ver.2.0, 2022)",Freshwater; Terrestrial; terrestrial
Pimenta racemosa,pimenta racemosa,AngMaMyMy36993-00; AngMaMyMy36993-01; AngMaMyMy36993-02; AngMaMyMy36993-03; AngMaMyMy36993-04; AngMaMyMy36993-01,Myrtaceae,NA,YES,YES,5,13,13,"- Cook Islands; Bahamas; Fiji; Tonga; Vava'u group, Tonga","- Cook Islands; Bahamas; Benin; Democratic Republic of Congo; Fiji; French Polynesia; Ha'apai group, Tonga; Hawaii, United States (ver.2.0, 2022); India; Seychelles; Tonga; Tongatapu Island, Tonga; Vava'u group, Tonga","- Cook Islands; Bahamas; Benin; Democratic Republic of Congo; Fiji; French Polynesia; Ha'apai group, Tonga; Hawaii, United States (ver.2.0, 2022); India; Seychelles; Tonga; Tongatapu Island, Tonga; Vava'u group, Tonga",Terrestrial; terrestrial
Cordia sebestena,cordia sebestena,AngMaBoCr10797-00; AngMaBoCr10797-01; AngMaBoCr10797-01,Cordiaceae,NA,YES,YES,5,12,12,"Aruba; Bonaire, Bonaire, Sint Eustatius and Saba; Curacao, Netherlands; Saba, Bonaire, Sint Eustatius and Saba; Sint Maarten, Netherlands","Anguilla; Aruba; Bonaire, Bonaire, Sint Eustatius and Saba; Burkina Faso; Curacao, Netherlands; Marshall Islands; Montserrat; Saba, Bonaire, Sint Eustatius and Saba; Seychelles; Sint Eustatius, Bonaire, Sint Eustatius and Saba; Sint Maarten, Netherlands; United States (Contiguous) (ver.2.0, 2022)","Anguilla; Aruba; Bonaire, Bonaire, Sint Eustatius and Saba; Burkina Faso; Curacao, Netherlands; Marshall Islands; Montserrat; Saba, Bonaire, Sint Eustatius and Saba; Seychelles; Sint Eustatius, Bonaire, Sint Eustatius and Saba; Sint Maarten, Netherlands; United States (Contiguous) (ver.2.0, 2022)",Terrestrial; terrestrial
Tabebuia pallida,tabebuia pallida,AngMaLaBg46677-01,Bignoniaceae,NA,YES,YES,5,12,14,"Bermuda; Côte d'Ivoire; Mare-Aux-Cochons, Seychelles; Morne-Seychellois National Park, Seychelles; Seychelles","Bermuda; Conception, Seychelles; Curieuse Special Reserve, Seychelles; Côte d'Ivoire; Hawaii, United States (ver.2.0, 2022); Mare-Aux-Cochons, Seychelles; Marshall Islands; Morne-Seychellois National Park, Seychelles; Praslin National Park, Seychelles; Seychelles; Vallée de Mai Nature Reserve, Seychelles; – British Indian Ocean Territory","Bermuda; Conception, Seychelles; Curieuse Special Reserve, Seychelles; Côte d'Ivoire; Hawaii, United States (ver.2.0, 2022); Mare-Aux-Cochons, Seychelles; Marshall Islands; Mauritius; Morne-Seychellois National Park, Seychelles; Praslin National Park, Seychelles; Seychelles; Singapore; Vallée de Mai Nature Reserve, Seychelles; – British Indian Ocean Territory",Terrestrial; terrestrial
Prosopis pallida,prosopis pallida,AngMaFaFb38931-01,Fabaceae,Australia;Timor-Leste,YES,YES,5,11,11,Australia; Bolivia; Kenya; Senegal; Timor-Leste,"Australia; Bolivia; Brazil; Cabo Verde; Hawaii, United States (ver.2.0, 2022); India; Kenya; Kiribati; Mauritania; Senegal; Timor-Leste","Australia; Bolivia; Brazil; Cabo Verde; Hawaii, United States (ver.2.0, 2022); India; Kenya; Kiribati; Mauritania; Senegal; Timor-Leste",Terrestrial; terrestrial
Hiptage benghalensis,hiptage benghalensis,AngMaMaMl23593-00; AngMaMaMl23593-01; AngMaMaMl23593-01,Malpighiaceae,NA,YES,YES,5,8,9,- Indonesia; Mauritius; Philippines; Seychelles; – Reunion,"- Indonesia; Australia; Hawaii, United States (ver.2.0, 2022); Philippines; Seychelles; Timor-Leste; United States (Contiguous) (ver.2.0, 2022); – Reunion","- Indonesia; Australia; Hawaii, United States (ver.2.0, 2022); Mauritius; Philippines; Seychelles; Timor-Leste; United States (Contiguous) (ver.2.0, 2022); – Reunion",Terrestrial; terrestrial
Casuarina glauca,casuarina glauca,AngMaFaCs7784-00; AngMaFaCs7784-01,Casuarinaceae,Australia;Kenya,YES,YES,4,38,42,Bahamas; Bermuda; Cuba; New Zealand,"- Egypt; - Paraguay; -Samoa; American Samoa; Antigua and Barbuda; Bahamas; Bangladesh; Bermuda; Brazil; Brunei Darussalam; Colombia; Cuba; Dominica; Dominican Republic; Eritrea; Fiji; Ghana; Haiti; Hawaii, United States (ver.2.0, 2022); India; Kiribati; Libya; Lord Howe Island, Australia; Myanmar; New Zealand; Nigeria; Papua New Guinea; Peru; Saint Vincent and the Grenadines; Senegal; Somalia; Sri Lanka; Sudan; Thailand; Tonga; United States (Contiguous) (ver.2.0, 2022); Vanuatu; Yemen","- Egypt; - Paraguay; -Samoa; American Samoa; Antigua and Barbuda; Bahamas; Bangladesh; Bermuda; Brazil; Brunei Darussalam; Colombia; Cuba; Dominica; Dominican Republic; Eritrea; Federated States of Micronesia; Fiji; Ghana; Haiti; Hawaii, United States (ver.2.0, 2022); India; Jamaica; Jordan; Kiribati; Libya; Lord Howe Island, Australia; Myanmar; New Zealand; Nigeria; Papua New Guinea; Peru; Saint Vincent and the Grenadines; Senegal; Somalia; Sri Lanka; Sudan; Thailand; Tonga; United States (Contiguous) (ver.2.0, 2022); Vanuatu; Vietnam; Yemen",Terrestrial; terrestrial
Artocarpus altilis,artocarpus altilis,AngMaRoMr3601-01,Moraceae,Colombia;Philippines,YES,YES,4,37,41,- Japan; Belize; Costa Rica; Sri Lanka,"- Japan; - Nicaragua; - Sao Tome and Principe; American Samoa; Anguilla; Antigua and Barbuda; Barbados; Belize; Brazil; Brunei Darussalam; Cameroon; Colombia; Costa Rica; Curieuse Special Reserve, Seychelles; Democratic Republic of Congo; Ecuador; Equatorial Guinea; French Guiana; Galápagos Islands, Ecuador; Gambia; Ghana; Guinea; Majuro Atoll, Marshall Islands; Maldives; Mare-Aux-Cochons, Seychelles; Montserrat; Morne-Seychellois National Park, Seychelles; Panama; Rongelap Atoll, Marshall Islands; Saint Barthelemy; Saint Martin (French part); Saint Vincent and the Grenadines; Seychelles; Sri Lanka; Trinidad and Tobago; Vallée de Mai Nature Reserve, Seychelles; – British Indian Ocean Territory","- Japan; - Nicaragua; - Sao Tome and Principe; American Samoa; Anguilla; Antigua and Barbuda; Barbados; Belize; Brazil; Brunei Darussalam; Cameroon; Colombia; Comoros; Costa Rica; Curieuse Special Reserve, Seychelles; Democratic Republic of Congo; Ecuador; Equatorial Guinea; French Guiana; Galápagos Islands, Ecuador; Gambia; Ghana; Guinea; Jamaica; Jordan; Majuro Atoll, Marshall Islands; Maldives; Mare-Aux-Cochons, Seychelles; Montserrat; Morne-Seychellois National Park, Seychelles; Panama; Rongelap Atoll, Marshall Islands; Saint Barthelemy; Saint Martin (French part); Saint Vincent and the Grenadines; Seychelles; Singapore; Sri Lanka; Trinidad and Tobago; Vallée de Mai Nature Reserve, Seychelles; – British Indian Ocean Territory",Terrestrial; terrestrial
Syzygium malaccense,syzygium malaccense,AngMaMyMy46208-01,Myrtaceae,Australia;Papua New Guinea,YES,YES,4,35,37,"Fiji; Galápagos Islands, Ecuador; Solomon Islands; Tonga","- Cook Islands; American Samoa; Arno Atoll, Marshall Islands; Brazil; Chuuk, Federated States of Micronesia; Colombia; Costa Rica; Cuba; Curieuse Special Reserve, Seychelles; Democratic Republic of Congo; Dominican Republic; East Usambara, Tanzania; Ecuador; Fiji; Galápagos Islands, Ecuador; Ha'apai group, Tonga; Hawaii, United States (ver.2.0, 2022); Kili Atoll, Marshall Islands; Kosrae, Federated States of Micronesia; Majuro Atoll, Marshall Islands; Maldives; Mare-Aux-Cochons, Seychelles; Marshall Islands; Mili Atoll, Marshall Islands; Morne-Seychellois National Park, Seychelles; Niue; Palau; Papua New Guinea; Pitcairn Islands- Great Britain; Pohnpei, Federated States of Micronesia; Seychelles; Solomon Islands; Tonga; Vava'u group, Tonga; Yap, Federated States of Micronesia","- Cook Islands; American Samoa; Arno Atoll, Marshall Islands; Brazil; Chuuk, Federated States of Micronesia; Colombia; Costa Rica; Cuba; Curieuse Special Reserve, Seychelles; Democratic Republic of Congo; Dominican Republic; East Usambara, Tanzania; Ecuador; Federated States of Micronesia; Fiji; Galápagos Islands, Ecuador; Ha'apai group, Tonga; Hawaii, United States (ver.2.0, 2022); Kili Atoll, Marshall Islands; Kosrae, Federated States of Micronesia; Majuro Atoll, Marshall Islands; Maldives; Mare-Aux-Cochons, Seychelles; Marshall Islands; Mili Atoll, Marshall Islands; Morne-Seychellois National Park, Seychelles; Niue; Palau; Papua New Guinea; Pitcairn Islands- Great Britain; Pohnpei, Federated States of Micronesia; Seychelles; Singapore; Solomon Islands; Tonga; Vava'u group, Tonga; Yap, Federated States of Micronesia",Terrestrial; terrestrial
Haematoxylum campechianum,haematoxylum campechianum,AngMaFaFb22645-01,Fabaceae,NA,YES,YES,4,29,32,"Jamaica; Mauritius; New Caledonia, France; – Reunion","- Sao Tome and Principe; Angola; Antigua and Barbuda; Australia; Barbados; Côte d'Ivoire; Democratic Republic of Congo; Dominica; Dominican Republic; Fiji; Grenada; Guatemala; Haiti; Hawaii, United States (ver.2.0, 2022); Honduras; India; Madagascar; Malaysia; New Caledonia, France; Nigeria; Saint Vincent and the Grenadines; Senegal; Seychelles; Sierra Leone; Sudan; Suriname; Tonga; Venezuela; – Reunion","- Sao Tome and Principe; Angola; Antigua and Barbuda; Australia; Barbados; Côte d'Ivoire; Democratic Republic of Congo; Dominica; Dominican Republic; Federated States of Micronesia; Fiji; Grenada; Guatemala; Haiti; Hawaii, United States (ver.2.0, 2022); Honduras; India; Jamaica; Madagascar; Malaysia; Mauritius; New Caledonia, France; Nigeria; Saint Vincent and the Grenadines; Senegal; Seychelles; Sierra Leone; Sudan; Suriname; Tonga; Venezuela; – Reunion",Terrestrial; terrestrial
Hevea brasiliensis,hevea brasiliensis,AngMaMaph23432-01,Euphorbiaceae,Brazil;Colombia;Mexico,YES,YES,4,27,30,"Côte d'Ivoire; Mare-Aux-Cochons, Seychelles; Morne-Seychellois National Park, Seychelles; Tanzania","- Sao Tome and Principe; -Samoa; Australia; Bangladesh; Cameroon; Costa Rica; Côte d'Ivoire; Democratic Republic of Congo; East Usambara, Tanzania; Ecuador; Fiji; India; Kenya; Malaysia; Mare-Aux-Cochons, Seychelles; Mexico; Montserrat; Morne-Seychellois National Park, Seychelles; Palau; Philippines; Pohnpei, Federated States of Micronesia; Praslin National Park, Seychelles; Seychelles; Tanzania; Timor-Leste; Uganda; Vallée de Mai Nature Reserve, Seychelles","- Sao Tome and Principe; -Samoa; Australia; Bangladesh; Cameroon; Costa Rica; Côte d'Ivoire; Democratic Republic of Congo; East Usambara, Tanzania; Ecuador; Federated States of Micronesia; Fiji; India; Jamaica; Kenya; Malaysia; Mare-Aux-Cochons, Seychelles; Mexico; Montserrat; Morne-Seychellois National Park, Seychelles; Palau; Philippines; Pohnpei, Federated States of Micronesia; Praslin National Park, Seychelles; Seychelles; Singapore; Tanzania; Timor-Leste; Uganda; Vallée de Mai Nature Reserve, Seychelles",Terrestrial; terrestrial
Cereus jamacaru,cereus jamacaru,AngMaCaCc8106-00; AngMaCaCc8106-01; AngMaCaCc8106-01,Cactaceae,Brazil,YES,YES,4,26,26,Kenya; Lesotho; Namibia; South Africa,"Addo-Elephant National Park, South Africa; Agulhas National Park, South Africa; Augrabies Falls National Park, South Africa; Camdeboo National Park, South Africa; Eswatini (Swaziland); Ethiopia; Garden Route National Park, South Africa; Golden Gate Highlands National Park, South Africa; Karoo National Park, South Africa; Kenya; Kruger National Park, South Africa; Lesotho; Malawi; Mapungupwe National Park, South Africa; Mara Ecosystem (Kenya, Tanzania); Marakele National Park, South Africa; Mokala National Park, South Africa; Mountain Zebra National Park, South Africa; Namibia; South Africa; Table Mountain National Park, South Africa; Tankwa-Karoo National Park, South Africa; Tanzania; Uganda; Zambia; Zimbabwe","Addo-Elephant National Park, South Africa; Agulhas National Park, South Africa; Augrabies Falls National Park, South Africa; Camdeboo National Park, South Africa; Eswatini (Swaziland); Ethiopia; Garden Route National Park, South Africa; Golden Gate Highlands National Park, South Africa; Karoo National Park, South Africa; Kenya; Kruger National Park, South Africa; Lesotho; Malawi; Mapungupwe National Park, South Africa; Mara Ecosystem (Kenya, Tanzania); Marakele National Park, South Africa; Mokala National Park, South Africa; Mountain Zebra National Park, South Africa; Namibia; South Africa; Table Mountain National Park, South Africa; Tankwa-Karoo National Park, South Africa; Tanzania; Uganda; Zambia; Zimbabwe",Terrestrial; terrestrial
Rhus typhina,rhus typhina,AngMaSanc41623-00; AngMaSanc41623-01; AngMaSanc41623-02; AngMaSanc41623-01,Anacardiaceae,NA,YES,YES,4,25,27,Czechia; Liechtenstein; Serbia; Switzerland,- Croatia; Armenia; Australia; Austria; Belgium; Bosnia and Herzegovina; China; Czechia; Denmark; Estonia; France; Germany; Great Britain; Italy; Latvia; Liechtenstein; Luxembourg; Norway; Poland; Romania; Russian Federation; Serbia; Slovenia; Sweden; Switzerland,- Croatia; Armenia; Australia; Austria; Belgium; Bosnia and Herzegovina; China; Czechia; Denmark; Estonia; France; Germany; Great Britain; Italy; Latvia; Liechtenstein; Luxembourg; Norway; Poland; Romania; Russian Federation; Serbia; Slovakia; Slovenia; Sweden; Switzerland; Ukraine,Freshwater; Terrestrial; terrestrial
Sesbania punicea,sesbania punicea,AngMaFaFb43534-01,Fabaceae,Argentina;Brazil;United States;Uruguay,YES,YES,4,25,26,"Lesotho; Mauritius; South Africa; Wilderness Lakes, South Africa","Agulhas National Park, South Africa; Augrabies Falls National Park, South Africa; Australia; Bontebok National Park, South Africa; Brazil; Democratic Republic of Congo; Eswatini (Swaziland); France; Garden Route National Park, South Africa; Golden Gate Highlands National Park, South Africa; Iran; Italy; Kruger National Park, South Africa; Lesotho; Mapungupwe National Park, South Africa; Marakele National Park, South Africa; Mokala National Park, South Africa; Portugal; South Africa; Table Mountain National Park, South Africa; Tankwa-Karoo National Park, South Africa; United States (Contiguous) (ver.2.0, 2022); Venezuela; Wilderness Lakes, South Africa; Zimbabwe","Agulhas National Park, South Africa; Augrabies Falls National Park, South Africa; Australia; Bontebok National Park, South Africa; Brazil; Democratic Republic of Congo; Eswatini (Swaziland); France; Garden Route National Park, South Africa; Golden Gate Highlands National Park, South Africa; Iran; Italy; Kruger National Park, South Africa; Lesotho; Mapungupwe National Park, South Africa; Marakele National Park, South Africa; Mauritius; Mokala National Park, South Africa; Portugal; South Africa; Table Mountain National Park, South Africa; Tankwa-Karoo National Park, South Africa; United States (Contiguous) (ver.2.0, 2022); Venezuela; Wilderness Lakes, South Africa; Zimbabwe",Terrestrial; terrestrial
Prosopis glandulosa,prosopis glandulosa,AngMaFaFb38923-00; AngMaFaFb38923-01; AngMaFaFb38923-02; AngMaFaFb38923-03; AngMaFaFb38923-01,Fabaceae,Australia;India;United States;Venezuela,YES,YES,4,23,23,Australia; Iraq; Namibia; South Africa,"- Egypt; Agulhas National Park, South Africa; Augrabies Falls National Park, South Africa; Australia; Cabo Verde; Camdeboo National Park, South Africa; Djibouti; India; Iraq; Kalahari Gemsbok National Park, South Africa; Karoo National Park, South Africa; Malawi; Marakele National Park, South Africa; Mokala National Park, South Africa; Mountain Zebra National Park, South Africa; Namaqua National Park, South Africa; Namibia; Pakistan; Richtersveld National Park, South Africa; South Africa; Sudan; Table Mountain National Park, South Africa; Tankwa-Karoo National Park, South Africa","- Egypt; Agulhas National Park, South Africa; Augrabies Falls National Park, South Africa; Australia; Cabo Verde; Camdeboo National Park, South Africa; Djibouti; India; Iraq; Kalahari Gemsbok National Park, South Africa; Karoo National Park, South Africa; Malawi; Marakele National Park, South Africa; Mokala National Park, South Africa; Mountain Zebra National Park, South Africa; Namaqua National Park, South Africa; Namibia; Pakistan; Richtersveld National Park, South Africa; South Africa; Sudan; Table Mountain National Park, South Africa; Tankwa-Karoo National Park, South Africa",Terrestrial; terrestrial
Acacia decurrens,acacia decurrens,AngMaFaFb0211-00; AngMaFaFb0211-01; AngMaFaFb0211-01,Fabaceae,Australia,YES,YES,4,22,24,China; Colombia; South Africa; Sri Lanka,"- Indonesia; Angola; Brazil; China; Colombia; Congo; Democratic Republic of Congo; Ecuador; Eswatini (Swaziland); Fiji; Garden Route National Park, South Africa; Golden Gate Highlands National Park, South Africa; Haiti; India; Madagascar; Portugal; South Africa; Sri Lanka; United States (Contiguous) (ver.2.0, 2022); Venezuela; Zimbabwe; – Saint Helena, Saint Helena, Ascension and Tristan da Cunha","- Indonesia; Angola; Brazil; China; Colombia; Congo; Democratic Republic of Congo; Ecuador; Eswatini (Swaziland); Federated States of Micronesia; Fiji; Garden Route National Park, South Africa; Golden Gate Highlands National Park, South Africa; Haiti; India; Madagascar; Portugal; South Africa; Sri Lanka; United States (Contiguous) (ver.2.0, 2022); Venezuela; Vietnam; Zimbabwe; – Saint Helena, Saint Helena, Ascension and Tristan da Cunha",Terrestrial; terrestrial
Acer pseudoplatanus,acer pseudoplatanus,AngMaSaSp0687-00; AngMaSaSp0687-01; AngMaSaSp0687-02; AngMaSaSp0687-03; AngMaSaSp0687-04; AngMaSaSp0687-05; AngMaSaSp0687-06; AngMaSaSp0687-07; AngMaSaSp0687-08; AngMaSaSp0687-09; AngMaSaSp0687-10; AngMaSaSp0687-11; AngMaSaSp0687-12; AngMaSaSp0687-13; AngMaSaSp0687-14; AngMaSaSp0687-15; AngMaSaSp0687-16; AngMaSaSp0687-17; AngMaSaSp0687-18; AngMaSaSp0687-19; AngMaSaSp0687-20; AngMaSaSp0687-21; AngMaSaSp0687-22; AngMaSaSp0687-23; AngMaSaSp0687-24; AngMaSaSp0687-25; AngMaSaSp0687-26; AngMaSaSp0687-01,Sapindaceae,Australia;Canada;Italy;Portugal;Spain;Switzerland;United Kingdom;United States,YES,YES,4,22,22,Lithuania; New Zealand; Norway; Sweden,"Algeria; Argentina; Australia; Canada; Estonia; Finland; Great Britain; India; Ireland; Latvia; Lithuania; Madeira, Portugal; Netherlands; New Zealand; Norway; Romania; Spain; Sweden; Syrian Arab Republic; United States (Contiguous) (ver.2.0, 2022); Wadden Sea; – Saint Helena, Saint Helena, Ascension and Tristan da Cunha","Algeria; Argentina; Australia; Canada; Estonia; Finland; Great Britain; India; Ireland; Latvia; Lithuania; Madeira, Portugal; Netherlands; New Zealand; Norway; Romania; Spain; Sweden; Syrian Arab Republic; United States (Contiguous) (ver.2.0, 2022); Wadden Sea; – Saint Helena, Saint Helena, Ascension and Tristan da Cunha",Freshwater; Terrestrial; terrestrial
Laburnum anagyroides,laburnum anagyroides,AngMaFaFb26045-00; AngMaFaFb26045-01; AngMaFaFb26045-02; AngMaFaFb26045-03; AngMaFaFb26045-04; AngMaFaFb26045-05; AngMaFaFb26045-06; AngMaFaFb26045-07; AngMaFaFb26045-01,Fabaceae,NA,YES,YES,4,18,19,Bulgaria; Czechia; Norway; Sweden,"Argentina; Austria; Belarus; Belgium; Bulgaria; Canada; Czechia; Denmark; France; Germany; Great Britain; India; Ireland; Norway; Poland; Portugal; Sweden; United States (Contiguous) (ver.2.0, 2022)","Argentina; Austria; Belarus; Belgium; Bulgaria; Canada; Czechia; Denmark; France; Germany; Great Britain; India; Ireland; Norway; Poland; Portugal; Slovakia; Sweden; United States (Contiguous) (ver.2.0, 2022)",Terrestrial; terrestrial
Olea europaea,olea europaea,AngMaLalc34289-00; AngMaLalc34289-01; AngMaLalc34289-02; AngMaLalc34289-03; AngMaLalc34289-04; AngMaLalc34289-05; AngMaLalc34289-06; AngMaLalc34289-07; AngMaLalc34289-08; AngMaLalc34289-09; AngMaLalc34289-10; AngMaLalc34289-11; AngMaLalc34289-12; AngMaLalc34289-13; AngMaLalc34289-14,Oleaceae,Afghanistan;Albania;Algeria;Andorra;Argentina;Australia;Azerbaijan;Bermuda;Botswana;Brazil;Chile;China;Colombia;Croatia;Cyprus;Egypt;Eritrea;Ethiopia;Faroe Islands;France;Georgia;Greece;India;Iran;Israel;Italy;Japan;Kenya;Malawi;Mexico;Morocco;Mozambique;Nepal;Niger;Pakistan;Palestinian Territories;Panama;Peru;Portugal;Puerto Rico;Russia;Saudi Arabia;South Africa;Spain;St. Helena;Sudan;Syria;Tanzania;Tunisia;Turkey;Uganda;Ukraine;United Kingdom;United States,YES,YES,4,17,17,"Australia; Lord Howe Island, Australia; New Zealand; – Saint Helena, Saint Helena, Ascension and Tristan da Cunha","- Sao Tome and Principe; Angola; Armenia; Australia; Galápagos Islands, Ecuador; Hawaii, United States (ver.2.0, 2022); India; Ireland; Lord Howe Island, Australia; New Zealand; Portugal; Switzerland; Tonga; United States (Contiguous) (ver.2.0, 2022); Vava'u group, Tonga; – Ascension Island, Saint Helena, Ascension and Tristan da Cunha; – Saint Helena, Saint Helena, Ascension and Tristan da Cunha","- Sao Tome and Principe; Angola; Armenia; Australia; Galápagos Islands, Ecuador; Hawaii, United States (ver.2.0, 2022); India; Ireland; Lord Howe Island, Australia; New Zealand; Portugal; Switzerland; Tonga; United States (Contiguous) (ver.2.0, 2022); Vava'u group, Tonga; – Ascension Island, Saint Helena, Ascension and Tristan da Cunha; – Saint Helena, Saint Helena, Ascension and Tristan da Cunha",Terrestrial; terrestrial
Dodonaea viscosa,dodonaea viscosa,AngMaSaSp14940-00; AngMaSaSp14940-01; AngMaSaSp14940-02; AngMaSaSp14940-03; AngMaSaSp14940-04; AngMaSaSp14940-05; AngMaSaSp14940-06; AngMaSaSp14940-07; AngMaSaSp14940-08; AngMaSaSp14940-09; AngMaSaSp14940-10; AngMaSaSp14940-11; AngMaSaSp14940-12; AngMaSaSp14940-13; AngMaSaSp14940-14; AngMaSaSp14940-15; AngMaSaSp14940-16; AngMaSaSp14940-17; AngMaSaSp14940-18; AngMaSaSp14940-19; AngMaSaSp14940-20; AngMaSaSp14940-21; AngMaSaSp14940-22; AngMaSaSp14940-23; AngMaSaSp14940-24; AngMaSaSp14940-25; AngMaSaSp14940-26; AngMaSaSp14940-27; AngMaSaSp14940-28; AngMaSaSp14940-29; AngMaSaSp14940-30; AngMaSaSp14940-31; AngMaSaSp14940-32; AngMaSaSp14940-33; AngMaSaSp14940-34; AngMaSaSp14940-35; AngMaSaSp14940-36; AngMaSaSp14940-37; AngMaSaSp14940-38; AngMaSaSp14940-39,Sapindaceae,Argentina;Australia;Bolivia;Brazil;China;Cuba;Ecuador;Fiji;India;Indonesia;Marshall Islands;Mexico;Nauru;New Caledonia;New Zealand;Norfolk Island;Pakistan;Papua New Guinea;Samoa;United States;Uruguay;Venezuela,YES,YES,4,16,17,Bolivia; Cyprus; Malta; Namibia,"Afghanistan; Bolivia; Bontebok National Park, South Africa; Brazil; Burkina Faso; Cyprus; Israel; Libya; Madagascar; Maldives; Malta; Namibia; Qatar; Sovereign Base Areas of Cyprus, Cyprus; Uganda; – British Indian Ocean Territory","Afghanistan; Bolivia; Bontebok National Park, South Africa; Brazil; Burkina Faso; Comoros; Cyprus; Israel; Libya; Madagascar; Maldives; Malta; Namibia; Qatar; Sovereign Base Areas of Cyprus, Cyprus; Uganda; – British Indian Ocean Territory",Freshwater; Terrestrial; terrestrial
Laurus nobilis,laurus nobilis,AngMaLaLr26308-00; AngMaLaLr26308-01; AngMaLaLr26308-01,Lauraceae,Australia,YES,YES,4,16,16,Argentina; Brazil; New Zealand; Uruguay,"- Croatia; Argentina; Australia; Austria; Belgium; Bosnia and Herzegovina; Brazil; Georgia; Great Britain; India; Iran; Ireland; New Zealand; Switzerland; United States (Contiguous) (ver.2.0, 2022); Uruguay","- Croatia; Argentina; Australia; Austria; Belgium; Bosnia and Herzegovina; Brazil; Georgia; Great Britain; India; Iran; Ireland; New Zealand; Switzerland; United States (Contiguous) (ver.2.0, 2022); Uruguay",Terrestrial; terrestrial
Pinus elliottii,pinus elliottii,AngPiPiPn37032-00; AngPiPiPn37032-01; AngPiPiPn37032-02; AngPiPiPn37032-01,Pinaceae,NA,YES,YES,4,14,15,- Paraguay; Brazil; South Africa; Uruguay,"- Paraguay; Argentina; Australia; Bangladesh; Brazil; Burundi; Eswatini (Swaziland); Garden Route National Park, South Africa; Golden Gate Highlands National Park, South Africa; Hawaii, United States (ver.2.0, 2022); South Africa; St Lucia System, South Africa; Uruguay; Zimbabwe","- Paraguay; Argentina; Australia; Bangladesh; Brazil; Burundi; Eswatini (Swaziland); Garden Route National Park, South Africa; Golden Gate Highlands National Park, South Africa; Hawaii, United States (ver.2.0, 2022); Mauritius; South Africa; St Lucia System, South Africa; Uruguay; Zimbabwe",Terrestrial; terrestrial
Grevillea banksii,grevillea banksii,AngMaPrPr21781-01,Proteaceae,Australia,YES,YES,4,13,13,"Madagascar; New Caledonia, France; South Africa; – Reunion","- Cook Islands; Brazil; Costa Rica; Ecuador; Fiji; Hawaii, United States (ver.2.0, 2022); India; Madagascar; Malawi; Montserrat; New Caledonia, France; South Africa; – Reunion","- Cook Islands; Brazil; Costa Rica; Ecuador; Fiji; Hawaii, United States (ver.2.0, 2022); India; Madagascar; Malawi; Montserrat; New Caledonia, France; South Africa; – Reunion",Terrestrial; terrestrial
Vitex trifolia,vitex trifolia,AngMaLaLm49730-00; AngMaLaLm49730-01; AngMaLaLm49730-02; AngMaLaLm49730-03; AngMaLaLm49730-04; AngMaLaLm49730-05; AngMaLaLm49730-06; AngMaLaLm49730-07; AngMaLaLm49730-08; AngMaLaLm49730-09,Lamiaceae,Australia;Fiji;Guam;Kiribati;New Caledonia;Papua New Guinea;Solomon Islands;Timor-Leste;Vanuatu,YES,YES,4,13,14,"Cuba; South Africa; – Ascension Island, Saint Helena, Ascension and Tristan da Cunha; – Reunion","Cuba; Curieuse Special Reserve, Seychelles; Georgia; Hawaii, United States (ver.2.0, 2022); Kruger National Park, South Africa; Madagascar; Seychelles; South Africa; Tonga; Tongatapu Island, Tonga; United States (Contiguous) (ver.2.0, 2022); – Ascension Island, Saint Helena, Ascension and Tristan da Cunha; – Reunion","Cuba; Curieuse Special Reserve, Seychelles; Georgia; Hawaii, United States (ver.2.0, 2022); Kruger National Park, South Africa; Madagascar; Seychelles; Singapore; South Africa; Tonga; Tongatapu Island, Tonga; United States (Contiguous) (ver.2.0, 2022); – Ascension Island, Saint Helena, Ascension and Tristan da Cunha; – Reunion",Terrestrial; terrestrial
Crataegus monogyna,crataegus monogyna,AngMaRoRs11367-00; AngMaRoRs11367-01; AngMaRoRs11367-02; AngMaRoRs11367-03; AngMaRoRs11367-04; AngMaRoRs11367-05; AngMaRoRs11367-06; AngMaRoRs11367-07; AngMaRoRs11367-08; AngMaRoRs11367-09; AngMaRoRs11367-10; AngMaRoRs11367-11; AngMaRoRs11367-12; AngMaRoRs11367-13; AngMaRoRs11367-14; AngMaRoRs11367-15; AngMaRoRs11367-16; AngMaRoRs11367-17; AngMaRoRs11367-18; AngMaRoRs11367-19; AngMaRoRs11367-20; AngMaRoRs11367-21; AngMaRoRs11367-22; AngMaRoRs11367-23; AngMaRoRs11367-24; AngMaRoRs11367-25; AngMaRoRs11367-26; AngMaRoRs11367-01,Rosaceae,Australia;Austria;France;Italy;Namibia;Netherlands;Portugal;Slovenia;Spain;Sweden;United Kingdom;United States,YES,YES,4,13,13,Argentina; Canada; New Zealand; Russian Federation,"Alaska, United States (ver.2.0, 2022); Argentina; Australia; Belarus; Canada; Estonia; India; Latvia; Madeira, Portugal; New Zealand; Russian Federation; South Africa; United States (Contiguous) (ver.2.0, 2022)","Alaska, United States (ver.2.0, 2022); Argentina; Australia; Belarus; Canada; Estonia; India; Latvia; Madeira, Portugal; New Zealand; Russian Federation; South Africa; United States (Contiguous) (ver.2.0, 2022)",Freshwater; Terrestrial; terrestrial
Pinus mugo,pinus mugo,AngPiPiPn37066-00; AngPiPiPn37066-01; AngPiPiPn37066-02; AngPiPiPn37066-03; AngPiPiPn37066-04; AngPiPiPn37066-05; AngPiPiPn37066-06; AngPiPiPn37066-07; AngPiPiPn37066-08; AngPiPiPn37066-01,Pinaceae,NA,YES,YES,4,12,12,Denmark; New Zealand; Norway; Sweden,"Australia; Belgium; Canada; Denmark; Great Britain; Iceland; Ireland; Lithuania; New Zealand; Norway; Sweden; United States (Contiguous) (ver.2.0, 2022)","Australia; Belgium; Canada; Denmark; Great Britain; Iceland; Ireland; Lithuania; New Zealand; Norway; Sweden; United States (Contiguous) (ver.2.0, 2022)",Terrestrial; terrestrial
Coffea liberica,coffea liberica,AngMaGeRb9983-00; AngMaGeRb9983-01; AngMaGeRb9983-02; AngMaGeRb9983-03; AngMaGeRb9983-04; AngMaGeRb9983-05; AngMaGeRb9983-06,Rubiaceae,Afghanistan;Angola;Australia;Belize;Brazil;Cameroon;Central African Republic;Chad;Congo - Brazzaville;Congo - Kinshasa;Côte d’Ivoire;Dominican Republic;El Salvador;Equatorial Guinea;Gabon;Ghana;Guyana;Indonesia;Liberia;Madagascar;Malaysia;Micronesia (Federated States of);Netherlands;Nigeria;Philippines;Puerto Rico;São Tomé & Príncipe;Sierra Leone;South Africa;Sri Lanka;Suriname;United States,YES,YES,4,12,13,"Fiji; Mare-Aux-Cochons, Seychelles; Morne-Seychellois National Park, Seychelles; Seychelles","- Sao Tome and Principe; Australia; Brazil; Chad; Costa Rica; Fiji; Hawaii, United States (ver.2.0, 2022); Mare-Aux-Cochons, Seychelles; Morne-Seychellois National Park, Seychelles; Palau; Pohnpei, Federated States of Micronesia; Seychelles","- Sao Tome and Principe; Australia; Brazil; Chad; Costa Rica; Federated States of Micronesia; Fiji; Hawaii, United States (ver.2.0, 2022); Mare-Aux-Cochons, Seychelles; Morne-Seychellois National Park, Seychelles; Palau; Pohnpei, Federated States of Micronesia; Seychelles",Terrestrial; terrestrial
Picea sitchensis,picea sitchensis,AngPiPiPn36854-00; AngPiPiPn36854-01,Pinaceae,NA,YES,YES,4,11,11,Denmark; Ireland; Norway; Sweden,Belgium; Denmark; Estonia; Great Britain; Iceland; Ireland; Norway; Poland; Portugal; Sweden; – Falkland Islands (Islas Malvinas),Belgium; Denmark; Estonia; Great Britain; Iceland; Ireland; Norway; Poland; Portugal; Sweden; – Falkland Islands (Islas Malvinas),Freshwater; Terrestrial; terrestrial
Senna pendula,senna pendula,AngMaFaFb43434-00; AngMaFaFb43434-01; AngMaFaFb43434-02; AngMaFaFb43434-03; AngMaFaFb43434-04; AngMaFaFb43434-05; AngMaFaFb43434-06; AngMaFaFb43434-07; AngMaFaFb43434-08; AngMaFaFb43434-09; AngMaFaFb43434-10; AngMaFaFb43434-11; AngMaFaFb43434-12; AngMaFaFb43434-13; AngMaFaFb43434-14; AngMaFaFb43434-15; AngMaFaFb43434-16; AngMaFaFb43434-17; AngMaFaFb43434-18; AngMaFaFb43434-19; AngMaFaFb43434-20; AngMaFaFb43434-21,Fabaceae,Argentina;Bolivia;Brazil;Paraguay;Peru;Uruguay,YES,YES,4,11,11,"- Indonesia; Eswatini (Swaziland); Lord Howe Island, Australia; South Africa","- Indonesia; Addo-Elephant National Park, South Africa; Australia; Eswatini (Swaziland); Hawaii, United States (ver.2.0, 2022); Kruger National Park, South Africa; Lord Howe Island, Australia; Madeira, Portugal; Namibia; Seychelles; South Africa","- Indonesia; Addo-Elephant National Park, South Africa; Australia; Eswatini (Swaziland); Hawaii, United States (ver.2.0, 2022); Kruger National Park, South Africa; Lord Howe Island, Australia; Madeira, Portugal; Namibia; Seychelles; South Africa",Terrestrial; terrestrial
Solanum chrysotrichum,solanum chrysotrichum,AngMaSoSl44100-00; AngMaSoSl44100-01,Solanaceae,Australia,YES,YES,4,11,11,China; Rwanda; South Africa; Zambia,"Australia; China; Democratic Republic of Congo; Garden Route National Park, South Africa; Gran Canaria, Islas Canarias, Spain; India; Rwanda; South Africa; Spain; United States (Contiguous) (ver.2.0, 2022); Zambia","Australia; China; Democratic Republic of Congo; Garden Route National Park, South Africa; Gran Canaria, Islas Canarias, Spain; India; Rwanda; South Africa; Spain; United States (Contiguous) (ver.2.0, 2022); Zambia",Terrestrial; terrestrial
Miconia calvescens,miconia calvescens,AngMaMyMl30508-01,Melastomataceae,Argentina;Bolivia;Brazil;Ecuador;Peru,YES,YES,4,11,12,"- Indonesia; Dominican Republic; French Polynesia; New Caledonia, France","- Indonesia; Algeria; Australia; Democratic Republic of Congo; Dominican Republic; French Polynesia; Grenada; Guatemala; Hawaii, United States (ver.2.0, 2022); New Caledonia, France; Sri Lanka","- Indonesia; Algeria; Australia; Democratic Republic of Congo; Dominican Republic; French Polynesia; Grenada; Guatemala; Hawaii, United States (ver.2.0, 2022); Jamaica; New Caledonia, France; Sri Lanka",Terrestrial; terrestrial
Baccharis halimifolia,baccharis halimifolia,AngMaAsst4199-00; AngMaAsst4199-01,Asteraceae,United States,YES,YES,4,9,9,France; Italy; New Zealand; Spain,Australia; Belgium; France; Georgia; Great Britain; Italy; New Zealand; Norway; Spain,Australia; Belgium; France; Georgia; Great Britain; Italy; New Zealand; Norway; Spain,Terrestrial; terrestrial
Vachellia nilotica,vachellia nilotica,AngMaFaFb48974-00; AngMaFaFb48974-01; AngMaFaFb48974-02; AngMaFaFb48974-03; AngMaFaFb48974-04; AngMaFaFb48974-05; AngMaFaFb48974-06; AngMaFaFb48974-07; AngMaFaFb48974-08; AngMaFaFb48974-01,Fabaceae,Australia;Timor-Leste,YES,YES,4,9,9,"- Indonesia; Australia; Socotra Archipelago, Yemen; Timor-Leste","- Indonesia; Australia; China; Iraq; Saint Barthelemy; Socotra Archipelago, Yemen; Soqotra, Yemen; Timor-Leste; Venezuela","- Indonesia; Australia; China; Iraq; Saint Barthelemy; Socotra Archipelago, Yemen; Soqotra, Yemen; Timor-Leste; Venezuela",Terrestrial; terrestrial
Coffea canephora,coffea canephora,AngMaGeRb9950-00; AngMaGeRb9950-01; AngMaGeRb9950-02; AngMaGeRb9950-03; AngMaGeRb9950-04; AngMaGeRb9950-01,Rubiaceae,Afghanistan;Angola;Benin;Brunei;Cameroon;Central African Republic;Congo - Brazzaville;Congo - Kinshasa;Costa Rica;Côte d’Ivoire;Dominica;Equatorial Guinea;Gabon;Ghana;Guinea;Indonesia;Jamaica;Madagascar;Malaysia;Mayotte;Netherlands;New Caledonia;Nigeria;Philippines;Portugal;Puerto Rico;Réunion;São Tomé & Príncipe;Sierra Leone;South Africa;Sri Lanka;Tanzania;Thailand;Trinidad & Tobago;Uganda;United States,YES,YES,4,6,8,"Costa Rica; Mare-Aux-Cochons, Seychelles; Morne-Seychellois National Park, Seychelles; Seychelles","Brazil; Costa Rica; India; Mare-Aux-Cochons, Seychelles; Morne-Seychellois National Park, Seychelles; Seychelles","Brazil; Comoros; Costa Rica; India; Mare-Aux-Cochons, Seychelles; Morne-Seychellois National Park, Seychelles; Ngazidja (Grande Comore), Comoros; Seychelles",Terrestrial; terrestrial
Annona squamosa,annona squamosa,AngMaMann2720-01,Annonaceae,Australia;India;Taiwan,YES,YES,3,55,60,"- Nauru; Mayotte, France; – Reunion","- Egypt; - Nauru; - Nicaragua; - Paraguay; - Sao Tome and Principe; Algeria; Anguilla; Australia; Bahamas; Bolivia; Brazil; Burkina Faso; Burundi; Cambodia; Colombia; Costa Rica; Curieuse Special Reserve, Seychelles; Dominican Republic; Ecuador; Equatorial Guinea; Fiji; French Polynesia; Gabon; Ha'apai group, Tonga; Haiti; India; Jaluit Atoll, Marshall Islands; Kiribati; Kosrae, Federated States of Micronesia; Laos; Madagascar; Majuro Atoll, Marshall Islands; Maldives; Marshall Islands; Mayotte, France; Niue; Palau; Papua New Guinea; Peru; Philippines; Pitcairn Islands- Great Britain; Pohnpei, Federated States of Micronesia; Rwanda; Saudi Arabia; Seychelles; Socotra Archipelago, Yemen; Solomon Islands; Soqotra, Yemen; Sudan; Timor-Leste; Tonga; Tongatapu Island, Tonga; Vava'u group, Tonga; Yemen; – Reunion","- Egypt; - Nauru; - Nicaragua; - Paraguay; - Sao Tome and Principe; Algeria; Anguilla; Australia; Bahamas; Bolivia; Brazil; Burkina Faso; Burundi; Cambodia; Colombia; Comoros; Costa Rica; Curieuse Special Reserve, Seychelles; Dominican Republic; Ecuador; Equatorial Guinea; Federated States of Micronesia; Fiji; French Polynesia; Gabon; Ha'apai group, Tonga; Haiti; India; Jaluit Atoll, Marshall Islands; Jamaica; Kiribati; Kosrae, Federated States of Micronesia; Laos; Madagascar; Majuro Atoll, Marshall Islands; Maldives; Marshall Islands; Mayotte, France; Niue; Palau; Papua New Guinea; Peru; Philippines; Pitcairn Islands- Great Britain; Pohnpei, Federated States of Micronesia; Rwanda; Saudi Arabia; Seychelles; Socotra Archipelago, Yemen; Solomon Islands; Soqotra, Yemen; Sudan; Timor-Leste; Tonga; Tongatapu Island, Tonga; Vava'u group, Tonga; Vietnam; Yemen; Îles Éparses, France; – Reunion",Terrestrial; terrestrial
Persea americana,persea americana,AngMaLaLr36364-00; AngMaLaLr36364-01; AngMaLaLr36364-02; AngMaLaLr36364-03; AngMaLaLr36364-04; AngMaLaLr36364-05; AngMaLaLr36364-06; AngMaLaLr36364-07; AngMaLaLr36364-01,Lauraceae,Australia;El Salvador;Guatemala;Norfolk Island,YES,YES,3,45,51,"Brazil; Galápagos Islands, Ecuador; Pitcairn Islands- Great Britain","- Cook Islands; - Sao Tome and Principe; -Samoa; American Samoa; Anguilla; Argentina; Australia; Belgium; Brazil; Burkina Faso; Burundi; Curieuse Special Reserve, Seychelles; Denmark; Ecuador; Equatorial Guinea; French Polynesia; Galápagos Islands, Ecuador; Garden Route National Park, South Africa; Ha'apai group, Tonga; Hawaii, United States (ver.2.0, 2022); Honduras; Kosrae, Federated States of Micronesia; Kruger National Park, South Africa; Laos; Lord Howe Island, Australia; Majuro Atoll, Marshall Islands; Maldives; Mara Ecosystem (Kenya, Tanzania); Marshall Islands; Montserrat; Niue; Palau; Peru; Philippines; Pitcairn Islands- Great Britain; Pohnpei, Federated States of Micronesia; Rapa Nui  (Isla de Pascua, Easter Island); Rapa Nui (Isla de Pascua, Easter Island); Seychelles; South Africa; Tonga; Tongatapu Island, Tonga; Trinidad and Tobago; United States (Contiguous) (ver.2.0, 2022); – British Indian Ocean Territory","- Cook Islands; - Sao Tome and Principe; -Samoa; American Samoa; Anguilla; Argentina; Australia; Belgium; Brazil; Burkina Faso; Burundi; Comoros; Curieuse Special Reserve, Seychelles; Denmark; Ecuador; Equatorial Guinea; Federated States of Micronesia; French Polynesia; Galápagos Islands, Ecuador; Garden Route National Park, South Africa; Ha'apai group, Tonga; Hawaii, United States (ver.2.0, 2022); Honduras; Kosrae, Federated States of Micronesia; Kruger National Park, South Africa; Laos; Lord Howe Island, Australia; Majuro Atoll, Marshall Islands; Maldives; Mara Ecosystem (Kenya, Tanzania); Marshall Islands; Mauritius; Montserrat; Mwali (Mohéli), Comoros; Ndzuwani (Anjouan), Comoros; Ngazidja (Grande Comore), Comoros; Niue; Palau; Peru; Philippines; Pitcairn Islands- Great Britain; Pohnpei, Federated States of Micronesia; Rapa Nui  (Isla de Pascua, Easter Island); Rapa Nui (Isla de Pascua, Easter Island); Seychelles; South Africa; Tonga; Tongatapu Island, Tonga; Trinidad and Tobago; United States (Contiguous) (ver.2.0, 2022); – British Indian Ocean Territory",Terrestrial; terrestrial
Salix babylonica,salix babylonica,AngMaMaSl42238-00; AngMaMaSl42238-01; AngMaMaSl42238-02; AngMaMaSl42238-03; AngMaMaSl42238-04; AngMaMaSl42238-05; AngMaMaSl42238-06; AngMaMaSl42238-01,Salicaceae,Australia,YES,YES,3,39,39,Australia; Fiji; South Africa,"- Croatia; - Japan; Agulhas National Park, South Africa; Albania; Argentina; Armenia; Augrabies Falls National Park, South Africa; Australia; Belgium; Bosnia and Herzegovina; Camdeboo National Park, South Africa; Chile; Denmark; Fiji; Garden Route National Park, South Africa; Golden Gate Highlands National Park, South Africa; India; Iran; Italy; Kruger National Park, South Africa; Lesotho; Madagascar; Mexico; Mountain Zebra National Park, South Africa; Niue; Norway; Peru; Portugal; Romania; Slovenia; South Africa; Table Mountain National Park, South Africa; Tankwa-Karoo National Park, South Africa; Tonga; Tongatapu Island, Tonga; Turkey; United States (Contiguous) (ver.2.0, 2022); Zimbabwe; – Tristan da Cunha, Saint Helena, Ascension and Tristan da Cunha","- Croatia; - Japan; Agulhas National Park, South Africa; Albania; Argentina; Armenia; Augrabies Falls National Park, South Africa; Australia; Belgium; Bosnia and Herzegovina; Camdeboo National Park, South Africa; Chile; Denmark; Fiji; Garden Route National Park, South Africa; Golden Gate Highlands National Park, South Africa; India; Iran; Italy; Kruger National Park, South Africa; Lesotho; Madagascar; Mexico; Mountain Zebra National Park, South Africa; Niue; Norway; Peru; Portugal; Romania; Slovenia; South Africa; Table Mountain National Park, South Africa; Tankwa-Karoo National Park, South Africa; Tonga; Tongatapu Island, Tonga; Turkey; United States (Contiguous) (ver.2.0, 2022); Zimbabwe; – Tristan da Cunha, Saint Helena, Ascension and Tristan da Cunha",Terrestrial; terrestrial
Gossypium hirsutum,gossypium hirsutum,AngMaMaMl21706-00; AngMaMaMl21706-01; AngMaMaMl21706-02; AngMaMaMl21706-03; AngMaMaMl21706-04; AngMaMaMl21706-05; AngMaMaMl21706-06; AngMaMaMl21706-07; AngMaMaMl21706-08; AngMaMaMl21706-01,Malvaceae,Australia;Dominican Republic;Guatemala;Mayotte;Mexico;Mozambique;Panama;Seychelles;South Africa;Tanzania;Timor-Leste;United States,YES,YES,3,36,39,"Aruba; Bonaire, Bonaire, Sint Eustatius and Saba; Curacao, Netherlands","- Cook Islands; - Sao Tome and Principe; -Samoa; Angola; Aruba; Australia; Bonaire, Bonaire, Sint Eustatius and Saba; Brazil; Burkina Faso; Burundi; Chad; Cosmoledo, Seychelles; Cousin Special Reserve, Seychelles; Cousine Island, Seychelles; Curacao, Netherlands; D'Arros island, Seychelles; Democratic Republic of Congo; El Salvador; Frégate island, Seychelles; Guatemala; Ha'apai group, Tonga; Hawaii, United States (ver.2.0, 2022); Honduras; Ile-aux-Vaches Nature Reserve, Seychelles; India; Iraq; Italy; Madagascar; Malta; Philippines; Rwanda; Serengeti National Park, Tanzania; Seychelles; Timor-Leste; Zimbabwe; – British Indian Ocean Territory","- Cook Islands; - Sao Tome and Principe; -Samoa; Angola; Aruba; Australia; Bonaire, Bonaire, Sint Eustatius and Saba; Brazil; Burkina Faso; Burundi; Chad; Comoros; Cosmoledo, Seychelles; Cousin Special Reserve, Seychelles; Cousine Island, Seychelles; Curacao, Netherlands; D'Arros island, Seychelles; Democratic Republic of Congo; El Salvador; Frégate island, Seychelles; Greece; Guatemala; Ha'apai group, Tonga; Hawaii, United States (ver.2.0, 2022); Honduras; Ile-aux-Vaches Nature Reserve, Seychelles; India; Iraq; Italy; Madagascar; Malta; Philippines; Rwanda; Serengeti National Park, Tanzania; Seychelles; Timor-Leste; Zimbabwe; Îles Éparses, France; – British Indian Ocean Territory",Terrestrial; terrestrial
Cocos nucifera,cocos nucifera,AngLiArrc9897-00; AngLiArrc9897-01,Arecaceae,;introduced;introducedAssistedColonisation;NA;native,YES,YES,3,34,37,"Suriname; Îles Éparses, France; – British Indian Ocean Territory","- Nicaragua; - Paraguay; - Sao Tome and Principe; American Samoa; Anguilla; Antigua and Barbuda; Australia; Barbados; Belize; Colombia; Conception, Seychelles; Cuba; Democratic Republic of Congo; East Usambara, Tanzania; Ecuador; French Guiana; Galápagos Islands, Ecuador; Ghana; Guyana; India; Maldives; Mayotte, France; Nigeria; Rongelap Atoll, Marshall Islands; Saint Barthelemy; Saint Martin (French part); Socotra Archipelago, Yemen; Soqotra, Yemen; Suriname; Timor-Leste; United States (Contiguous) (ver.2.0, 2022); Venezuela; – British Indian Ocean Territory; – Central African Republic","- Nicaragua; - Paraguay; - Sao Tome and Principe; American Samoa; Anguilla; Antigua and Barbuda; Australia; Barbados; Belize; Colombia; Comoros; Conception, Seychelles; Cuba; Democratic Republic of Congo; East Usambara, Tanzania; Ecuador; French Guiana; Galápagos Islands, Ecuador; Ghana; Guyana; India; Maldives; Mayotte, France; Ngazidja (Grande Comore), Comoros; Nigeria; Rongelap Atoll, Marshall Islands; Saint Barthelemy; Saint Martin (French part); Socotra Archipelago, Yemen; Soqotra, Yemen; Suriname; Timor-Leste; United States (Contiguous) (ver.2.0, 2022); Venezuela; Îles Éparses, France; – British Indian Ocean Territory; – Central African Republic",Terrestrial; terrestrial
Phoenix canariensis,phoenix canariensis,AngNAParc36602-01,Arecaceae,;introduced;native,YES,YES,3,34,36,Argentina; New Zealand; Tunisia,"- Croatia; - Egypt; - Nicaragua; Albania; Argentina; Australia; Bermuda; Bolivia; Colombia; France; Georgia; India; Ireland; Italy; Jaluit Atoll, Marshall Islands; Libya; Madeira, Portugal; Malta; Mara Ecosystem (Kenya, Tanzania); Marshall Islands; Mexico; New Zealand; Niue; Peru; Pohnpei, Federated States of Micronesia; Portugal; South Africa; Spain; Table Mountain National Park, South Africa; Tankwa-Karoo National Park, South Africa; Thailand; Tunisia; Turkey; United States (Contiguous) (ver.2.0, 2022)","- Croatia; - Egypt; - Nicaragua; Albania; Argentina; Australia; Bermuda; Bolivia; Colombia; Federated States of Micronesia; France; Georgia; Greece; India; Ireland; Italy; Jaluit Atoll, Marshall Islands; Libya; Madeira, Portugal; Malta; Mara Ecosystem (Kenya, Tanzania); Marshall Islands; Mexico; New Zealand; Niue; Peru; Pohnpei, Federated States of Micronesia; Portugal; South Africa; Spain; Table Mountain National Park, South Africa; Tankwa-Karoo National Park, South Africa; Thailand; Tunisia; Turkey; United States (Contiguous) (ver.2.0, 2022)",Terrestrial; terrestrial
Prunus cerasifera,prunus cerasifera,AngMaRoRs39125-00; AngMaRoRs39125-01; AngMaRoRs39125-02; AngMaRoRs39125-03; AngMaRoRs39125-04; AngMaRoRs39125-05; AngMaRoRs39125-01,Rosaceae,Afghanistan;Albania;Armenia;Australia;Azerbaijan;Belgium;Bulgaria;Canada;China;Ecuador;France;Georgia;Germany;Greece;Hungary;India;Iran;Italy;Japan;Kazakhstan;Kyrgyzstan;Latvia;Lebanon;Moldova;Morocco;Netherlands;New Zealand;North Macedonia;Pakistan;Panama;Russia;Seychelles;Slovakia;Spain;Switzerland;Tajikistan;Turkey;Turkmenistan;Ukraine;United Kingdom;United States;Uzbekistan,YES,YES,3,24,26,Czechia; Lithuania; Sweden,"Armenia; Australia; Austria; Belgium; Bulgaria; Canada; Czechia; Denmark; France; Germany; Great Britain; Ireland; Italy; Libya; Lithuania; Moldova; Netherlands; Norway; Poland; Portugal; Romania; Slovenia; Sweden; United States (Contiguous) (ver.2.0, 2022)","Armenia; Australia; Austria; Belgium; Bulgaria; Canada; Czechia; Denmark; France; Germany; Great Britain; Ireland; Italy; Libya; Lithuania; Moldova; Netherlands; Norway; Poland; Portugal; Romania; Slovakia; Slovenia; Sweden; Ukraine; United States (Contiguous) (ver.2.0, 2022)",Terrestrial; terrestrial
Albizia procera,albizia procera,AngMaFaFb1673-01,Fabaceae,Australia;Timor-Leste,YES,YES,3,23,26,Cuba; South Africa; Venezuela,"- Egypt; - Sao Tome and Principe; Antigua and Barbuda; Bahamas; Barbados; Brazil; Cuba; Dominica; Dominican Republic; Fiji; Grenada; Haiti; Hawaii, United States (ver.2.0, 2022); Nigeria; Panama; Saint Vincent and the Grenadines; Solomon Islands; South Africa; Sudan; Trinidad and Tobago; United States (Contiguous) (ver.2.0, 2022); Venezuela; Zimbabwe","- Egypt; - Sao Tome and Principe; Antigua and Barbuda; Bahamas; Barbados; Brazil; Cuba; Dominica; Dominican Republic; Federated States of Micronesia; Fiji; Grenada; Haiti; Hawaii, United States (ver.2.0, 2022); Jamaica; Mauritius; Nigeria; Panama; Saint Vincent and the Grenadines; Solomon Islands; South Africa; Sudan; Trinidad and Tobago; United States (Contiguous) (ver.2.0, 2022); Venezuela; Zimbabwe",Terrestrial; terrestrial
Pinus nigra,pinus nigra,AngPiPiPn37069-00; AngPiPiPn37069-01; AngPiPiPn37069-02; AngPiPiPn37069-03; AngPiPiPn37069-04; AngPiPiPn37069-05; AngPiPiPn37069-06; AngPiPiPn37069-07; AngPiPiPn37069-08; AngPiPiPn37069-09; AngPiPiPn37069-10; AngPiPiPn37069-11; AngPiPiPn37069-01,Pinaceae,NA,YES,YES,3,23,25,Czechia; Great Britain; New Zealand,"Armenia; Australia; Belarus; Belgium; Canada; Czechia; Denmark; Georgia; Germany; Great Britain; Iran; Ireland; Libya; Lithuania; Luxembourg; New Zealand; Norway; Poland; Portugal; Russian Federation; Serbia; Sweden; United States (Contiguous) (ver.2.0, 2022)","Armenia; Australia; Belarus; Belgium; Canada; Czechia; Denmark; Georgia; Germany; Great Britain; Iran; Ireland; Libya; Lithuania; Luxembourg; New Zealand; Norway; Poland; Portugal; Russian Federation; Serbia; Slovakia; Sweden; Ukraine; United States (Contiguous) (ver.2.0, 2022)",Terrestrial; terrestrial
Tectona grandis,tectona grandis,AngMaLaLm47213-00; AngMaLaLm47213-01; AngMaLaLm47213-02; AngMaLaLm47213-03; AngMaLaLm47213-01,Lamiaceae,NA,YES,YES,3,22,26,- Indonesia; Sierra Leone; Timor-Leste,"- Indonesia; - Sao Tome and Principe; Bangladesh; Burkina Faso; Burundi; Costa Rica; Cuba; Democratic Republic of Congo; Galápagos Islands, Ecuador; Kenya; Madagascar; Malawi; Maldives; Montserrat; Panama; Seychelles; Sierra Leone; Tanzania; Timor-Leste; Trinidad and Tobago; Uganda; – Saint Helena, Saint Helena, Ascension and Tristan da Cunha","- Indonesia; - Sao Tome and Principe; Bangladesh; Burkina Faso; Burundi; Comoros; Costa Rica; Cuba; Democratic Republic of Congo; Galápagos Islands, Ecuador; Kenya; Madagascar; Malawi; Maldives; Montserrat; Mwali (Mohéli), Comoros; Ndzuwani (Anjouan), Comoros; Ngazidja (Grande Comore), Comoros; Panama; Seychelles; Sierra Leone; Tanzania; Timor-Leste; Trinidad and Tobago; Uganda; – Saint Helena, Saint Helena, Ascension and Tristan da Cunha",Terrestrial; terrestrial
Quercus robur,quercus robur,AngMaFaFg40742-00; AngMaFaFg40742-01; AngMaFaFg40742-02; AngMaFaFg40742-03; AngMaFaFg40742-04; AngMaFaFg40742-05; AngMaFaFg40742-06; AngMaFaFg40742-07; AngMaFaFg40742-08; AngMaFaFg40742-09; AngMaFaFg40742-10; AngMaFaFg40742-11; AngMaFaFg40742-12; AngMaFaFg40742-13; AngMaFaFg40742-14; AngMaFaFg40742-15; AngMaFaFg40742-16; AngMaFaFg40742-17; AngMaFaFg40742-18; AngMaFaFg40742-19; AngMaFaFg40742-20; AngMaFaFg40742-21; AngMaFaFg40742-01,Fagaceae,NA,YES,YES,3,22,22,Brazil; New Zealand; South Africa,"Argentina; Armenia; Australia; Brazil; Canada; France; Garden Route National Park, South Africa; Golden Gate Highlands National Park, South Africa; Gran Canaria, Islas Canarias, Spain; India; Lesotho; Madeira, Portugal; Malta; New Zealand; South Africa; Spain; Table Mountain National Park, South Africa; Tankwa-Karoo National Park, South Africa; Tenerife, Islas Canarias, Spain; United States (Contiguous) (ver.2.0, 2022); – Falkland Islands (Islas Malvinas); – Saint Helena, Saint Helena, Ascension and Tristan da Cunha","Argentina; Armenia; Australia; Brazil; Canada; France; Garden Route National Park, South Africa; Golden Gate Highlands National Park, South Africa; Gran Canaria, Islas Canarias, Spain; India; Lesotho; Madeira, Portugal; Malta; New Zealand; South Africa; Spain; Table Mountain National Park, South Africa; Tankwa-Karoo National Park, South Africa; Tenerife, Islas Canarias, Spain; United States (Contiguous) (ver.2.0, 2022); – Falkland Islands (Islas Malvinas); – Saint Helena, Saint Helena, Ascension and Tristan da Cunha",Terrestrial; terrestrial
Ligustrum ovalifolium,ligustrum ovalifolium,AngMaLalc26827-00; AngMaLalc26827-01; AngMaLalc26827-02; AngMaLalc26827-03; AngMaLalc26827-04; AngMaLalc26827-05; AngMaLalc26827-01,Oleaceae,Australia,YES,YES,3,20,21,New Zealand; South Africa; – Reunion,"- Croatia; Armenia; Australia; Austria; Belgium; Canada; Denmark; Eswatini (Swaziland); Great Britain; Ireland; Italy; Libya; New Zealand; Norway; Portugal; South Africa; Turkey; United States (Contiguous) (ver.2.0, 2022); Wadden Sea; – Reunion","- Croatia; Armenia; Australia; Austria; Belgium; Canada; Denmark; Eswatini (Swaziland); Great Britain; Ireland; Italy; Libya; New Zealand; Norway; Portugal; Slovakia; South Africa; Turkey; United States (Contiguous) (ver.2.0, 2022); Wadden Sea; – Reunion",Terrestrial; terrestrial
Pinus pinea,pinus pinea,AngPiPiPn37078-00; AngPiPiPn37078-01,Pinaceae,NA,YES,YES,3,19,19,Argentina; South Africa; Tunisia,"Agulhas National Park, South Africa; Argentina; Armenia; Augrabies Falls National Park, South Africa; Australia; Cyprus; France; Gran Canaria, Islas Canarias, Spain; Ireland; Libya; Malta; Slovenia; South Africa; Table Mountain National Park, South Africa; Tankwa-Karoo National Park, South Africa; Tunisia; United States (Contiguous) (ver.2.0, 2022); Uruguay; – Saint Helena, Saint Helena, Ascension and Tristan da Cunha","Agulhas National Park, South Africa; Argentina; Armenia; Augrabies Falls National Park, South Africa; Australia; Cyprus; France; Gran Canaria, Islas Canarias, Spain; Ireland; Libya; Malta; Slovenia; South Africa; Table Mountain National Park, South Africa; Tankwa-Karoo National Park, South Africa; Tunisia; United States (Contiguous) (ver.2.0, 2022); Uruguay; – Saint Helena, Saint Helena, Ascension and Tristan da Cunha",Terrestrial; terrestrial
Thespesia populnea,thespesia populnea,AngMaMaMl47710-00; AngMaMaMl47710-01,Malvaceae,Australia;French Polynesia,YES,YES,3,17,18,- Indonesia; Bahamas; Brazil,"- Indonesia; Aruba; Bahamas; Bonaire, Bonaire, Sint Eustatius and Saba; Brazil; Burundi; Cuba; Curacao, Netherlands; Democratic Republic of Congo; Marshall Islands; Sint Maarten, Netherlands; Socotra Archipelago, Yemen; Soqotra, Yemen; Tuvalu; United States (Contiguous) (ver.2.0, 2022); Venezuela; Yemen","- Indonesia; Aruba; Bahamas; Bonaire, Bonaire, Sint Eustatius and Saba; Brazil; Burundi; Comoros; Cuba; Curacao, Netherlands; Democratic Republic of Congo; Marshall Islands; Sint Maarten, Netherlands; Socotra Archipelago, Yemen; Soqotra, Yemen; Tuvalu; United States (Contiguous) (ver.2.0, 2022); Venezuela; Yemen",Terrestrial; terrestrial
Cupressus lusitanica,cupressus lusitanica,AngPiPiCp12447-00; AngPiPiCp12447-01; AngPiPiCp12447-02; AngPiPiCp12447-03; AngPiPiCp12447-04; AngPiPiCp12447-01,Cupressaceae,Colombia,YES,YES,3,17,18,Colombia; Costa Rica; Zimbabwe,"Angola; Armenia; Australia; Brazil; Colombia; Costa Rica; Georgia; India; Ireland; Libya; Mara Ecosystem (Kenya, Tanzania); Portugal; Rwanda; South Africa; Zimbabwe; – Ascension Island, Saint Helena, Ascension and Tristan da Cunha; – Saint Helena, Saint Helena, Ascension and Tristan da Cunha","Angola; Armenia; Australia; Brazil; Colombia; Costa Rica; Georgia; India; Ireland; Jamaica; Libya; Mara Ecosystem (Kenya, Tanzania); Portugal; Rwanda; South Africa; Zimbabwe; – Ascension Island, Saint Helena, Ascension and Tristan da Cunha; – Saint Helena, Saint Helena, Ascension and Tristan da Cunha",Terrestrial; terrestrial
Populus balsamifera,populus balsamifera,AngMaMaSl38365-00; AngMaMaSl38365-01; AngMaMaSl38365-02; AngMaMaSl38365-03; AngMaMaSl38365-04; AngMaMaSl38365-05; AngMaMaSl38365-01,Salicaceae,NA,YES,YES,3,16,17,Latvia; Norway; Sweden,Armenia; Austria; Belgium; Czechia; Denmark; Ecuador; Estonia; Great Britain; Iceland; Ireland; Italy; Latvia; Lithuania; Norway; Slovenia; Sweden,Armenia; Austria; Belgium; Czechia; Denmark; Ecuador; Estonia; Great Britain; Iceland; Ireland; Italy; Latvia; Lithuania; Norway; Slovenia; Sweden; Ukraine,Freshwater; Terrestrial; terrestrial
Acacia podalyriifolia,acacia podalyriifolia,AngMaFaFb0411-01,Fabaceae,Australia,YES,YES,3,16,16,Brazil; Kenya; South Africa,"Brazil; Burundi; Democratic Republic of Congo; Eswatini (Swaziland); Garden Route National Park, South Africa; Golden Gate Highlands National Park, South Africa; India; Kenya; Rwanda; South Africa; Table Mountain National Park, South Africa; Tankwa-Karoo National Park, South Africa; Tanzania; Uganda; United States (Contiguous) (ver.2.0, 2022); Zimbabwe","Brazil; Burundi; Democratic Republic of Congo; Eswatini (Swaziland); Garden Route National Park, South Africa; Golden Gate Highlands National Park, South Africa; India; Kenya; Rwanda; South Africa; Table Mountain National Park, South Africa; Tankwa-Karoo National Park, South Africa; Tanzania; Uganda; United States (Contiguous) (ver.2.0, 2022); Zimbabwe",Terrestrial; terrestrial
Morinda citrifolia,morinda citrifolia,AngMaGeRb31836-00; AngMaGeRb31836-01; AngMaGeRb31836-01,Rubiaceae,Australia;French Polynesia;Indonesia;Samoa;Seychelles;Taiwan;Timor-Leste;Tonga,YES,YES,3,16,18,American Samoa; Costa Rica; Cuba,"Ailinginae Atoll, Marshall Islands; American Samoa; Costa Rica; Cuba; Curacao, Netherlands; Dominican Republic; French Guiana; Galápagos Islands, Ecuador; Guyana; Majuro Atoll, Marshall Islands; Marshall Islands; Montserrat; Panama; Rongelap Atoll, Marshall Islands; Sierra Leone; United States (Contiguous) (ver.2.0, 2022)","Ailinginae Atoll, Marshall Islands; American Samoa; Comoros; Costa Rica; Cuba; Curacao, Netherlands; Dominican Republic; French Guiana; Galápagos Islands, Ecuador; Guyana; Majuro Atoll, Marshall Islands; Marshall Islands; Montserrat; Panama; Rongelap Atoll, Marshall Islands; Sierra Leone; Singapore; United States (Contiguous) (ver.2.0, 2022)",Terrestrial; terrestrial
Fraxinus americana,fraxinus americana,AngMaLalc20288-00; AngMaLalc20288-01; AngMaLalc20288-02; AngMaLalc20288-03; AngMaLalc20288-04; AngMaLalc20288-05; AngMaLalc20288-06; AngMaLalc20288-07; AngMaLalc20288-08; AngMaLalc20288-01,Oleaceae,NA,YES,YES,3,16,17,Cuba; South Africa; Uruguay,"- Croatia; Armenia; Belgium; Bulgaria; Cuba; Golden Gate Highlands National Park, South Africa; Kruger National Park, South Africa; Lithuania; Portugal; Romania; Russian Federation; Serbia; South Africa; Table Mountain National Park, South Africa; Tankwa-Karoo National Park, South Africa; Uruguay","- Croatia; Armenia; Belgium; Bulgaria; Cuba; Golden Gate Highlands National Park, South Africa; Kruger National Park, South Africa; Lithuania; Portugal; Romania; Russian Federation; Serbia; Slovakia; South Africa; Table Mountain National Park, South Africa; Tankwa-Karoo National Park, South Africa; Uruguay",Terrestrial; terrestrial
Cedrus deodara,cedrus deodara,GymPiPiPn7933-01,Pinaceae,Italy;Pakistan,YES,YES,3,15,15,Argentina; Brazil; Turkey,"- Croatia; Albania; Argentina; Armenia; Belgium; Brazil; Georgia; Great Britain; Iran; Ireland; Italy; Portugal; South Africa; Turkey; United States (Contiguous) (ver.2.0, 2022)","- Croatia; Albania; Argentina; Armenia; Belgium; Brazil; Georgia; Great Britain; Iran; Ireland; Italy; Portugal; South Africa; Turkey; United States (Contiguous) (ver.2.0, 2022)",Terrestrial; terrestrial
Ulmus pumila,ulmus pumila,AngMaRolm48609-00; AngMaRolm48609-01; AngMaRolm48609-02; AngMaRolm48609-01,Ulmaceae,NA,YES,YES,3,14,15,Argentina; Russian Federation; Ukraine,"- Japan; Argentina; Austria; Canada; Estonia; Hungary; Italy; Latvia; Libya; Norway; Romania; Russian Federation; Serbia; United States (Contiguous) (ver.2.0, 2022)","- Japan; Argentina; Austria; Canada; Estonia; Hungary; Italy; Latvia; Libya; Norway; Romania; Russian Federation; Serbia; Ukraine; United States (Contiguous) (ver.2.0, 2022)",Freshwater; Terrestrial; terrestrial
Pinus sylvestris,pinus sylvestris,AngPiPiPn37097-00; AngPiPiPn37097-01; AngPiPiPn37097-02; AngPiPiPn37097-03; AngPiPiPn37097-04; AngPiPiPn37097-05; AngPiPiPn37097-06; AngPiPiPn37097-07; AngPiPiPn37097-08; AngPiPiPn37097-09; AngPiPiPn37097-10; AngPiPiPn37097-11; AngPiPiPn37097-12; AngPiPiPn37097-13; AngPiPiPn37097-14; AngPiPiPn37097-15; AngPiPiPn37097-16; AngPiPiPn37097-17; AngPiPiPn37097-18; AngPiPiPn37097-19; AngPiPiPn37097-01,Pinaceae,NA,YES,YES,3,14,15,Ireland; Moldova; New Zealand,"Argentina; Australia; Belgium; Canada; Iceland; Ireland; Moldova; Netherlands; New Zealand; Sweden; United States (Contiguous) (ver.2.0, 2022); Wadden Sea; – Falkland Islands (Islas Malvinas); – Saint Helena, Saint Helena, Ascension and Tristan da Cunha","Argentina; Australia; Belgium; Canada; Iceland; Ireland; Moldova; Netherlands; New Zealand; Sweden; Ukraine; United States (Contiguous) (ver.2.0, 2022); Wadden Sea; – Falkland Islands (Islas Malvinas); – Saint Helena, Saint Helena, Ascension and Tristan da Cunha",Terrestrial; terrestrial
Chrysophyllum cainito,chrysophyllum cainito,AngMaErSp8660-01,Sapotaceae,Seychelles;South Africa;Taiwan,YES,YES,3,13,13,"Mare-Aux-Cochons, Seychelles; Morne-Seychellois National Park, Seychelles; Seychelles","Australia; Democratic Republic of Congo; French Guiana; Galápagos Islands, Ecuador; Guyana; India; Laos; Mare-Aux-Cochons, Seychelles; Marshall Islands; Mexico; Morne-Seychellois National Park, Seychelles; Seychelles; Suriname","Australia; Democratic Republic of Congo; French Guiana; Galápagos Islands, Ecuador; Guyana; India; Laos; Mare-Aux-Cochons, Seychelles; Marshall Islands; Mexico; Morne-Seychellois National Park, Seychelles; Seychelles; Suriname",Terrestrial; terrestrial
Salix viminalis,salix viminalis,AngMaMaSl42372-00; AngMaMaSl42372-01; AngMaMaSl42372-02; AngMaMaSl42372-03; AngMaMaSl42372-04; AngMaMaSl42372-05; AngMaMaSl42372-06; AngMaMaSl42372-01,Salicaceae,NA,YES,YES,3,13,13,Argentina; Australia; Norway,"Argentina; Australia; Bulgaria; Canada; Chile; Great Britain; Iceland; Ireland; Norway; Portugal; Sweden; United States (Contiguous) (ver.2.0, 2022); – Falkland Islands (Islas Malvinas)","Argentina; Australia; Bulgaria; Canada; Chile; Great Britain; Iceland; Ireland; Norway; Portugal; Sweden; United States (Contiguous) (ver.2.0, 2022); – Falkland Islands (Islas Malvinas)",Terrestrial; terrestrial
Triumfetta semitriloba,triumfetta semitriloba,AngMaMaMl48459-00; AngMaMaMl48459-01; AngMaMaMl48459-01,Malvaceae,Argentina;Bolivia;Brazil;Colombia;Mexico;Nicaragua,YES,YES,3,13,14,"Federated States of Micronesia; Tonga; Tongatapu Island, Tonga","- Cook Islands; - Nauru; -Samoa; El Salvador; Guatemala; Hawaii, United States (ver.2.0, 2022); Honduras; Philippines; Pohnpei, Federated States of Micronesia; Rapa Nui  (Isla de Pascua, Easter Island); Rapa Nui (Isla de Pascua, Easter Island); Tonga; Tongatapu Island, Tonga","- Cook Islands; - Nauru; -Samoa; El Salvador; Federated States of Micronesia; Guatemala; Hawaii, United States (ver.2.0, 2022); Honduras; Philippines; Pohnpei, Federated States of Micronesia; Rapa Nui  (Isla de Pascua, Easter Island); Rapa Nui (Isla de Pascua, Easter Island); Tonga; Tongatapu Island, Tonga",Terrestrial; terrestrial
Leptospermum laevigatum,leptospermum laevigatum,AngMaMyMy26546-01,Myrtaceae,Australia,YES,YES,3,13,13,"Lord Howe Island, Australia; New Zealand; South Africa","Agulhas National Park, South Africa; Augrabies Falls National Park, South Africa; Garden Route National Park, South Africa; Golden Gate Highlands National Park, South Africa; Hawaii, United States (ver.2.0, 2022); Lord Howe Island, Australia; New Zealand; South Africa; Table Mountain National Park, South Africa; Tankwa-Karoo National Park, South Africa; United States (Contiguous) (ver.2.0, 2022); – Saint Helena, Saint Helena, Ascension and Tristan da Cunha; – Tristan da Cunha, Saint Helena, Ascension and Tristan da Cunha","Agulhas National Park, South Africa; Augrabies Falls National Park, South Africa; Garden Route National Park, South Africa; Golden Gate Highlands National Park, South Africa; Hawaii, United States (ver.2.0, 2022); Lord Howe Island, Australia; New Zealand; South Africa; Table Mountain National Park, South Africa; Tankwa-Karoo National Park, South Africa; United States (Contiguous) (ver.2.0, 2022); – Saint Helena, Saint Helena, Ascension and Tristan da Cunha; – Tristan da Cunha, Saint Helena, Ascension and Tristan da Cunha",Terrestrial; terrestrial
Cinchona pubescens,cinchona pubescens,AngMaGeRb8739-00; AngMaGeRb8739-01,Rubiaceae,Colombia;Ecuador;India;Japan,YES,YES,3,13,14,"- Indonesia; French Polynesia; Galápagos Islands, Ecuador","- Indonesia; - Sao Tome and Principe; Bolivia; Burundi; Cameroon; Congo; Democratic Republic of Congo; French Polynesia; Galápagos Islands, Ecuador; Hawaii, United States (ver.2.0, 2022); India; Nigeria; Sri Lanka","- Indonesia; - Sao Tome and Principe; Bolivia; Burundi; Cameroon; Congo; Democratic Republic of Congo; French Polynesia; Galápagos Islands, Ecuador; Hawaii, United States (ver.2.0, 2022); India; Jamaica; Nigeria; Sri Lanka",Terrestrial; terrestrial
Tamarix ramosissima,tamarix ramosissima,AngMaCaTm46973-00; AngMaCaTm46973-01,Tamaricaceae,Timor-Leste,YES,YES,3,12,12,Argentina; Mexico; South Africa,"Argentina; Australia; Austria; Camdeboo National Park, South Africa; Estonia; Mexico; Mountain Zebra National Park, South Africa; Namibia; South Africa; Table Mountain National Park, South Africa; Tankwa-Karoo National Park, South Africa; United States (Contiguous) (ver.2.0, 2022)","Argentina; Australia; Austria; Camdeboo National Park, South Africa; Estonia; Mexico; Mountain Zebra National Park, South Africa; Namibia; South Africa; Table Mountain National Park, South Africa; Tankwa-Karoo National Park, South Africa; United States (Contiguous) (ver.2.0, 2022)",Freshwater; Terrestrial; terrestrial
Cestrum parqui,cestrum parqui,AngMaSoSl8177-00; AngMaSoSl8177-01; AngMaSoSl8177-02; AngMaSoSl8177-01,Solanaceae,Argentina;Bolivia;Brazil;Chile;Paraguay,YES,YES,3,12,13,Bolivia; Italy; South Africa,"Archipielago Juan Fernández, Chile; Australia; Bolivia; France; India; Italy; Juan Fernandez Islands, Chile; Kenya; Portugal; Rwanda; South Africa; United States (Contiguous) (ver.2.0, 2022)","Archipielago Juan Fernández, Chile; Australia; Bolivia; France; Greece; India; Italy; Juan Fernandez Islands, Chile; Kenya; Portugal; Rwanda; South Africa; United States (Contiguous) (ver.2.0, 2022)",Terrestrial; terrestrial
Prosopis velutina,prosopis velutina,AngMaFaFb38942-00; AngMaFaFb38942-01,Fabaceae,Australia,YES,YES,3,11,11,Australia; Namibia; South Africa,"Agulhas National Park, South Africa; Augrabies Falls National Park, South Africa; Australia; Cabo Verde; Haiti; India; Marakele National Park, South Africa; Mokala National Park, South Africa; Mountain Zebra National Park, South Africa; Namibia; South Africa","Agulhas National Park, South Africa; Augrabies Falls National Park, South Africa; Australia; Cabo Verde; Haiti; India; Marakele National Park, South Africa; Mokala National Park, South Africa; Mountain Zebra National Park, South Africa; Namibia; South Africa",Terrestrial; terrestrial
Trachycarpus fortunei,trachycarpus fortunei,AngNAParc48060-01,Arecaceae,;introduced;vagrant,YES,YES,3,11,11,- Japan; Italy; New Zealand,- Croatia; - Japan; Australia; Belgium; Georgia; India; Italy; Mexico; New Zealand; Slovenia; Switzerland,- Croatia; - Japan; Australia; Belgium; Georgia; India; Italy; Mexico; New Zealand; Slovenia; Switzerland,Terrestrial; terrestrial
Hura crepitans,hura crepitans,AngMaMaph24184-01,Euphorbiaceae,Bolivia;Brazil;Venezuela,YES,YES,3,10,10,"Anguilla; Sint Maarten, Netherlands; Tanzania","Anguilla; Australia; Brazil; Cuba; East Usambara, Tanzania; Ecuador; Kenya; Mara Ecosystem (Kenya, Tanzania); Sint Maarten, Netherlands; Tanzania","Anguilla; Australia; Brazil; Cuba; East Usambara, Tanzania; Ecuador; Kenya; Mara Ecosystem (Kenya, Tanzania); Sint Maarten, Netherlands; Tanzania",Terrestrial; terrestrial
Flacourtia rukam,flacourtia rukam,AngMaMaSl20140-00; AngMaMaSl20140-01,Salicaceae,Timor-Leste,YES,YES,3,10,11,-Samoa; Fiji; Tonga,"- Cook Islands; -Samoa; Chuuk, Federated States of Micronesia; Fiji; Palau; Pohnpei, Federated States of Micronesia; Solomon Islands; Tonga; Vanuatu; Yap, Federated States of Micronesia","- Cook Islands; -Samoa; Chuuk, Federated States of Micronesia; Federated States of Micronesia; Fiji; Palau; Pohnpei, Federated States of Micronesia; Solomon Islands; Tonga; Vanuatu; Yap, Federated States of Micronesia",Terrestrial; terrestrial
Citharexylum spinosum,citharexylum spinosum,AngMaLaVr8976-00; AngMaLaVr8976-01; AngMaLaVr8976-02; AngMaLaVr8976-03; AngMaLaVr8976-01,Verbenaceae,Cuba;Puerto Rico,YES,YES,3,10,10,Bermuda; Fiji; India,"Australia; Bermuda; Democratic Republic of Congo; Fiji; Hawaii, United States (ver.2.0, 2022); India; Kruger National Park, South Africa; Maldives; Pakistan; South Africa","Australia; Bermuda; Democratic Republic of Congo; Fiji; Hawaii, United States (ver.2.0, 2022); India; Kruger National Park, South Africa; Maldives; Pakistan; South Africa",Terrestrial; terrestrial
Acacia confusa,acacia confusa,AngMaFaFb0184-01,Fabaceae,NA,YES,YES,3,10,12,"- Indonesia; - Japan; Pohnpei, Federated States of Micronesia","- Indonesia; - Japan; Fiji; Hawaii, United States (ver.2.0, 2022); India; Palau; Pohnpei, Federated States of Micronesia; Seychelles; Thailand; Vallée de Mai Nature Reserve, Seychelles","- Indonesia; - Japan; Federated States of Micronesia; Fiji; Hawaii, United States (ver.2.0, 2022); India; Mauritius; Palau; Pohnpei, Federated States of Micronesia; Seychelles; Thailand; Vallée de Mai Nature Reserve, Seychelles",Terrestrial; terrestrial
Hakea salicifolia,hakea salicifolia,AngMaPrPr22680-00; AngMaPrPr22680-01; AngMaPrPr22680-01,Proteaceae,Australia,YES,YES,3,10,10,New Zealand; Portugal; South Africa,"Eswatini (Swaziland); France; Garden Route National Park, South Africa; Golden Gate Highlands National Park, South Africa; India; New Zealand; Portugal; South Africa; Table Mountain National Park, South Africa; Tankwa-Karoo National Park, South Africa","Eswatini (Swaziland); France; Garden Route National Park, South Africa; Golden Gate Highlands National Park, South Africa; India; New Zealand; Portugal; South Africa; Table Mountain National Park, South Africa; Tankwa-Karoo National Park, South Africa",Terrestrial; terrestrial
Roystonea oleracea,roystonea oleracea,AngNAParc41951-01,Arecaceae,;introduced;native,YES,YES,3,9,11,Brazil; Panama; Suriname,"Brazil; Ecuador; French Guiana; Guyana; Palau; Panama; Pohnpei, Federated States of Micronesia; Suriname; Venezuela","Brazil; Ecuador; Federated States of Micronesia; French Guiana; Guyana; Palau; Panama; Pohnpei, Federated States of Micronesia; Saint Lucia; Suriname; Venezuela",Terrestrial; terrestrial
Maesopsis eminii,maesopsis eminii,AngMaRoRh28653-00; AngMaRoRh28653-01; AngMaRoRh28653-01,Rhamnaceae,NA,YES,YES,3,9,10,- Indonesia; India; Tanzania,"- Indonesia; Amani Forest Nature Reserve, Tanzania; Cameroon; East Usambara, Tanzania; Fiji; India; Kenya; Tanzania; Uganda","- Indonesia; Amani Forest Nature Reserve, Tanzania; Cameroon; East Usambara, Tanzania; Federated States of Micronesia; Fiji; India; Kenya; Tanzania; Uganda",Terrestrial
Pinus taeda,pinus taeda,AngPiPiPn37099-00; AngPiPiPn37099-01,Pinaceae,NA,YES,YES,3,9,9,Brazil; South Africa; Uruguay,"Australia; Brazil; Garden Route National Park, South Africa; Georgia; Golden Gate Highlands National Park, South Africa; Hawaii, United States (ver.2.0, 2022); South Africa; Turkey; Uruguay","Australia; Brazil; Garden Route National Park, South Africa; Georgia; Golden Gate Highlands National Park, South Africa; Hawaii, United States (ver.2.0, 2022); South Africa; Turkey; Uruguay",Terrestrial; terrestrial
Ziziphus spina-christi,ziziphus spina-christi,AngMaRoRh50830-00; AngMaRoRh50830-01; AngMaRoRh50830-02; AngMaRoRh50830-01,Rhamnaceae,NA,YES,YES,3,8,9,"Aruba; Bonaire, Bonaire, Sint Eustatius and Saba; Curacao, Netherlands","Aruba; Australia; Bonaire, Bonaire, Sint Eustatius and Saba; Curacao, Netherlands; Djibouti; Libya; Mayotte, France; Qatar","Aruba; Australia; Bonaire, Bonaire, Sint Eustatius and Saba; Comoros; Curacao, Netherlands; Djibouti; Libya; Mayotte, France; Qatar",Terrestrial; terrestrial
Solanum erianthum,solanum erianthum,AngMaSoSl44129-01,Solanaceae,Australia;Papua New Guinea;Taiwan;Timor-Leste,YES,YES,3,8,8,China; Cuba; Côte d'Ivoire,Australia; China; Cuba; Côte d'Ivoire; Ghana; India; Nepal; Timor-Leste,Australia; China; Cuba; Côte d'Ivoire; Ghana; India; Nepal; Timor-Leste,Terrestrial; terrestrial
Dahlia imperialis,dahlia imperialis,AngMaAsst12962-00; AngMaAsst12962-01,Asteraceae,NA,YES,YES,3,7,7,Kenya; Tanzania; Zambia,"India; Kenya; Malawi; Mara Ecosystem (Kenya, Tanzania); South Africa; Tanzania; Zambia","India; Kenya; Malawi; Mara Ecosystem (Kenya, Tanzania); South Africa; Tanzania; Zambia",Terrestrial; terrestrial
Syzygium samarangense,syzygium samarangense,AngMaMyMy46452-01,Myrtaceae,NA,YES,YES,3,7,9,"Bangladesh; Comoros; Huvalu Conservation Area, Niue","American Samoa; Curieuse Special Reserve, Seychelles; Huvalu Conservation Area, Niue; Laos; Maldives; Niue; Seychelles","American Samoa; Bangladesh; Comoros; Curieuse Special Reserve, Seychelles; Huvalu Conservation Area, Niue; Laos; Maldives; Niue; Seychelles",Terrestrial; terrestrial
Salix caprea,salix caprea,AngMaMaSl42250-00; AngMaMaSl42250-01; AngMaMaSl42250-02; AngMaMaSl42250-03; AngMaMaSl42250-04; AngMaMaSl42250-05; AngMaMaSl42250-06; AngMaMaSl42250-07; AngMaMaSl42250-08; AngMaMaSl42250-09; AngMaMaSl42250-10; AngMaMaSl42250-11; AngMaMaSl42250-12; AngMaMaSl42250-13; AngMaMaSl42250-14; AngMaMaSl42250-15; AngMaMaSl42250-16; AngMaMaSl42250-01,Salicaceae,Australia,YES,YES,3,7,7,Argentina; Australia; South Africa,"Argentina; Australia; Canada; Iceland; South Africa; United States (Contiguous) (ver.2.0, 2022); – Tristan da Cunha, Saint Helena, Ascension and Tristan da Cunha","Argentina; Australia; Canada; Iceland; South Africa; United States (Contiguous) (ver.2.0, 2022); – Tristan da Cunha, Saint Helena, Ascension and Tristan da Cunha",Terrestrial; terrestrial
Myoporum laetum,myoporum laetum,AngMaLaSc32108-00; AngMaLaSc32108-01; AngMaLaSc32108-01,Scrophulariaceae,NA,YES,YES,3,7,7,"El Hierro, Islas Canarias, Spain; Gran Canaria, Islas Canarias, Spain; Uruguay","El Hierro, Islas Canarias, Spain; Gran Canaria, Islas Canarias, Spain; Italy; South Africa; Spain; United States (Contiguous) (ver.2.0, 2022); Uruguay","El Hierro, Islas Canarias, Spain; Gran Canaria, Islas Canarias, Spain; Italy; South Africa; Spain; United States (Contiguous) (ver.2.0, 2022); Uruguay",Terrestrial; terrestrial
Salix cinerea,salix cinerea,AngMaMaSl42260-00; AngMaMaSl42260-01; AngMaMaSl42260-02; AngMaMaSl42260-03; AngMaMaSl42260-04; AngMaMaSl42260-05; AngMaMaSl42260-06; AngMaMaSl42260-07; AngMaMaSl42260-08; AngMaMaSl42260-09; AngMaMaSl42260-10; AngMaMaSl42260-11; AngMaMaSl42260-01,Salicaceae,Australia,YES,YES,3,6,6,Australia; India; New Zealand,"Australia; Canada; India; New Zealand; United States (Contiguous) (ver.2.0, 2022); – Falkland Islands (Islas Malvinas)","Australia; Canada; India; New Zealand; United States (Contiguous) (ver.2.0, 2022); – Falkland Islands (Islas Malvinas)",Terrestrial; terrestrial
Pentadesma butyracea,pentadesma butyracea,AngMaMaCl36208-01,Clusiaceae,NA,YES,YES,3,6,6,"Mare-Aux-Cochons, Seychelles; Morne-Seychellois National Park, Seychelles; Seychelles","Amani Forest Nature Reserve, Tanzania; Mare-Aux-Cochons, Seychelles; Morne-Seychellois National Park, Seychelles; Praslin National Park, Seychelles; Seychelles; Vallée de Mai Nature Reserve, Seychelles","Amani Forest Nature Reserve, Tanzania; Mare-Aux-Cochons, Seychelles; Morne-Seychellois National Park, Seychelles; Praslin National Park, Seychelles; Seychelles; Vallée de Mai Nature Reserve, Seychelles",Terrestrial; terrestrial
Toxicodendron succedaneum,toxicodendron succedaneum,AngMaSanc48050-00; AngMaSanc48050-01; AngMaSanc48050-02; AngMaSanc48050-01,Anacardiaceae,China;Taiwan,YES,YES,3,4,4,"Lord Howe Island, Australia; New Zealand; South Africa","Australia; Lord Howe Island, Australia; New Zealand; South Africa","Australia; Lord Howe Island, Australia; New Zealand; South Africa",Terrestrial; terrestrial
Ligustrum robustum,ligustrum robustum,AngMaLalc26829-00; AngMaLalc26829-01; AngMaLalc26829-02; AngMaLalc26829-03; AngMaLalc26829-01,Oleaceae,NA,YES,YES,3,3,5,- Indonesia; Mauritius; – Reunion,- Indonesia; Cambodia; – Reunion,- Indonesia; Cambodia; Mauritius; Vietnam; – Reunion,Terrestrial
Cecropia schreberiana,cecropia schreberiana,AngMaRort7900-00; AngMaRort7900-01; AngMaRort7900-01,Urticaceae,NA,YES,YES,3,3,3,Cameroon; Ghana; Guyana,Cameroon; Ghana; Guyana,Cameroon; Ghana; Guyana,Terrestrial
Cylindropuntia prolifera,cylindropuntia prolifera,AngMaCaCc12637-01,Cactaceae,Australia,YES,YES,3,3,3,"Australia; Fuerteventura, Islas Canarias, Spain; Tenerife, Islas Canarias, Spain","Australia; Fuerteventura, Islas Canarias, Spain; Tenerife, Islas Canarias, Spain","Australia; Fuerteventura, Islas Canarias, Spain; Tenerife, Islas Canarias, Spain",Terrestrial
Caesalpinia pulcherrima,caesalpinia pulcherrima,AngMaFaFb6330-00; AngMaFaFb6330-01; AngMaFaFb6330-01,Fabaceae,Australia;Colombia;Panama;Timor-Leste,YES,YES,2,77,83,Guyana; Sri Lanka,"- Cook Islands; - Nicaragua; - Sao Tome and Principe; American Samoa; Angola; Anguilla; Antigua and Barbuda; Arno Atoll, Marshall Islands; Aruba; Bangladesh; Barbados; Belize; Bonaire, Bonaire, Sint Eustatius and Saba; Brazil; Brunei Darussalam; Burkina Faso; Burundi; Chad; Chuuk, Federated States of Micronesia; Curacao, Netherlands; Côte d'Ivoire; Democratic Republic of Congo; Ebon Atoll, Marshall Islands; Ecuador; El Salvador; Equatorial Guinea; French Guiana; Galápagos Islands, Ecuador; Ghana; Guatemala; Guyana; Honduras; India; Jaluit Atoll, Marshall Islands; Kiribati; Kosrae, Federated States of Micronesia; Kruger National Park, South Africa; Kwajalein Atoll, Marshall Islands; Laos; Liberia; Likiep Atoll, Marshall Islands; Majuro Atoll, Marshall Islands; Maldives; Mali; Mara Ecosystem (Kenya, Tanzania); Marshall Islands; Mejit Island, Marshall Islands; Montserrat; Myanmar; Niger; Nigeria; Niue; Oman; Palau; Panama; Papua New Guinea; Philippines; Pitcairn Islands- Great Britain; Pohnpei, Federated States of Micronesia; Saba, Bonaire, Sint Eustatius and Saba; Saint Lucia; Saint Vincent and the Grenadines; Seychelles; Sierra Leone; Sint Eustatius, Bonaire, Sint Eustatius and Saba; Sint Maarten, Netherlands; Somalia; South Africa; Sri Lanka; Suriname; Thailand; Timor-Leste; United States (Contiguous) (ver.2.0, 2022); Yap, Federated States of Micronesia; Yemen; – Central African Republic; – Saint Helena, Saint Helena, Ascension and Tristan da Cunha","- Cook Islands; - Nicaragua; - Sao Tome and Principe; American Samoa; Angola; Anguilla; Antigua and Barbuda; Arno Atoll, Marshall Islands; Aruba; Bangladesh; Barbados; Belize; Bonaire, Bonaire, Sint Eustatius and Saba; Brazil; Brunei Darussalam; Burkina Faso; Burundi; Chad; Chuuk, Federated States of Micronesia; Comoros; Costa Rica; Curacao, Netherlands; Côte d'Ivoire; Democratic Republic of Congo; Ebon Atoll, Marshall Islands; Ecuador; El Salvador; Equatorial Guinea; Federated States of Micronesia; French Guiana; Galápagos Islands, Ecuador; Ghana; Guatemala; Guyana; Honduras; India; Jaluit Atoll, Marshall Islands; Jamaica; Kiribati; Kosrae, Federated States of Micronesia; Kruger National Park, South Africa; Kwajalein Atoll, Marshall Islands; Laos; Liberia; Likiep Atoll, Marshall Islands; Majuro Atoll, Marshall Islands; Maldives; Mali; Mara Ecosystem (Kenya, Tanzania); Marshall Islands; Mejit Island, Marshall Islands; Montserrat; Myanmar; Niger; Nigeria; Niue; Oman; Palau; Panama; Papua New Guinea; Philippines; Pitcairn Islands- Great Britain; Pohnpei, Federated States of Micronesia; Saba, Bonaire, Sint Eustatius and Saba; Saint Lucia; Saint Vincent and the Grenadines; Seychelles; Sierra Leone; Sint Eustatius, Bonaire, Sint Eustatius and Saba; Sint Maarten, Netherlands; Somalia; South Africa; Sri Lanka; Suriname; Thailand; Timor-Leste; Tonga; Tongatapu Island, Tonga; United States (Contiguous) (ver.2.0, 2022); Yap, Federated States of Micronesia; Yemen; – Central African Republic; – Saint Helena, Saint Helena, Ascension and Tristan da Cunha",Terrestrial; terrestrial
Carica papaya,carica papaya,AngMaBrCr7230-00; AngMaBrCr7230-01,Caricaceae,Argentina;Australia;Colombia;Seychelles;United States,YES,YES,2,54,58,"Madagascar; Socotra Archipelago, Yemen","- Japan; - Sao Tome and Principe; American Samoa; Angola; Anguilla; Argentina; Aride Special Reserve, Seychelles; Australia; Brazil; Burkina Faso; Burundi; Chad; Cousin Special Reserve, Seychelles; Cousine Island, Seychelles; Curieuse Special Reserve, Seychelles; Democratic Republic of Congo; Desnoeufs Island, Seychelles; Equatorial Guinea; French Guiana; Frégate island, Seychelles; Galápagos Islands, Ecuador; Guyana; Hawaii, United States (ver.2.0, 2022); Huvalu Conservation Area, Niue; Ile-aux-Vaches Nature Reserve, Seychelles; India; Islets of Farquhar Atoll, Seychelles; Kruger National Park, South Africa; La Digue island, Seychelles; Lord Howe Island, Australia; Madagascar; Maldives; Mara Ecosystem (Kenya, Tanzania); Montserrat; Niue; Peru; Philippines; Rongelap Atoll, Marshall Islands; Saba, Bonaire, Sint Eustatius and Saba; Seychelles; Silhouette National Park, Seychelles; Sint Eustatius, Bonaire, Sint Eustatius and Saba; Socotra Archipelago, Yemen; Soqotra, Yemen; South Africa; Suriname; Timor-Leste; Tonga; Trinidad and Tobago; United States (Contiguous) (ver.2.0, 2022); Vava'u group, Tonga; Venezuela; Yemen; – British Indian Ocean Territory","- Japan; - Sao Tome and Principe; American Samoa; Angola; Anguilla; Argentina; Aride Special Reserve, Seychelles; Australia; Brazil; Burkina Faso; Burundi; Chad; Comoros; Cousin Special Reserve, Seychelles; Cousine Island, Seychelles; Curieuse Special Reserve, Seychelles; Democratic Republic of Congo; Desnoeufs Island, Seychelles; Equatorial Guinea; French Guiana; Frégate island, Seychelles; Galápagos Islands, Ecuador; Guyana; Hawaii, United States (ver.2.0, 2022); Huvalu Conservation Area, Niue; Ile-aux-Vaches Nature Reserve, Seychelles; India; Islets of Farquhar Atoll, Seychelles; Kruger National Park, South Africa; La Digue island, Seychelles; Lord Howe Island, Australia; Madagascar; Maldives; Mara Ecosystem (Kenya, Tanzania); Montserrat; Ngazidja (Grande Comore), Comoros; Niue; Peru; Philippines; Rongelap Atoll, Marshall Islands; Saba, Bonaire, Sint Eustatius and Saba; Seychelles; Silhouette National Park, Seychelles; Singapore; Sint Eustatius, Bonaire, Sint Eustatius and Saba; Socotra Archipelago, Yemen; Soqotra, Yemen; South Africa; Suriname; Timor-Leste; Tonga; Trinidad and Tobago; United States (Contiguous) (ver.2.0, 2022); Vava'u group, Tonga; Venezuela; Yemen; Îles Éparses, France; – British Indian Ocean Territory",Terrestrial; terrestrial
Schinus molle,schinus molle,AngMaSanc42809-01,Anacardiaceae,Argentina;Australia;Bolivia;Brazil;Mexico;Venezuela,YES,YES,2,44,46,Namibia; South Africa,"- Croatia; Addo-Elephant National Park, South Africa; Agulhas National Park, South Africa; Angola; Argentina; Augrabies Falls National Park, South Africa; Australia; Camdeboo National Park, South Africa; Cuba; Democratic Republic of Congo; Ecuador; Fuerteventura, Islas Canarias, Spain; Galápagos Islands, Ecuador; Gran Canaria, Islas Canarias, Spain; Hawaii, United States (ver.2.0, 2022); Iraq; Israel; Italy; Kalahari Gemsbok National Park, South Africa; Karoo National Park, South Africa; La Gomera, Islas Canarias, Spain; La Palma, Islas Canarias, Spain; Libya; Mara Ecosystem (Kenya, Tanzania); Marakele National Park, South Africa; Mexico; Mokala National Park, South Africa; Mountain Zebra National Park, South Africa; Namaqua National Park, South Africa; Namibia; Ngorongoro Conservation Area, Tanzania; Portugal; Richtersveld National Park, South Africa; Rwanda; South Africa; Spain; Table Mountain National Park, South Africa; Tankwa-Karoo National Park, South Africa; Tenerife, Islas Canarias, Spain; Turkey; United States (Contiguous) (ver.2.0, 2022); Venezuela; Yemen; – Saint Helena, Saint Helena, Ascension and Tristan da Cunha","- Croatia; Addo-Elephant National Park, South Africa; Agulhas National Park, South Africa; Angola; Argentina; Augrabies Falls National Park, South Africa; Australia; Camdeboo National Park, South Africa; Cuba; Democratic Republic of Congo; Ecuador; Fuerteventura, Islas Canarias, Spain; Galápagos Islands, Ecuador; Gran Canaria, Islas Canarias, Spain; Greece; Hawaii, United States (ver.2.0, 2022); Iraq; Israel; Italy; Jordan; Kalahari Gemsbok National Park, South Africa; Karoo National Park, South Africa; La Gomera, Islas Canarias, Spain; La Palma, Islas Canarias, Spain; Libya; Mara Ecosystem (Kenya, Tanzania); Marakele National Park, South Africa; Mexico; Mokala National Park, South Africa; Mountain Zebra National Park, South Africa; Namaqua National Park, South Africa; Namibia; Ngorongoro Conservation Area, Tanzania; Portugal; Richtersveld National Park, South Africa; Rwanda; South Africa; Spain; Table Mountain National Park, South Africa; Tankwa-Karoo National Park, South Africa; Tenerife, Islas Canarias, Spain; Turkey; United States (Contiguous) (ver.2.0, 2022); Venezuela; Yemen; – Saint Helena, Saint Helena, Ascension and Tristan da Cunha",Terrestrial; terrestrial
Bixa orellana,bixa orellana,AngMaMaBx5112-00; AngMaMaBx5112-01,Bixaceae,Argentina;Bolivia;Brazil;China;Colombia;Ecuador;El Salvador;Mexico;Panama;Papua New Guinea;Peru;Puerto Rico;Venezuela,YES,YES,2,38,40,Fiji; Tonga,"- Cook Islands; - Sao Tome and Principe; American Samoa; Angola; Australia; Benin; Burkina Faso; Chad; Cuba; Democratic Republic of Congo; El Salvador; Fiji; Gabon; Galápagos Islands, Ecuador; Guatemala; Guinea; Guinea-Bissau; Hawaii, United States (ver.2.0, 2022); Honduras; India; Kosrae, Federated States of Micronesia; Liberia; Libya; Madagascar; Niue; Palau; Papua New Guinea; Philippines; Pohnpei, Federated States of Micronesia; Seychelles; Sierra Leone; Solomon Islands; Sudan; Tonga; United States (Contiguous) (ver.2.0, 2022); Vava'u group, Tonga; Wallis and Futuna; – Central African Republic","- Cook Islands; - Sao Tome and Principe; American Samoa; Angola; Australia; Benin; Burkina Faso; Chad; Cuba; Democratic Republic of Congo; El Salvador; Federated States of Micronesia; Fiji; Gabon; Galápagos Islands, Ecuador; Guatemala; Guinea; Guinea-Bissau; Hawaii, United States (ver.2.0, 2022); Honduras; India; Kosrae, Federated States of Micronesia; Liberia; Libya; Madagascar; Niue; Palau; Papua New Guinea; Philippines; Pohnpei, Federated States of Micronesia; Seychelles; Sierra Leone; Solomon Islands; Sudan; Tonga; United States (Contiguous) (ver.2.0, 2022); Vava'u group, Tonga; Vietnam; Wallis and Futuna; – Central African Republic",Terrestrial; terrestrial
Ficus elastica,ficus elastica,AngMaRoMr19646-00; AngMaRoMr19646-01,Moraceae,India;Indonesia;Papua New Guinea;Philippines;Vanuatu,YES,YES,2,35,39,-Samoa; Anguilla,"- Cook Islands; - Sao Tome and Principe; -Samoa; Ailinglaplap Atoll, Marshall Islands; American Samoa; Anguilla; Belize; Chuuk, Federated States of Micronesia; Ecuador; Fiji; Galápagos Islands, Ecuador; Ghana; Italy; Jaluit Atoll, Marshall Islands; Kwajalein Atoll, Marshall Islands; Libya; Lord Howe Island, Australia; Majuro Atoll, Marshall Islands; Maldives; Mara Ecosystem (Kenya, Tanzania); Marshall Islands; Montserrat; Niue; Palau; Papua New Guinea; Philippines; Pitcairn Islands- Great Britain; Pohnpei, Federated States of Micronesia; Seychelles; South Africa; Timor-Leste; Turkey; United States (Contiguous) (ver.2.0, 2022); Vanuatu; Yap, Federated States of Micronesia","- Cook Islands; - Sao Tome and Principe; -Samoa; Ailinglaplap Atoll, Marshall Islands; American Samoa; Anguilla; Belize; Chuuk, Federated States of Micronesia; Comoros; Ecuador; Federated States of Micronesia; Fiji; Galápagos Islands, Ecuador; Ghana; Italy; Jaluit Atoll, Marshall Islands; Jamaica; Kwajalein Atoll, Marshall Islands; Libya; Lord Howe Island, Australia; Majuro Atoll, Marshall Islands; Maldives; Mara Ecosystem (Kenya, Tanzania); Marshall Islands; Montserrat; Niue; Palau; Papua New Guinea; Philippines; Pitcairn Islands- Great Britain; Pohnpei, Federated States of Micronesia; Seychelles; Singapore; South Africa; Timor-Leste; Turkey; United States (Contiguous) (ver.2.0, 2022); Vanuatu; Yap, Federated States of Micronesia",Terrestrial; terrestrial
Prunus persica,prunus persica,AngMaRoRs39220-00; AngMaRoRs39220-01; AngMaRoRs39220-02; AngMaRoRs39220-03; AngMaRoRs39220-04; AngMaRoRs39220-05; AngMaRoRs39220-06; AngMaRoRs39220-07; AngMaRoRs39220-08; AngMaRoRs39220-09; AngMaRoRs39220-10; AngMaRoRs39220-11; AngMaRoRs39220-12; AngMaRoRs39220-13; AngMaRoRs39220-01,Rosaceae,Argentina;Spain;Thailand;United States,YES,YES,2,34,39,Argentina; South Africa,"- Croatia; - Japan; Albania; Archipielago Juan Fernández, Chile; Argentina; Australia; Austria; Belgium; Bolivia; Canada; Cyprus; Czechia; Ecuador; Eswatini (Swaziland); Galápagos Islands, Ecuador; Garden Route National Park, South Africa; Great Britain; Hawaii, United States (ver.2.0, 2022); Iraq; Italy; Juan Fernandez Islands, Chile; Lord Howe Island, Australia; Malta; Mountain Zebra National Park, South Africa; Peru; Portugal; Romania; Seychelles; Slovenia; South Africa; Sweden; United States (Contiguous) (ver.2.0, 2022); Verloren Valei Nature Reserve, South Africa; Yemen","- Croatia; - Japan; Albania; Archipielago Juan Fernández, Chile; Argentina; Australia; Austria; Belgium; Bolivia; Canada; Comoros; Cyprus; Czechia; Ecuador; Eswatini (Swaziland); Galápagos Islands, Ecuador; Garden Route National Park, South Africa; Great Britain; Greece; Hawaii, United States (ver.2.0, 2022); Iraq; Italy; Juan Fernandez Islands, Chile; Lord Howe Island, Australia; Malta; Mountain Zebra National Park, South Africa; Mwali (Mohéli), Comoros; Ndzuwani (Anjouan), Comoros; Ngazidja (Grande Comore), Comoros; Peru; Portugal; Romania; Seychelles; Slovenia; South Africa; Sweden; United States (Contiguous) (ver.2.0, 2022); Verloren Valei Nature Reserve, South Africa; Yemen",Terrestrial; terrestrial
Breynia disticha,breynia disticha,AngMaMaPh5642-00; AngMaMaPh5642-01,Phyllanthaceae,Australia;New Caledonia;Norfolk Island;Vanuatu,YES,YES,2,32,33,Cuba; Côte d'Ivoire,"- Cook Islands; - Sao Tome and Principe; -Samoa; American Samoa; Anguilla; Bolivia; Chad; Cuba; Côte d'Ivoire; Democratic Republic of Congo; Dominican Republic; Galápagos Islands, Ecuador; Ha'apai group, Tonga; Hawaii, United States (ver.2.0, 2022); India; Kiribati; Kosrae, Federated States of Micronesia; Kruger National Park, South Africa; Kwajalein Atoll, Marshall Islands; Majuro Atoll, Marshall Islands; Marshall Islands; Niue; Palau; Pohnpei, Federated States of Micronesia; Rwanda; Seychelles; South Africa; Tonga; Tongatapu Island, Tonga; United States (Contiguous) (ver.2.0, 2022); Vava'u group, Tonga; – British Indian Ocean Territory","- Cook Islands; - Sao Tome and Principe; -Samoa; American Samoa; Anguilla; Bolivia; Chad; Cuba; Côte d'Ivoire; Democratic Republic of Congo; Dominican Republic; Federated States of Micronesia; Galápagos Islands, Ecuador; Ha'apai group, Tonga; Hawaii, United States (ver.2.0, 2022); India; Kiribati; Kosrae, Federated States of Micronesia; Kruger National Park, South Africa; Kwajalein Atoll, Marshall Islands; Majuro Atoll, Marshall Islands; Marshall Islands; Niue; Palau; Pohnpei, Federated States of Micronesia; Rwanda; Seychelles; South Africa; Tonga; Tongatapu Island, Tonga; United States (Contiguous) (ver.2.0, 2022); Vava'u group, Tonga; – British Indian Ocean Territory",Terrestrial; terrestrial
Annona reticulata,annona reticulata,AngMaMann2707-01,Annonaceae,Australia,YES,YES,2,28,35,Solomon Islands; Tonga,"- Cook Islands; - Nauru; - Sao Tome and Principe; Antigua and Barbuda; Australia; Barbados; Bolivia; Burundi; Curieuse Special Reserve, Seychelles; Democratic Republic of Congo; Equatorial Guinea; Galápagos Islands, Ecuador; India; Kruger National Park, South Africa; Laos; Madagascar; Maldives; Niue; Palau; Philippines; Rwanda; Saint Vincent and the Grenadines; Seychelles; Solomon Islands; South Africa; Tonga; Tongatapu Island, Tonga; Vanuatu","- Cook Islands; - Nauru; - Sao Tome and Principe; Antigua and Barbuda; Australia; Barbados; Bolivia; Burundi; Comoros; Curieuse Special Reserve, Seychelles; Democratic Republic of Congo; Equatorial Guinea; Federated States of Micronesia; Galápagos Islands, Ecuador; India; Kruger National Park, South Africa; Laos; Madagascar; Maldives; Mwali (Mohéli), Comoros; Ndzuwani (Anjouan), Comoros; Ngazidja (Grande Comore), Comoros; Niue; Palau; Philippines; Rwanda; Saint Vincent and the Grenadines; Seychelles; Singapore; Solomon Islands; South Africa; Tonga; Tongatapu Island, Tonga; Vanuatu; Vietnam",Terrestrial; terrestrial
Lagerstroemia indica,lagerstroemia indica,AngMaMyLy26143-01,Lythraceae,NA,YES,YES,2,27,29,Belize; Turkey,"- Croatia; - Nicaragua; Antigua and Barbuda; Australia; Barbados; Belize; Burkina Faso; Burundi; Chad; Cuba; Democratic Republic of Congo; Ecuador; Galápagos Islands, Ecuador; India; Kruger National Park, South Africa; Laos; Libya; Marshall Islands; Mexico; Montserrat; Panama; Philippines; Saint Vincent and the Grenadines; Seychelles; South Africa; Turkey; United States (Contiguous) (ver.2.0, 2022)","- Croatia; - Nicaragua; Antigua and Barbuda; Australia; Barbados; Belize; Burkina Faso; Burundi; Chad; Cuba; Democratic Republic of Congo; Ecuador; Galápagos Islands, Ecuador; India; Jamaica; Kruger National Park, South Africa; Laos; Libya; Marshall Islands; Mexico; Montserrat; Panama; Philippines; Saint Vincent and the Grenadines; Seychelles; South Africa; Turkey; United States (Contiguous) (ver.2.0, 2022); Vietnam",Terrestrial; terrestrial
Aesculus hippocastanum,aesculus hippocastanum,AngMaSaSp1209-00; AngMaSaSp1209-01; AngMaSaSp1209-02; AngMaSaSp1209-03; AngMaSaSp1209-04; AngMaSaSp1209-05; AngMaSaSp1209-01,Sapindaceae,Spain,YES,YES,2,27,29,Canada; Norway,"- Croatia; Algeria; Armenia; Australia; Austria; Belgium; Bosnia and Herzegovina; Canada; Czechia; Denmark; Estonia; France; Great Britain; Ireland; Italy; Latvia; Lithuania; Netherlands; Norway; Poland; Portugal; Romania; Russian Federation; Slovenia; Sweden; Turkey; United States (Contiguous) (ver.2.0, 2022)","- Croatia; Algeria; Armenia; Australia; Austria; Belgium; Bosnia and Herzegovina; Canada; Czechia; Denmark; Estonia; France; Great Britain; Ireland; Italy; Latvia; Lithuania; Netherlands; Norway; Poland; Portugal; Romania; Russian Federation; Slovakia; Slovenia; Sweden; Turkey; Ukraine; United States (Contiguous) (ver.2.0, 2022)",Freshwater; Terrestrial; terrestrial
Pseudotsuga menziesii,pseudotsuga menziesii,AngPiPiPn39395-00; AngPiPiPn39395-01; AngPiPiPn39395-02; AngPiPiPn39395-03; AngPiPiPn39395-04; AngPiPiPn39395-05; AngPiPiPn39395-01,Pinaceae,NA,YES,YES,2,27,28,Germany; New Zealand,- Croatia; Argentina; Australia; Austria; Belgium; Bosnia and Herzegovina; Bulgaria; Czechia; Denmark; Estonia; Germany; Great Britain; Iran; Ireland; Italy; Liechtenstein; Lithuania; Netherlands; New Zealand; Norway; Poland; Portugal; Romania; Slovenia; Sweden; Switzerland; Turkey,- Croatia; Argentina; Australia; Austria; Belgium; Bosnia and Herzegovina; Bulgaria; Czechia; Denmark; Estonia; Germany; Great Britain; Iran; Ireland; Italy; Liechtenstein; Lithuania; Netherlands; New Zealand; Norway; Poland; Portugal; Romania; Slovakia; Slovenia; Sweden; Switzerland; Turkey,Freshwater; Terrestrial; terrestrial
Dalbergia sissoo,dalbergia sissoo,AngMaFaFb13103-01,Fabaceae,Australia,YES,YES,2,27,28,Tanzania; Turkey,"- Paraguay; Antigua and Barbuda; Australia; Bangladesh; Burkina Faso; Cameroon; Chad; Dominican Republic; Ghana; Guinea-Bissau; Iraq; Kenya; Malaysia; Mozambique; Niger; Nigeria; Senegal; Sierra Leone; South Africa; Sri Lanka; Sudan; Tanzania; Thailand; Togo; Turkey; United States (Contiguous) (ver.2.0, 2022); Zimbabwe","- Paraguay; Antigua and Barbuda; Australia; Bangladesh; Burkina Faso; Cameroon; Chad; Dominican Republic; Ghana; Guinea-Bissau; Iraq; Kenya; Malaysia; Mauritius; Mozambique; Niger; Nigeria; Senegal; Sierra Leone; South Africa; Sri Lanka; Sudan; Tanzania; Thailand; Togo; Turkey; United States (Contiguous) (ver.2.0, 2022); Zimbabwe",Terrestrial; terrestrial
Manihot esculenta,manihot esculenta,AngMaMaph29231-00; AngMaMaph29231-01; AngMaMaph29231-02; AngMaMaph29231-03; AngMaMaph29231-04; AngMaMaph29231-01,Euphorbiaceae,Afghanistan;Argentina;Brazil;Ecuador;French Guiana;Guyana;Jamaica;Mexico;Paraguay;Peru;Portugal;United States;Venezuela,YES,YES,2,26,29,Argentina; Costa Rica,"- Sao Tome and Principe; Argentina; Australia; Burkina Faso; Burundi; Chad; Curieuse Special Reserve, Seychelles; Democratic Republic of Congo; East Usambara, Tanzania; Ecuador; Eswatini (Swaziland); Galápagos Islands, Ecuador; Guyana; Hawaii, United States (ver.2.0, 2022); India; Kruger National Park, South Africa; Laos; Malaysia; Maldives; Mexico; Montserrat; Namibia; Seychelles; South Africa; Suriname; United States (Contiguous) (ver.2.0, 2022)","- Sao Tome and Principe; Argentina; Australia; Burkina Faso; Burundi; Chad; Comoros; Costa Rica; Curieuse Special Reserve, Seychelles; Democratic Republic of Congo; East Usambara, Tanzania; Ecuador; Eswatini (Swaziland); Galápagos Islands, Ecuador; Guyana; Hawaii, United States (ver.2.0, 2022); India; Kruger National Park, South Africa; Laos; Malaysia; Maldives; Mexico; Montserrat; Namibia; Seychelles; Singapore; South Africa; Suriname; United States (Contiguous) (ver.2.0, 2022)",Terrestrial; terrestrial
Swietenia macrophylla,swietenia macrophylla,AngMaSaMl45366-01,Meliaceae,Brazil;Colombia;Honduras;Mexico;Venezuela,YES,YES,2,26,29,"New Caledonia, France; Yap, Federated States of Micronesia","- Cook Islands; Bangladesh; Brazil; Chuuk, Federated States of Micronesia; Cuba; Dominica; Galápagos Islands, Ecuador; Guatemala; Hawaii, United States (ver.2.0, 2022); Honduras; Kosrae, Federated States of Micronesia; Laos; Montserrat; New Caledonia, France; Niue; Palau; Philippines; Pohnpei, Federated States of Micronesia; Praslin National Park, Seychelles; Seychelles; Sri Lanka; Trinidad and Tobago; Vallée de Mai Nature Reserve, Seychelles; Vanuatu; Yap, Federated States of Micronesia; – Guadeloupe","- Cook Islands; Bangladesh; Brazil; Chuuk, Federated States of Micronesia; Cuba; Dominica; Federated States of Micronesia; Galápagos Islands, Ecuador; Guatemala; Hawaii, United States (ver.2.0, 2022); Honduras; Jamaica; Kosrae, Federated States of Micronesia; Laos; Montserrat; New Caledonia, France; Niue; Palau; Philippines; Pohnpei, Federated States of Micronesia; Praslin National Park, Seychelles; Seychelles; Singapore; Sri Lanka; Trinidad and Tobago; Vallée de Mai Nature Reserve, Seychelles; Vanuatu; Yap, Federated States of Micronesia; – Guadeloupe",Freshwater/Brackish; Terrestrial; terrestrial
Populus nigra,populus nigra,AngMaMaSl38388-00; AngMaMaSl38388-01; AngMaMaSl38388-02; AngMaMaSl38388-03; AngMaMaSl38388-04; AngMaMaSl38388-05; AngMaMaSl38388-06; AngMaMaSl38388-07; AngMaMaSl38388-01,Salicaceae,NA,YES,YES,2,25,26,Argentina; South Africa,"Argentina; Australia; Belgium; Camdeboo National Park, South Africa; Canada; Chile; Denmark; Estonia; Golden Gate Highlands National Park, South Africa; Gran Canaria, Islas Canarias, Spain; Latvia; Libya; Liechtenstein; Lithuania; Madeira, Portugal; Malta; Mountain Zebra National Park, South Africa; Norway; Poland; Portugal; South Africa; Spain; Sweden; Turkey; United States (Contiguous) (ver.2.0, 2022)","Argentina; Australia; Belgium; Camdeboo National Park, South Africa; Canada; Chile; Denmark; Estonia; Golden Gate Highlands National Park, South Africa; Gran Canaria, Islas Canarias, Spain; Ireland; Latvia; Libya; Liechtenstein; Lithuania; Madeira, Portugal; Malta; Mountain Zebra National Park, South Africa; Norway; Poland; Portugal; South Africa; Spain; Sweden; Turkey; United States (Contiguous) (ver.2.0, 2022)",Freshwater; Terrestrial; terrestrial
Ficus benghalensis,ficus benghalensis,AngMaRoMr19512-01,Moraceae,Australia;United States,YES,YES,2,21,22,-Samoa; Israel,"- Nauru; -Samoa; Afghanistan; American Samoa; Australia; Bahamas; Cuba; Democratic Republic of Congo; Fiji; Iran; Israel; Kiribati; Laos; Maldives; Montserrat; Papua New Guinea; Qatar; Seychelles; United States (Contiguous) (ver.2.0, 2022); – British Indian Ocean Territory; – Central African Republic","- Nauru; -Samoa; Afghanistan; American Samoa; Australia; Bahamas; Cuba; Democratic Republic of Congo; Fiji; Iran; Israel; Kiribati; Laos; Maldives; Montserrat; Papua New Guinea; Qatar; Seychelles; Singapore; United States (Contiguous) (ver.2.0, 2022); – British Indian Ocean Territory; – Central African Republic",Terrestrial; terrestrial
Cupressus sempervirens,cupressus sempervirens,AngPiPiCp12451-00; AngPiPiCp12451-01; AngPiPiCp12451-02; AngPiPiCp12451-03; AngPiPiCp12451-04; AngPiPiCp12451-01,Cupressaceae,Australia;Croatia;Cyprus;Italy;Spain,YES,YES,2,21,21,Argentina; Cuba,"Albania; Algeria; Argentina; Armenia; Australia; Bosnia and Herzegovina; Cuba; El Hierro, Islas Canarias, Spain; France; Iraq; Ireland; Italy; La Gomera, Islas Canarias, Spain; Libya; Malta; Mara Ecosystem (Kenya, Tanzania); Peru; Portugal; Spain; Tenerife, Islas Canarias, Spain; – Saint Helena, Saint Helena, Ascension and Tristan da Cunha","Albania; Algeria; Argentina; Armenia; Australia; Bosnia and Herzegovina; Cuba; El Hierro, Islas Canarias, Spain; France; Iraq; Ireland; Italy; La Gomera, Islas Canarias, Spain; Libya; Malta; Mara Ecosystem (Kenya, Tanzania); Peru; Portugal; Spain; Tenerife, Islas Canarias, Spain; – Saint Helena, Saint Helena, Ascension and Tristan da Cunha",Terrestrial; terrestrial
Eucalyptus grandis,eucalyptus grandis,AngMaMyMy17495-01,Myrtaceae,Australia;France;Sri Lanka;Zimbabwe,YES,YES,2,20,22,South Africa; Turkey,"Agulhas National Park, South Africa; Augrabies Falls National Park, South Africa; Colombia; Congo; Dominican Republic; Ecuador; Eswatini (Swaziland); Golden Gate Highlands National Park, South Africa; India; Portugal; Rwanda; South Africa; Table Mountain National Park, South Africa; Tankwa-Karoo National Park, South Africa; Turkey; United States (Contiguous) (ver.2.0, 2022); West Coast National Park, South Africa; Yemen; Zimbabwe; – Saint Helena, Saint Helena, Ascension and Tristan da Cunha","Agulhas National Park, South Africa; Augrabies Falls National Park, South Africa; Colombia; Comoros; Congo; Dominican Republic; Ecuador; Eswatini (Swaziland); Golden Gate Highlands National Park, South Africa; India; Portugal; Rwanda; South Africa; Table Mountain National Park, South Africa; Tankwa-Karoo National Park, South Africa; Turkey; United States (Contiguous) (ver.2.0, 2022); Vietnam; West Coast National Park, South Africa; Yemen; Zimbabwe; – Saint Helena, Saint Helena, Ascension and Tristan da Cunha",Terrestrial; terrestrial
Catalpa bignonioides,catalpa bignonioides,AngMaLaBg7794-00; AngMaLaBg7794-01; AngMaLaBg7794-01,Bignoniaceae,Canada;Spain;United States,YES,YES,2,20,21,Slovenia; Turkey,- Croatia; - Japan; Armenia; Austria; Belgium; Bosnia and Herzegovina; Canada; Czechia; France; India; Iran; Iraq; Italy; Libya; Poland; Portugal; Romania; Russian Federation; Slovenia; Turkey,- Croatia; - Japan; Armenia; Austria; Belgium; Bosnia and Herzegovina; Canada; Czechia; France; India; Iran; Iraq; Italy; Libya; Poland; Portugal; Romania; Russian Federation; Slovakia; Slovenia; Turkey,Terrestrial; terrestrial
Koelreuteria paniculata,koelreuteria paniculata,AngMaSaSp25930-00; AngMaSaSp25930-01,Sapindaceae,NA,YES,YES,2,20,22,Bulgaria; North Macedonia,"- Croatia; Armenia; Australia; Austria; Belgium; Bosnia and Herzegovina; Bulgaria; Cuba; Czechia; Great Britain; Iran; Italy; Lord Howe Island, Australia; Mexico; North Macedonia; Romania; Serbia; South Africa; Turkey; United States (Contiguous) (ver.2.0, 2022)","- Croatia; Armenia; Australia; Austria; Belgium; Bosnia and Herzegovina; Bulgaria; Cuba; Czechia; Great Britain; Greece; Iran; Italy; Lord Howe Island, Australia; Mexico; North Macedonia; Romania; Serbia; Slovakia; South Africa; Turkey; United States (Contiguous) (ver.2.0, 2022)",Freshwater; Terrestrial; terrestrial
Eucalyptus robusta,eucalyptus robusta,AngMaMyMy17765-01,Myrtaceae,Australia,YES,YES,2,20,25,Brazil; Madagascar,"- Nicaragua; Brazil; Congo; Democratic Republic of Congo; Gambia; Hawaii, United States (ver.2.0, 2022); India; Libya; Madagascar; Mare-Aux-Cochons, Seychelles; Morne-Seychellois National Park, Seychelles; Panama; Pohnpei, Federated States of Micronesia; Portugal; Senegal; Seychelles; South Africa; United States (Contiguous) (ver.2.0, 2022); Zimbabwe; – Ascension Island, Saint Helena, Ascension and Tristan da Cunha","- Nicaragua; Brazil; Comoros; Congo; Democratic Republic of Congo; Federated States of Micronesia; Gambia; Hawaii, United States (ver.2.0, 2022); India; Libya; Madagascar; Mare-Aux-Cochons, Seychelles; Morne-Seychellois National Park, Seychelles; Mwali (Mohéli), Comoros; Ndzuwani (Anjouan), Comoros; Panama; Pohnpei, Federated States of Micronesia; Portugal; Senegal; Seychelles; South Africa; United States (Contiguous) (ver.2.0, 2022); Vietnam; Zimbabwe; – Ascension Island, Saint Helena, Ascension and Tristan da Cunha",Terrestrial; terrestrial
Acacia baileyana,acacia baileyana,AngMaFaFb0139-01,Fabaceae,Australia;Spain,YES,YES,2,19,19,New Zealand; South Africa,"Addo-Elephant National Park, South Africa; Agulhas National Park, South Africa; Algeria; Augrabies Falls National Park, South Africa; Australia; Eswatini (Swaziland); France; Garden Route National Park, South Africa; Golden Gate Highlands National Park, South Africa; India; Libya; New Zealand; Portugal; South Africa; Table Mountain National Park, South Africa; Tankwa-Karoo National Park, South Africa; United States (Contiguous) (ver.2.0, 2022); Zimbabwe; – Saint Helena, Saint Helena, Ascension and Tristan da Cunha","Addo-Elephant National Park, South Africa; Agulhas National Park, South Africa; Algeria; Augrabies Falls National Park, South Africa; Australia; Eswatini (Swaziland); France; Garden Route National Park, South Africa; Golden Gate Highlands National Park, South Africa; India; Libya; New Zealand; Portugal; South Africa; Table Mountain National Park, South Africa; Tankwa-Karoo National Park, South Africa; United States (Contiguous) (ver.2.0, 2022); Zimbabwe; – Saint Helena, Saint Helena, Ascension and Tristan da Cunha",Terrestrial; terrestrial
Ligustrum japonicum,ligustrum japonicum,AngMaLalc26821-00; AngMaLalc26821-01; AngMaLalc26821-01,Oleaceae,NA,YES,YES,2,18,18,Brazil; South Africa,"- Croatia; Armenia; Brazil; Cuba; Garden Route National Park, South Africa; Georgia; Iran; Italy; Lesotho; Libya; Mexico; Saint Lucia; South Africa; Spain; Table Mountain National Park, South Africa; Tankwa-Karoo National Park, South Africa; Turkey; United States (Contiguous) (ver.2.0, 2022)","- Croatia; Armenia; Brazil; Cuba; Garden Route National Park, South Africa; Georgia; Iran; Italy; Lesotho; Libya; Mexico; Saint Lucia; South Africa; Spain; Table Mountain National Park, South Africa; Tankwa-Karoo National Park, South Africa; Turkey; United States (Contiguous) (ver.2.0, 2022)",Terrestrial; terrestrial
Caragana arborescens,caragana arborescens,AngMaFaFb7158-00; AngMaFaFb7158-01; AngMaFaFb7158-02; AngMaFaFb7158-03; AngMaFaFb7158-01,Fabaceae,NA,YES,YES,2,18,20,Norway; Russian Federation,"- Croatia; Alaska, United States (ver.2.0, 2022); Armenia; Austria; Belgium; Canada; Czechia; Denmark; Estonia; Latvia; Lithuania; Norway; Poland; Romania; Russian Federation; Sweden; Turkey; United States (Contiguous) (ver.2.0, 2022)","- Croatia; Alaska, United States (ver.2.0, 2022); Armenia; Austria; Belgium; Canada; Czechia; Denmark; Estonia; Latvia; Lithuania; Norway; Poland; Romania; Russian Federation; Slovakia; Sweden; Turkey; Ukraine; United States (Contiguous) (ver.2.0, 2022)",Freshwater; Terrestrial; terrestrial
Larix decidua,larix decidua,AngPiPiPn26214-00; AngPiPiPn26214-01; AngPiPiPn26214-01,Pinaceae,NA,YES,YES,2,17,17,New Zealand; Sweden,"- Croatia; Armenia; Belarus; Belgium; Canada; Denmark; Estonia; Great Britain; Iran; Ireland; Latvia; Lithuania; New Zealand; Portugal; Sweden; Turkey; United States (Contiguous) (ver.2.0, 2022)","- Croatia; Armenia; Belarus; Belgium; Canada; Denmark; Estonia; Great Britain; Iran; Ireland; Latvia; Lithuania; New Zealand; Portugal; Sweden; Turkey; United States (Contiguous) (ver.2.0, 2022)",Freshwater; Terrestrial; terrestrial
Ficus religiosa,ficus religiosa,AngMaRoMr19934-00; AngMaRoMr19934-01,Moraceae,India;Sri Lanka,YES,YES,2,15,17,Israel; Myanmar,"- Nicaragua; - Paraguay; Afghanistan; Australia; Cuba; Hawaii, United States (ver.2.0, 2022); Iraq; Israel; Laos; Malaysia; Myanmar; Panama; United States (Contiguous) (ver.2.0, 2022); – British Indian Ocean Territory; – Saint Helena, Saint Helena, Ascension and Tristan da Cunha","- Nicaragua; - Paraguay; Afghanistan; Australia; Cuba; Hawaii, United States (ver.2.0, 2022); Iraq; Israel; Jamaica; Laos; Malaysia; Myanmar; Panama; Singapore; United States (Contiguous) (ver.2.0, 2022); – British Indian Ocean Territory; – Saint Helena, Saint Helena, Ascension and Tristan da Cunha",Terrestrial; terrestrial
Eucalyptus tereticornis,eucalyptus tereticornis,AngMaMyMy17847-00; AngMaMyMy17847-01; AngMaMyMy17847-02; AngMaMyMy17847-03; AngMaMyMy17847-04; AngMaMyMy17847-01,Myrtaceae,Australia;Papua New Guinea,YES,YES,2,15,15,Malawi; South Africa,"Bangladesh; Cyprus; Galápagos Islands, Ecuador; Hawaii, United States (ver.2.0, 2022); India; Malawi; Pakistan; Philippines; Portugal; Rwanda; Seychelles; South Africa; United States (Contiguous) (ver.2.0, 2022); Yemen; Zimbabwe","Bangladesh; Cyprus; Galápagos Islands, Ecuador; Hawaii, United States (ver.2.0, 2022); India; Malawi; Pakistan; Philippines; Portugal; Rwanda; Seychelles; South Africa; United States (Contiguous) (ver.2.0, 2022); Yemen; Zimbabwe",Terrestrial; terrestrial
Salix alba,salix alba,AngMaMaSl42232-00; AngMaMaSl42232-01; AngMaMaSl42232-02; AngMaMaSl42232-03; AngMaMaSl42232-04; AngMaMaSl42232-05; AngMaMaSl42232-06; AngMaMaSl42232-07; AngMaMaSl42232-08; AngMaMaSl42232-09; AngMaMaSl42232-10; AngMaMaSl42232-01,Salicaceae,Australia,YES,YES,2,15,15,Australia; Latvia,"- Croatia; Argentina; Australia; Belgium; Chile; Denmark; Eswatini (Swaziland); Great Britain; Ireland; Latvia; Libya; Norway; Sweden; United States (Contiguous) (ver.2.0, 2022); Yemen","- Croatia; Argentina; Australia; Belgium; Chile; Denmark; Eswatini (Swaziland); Great Britain; Ireland; Latvia; Libya; Norway; Sweden; United States (Contiguous) (ver.2.0, 2022); Yemen",Terrestrial; Wetlands (inland); Artificial - Terrestrial; Introduced Vegetation; terrestrial
Tamarix gallica,tamarix gallica,AngMaCaTm46957-01,Tamaricaceae,NA,YES,YES,2,15,16,Argentina; Uruguay,"- Croatia; Argentina; Belgium; Brazil; France; Great Britain; Ireland; Libya; Madeira, Portugal; Malta; Mexico; Saint Barthelemy; Slovenia; United States (Contiguous) (ver.2.0, 2022); Uruguay","- Croatia; Argentina; Belgium; Brazil; France; Great Britain; Ireland; Libya; Madeira, Portugal; Malta; Mexico; Saint Barthelemy; Slovakia; Slovenia; United States (Contiguous) (ver.2.0, 2022); Uruguay",Terrestrial; terrestrial
Sesbania sesban,sesbania sesban,AngMaFaFb43535-00; AngMaFaFb43535-01; AngMaFaFb43535-02; AngMaFaFb43535-03; AngMaFaFb43535-04; AngMaFaFb43535-01,Fabaceae,NA,YES,YES,2,14,15,Cuba; Suriname,"Brazil; China; Cuba; Denmark; Ghana; Hawaii, United States (ver.2.0, 2022); Israel; Libya; Madagascar; Mauritania; Mexico; Qatar; Suriname; Yemen","Brazil; China; Comoros; Cuba; Denmark; Ghana; Hawaii, United States (ver.2.0, 2022); Israel; Libya; Madagascar; Mauritania; Mexico; Qatar; Suriname; Yemen",Terrestrial; terrestrial
Tipuana tipu,tipuana tipu,AngMaFaFb47909-01,Fabaceae,Australia,YES,YES,2,14,14,"Lord Howe Island, Australia; South Africa","Australia; Cyprus; Eswatini (Swaziland); Garden Route National Park, South Africa; India; Kruger National Park, South Africa; Libya; Lord Howe Island, Australia; Malawi; Mara Ecosystem (Kenya, Tanzania); South Africa; Spain; Tenerife, Islas Canarias, Spain; Zimbabwe","Australia; Cyprus; Eswatini (Swaziland); Garden Route National Park, South Africa; India; Kruger National Park, South Africa; Libya; Lord Howe Island, Australia; Malawi; Mara Ecosystem (Kenya, Tanzania); South Africa; Spain; Tenerife, Islas Canarias, Spain; Zimbabwe",Terrestrial; terrestrial
Ptychosperma macarthurii,ptychosperma macarthurii,AngNAParc40152-01,Arecaceae,;introduced;introducedAssistedColonisation;native,YES,YES,2,14,16,Panama; Singapore,"- Nicaragua; Cuba; Hawaii, United States (ver.2.0, 2022); Kruger National Park, South Africa; Kwajalein Atoll, Marshall Islands; Majuro Atoll, Marshall Islands; Marshall Islands; Panama; Pohnpei, Federated States of Micronesia; Saint Lucia; Seychelles; South Africa; United States (Contiguous) (ver.2.0, 2022); Vallée de Mai Nature Reserve, Seychelles","- Nicaragua; Cuba; Federated States of Micronesia; Hawaii, United States (ver.2.0, 2022); Kruger National Park, South Africa; Kwajalein Atoll, Marshall Islands; Majuro Atoll, Marshall Islands; Marshall Islands; Panama; Pohnpei, Federated States of Micronesia; Saint Lucia; Seychelles; Singapore; South Africa; United States (Contiguous) (ver.2.0, 2022); Vallée de Mai Nature Reserve, Seychelles",Terrestrial; terrestrial
Psidium guineense,psidium guineense,AngMaMyMy39479-00; AngMaMyMy39479-01; AngMaMyMy39479-01,Myrtaceae,Argentina;Australia;Bolivia;Brazil;France;Guatemala;Mexico;Panama;Paraguay;United States,YES,YES,2,14,14,South Africa; Tanzania,"Angola; Australia; Cuba; Democratic Republic of Congo; East Usambara, Tanzania; El Salvador; French Polynesia; Guatemala; Honduras; Kenya; Madagascar; Seychelles; South Africa; Tanzania","Angola; Australia; Cuba; Democratic Republic of Congo; East Usambara, Tanzania; El Salvador; French Polynesia; Guatemala; Honduras; Kenya; Madagascar; Seychelles; South Africa; Tanzania",Terrestrial; terrestrial
Acacia pycnantha,acacia pycnantha,AngMaFaFb0429-01,Fabaceae,Australia,YES,YES,2,14,14,Portugal; South Africa,"Agulhas National Park, South Africa; Algeria; Augrabies Falls National Park, South Africa; France; Golden Gate Highlands National Park, South Africa; India; Italy; Libya; Portugal; South Africa; Table Mountain National Park, South Africa; Tankwa-Karoo National Park, South Africa; United States (Contiguous) (ver.2.0, 2022); – Saint Helena, Saint Helena, Ascension and Tristan da Cunha","Agulhas National Park, South Africa; Algeria; Augrabies Falls National Park, South Africa; France; Golden Gate Highlands National Park, South Africa; India; Italy; Libya; Portugal; South Africa; Table Mountain National Park, South Africa; Tankwa-Karoo National Park, South Africa; United States (Contiguous) (ver.2.0, 2022); – Saint Helena, Saint Helena, Ascension and Tristan da Cunha",Terrestrial; terrestrial
Euonymus japonicus,euonymus japonicus,AngMaCeCl18756-00; AngMaCeCl18756-01; AngMaCeCl18756-02; AngMaCeCl18756-03; AngMaCeCl18756-04; AngMaCeCl18756-05; AngMaCeCl18756-06; AngMaCeCl18756-07; AngMaCeCl18756-08,Celastraceae,China;Taiwan,YES,YES,2,13,14,New Zealand; Turkey,"- Croatia; Armenia; Belgium; France; Great Britain; India; Ireland; Italy; New Zealand; Norway; Portugal; Turkey; United States (Contiguous) (ver.2.0, 2022)","- Croatia; Armenia; Belgium; France; Great Britain; India; Ireland; Italy; New Zealand; Norway; Portugal; Slovakia; Turkey; United States (Contiguous) (ver.2.0, 2022)",Terrestrial; terrestrial
Picea abies,picea abies,AngPiPiPn36823-00; AngPiPiPn36823-01; AngPiPiPn36823-02; AngPiPiPn36823-03; AngPiPiPn36823-04; AngPiPiPn36823-05; AngPiPiPn36823-06; AngPiPiPn36823-07; AngPiPiPn36823-08; AngPiPiPn36823-09; AngPiPiPn36823-10; AngPiPiPn36823-11; AngPiPiPn36823-12; AngPiPiPn36823-13; AngPiPiPn36823-14; AngPiPiPn36823-01,Pinaceae,NA,YES,YES,2,13,14,Moldova; Sweden,"Armenia; Australia; Belgium; Canada; Great Britain; Iceland; Iran; Ireland; Moldova; Portugal; Sweden; Turkey; United States (Contiguous) (ver.2.0, 2022)","Armenia; Australia; Belgium; Canada; Great Britain; Iceland; Iran; Ireland; Moldova; Portugal; Sweden; Turkey; Ukraine; United States (Contiguous) (ver.2.0, 2022)",Terrestrial; terrestrial
Fuchsia boliviana,fuchsia boliviana,AngMaMyng20409-00; AngMaMyng20409-01; AngMaMyng20409-02; AngMaMyng20409-01,Onagraceae,NA,YES,YES,2,12,13,New Zealand; – Reunion,"Ecuador; Gran Canaria, Islas Canarias, Spain; Guatemala; Hawaii, United States (ver.2.0, 2022); India; Madeira, Portugal; New Zealand; Spain; Tenerife, Islas Canarias, Spain; United States (Contiguous) (ver.2.0, 2022); – Reunion; – Saint Helena, Saint Helena, Ascension and Tristan da Cunha","Ecuador; Gran Canaria, Islas Canarias, Spain; Guatemala; Hawaii, United States (ver.2.0, 2022); India; Jamaica; Madeira, Portugal; New Zealand; Spain; Tenerife, Islas Canarias, Spain; United States (Contiguous) (ver.2.0, 2022); – Reunion; – Saint Helena, Saint Helena, Ascension and Tristan da Cunha",Terrestrial; terrestrial
Pinus roxburghii,pinus roxburghii,AngPiPiPn37089-00; AngPiPiPn37089-01,Pinaceae,NA,YES,YES,2,12,12,South Africa; Zimbabwe,"Afghanistan; Agulhas National Park, South Africa; Augrabies Falls National Park, South Africa; Golden Gate Highlands National Park, South Africa; Iran; South Africa; Table Mountain National Park, South Africa; Tankwa-Karoo National Park, South Africa; United States (Contiguous) (ver.2.0, 2022); Uruguay; Zimbabwe; – Ascension Island, Saint Helena, Ascension and Tristan da Cunha","Afghanistan; Agulhas National Park, South Africa; Augrabies Falls National Park, South Africa; Golden Gate Highlands National Park, South Africa; Iran; South Africa; Table Mountain National Park, South Africa; Tankwa-Karoo National Park, South Africa; United States (Contiguous) (ver.2.0, 2022); Uruguay; Zimbabwe; – Ascension Island, Saint Helena, Ascension and Tristan da Cunha",Terrestrial; terrestrial
Cestrum laevigatum,cestrum laevigatum,AngMaSoSl8164-00; AngMaSoSl8164-01; AngMaSoSl8164-02; AngMaSoSl8164-03; AngMaSoSl8164-01,Solanaceae,Argentina;Brazil;Paraguay,YES,YES,2,12,12,Kenya; South Africa,"- Sao Tome and Principe; Addo-Elephant National Park, South Africa; Eswatini (Swaziland); Garden Route National Park, South Africa; Golden Gate Highlands National Park, South Africa; Kenya; South Africa; Table Mountain National Park, South Africa; Tankwa-Karoo National Park, South Africa; Tanzania; Uganda; – Saint Helena, Saint Helena, Ascension and Tristan da Cunha","- Sao Tome and Principe; Addo-Elephant National Park, South Africa; Eswatini (Swaziland); Garden Route National Park, South Africa; Golden Gate Highlands National Park, South Africa; Kenya; South Africa; Table Mountain National Park, South Africa; Tankwa-Karoo National Park, South Africa; Tanzania; Uganda; – Saint Helena, Saint Helena, Ascension and Tristan da Cunha",Terrestrial; terrestrial
Acacia elata,acacia elata,AngMaFaFb0235-01,Fabaceae,Australia;Sri Lanka;United States,YES,YES,2,11,11,Eswatini (Swaziland); South Africa,"Eswatini (Swaziland); Garden Route National Park, South Africa; Golden Gate Highlands National Park, South Africa; India; Madeira, Portugal; South Africa; Table Mountain National Park, South Africa; Tankwa-Karoo National Park, South Africa; United States (Contiguous) (ver.2.0, 2022); Zimbabwe; – Saint Helena, Saint Helena, Ascension and Tristan da Cunha","Eswatini (Swaziland); Garden Route National Park, South Africa; Golden Gate Highlands National Park, South Africa; India; Madeira, Portugal; South Africa; Table Mountain National Park, South Africa; Tankwa-Karoo National Park, South Africa; United States (Contiguous) (ver.2.0, 2022); Zimbabwe; – Saint Helena, Saint Helena, Ascension and Tristan da Cunha",Terrestrial; terrestrial
Albizia chinensis,albizia chinensis,AngMaFaFb1618-01,Fabaceae,Taiwan,YES,YES,2,11,12,-Samoa; Madagascar,"-Samoa; Brunei Darussalam; Burundi; East Usambara, Tanzania; Gambia; Hawaii, United States (ver.2.0, 2022); Madagascar; Mayotte, France; South Africa; Tanzania; Togo","-Samoa; Brunei Darussalam; Burundi; Comoros; East Usambara, Tanzania; Gambia; Hawaii, United States (ver.2.0, 2022); Madagascar; Mayotte, France; South Africa; Tanzania; Togo",Terrestrial; terrestrial
Opuntia leucotricha,opuntia leucotricha,AngMaCaCc34433-01,Cactaceae,Australia,YES,YES,2,11,11,Australia; South Africa,"Australia; France; Galápagos Islands, Ecuador; Gran Canaria, Islas Canarias, Spain; Italy; La Palma, Islas Canarias, Spain; Portugal; South Africa; Spain; Tenerife, Islas Canarias, Spain; United States (Contiguous) (ver.2.0, 2022)","Australia; France; Galápagos Islands, Ecuador; Gran Canaria, Islas Canarias, Spain; Italy; La Palma, Islas Canarias, Spain; Portugal; South Africa; Spain; Tenerife, Islas Canarias, Spain; United States (Contiguous) (ver.2.0, 2022)",Terrestrial; terrestrial
Flacourtia indica,flacourtia indica,AngMaMaSl20132-00; AngMaMaSl20132-01,Salicaceae,NA,YES,YES,2,10,13,"Mayotte, France; – Reunion","Antigua and Barbuda; Australia; Barbados; Chad; Hawaii, United States (ver.2.0, 2022); Mayotte, France; Saint Vincent and the Grenadines; Trinidad and Tobago; United States (Contiguous) (ver.2.0, 2022); – Reunion","Antigua and Barbuda; Australia; Barbados; Chad; Comoros; Hawaii, United States (ver.2.0, 2022); Mauritius; Mayotte, France; Saint Vincent and the Grenadines; Trinidad and Tobago; United States (Contiguous) (ver.2.0, 2022); Îles Éparses, France; – Reunion",Freshwater; Terrestrial; terrestrial
Salix purpurea,salix purpurea,AngMaMaSl42340-00; AngMaMaSl42340-01; AngMaMaSl42340-02; AngMaMaSl42340-03; AngMaMaSl42340-04; AngMaMaSl42340-05; AngMaMaSl42340-06; AngMaMaSl42340-07; AngMaMaSl42340-08; AngMaMaSl42340-09; AngMaMaSl42340-10; AngMaMaSl42340-11; AngMaMaSl42340-12; AngMaMaSl42340-13; AngMaMaSl42340-14; AngMaMaSl42340-01,Salicaceae,Australia,YES,YES,2,10,10,Australia; New Zealand,"Australia; Belgium; Bolivia; Canada; Ireland; New Zealand; Norway; Russian Federation; Sweden; United States (Contiguous) (ver.2.0, 2022)","Australia; Belgium; Bolivia; Canada; Ireland; New Zealand; Norway; Russian Federation; Sweden; United States (Contiguous) (ver.2.0, 2022)",Terrestrial; Wetlands (inland); Artificial - Terrestrial; Introduced Vegetation; terrestrial
Tamarix aphylla,tamarix aphylla,AngMaCaTm46944-01,Tamaricaceae,Australia,YES,YES,2,9,9,Australia; Mexico,"Australia; Djibouti; Iraq; Kiribati; Mexico; Namibia; Qatar; South Africa; United States (Contiguous) (ver.2.0, 2022)","Australia; Djibouti; Iraq; Kiribati; Mexico; Namibia; Qatar; South Africa; United States (Contiguous) (ver.2.0, 2022)",Terrestrial; terrestrial
Picea glauca,picea glauca,AngPiPiPn36833-00; AngPiPiPn36833-01; AngPiPiPn36833-02; AngPiPiPn36833-03; AngPiPiPn36833-04; AngPiPiPn36833-05; AngPiPiPn36833-01,Pinaceae,NA,YES,YES,2,9,9,Norway; Sweden,Denmark; Estonia; Great Britain; Iceland; Lithuania; Norway; Poland; Sweden; Turkey,Denmark; Estonia; Great Britain; Iceland; Lithuania; Norway; Poland; Sweden; Turkey,Freshwater; Terrestrial
Tetrapanax papyrifer,tetrapanax papyrifer,AngMaAprl47634-01,Araliaceae,Australia,YES,YES,2,9,9,"- Japan; Lord Howe Island, Australia","- Japan; Azores, Portugal; Hawaii, United States (ver.2.0, 2022); India; Iraq; Kruger National Park, South Africa; Lord Howe Island, Australia; South Africa; United States (Contiguous) (ver.2.0, 2022)","- Japan; Azores, Portugal; Hawaii, United States (ver.2.0, 2022); India; Iraq; Kruger National Park, South Africa; Lord Howe Island, Australia; South Africa; United States (Contiguous) (ver.2.0, 2022)",Terrestrial; terrestrial
Erythrina poeppigiana,erythrina poeppigiana,AngMaFaFb16829-00; AngMaFaFb16829-01,Fabaceae,Bolivia;Brazil;Colombia;Ecuador,YES,YES,2,9,9,Costa Rica; Cuba,"- Sao Tome and Principe; Costa Rica; Cuba; El Salvador; Galápagos Islands, Ecuador; Guatemala; Haiti; Hawaii, United States (ver.2.0, 2022); Montserrat","- Sao Tome and Principe; Costa Rica; Cuba; El Salvador; Galápagos Islands, Ecuador; Guatemala; Haiti; Hawaii, United States (ver.2.0, 2022); Montserrat",Terrestrial; terrestrial
Triadica sebifera,triadica sebifera,AngMaMaph48098-00; AngMaMaph48098-01,Euphorbiaceae,China;Taiwan,YES,YES,2,9,9,- Japan; India,"- Japan; Australia; Democratic Republic of Congo; Georgia; India; Rwanda; Sri Lanka; Sudan; United States (Contiguous) (ver.2.0, 2022)","- Japan; Australia; Democratic Republic of Congo; Georgia; India; Rwanda; Sri Lanka; Sudan; United States (Contiguous) (ver.2.0, 2022)",Terrestrial; terrestrial
Schizolobium parahyba,schizolobium parahyba,AngMaFaFb42857-00; AngMaFaFb42857-01; AngMaFaFb42857-01,Fabaceae,Brazil;Mexico,YES,YES,2,8,8,Brazil; Cuba,"Brazil; Burundi; Cuba; Democratic Republic of Congo; East Usambara, Tanzania; Galápagos Islands, Ecuador; South Africa; Zimbabwe","Brazil; Burundi; Cuba; Democratic Republic of Congo; East Usambara, Tanzania; Galápagos Islands, Ecuador; South Africa; Zimbabwe",Terrestrial; terrestrial
Myoporum insulare,myoporum insulare,AngMaLaSc32107-00; AngMaLaSc32107-01,Scrophulariaceae,Australia,YES,YES,2,8,8,New Zealand; South Africa,"Agulhas National Park, South Africa; Augrabies Falls National Park, South Africa; Italy; New Zealand; South Africa; Table Mountain National Park, South Africa; Tankwa-Karoo National Park, South Africa; West Coast National Park, South Africa","Agulhas National Park, South Africa; Augrabies Falls National Park, South Africa; Italy; New Zealand; South Africa; Table Mountain National Park, South Africa; Tankwa-Karoo National Park, South Africa; West Coast National Park, South Africa",Terrestrial; terrestrial
Syzygium paniculatum,syzygium paniculatum,AngMaMyMy46320-01,Myrtaceae,Australia,YES,YES,2,8,8,"Lord Howe Island, Australia; South Africa","Eswatini (Swaziland); Garden Route National Park, South Africa; Golden Gate Highlands National Park, South Africa; Kruger National Park, South Africa; Lord Howe Island, Australia; South Africa; Table Mountain National Park, South Africa; Tankwa-Karoo National Park, South Africa","Eswatini (Swaziland); Garden Route National Park, South Africa; Golden Gate Highlands National Park, South Africa; Kruger National Park, South Africa; Lord Howe Island, Australia; South Africa; Table Mountain National Park, South Africa; Tankwa-Karoo National Park, South Africa",Terrestrial; terrestrial
Acacia paradoxa,acacia paradoxa,AngMaFaFb0395-00; AngMaFaFb0395-01,Fabaceae,Australia;South Africa,YES,YES,2,8,8,New Zealand; South Africa,"Chile; India; Israel; New Zealand; South Africa; Table Mountain National Park, South Africa; Tankwa-Karoo National Park, South Africa; United States (Contiguous) (ver.2.0, 2022)","Chile; India; Israel; New Zealand; South Africa; Table Mountain National Park, South Africa; Tankwa-Karoo National Park, South Africa; United States (Contiguous) (ver.2.0, 2022)",Terrestrial; terrestrial
Tamarix chinensis,tamarix chinensis,AngMaCaTm46951-01,Tamaricaceae,NA,YES,YES,2,8,8,Argentina; South Africa,"Addo-Elephant National Park, South Africa; Anguilla; Argentina; Mexico; South Africa; Table Mountain National Park, South Africa; Tankwa-Karoo National Park, South Africa; United States (Contiguous) (ver.2.0, 2022)","Addo-Elephant National Park, South Africa; Anguilla; Argentina; Mexico; South Africa; Table Mountain National Park, South Africa; Tankwa-Karoo National Park, South Africa; United States (Contiguous) (ver.2.0, 2022)",Terrestrial; terrestrial
Alnus glutinosa,alnus glutinosa,AngMaFaBt2040-00; AngMaFaBt2040-01; AngMaFaBt2040-02; AngMaFaBt2040-03; AngMaFaBt2040-04; AngMaFaBt2040-05; AngMaFaBt2040-06; AngMaFaBt2040-07; AngMaFaBt2040-08; AngMaFaBt2040-09; AngMaFaBt2040-10; AngMaFaBt2040-11; AngMaFaBt2040-12; AngMaFaBt2040-13; AngMaFaBt2040-14; AngMaFaBt2040-15; AngMaFaBt2040-01,Betulaceae,Argentina;Canada;Estonia;France;Ireland;Kazakhstan;Namibia;Netherlands;Russia;United Kingdom;United States,YES,YES,2,8,8,Canada; New Zealand,"- Japan; Australia; Canada; Chile; India; New Zealand; South Africa; United States (Contiguous) (ver.2.0, 2022)","- Japan; Australia; Canada; Chile; India; New Zealand; South Africa; United States (Contiguous) (ver.2.0, 2022)",Artificial - Terrestrial; Artificial - Aquatic; Introduced Vegetation; Forest; Wetlands (inland); Terrestrial; terrestrial
Conocarpus erectus,conocarpus erectus,AngMaMyCm10551-00; AngMaMyCm10551-01; AngMaMyCm10551-02; AngMaMyCm10551-03; AngMaMyCm10551-01,Combretaceae,Brazil;Colombia;Ecuador;Mexico;Panama;United States;Venezuela,YES,YES,2,8,8,Bahrain; Kiribati,"Bahrain; Bonaire, Bonaire, Sint Eustatius and Saba; El Salvador; Guatemala; Hawaii, United States (ver.2.0, 2022); Honduras; Iran; Kiribati","Bahrain; Bonaire, Bonaire, Sint Eustatius and Saba; El Salvador; Guatemala; Hawaii, United States (ver.2.0, 2022); Honduras; Iran; Kiribati",Terrestrial; terrestrial
Betula pendula,betula pendula,AngMaFaBt5074-00; AngMaFaBt5074-01; AngMaFaBt5074-02; AngMaFaBt5074-03; AngMaFaBt5074-04; AngMaFaBt5074-05; AngMaFaBt5074-06; AngMaFaBt5074-07; AngMaFaBt5074-08; AngMaFaBt5074-09; AngMaFaBt5074-10; AngMaFaBt5074-11; AngMaFaBt5074-12; AngMaFaBt5074-13; AngMaFaBt5074-14; AngMaFaBt5074-15; AngMaFaBt5074-16; AngMaFaBt5074-17; AngMaFaBt5074-18; AngMaFaBt5074-19; AngMaFaBt5074-20; AngMaFaBt5074-21; AngMaFaBt5074-22; AngMaFaBt5074-23; AngMaFaBt5074-24; AngMaFaBt5074-25; AngMaFaBt5074-26; AngMaFaBt5074-27; AngMaFaBt5074-28; AngMaFaBt5074-29; AngMaFaBt5074-30; AngMaFaBt5074-31; AngMaFaBt5074-32; AngMaFaBt5074-33; AngMaFaBt5074-34; AngMaFaBt5074-01,Betulaceae,Andorra;Australia;Canada;China;Estonia;France;Italy;Japan;Kazakhstan;Namibia;Portugal;Russia;Sweden;United Kingdom;United States,YES,YES,2,8,8,Canada; New Zealand,"Alaska, United States (ver.2.0, 2022); Argentina; Australia; Canada; New Zealand; Portugal; South Africa; United States (Contiguous) (ver.2.0, 2022)","Alaska, United States (ver.2.0, 2022); Argentina; Australia; Canada; New Zealand; Portugal; South Africa; United States (Contiguous) (ver.2.0, 2022)",Terrestrial; terrestrial
Homalanthus populifolius,homalanthus populifolius,AngMaMaph23745-01,Euphorbiaceae,Australia;Papua New Guinea,YES,YES,2,7,8,New Zealand; South Africa,"Garden Route National Park, South Africa; Hawaii, United States (ver.2.0, 2022); New Zealand; South Africa; Table Mountain National Park, South Africa; Tankwa-Karoo National Park, South Africa; Zimbabwe","Garden Route National Park, South Africa; Hawaii, United States (ver.2.0, 2022); Mauritius; New Zealand; South Africa; Table Mountain National Park, South Africa; Tankwa-Karoo National Park, South Africa; Zimbabwe",Terrestrial; terrestrial
Euonymus europaeus,euonymus europaeus,AngMaCeCl18740-00; AngMaCeCl18740-01; AngMaCeCl18740-02; AngMaCeCl18740-03; AngMaCeCl18740-01,Celastraceae,Australia;France;Ireland;Italy;Portugal;Slovenia;United Kingdom;United States,YES,YES,2,7,7,New Zealand; Norway,"Australia; Canada; New Zealand; Norway; Russian Federation; Sweden; United States (Contiguous) (ver.2.0, 2022)","Australia; Canada; New Zealand; Norway; Russian Federation; Sweden; United States (Contiguous) (ver.2.0, 2022)",Terrestrial; terrestrial
Sorbus aucuparia,sorbus aucuparia,AngMaRoRs44330-00; AngMaRoRs44330-01; AngMaRoRs44330-02; AngMaRoRs44330-03; AngMaRoRs44330-04; AngMaRoRs44330-05; AngMaRoRs44330-06; AngMaRoRs44330-07; AngMaRoRs44330-08; AngMaRoRs44330-09; AngMaRoRs44330-10; AngMaRoRs44330-11; AngMaRoRs44330-12; AngMaRoRs44330-13; AngMaRoRs44330-14; AngMaRoRs44330-15; AngMaRoRs44330-16,Rosaceae,Austria;China;Estonia;France;Namibia;Netherlands;Norway;Portugal;Russia;Sweden;United Kingdom;United States,YES,YES,2,7,7,Canada; New Zealand,"Alaska, United States (ver.2.0, 2022); Australia; Canada; Denmark; New Zealand; United States (Contiguous) (ver.2.0, 2022); – Falkland Islands (Islas Malvinas)","Alaska, United States (ver.2.0, 2022); Australia; Canada; Denmark; New Zealand; United States (Contiguous) (ver.2.0, 2022); – Falkland Islands (Islas Malvinas)",Terrestrial; terrestrial
Sandoricum koetjape,sandoricum koetjape,AngMaSaMl42409-01,Meliaceae,Papua New Guinea,YES,YES,2,7,8,"Mare-Aux-Cochons, Seychelles; Morne-Seychellois National Park, Seychelles","Hawaii, United States (ver.2.0, 2022); India; Mare-Aux-Cochons, Seychelles; Morne-Seychellois National Park, Seychelles; Pohnpei, Federated States of Micronesia; Praslin National Park, Seychelles; Vallée de Mai Nature Reserve, Seychelles","Federated States of Micronesia; Hawaii, United States (ver.2.0, 2022); India; Mare-Aux-Cochons, Seychelles; Morne-Seychellois National Park, Seychelles; Pohnpei, Federated States of Micronesia; Praslin National Park, Seychelles; Vallée de Mai Nature Reserve, Seychelles",Terrestrial
Archontophoenix cunninghamiana,archontophoenix cunninghamiana,AngNAParc3334-01,Arecaceae,;Australia;introduced,YES,YES,2,7,7,Brazil; New Zealand,"- Egypt; Algeria; Brazil; India; Kruger National Park, South Africa; New Zealand; South Africa","- Egypt; Algeria; Brazil; India; Kruger National Park, South Africa; New Zealand; South Africa",Terrestrial; terrestrial
Prunus lusitanica,prunus lusitanica,AngMaRoRs39187-00; AngMaRoRs39187-01; AngMaRoRs39187-02; AngMaRoRs39187-03; AngMaRoRs39187-04,Rosaceae,Morocco;Portugal;Spain,YES,YES,2,7,7,Great Britain; New Zealand,"Armenia; Australia; Belgium; Great Britain; Ireland; New Zealand; United States (Contiguous) (ver.2.0, 2022)","Armenia; Australia; Belgium; Great Britain; Ireland; New Zealand; United States (Contiguous) (ver.2.0, 2022)",Terrestrial; terrestrial
Arbutus unedo,arbutus unedo,AngMaErrc3227-00; AngMaErrc3227-01; AngMaErrc3227-02; AngMaErrc3227-03; AngMaErrc3227-04; AngMaErrc3227-05; AngMaErrc3227-01,Ericaceae,Croatia;France;Portugal;Spain;Turkey;United Kingdom,YES,YES,2,7,7,"Gran Canaria, Islas Canarias, Spain; Tenerife, Islas Canarias, Spain","Australia; Gran Canaria, Islas Canarias, Spain; Libya; Madeira, Portugal; Spain; Tenerife, Islas Canarias, Spain; United States (Contiguous) (ver.2.0, 2022)","Australia; Gran Canaria, Islas Canarias, Spain; Libya; Madeira, Portugal; Spain; Tenerife, Islas Canarias, Spain; United States (Contiguous) (ver.2.0, 2022)",Terrestrial
Ficus macrophylla,ficus macrophylla,AngMaRoMr19795-00; AngMaRoMr19795-01; AngMaRoMr19795-01,Moraceae,Australia,YES,YES,2,7,7,New Zealand; Turkey,"- Cook Islands; Hawaii, United States (ver.2.0, 2022); India; Libya; New Zealand; South Africa; Turkey","- Cook Islands; Hawaii, United States (ver.2.0, 2022); India; Libya; New Zealand; South Africa; Turkey",Terrestrial; terrestrial
Amelanchier alnifolia,amelanchier alnifolia,AngMaRoRs2262-00; AngMaRoRs2262-01; AngMaRoRs2262-02; AngMaRoRs2262-03; AngMaRoRs2262-04; AngMaRoRs2262-05; AngMaRoRs2262-06; AngMaRoRs2262-01,Rosaceae,Canada;United States,YES,YES,2,6,6,Norway; Sweden,Czechia; Denmark; Estonia; Norway; Poland; Sweden,Czechia; Denmark; Estonia; Norway; Poland; Sweden,Freshwater; Terrestrial
Crataegus laevigata,crataegus laevigata,AngMaRoRs11356-00; AngMaRoRs11356-01; AngMaRoRs11356-02; AngMaRoRs11356-03; AngMaRoRs11356-04; AngMaRoRs11356-05; AngMaRoRs11356-01,Rosaceae,Italy;Sweden;United Kingdom,YES,YES,2,6,6,Ireland; Norway,"Australia; Estonia; Ireland; Libya; Norway; United States (Contiguous) (ver.2.0, 2022)","Australia; Estonia; Ireland; Libya; Norway; United States (Contiguous) (ver.2.0, 2022)",Freshwater; Terrestrial; terrestrial
Brucea javanica,brucea javanica,AngMaSaSm5786-01,Simaroubaceae,Australia;Malaysia;South Korea;Taiwan,YES,YES,2,6,7,Federated States of Micronesia; Fiji,"Fiji; Mare-Aux-Cochons, Seychelles; Morne-Seychellois National Park, Seychelles; Palau; Pohnpei, Federated States of Micronesia; Seychelles","Federated States of Micronesia; Fiji; Mare-Aux-Cochons, Seychelles; Morne-Seychellois National Park, Seychelles; Palau; Pohnpei, Federated States of Micronesia; Seychelles",Terrestrial; terrestrial
Ochna serrulata,ochna serrulata,AngMaMach33817-01,Ochnaceae,Australia,YES,YES,2,6,6,"Lord Howe Island, Australia; New Zealand","Australia; Hawaii, United States (ver.2.0, 2022); India; Lord Howe Island, Australia; New Zealand; United States (Contiguous) (ver.2.0, 2022)","Australia; Hawaii, United States (ver.2.0, 2022); India; Lord Howe Island, Australia; New Zealand; United States (Contiguous) (ver.2.0, 2022)",Terrestrial; terrestrial
Pyracantha crenulata,pyracantha crenulata,AngMaRoRs40231-00; AngMaRoRs40231-01; AngMaRoRs40231-02; AngMaRoRs40231-03; AngMaRoRs40231-01,Rosaceae,Spain,YES,YES,2,6,6,- Japan; South Africa,"- Japan; Australia; Italy; Lesotho; South Africa; United States (Contiguous) (ver.2.0, 2022)","- Japan; Australia; Italy; Lesotho; South Africa; United States (Contiguous) (ver.2.0, 2022)",Terrestrial; terrestrial
Prosopis chilensis,prosopis chilensis,AngMaFaFb38916-01,Fabaceae,NA,YES,YES,2,6,6,Eritrea; Namibia,Angola; Burkina Faso; Djibouti; Eritrea; India; Namibia,Angola; Burkina Faso; Djibouti; Eritrea; India; Namibia,Terrestrial
Laburnum alpinum,laburnum alpinum,AngMaFaFb26044-00; AngMaFaFb26044-01; AngMaFaFb26044-01,Fabaceae,NA,YES,YES,2,5,6,Norway; Sweden,Denmark; Great Britain; Ireland; Norway; Sweden,Denmark; Great Britain; Ireland; Norway; Slovakia; Sweden,Terrestrial; terrestrial
Bartlettina sordida,bartlettina sordida,AngMaAsst4516-01,Asteraceae,NA,YES,YES,2,5,5,- Indonesia; New Zealand,- Indonesia; Australia; India; New Zealand; South Africa,- Indonesia; Australia; India; New Zealand; South Africa,Terrestrial; terrestrial
Rhodomyrtus tomentosa,rhodomyrtus tomentosa,AngMaMyMy41539-00; AngMaMyMy41539-01; AngMaMyMy41539-01,Myrtaceae,Malaysia,YES,YES,2,5,6,- Indonesia; French Polynesia,"- Indonesia; Australia; French Polynesia; Hawaii, United States (ver.2.0, 2022); United States (Contiguous) (ver.2.0, 2022)","- Indonesia; Australia; French Polynesia; Hawaii, United States (ver.2.0, 2022); United States (Contiguous) (ver.2.0, 2022); Vietnam",Terrestrial
Triplaris americana,triplaris americana,AngMaCaPl48369-01,Polygonaceae,Australia;Bolivia;Brazil;Colombia;Peru;Venezuela,YES,YES,2,5,5,Cuba; Seychelles,Australia; Cuba; India; Seychelles; South Africa,Australia; Cuba; India; Seychelles; South Africa,Terrestrial; terrestrial
Pangium edule,pangium edule,AngMaMach35635-01,Achariaceae,NA,YES,YES,2,5,6,Federated States of Micronesia; Vanuatu,"Chuuk, Federated States of Micronesia; Kosrae, Federated States of Micronesia; Pohnpei, Federated States of Micronesia; Vanuatu; Yap, Federated States of Micronesia","Chuuk, Federated States of Micronesia; Federated States of Micronesia; Kosrae, Federated States of Micronesia; Pohnpei, Federated States of Micronesia; Vanuatu; Yap, Federated States of Micronesia",Terrestrial
Acacia salicina,acacia salicina,AngMaFaFb0453-00; AngMaFaFb0453-01; AngMaFaFb0453-01,Fabaceae,Australia,YES,YES,2,4,4,"Fuerteventura, Islas Canarias, Spain; Israel","Fuerteventura, Islas Canarias, Spain; Israel; Spain; Zimbabwe","Fuerteventura, Islas Canarias, Spain; Israel; Spain; Zimbabwe",Terrestrial
Cupressus goveniana,cupressus goveniana,AngPiPiCp12445-00; AngPiPiCp12445-01; AngPiPiCp12445-02; AngPiPiCp12445-03; AngPiPiCp12445-04; AngPiPiCp12445-01,Cupressaceae,United States,YES,YES,2,4,4,"Archipielago Juan Fernández, Chile; Juan Fernandez Islands, Chile","Archipielago Juan Fernández, Chile; India; Juan Fernandez Islands, Chile; Libya","Archipielago Juan Fernández, Chile; India; Juan Fernandez Islands, Chile; Libya",Terrestrial; terrestrial
Juniperus bermudiana,juniperus bermudiana,GymPiPiCp25598-01,Cupressaceae,NA,YES,YES,2,4,4,"– Ascension Island, Saint Helena, Ascension and Tristan da Cunha; – Saint Helena, Saint Helena, Ascension and Tristan da Cunha","Hawaii, United States (ver.2.0, 2022); India; – Ascension Island, Saint Helena, Ascension and Tristan da Cunha; – Saint Helena, Saint Helena, Ascension and Tristan da Cunha","Hawaii, United States (ver.2.0, 2022); India; – Ascension Island, Saint Helena, Ascension and Tristan da Cunha; – Saint Helena, Saint Helena, Ascension and Tristan da Cunha",Terrestrial
Erythrina subumbrans,erythrina subumbrans,AngMaFaFb16848-01,Fabaceae,NA,YES,YES,2,3,3,- Cook Islands; Fiji,- Cook Islands; Fiji; Niue,- Cook Islands; Fiji; Niue,Terrestrial; terrestrial
Aristotelia chilensis,aristotelia chilensis,AngMaOxlc3588-01,Elaeocarpaceae,Argentina;Chile,YES,YES,2,3,3,"Archipielago Juan Fernández, Chile; Juan Fernandez Islands, Chile","Archipielago Juan Fernández, Chile; Juan Fernandez Islands, Chile; United States (Contiguous) (ver.2.0, 2022)","Archipielago Juan Fernández, Chile; Juan Fernandez Islands, Chile; United States (Contiguous) (ver.2.0, 2022)",Terrestrial; terrestrial
Acrocarpus fraxinifolius,acrocarpus fraxinifolius,AngMaFaFb0805-01,Fabaceae,NA,YES,YES,2,3,3,Kenya; Tanzania,"Kenya; Mara Ecosystem (Kenya, Tanzania); Tanzania","Kenya; Mara Ecosystem (Kenya, Tanzania); Tanzania",Terrestrial
Pinus thunbergii,pinus thunbergii,AngPiPiPn37103-00; AngPiPiPn37103-01,Pinaceae,NA,YES,YES,2,3,3,- Republic of Korea; New Zealand,"- Republic of Korea; New Zealand; United States (Contiguous) (ver.2.0, 2022)","- Republic of Korea; New Zealand; United States (Contiguous) (ver.2.0, 2022)",Terrestrial; terrestrial
Pinus oocarpa,pinus oocarpa,AngPiPiPn37071-00; AngPiPiPn37071-01; AngPiPiPn37071-01,Pinaceae,NA,YES,YES,2,3,3,Brazil; Colombia,Bangladesh; Brazil; Colombia,Bangladesh; Brazil; Colombia,Terrestrial; terrestrial
Astronia macrophylla,astronia macrophylla,AngMaMyMl3840-01,Melastomataceae,NA,YES,YES,2,2,2,"Mare-Aux-Cochons, Seychelles; Morne-Seychellois National Park, Seychelles","Mare-Aux-Cochons, Seychelles; Morne-Seychellois National Park, Seychelles","Mare-Aux-Cochons, Seychelles; Morne-Seychellois National Park, Seychelles",Terrestrial
Cupressus macnabiana,cupressus macnabiana,GymPiPiCp12448-01,Cupressaceae,NA,YES,YES,2,2,2,"Archipielago Juan Fernández, Chile; Juan Fernandez Islands, Chile","Archipielago Juan Fernández, Chile; Juan Fernandez Islands, Chile","Archipielago Juan Fernández, Chile; Juan Fernandez Islands, Chile",Terrestrial; terrestrial
Litsea monopetala,litsea monopetala,AngMaLaLr27404-01,Lauraceae,NA,YES,YES,2,2,4,Comoros; – Reunion,Madagascar; – Reunion,Comoros; Madagascar; Mauritius; – Reunion,Terrestrial
Acacia colei,acacia colei,AngMaFaFb0179-00; AngMaFaFb0179-01; AngMaFaFb0179-02; AngMaFaFb0179-03,Fabaceae,Australia,YES,YES,2,2,2,Kenya; Tanzania,Kenya; Tanzania,Kenya; Tanzania,Terrestrial
Acacia crassicarpa,acacia crassicarpa,AngMaFaFb0196-01,Fabaceae,Australia;Papua New Guinea,YES,YES,2,2,2,- Cook Islands; Madagascar,- Cook Islands; Madagascar,- Cook Islands; Madagascar,Terrestrial; terrestrial
Ficus carica,ficus carica,AngMaRoMr19557-00; AngMaRoMr19557-01; AngMaRoMr19557-02; AngMaRoMr19557-01,Moraceae,Afghanistan;Albania;Australia;Azerbaijan;Bulgaria;France;Georgia;Iran;Italy;Mexico;Pakistan;Russia;Spain;Turkmenistan;Ukraine;United States;Uzbekistan,YES,YES,1,52,60,South Africa,"- Cook Islands; - Sao Tome and Principe; Albania; Algeria; Archipielago Juan Fernández, Chile; Australia; Austria; Belgium; Bulgaria; Burkina Faso; Chad; Czechia; Denmark; Ebon Atoll, Marshall Islands; Ecuador; France; Galápagos Islands, Ecuador; Garden Route National Park, South Africa; Great Britain; Ireland; Jaluit Atoll, Marshall Islands; Juan Fernandez Islands, Chile; Kiribati; Kruger National Park, South Africa; Lesotho; Madeira, Portugal; Majuro Atoll, Marshall Islands; Marshall Islands; Mokala National Park, South Africa; Montserrat; Morocco; Mountain Zebra National Park, South Africa; Palau; Peru; Portugal; Qatar; Rapa Nui  (Isla de Pascua, Easter Island); Rapa Nui (Isla de Pascua, Easter Island); Romania; Seychelles; Socotra Archipelago, Yemen; Soqotra, Yemen; South Africa; Sweden; Switzerland; Table Mountain National Park, South Africa; Tankwa-Karoo National Park, South Africa; United States (Contiguous) (ver.2.0, 2022); Yemen; – Ascension Island, Saint Helena, Ascension and Tristan da Cunha; – Saint Helena, Saint Helena, Ascension and Tristan da Cunha; – Tristan da Cunha, Saint Helena, Ascension and Tristan da Cunha","- Cook Islands; - Sao Tome and Principe; Albania; Algeria; Archipielago Juan Fernández, Chile; Australia; Austria; Belgium; Bulgaria; Burkina Faso; Chad; Czechia; Denmark; Ebon Atoll, Marshall Islands; Ecuador; El Hierro, Islas Canarias, Spain; France; Fuerteventura, Islas Canarias, Spain; Galápagos Islands, Ecuador; Garden Route National Park, South Africa; Gran Canaria, Islas Canarias, Spain; Great Britain; Ireland; Jaluit Atoll, Marshall Islands; Juan Fernandez Islands, Chile; Kiribati; Kruger National Park, South Africa; La Gomera, Islas Canarias, Spain; La Palma, Islas Canarias, Spain; Lanzarote, Islas Canarias, Spain; Lesotho; Madeira, Portugal; Majuro Atoll, Marshall Islands; Marshall Islands; Mokala National Park, South Africa; Montserrat; Morocco; Mountain Zebra National Park, South Africa; Palau; Peru; Portugal; Qatar; Rapa Nui  (Isla de Pascua, Easter Island); Rapa Nui (Isla de Pascua, Easter Island); Romania; Seychelles; Slovakia; Socotra Archipelago, Yemen; Soqotra, Yemen; South Africa; Sweden; Switzerland; Table Mountain National Park, South Africa; Tankwa-Karoo National Park, South Africa; Tenerife, Islas Canarias, Spain; United States (Contiguous) (ver.2.0, 2022); Yemen; – Ascension Island, Saint Helena, Ascension and Tristan da Cunha; – Saint Helena, Saint Helena, Ascension and Tristan da Cunha; – Tristan da Cunha, Saint Helena, Ascension and Tristan da Cunha",Terrestrial; terrestrial
Prunus domestica,prunus domestica,AngMaRoRs39148-00; AngMaRoRs39148-01; AngMaRoRs39148-02; AngMaRoRs39148-03; AngMaRoRs39148-04; AngMaRoRs39148-05; AngMaRoRs39148-06; AngMaRoRs39148-07; AngMaRoRs39148-08; AngMaRoRs39148-09; AngMaRoRs39148-01,Rosaceae,Montenegro;Spain;United Kingdom;United States,YES,YES,1,40,42,New Zealand,"Albania; Australia; Austria; Belgium; Bulgaria; Canada; Cyprus; Czechia; Denmark; Estonia; France; Galápagos Islands, Ecuador; Germany; Gran Canaria, Islas Canarias, Spain; Great Britain; Iraq; Ireland; Italy; Kyrgyzstan; La Palma, Islas Canarias, Spain; Latvia; Libya; Malta; Mexico; Mountain Zebra National Park, South Africa; New Zealand; Norway; Peru; Poland; Portugal; Romania; Russian Federation; Spain; Sweden; Switzerland; Tenerife, Islas Canarias, Spain; United States (Contiguous) (ver.2.0, 2022); Uzbekistan; – Falkland Islands (Islas Malvinas); – Tristan da Cunha, Saint Helena, Ascension and Tristan da Cunha","Albania; Australia; Austria; Belgium; Bulgaria; Canada; Cyprus; Czechia; Denmark; Estonia; France; Galápagos Islands, Ecuador; Germany; Gran Canaria, Islas Canarias, Spain; Great Britain; Iraq; Ireland; Italy; Kyrgyzstan; La Palma, Islas Canarias, Spain; Latvia; Libya; Malta; Mexico; Mountain Zebra National Park, South Africa; New Zealand; Norway; Peru; Poland; Portugal; Romania; Russian Federation; Slovakia; Spain; Sweden; Switzerland; Tenerife, Islas Canarias, Spain; Ukraine; United States (Contiguous) (ver.2.0, 2022); Uzbekistan; – Falkland Islands (Islas Malvinas); – Tristan da Cunha, Saint Helena, Ascension and Tristan da Cunha",Freshwater; Terrestrial; terrestrial
Punica granatum,punica granatum,AngMaMyLy40163-00; AngMaMyLy40163-01; AngMaMyLy40163-02; AngMaMyLy40163-03; AngMaMyLy40163-04; AngMaMyLy40163-05; AngMaMyLy40163-06; AngMaMyLy40163-07; AngMaMyLy40163-01,Lythraceae,NA,YES,YES,1,37,38,"Socotra Archipelago, Yemen","- Croatia; - Sao Tome and Principe; Albania; Anguilla; Australia; Bosnia and Herzegovina; Burkina Faso; Chad; Cyprus; Denmark; Ecuador; France; Fuerteventura, Islas Canarias, Spain; Galápagos Islands, Ecuador; Italy; La Palma, Islas Canarias, Spain; Lanzarote, Islas Canarias, Spain; Lord Howe Island, Australia; Maldives; Marshall Islands; Mexico; Montserrat; Morocco; Peru; Philippines; Portugal; Seychelles; Slovenia; Socotra Archipelago, Yemen; Soqotra, Yemen; South Africa; Spain; Switzerland; Tenerife, Islas Canarias, Spain; United States (Contiguous) (ver.2.0, 2022); Yemen; Zimbabwe","- Croatia; - Sao Tome and Principe; Albania; Anguilla; Australia; Bosnia and Herzegovina; Burkina Faso; Chad; Cyprus; Denmark; Ecuador; France; Fuerteventura, Islas Canarias, Spain; Galápagos Islands, Ecuador; Greece; Italy; La Palma, Islas Canarias, Spain; Lanzarote, Islas Canarias, Spain; Lord Howe Island, Australia; Maldives; Marshall Islands; Mexico; Montserrat; Morocco; Peru; Philippines; Portugal; Seychelles; Slovenia; Socotra Archipelago, Yemen; Soqotra, Yemen; South Africa; Spain; Switzerland; Tenerife, Islas Canarias, Spain; United States (Contiguous) (ver.2.0, 2022); Yemen; Zimbabwe",Freshwater; Terrestrial; freshwater; terrestrial; terrestrial/freshwater
Morus nigra,morus nigra,AngMaRoMr31893-01,Moraceae,Australia,YES,YES,1,32,34,Brazil,"- Croatia; Albania; Austria; Belgium; Bosnia and Herzegovina; Brazil; Bulgaria; Cuba; Cyprus; Denmark; Fuerteventura, Islas Canarias, Spain; Galápagos Islands, Ecuador; Great Britain; Ireland; Italy; Kazakhstan; La Gomera, Islas Canarias, Spain; La Palma, Islas Canarias, Spain; Lanzarote, Islas Canarias, Spain; Libya; Malta; Portugal; Qatar; Romania; Slovenia; Socotra Archipelago, Yemen; Soqotra, Yemen; Spain; Tenerife, Islas Canarias, Spain; United States (Contiguous) (ver.2.0, 2022); Yemen; – Saint Helena, Saint Helena, Ascension and Tristan da Cunha","- Croatia; Albania; Austria; Belgium; Bosnia and Herzegovina; Brazil; Bulgaria; Cuba; Cyprus; Denmark; Fuerteventura, Islas Canarias, Spain; Galápagos Islands, Ecuador; Great Britain; Greece; Ireland; Italy; Kazakhstan; La Gomera, Islas Canarias, Spain; La Palma, Islas Canarias, Spain; Lanzarote, Islas Canarias, Spain; Libya; Malta; Portugal; Qatar; Romania; Slovakia; Slovenia; Socotra Archipelago, Yemen; Soqotra, Yemen; Spain; Tenerife, Islas Canarias, Spain; United States (Contiguous) (ver.2.0, 2022); Yemen; – Saint Helena, Saint Helena, Ascension and Tristan da Cunha",Terrestrial; terrestrial
Pyrus communis,pyrus communis,AngMaRoRs40300-00; AngMaRoRs40300-01; AngMaRoRs40300-02; AngMaRoRs40300-03; AngMaRoRs40300-04; AngMaRoRs40300-05; AngMaRoRs40300-01,Rosaceae,Afghanistan;Armenia;Azerbaijan;Brazil;Canada;Georgia;Germany;Russia;Spain;Turkey;Ukraine;United Kingdom;United States,YES,YES,1,32,34,Latvia,"- Croatia; Australia; Austria; Belgium; Canada; Czechia; Ecuador; Estonia; Galápagos Islands, Ecuador; Garden Route National Park, South Africa; Germany; Great Britain; Ireland; La Palma, Islas Canarias, Spain; Latvia; Libya; Lithuania; Malta; Mexico; Moldova; Mountain Zebra National Park, South Africa; Norway; Peru; Poland; Portugal; Russian Federation; South Africa; Spain; Sweden; Tenerife, Islas Canarias, Spain; United States (Contiguous) (ver.2.0, 2022); Yemen","- Croatia; Australia; Austria; Belgium; Canada; Czechia; Ecuador; Estonia; Galápagos Islands, Ecuador; Garden Route National Park, South Africa; Germany; Great Britain; Ireland; La Palma, Islas Canarias, Spain; Latvia; Libya; Lithuania; Malta; Mexico; Moldova; Mountain Zebra National Park, South Africa; Norway; Peru; Poland; Portugal; Russian Federation; Slovakia; South Africa; Spain; Sweden; Tenerife, Islas Canarias, Spain; Ukraine; United States (Contiguous) (ver.2.0, 2022); Yemen",Freshwater; Terrestrial; terrestrial
Anacardium occidentale,anacardium occidentale,AngMaSanc2372-00; AngMaSanc2372-01; AngMaSanc2372-01,Anacardiaceae,Angola;Australia;Brazil;Colombia;Ecuador;France;French Guiana;India;Mexico;Seychelles,YES,YES,1,30,33,- Cook Islands,"- Cook Islands; - Sao Tome and Principe; -Samoa; American Samoa; Angola; Anguilla; Australia; Brunei Darussalam; Burkina Faso; Chad; Conception, Seychelles; Costa Rica; Curieuse Special Reserve, Seychelles; Democratic Republic of Congo; Ecuador; Fiji; French Polynesia; Galápagos Islands, Ecuador; India; Madagascar; Malaysia; Niue; Palau; Papua New Guinea; Philippines; Rwanda; Seychelles; South Africa; Tonga; Vava'u group, Tonga","- Cook Islands; - Sao Tome and Principe; -Samoa; American Samoa; Angola; Anguilla; Australia; Brunei Darussalam; Burkina Faso; Chad; Comoros; Conception, Seychelles; Costa Rica; Curieuse Special Reserve, Seychelles; Democratic Republic of Congo; Ecuador; Federated States of Micronesia; Fiji; French Polynesia; Galápagos Islands, Ecuador; India; Madagascar; Malaysia; Niue; Palau; Papua New Guinea; Philippines; Rwanda; Seychelles; Singapore; South Africa; Tonga; Vava'u group, Tonga",Terrestrial; terrestrial
Cydonia oblonga,cydonia oblonga,AngMaRoRs12629-00; AngMaRoRs12629-01; AngMaRoRs12629-02; AngMaRoRs12629-01,Rosaceae,Afghanistan;Albania;Armenia;Azerbaijan;Bulgaria;China;Czechia;France;Georgia;Hungary;Iran;Italy;Moldova;Portugal;Russia;Spain;Switzerland;Syria;Tajikistan;Turkey;Turkmenistan;Ukraine;United Kingdom;United States;Uzbekistan,YES,YES,1,28,30,Romania,"- Croatia; Albania; Australia; Austria; Belgium; Bolivia; Canada; Czechia; Denmark; El Hierro, Islas Canarias, Spain; France; Garden Route National Park, South Africa; Great Britain; Italy; La Palma, Islas Canarias, Spain; Malta; Mexico; Peru; Portugal; Romania; Russian Federation; Slovenia; South Africa; Spain; Sweden; Tenerife, Islas Canarias, Spain; United States (Contiguous) (ver.2.0, 2022); Yemen","- Croatia; Albania; Australia; Austria; Belgium; Bolivia; Canada; Czechia; Denmark; El Hierro, Islas Canarias, Spain; France; Garden Route National Park, South Africa; Great Britain; Greece; Italy; La Palma, Islas Canarias, Spain; Malta; Mexico; Peru; Portugal; Romania; Russian Federation; Slovakia; Slovenia; South Africa; Spain; Sweden; Tenerife, Islas Canarias, Spain; United States (Contiguous) (ver.2.0, 2022); Yemen",Terrestrial; terrestrial
Paulownia tomentosa,paulownia tomentosa,AngMaLaPl35946-00; AngMaLaPl35946-01; AngMaLaPl35946-02; AngMaLaPl35946-01,Paulowniaceae,Australia,YES,YES,1,27,28,India,"- Croatia; - Japan; - Paraguay; Argentina; Armenia; Australia; Austria; Belgium; Bosnia and Herzegovina; Brazil; Czechia; Dominican Republic; France; Georgia; Germany; Great Britain; India; Iran; Ireland; Italy; Liechtenstein; Mexico; Norway; Portugal; South Africa; Switzerland; United States (Contiguous) (ver.2.0, 2022)","- Croatia; - Japan; - Paraguay; Argentina; Armenia; Australia; Austria; Belgium; Bosnia and Herzegovina; Brazil; Czechia; Dominican Republic; France; Georgia; Germany; Great Britain; India; Iran; Ireland; Italy; Liechtenstein; Mexico; Norway; Portugal; Slovakia; South Africa; Switzerland; United States (Contiguous) (ver.2.0, 2022)",Terrestrial; terrestrial
Albizia julibrissin,albizia julibrissin,AngMaFaFb1641-00; AngMaFaFb1641-01; AngMaFaFb1641-02; AngMaFaFb1641-01,Fabaceae,Spain;Taiwan,YES,YES,1,26,31,Tunisia,"- Croatia; - Egypt; - Japan; Afghanistan; Albania; Algeria; Argentina; Armenia; Bahrain; Bosnia and Herzegovina; Brazil; Cambodia; Cyprus; Georgia; Iraq; Italy; Laos; Peru; Portugal; Qatar; Syrian Arab Republic; Tunisia; Turkey; United Arab Emirates; United States (Contiguous) (ver.2.0, 2022); Yemen","- Croatia; - Egypt; - Japan; Afghanistan; Albania; Algeria; Argentina; Armenia; Bahrain; Bosnia and Herzegovina; Brazil; Cambodia; Cyprus; Georgia; Greece; Iraq; Italy; Jamaica; Jordan; Laos; Mauritius; Peru; Portugal; Qatar; Syrian Arab Republic; Tunisia; Turkey; United Arab Emirates; United States (Contiguous) (ver.2.0, 2022); Vietnam; Yemen",Terrestrial; terrestrial
Artocarpus heterophyllus,artocarpus heterophyllus,AngMaRoMr3615-01,Moraceae,India;Taiwan,YES,YES,1,24,26,Brazil,"- Sao Tome and Principe; Amani Forest Nature Reserve, Tanzania; Australia; Bangladesh; Brazil; Brunei Darussalam; Burundi; Curieuse Special Reserve, Seychelles; Democratic Republic of Congo; East Usambara, Tanzania; Equatorial Guinea; Eswatini (Swaziland); French Guiana; Galápagos Islands, Ecuador; Hawaii, United States (ver.2.0, 2022); Kenya; Laos; Maldives; Mara Ecosystem (Kenya, Tanzania); Praslin National Park, Seychelles; Seychelles; Tanzania; Uganda; Vallée de Mai Nature Reserve, Seychelles","- Sao Tome and Principe; Amani Forest Nature Reserve, Tanzania; Australia; Bangladesh; Brazil; Brunei Darussalam; Burundi; Comoros; Curieuse Special Reserve, Seychelles; Democratic Republic of Congo; East Usambara, Tanzania; Equatorial Guinea; Eswatini (Swaziland); French Guiana; Galápagos Islands, Ecuador; Hawaii, United States (ver.2.0, 2022); Kenya; Laos; Maldives; Mara Ecosystem (Kenya, Tanzania); Praslin National Park, Seychelles; Seychelles; Singapore; Tanzania; Uganda; Vallée de Mai Nature Reserve, Seychelles",Terrestrial; terrestrial
Cupressus macrocarpa,cupressus macrocarpa,AngPiPiCp12449-00; AngPiPiCp12449-01; AngPiPiCp12449-01,Cupressaceae,Australia;Spain;United States,YES,YES,1,22,22,New Zealand,"- Cook Islands; Australia; Cuba; France; Galápagos Islands, Ecuador; Great Britain; Hawaii, United States (ver.2.0, 2022); Ireland; Madeira, Portugal; New Zealand; Peru; Portugal; Rapa Nui  (Isla de Pascua, Easter Island); Rapa Nui (Isla de Pascua, Easter Island); South Africa; Spain; Table Mountain National Park, South Africa; Tankwa-Karoo National Park, South Africa; Turkey; – Ascension Island, Saint Helena, Ascension and Tristan da Cunha; – Falkland Islands (Islas Malvinas); – Saint Helena, Saint Helena, Ascension and Tristan da Cunha","- Cook Islands; Australia; Cuba; France; Galápagos Islands, Ecuador; Great Britain; Hawaii, United States (ver.2.0, 2022); Ireland; Madeira, Portugal; New Zealand; Peru; Portugal; Rapa Nui  (Isla de Pascua, Easter Island); Rapa Nui (Isla de Pascua, Easter Island); South Africa; Spain; Table Mountain National Park, South Africa; Tankwa-Karoo National Park, South Africa; Turkey; – Ascension Island, Saint Helena, Ascension and Tristan da Cunha; – Falkland Islands (Islas Malvinas); – Saint Helena, Saint Helena, Ascension and Tristan da Cunha",Forest; Artificial - Terrestrial; Terrestrial; terrestrial
Cassia javanica,cassia javanica,AngMaFaFb7572-00; AngMaFaFb7572-01; AngMaFaFb7572-02; AngMaFaFb7572-03; AngMaFaFb7572-04; AngMaFaFb7572-05; AngMaFaFb7572-06; AngMaFaFb7572-07; AngMaFaFb7572-08; AngMaFaFb7572-01,Fabaceae,Timor-Leste,YES,YES,1,20,20,- Nicaragua,"- Nicaragua; - Sao Tome and Principe; Angola; Barbados; Belize; Chad; Democratic Republic of Congo; Ecuador; Gabon; Hawaii, United States (ver.2.0, 2022); India; Laos; Liberia; Mexico; Montserrat; Nigeria; Seychelles; Sierra Leone; Togo; United States (Contiguous) (ver.2.0, 2022)","- Nicaragua; - Sao Tome and Principe; Angola; Barbados; Belize; Chad; Democratic Republic of Congo; Ecuador; Gabon; Hawaii, United States (ver.2.0, 2022); India; Laos; Liberia; Mexico; Montserrat; Nigeria; Seychelles; Sierra Leone; Togo; United States (Contiguous) (ver.2.0, 2022)",Terrestrial; terrestrial
Codiaeum variegatum,codiaeum variegatum,AngMaMaph9912-00; AngMaMaph9912-01; AngMaMaph9912-02; AngMaMaph9912-03; AngMaMaph9912-04; AngMaMaph9912-05; AngMaMaph9912-06; AngMaMaph9912-07; AngMaMaph9912-08; AngMaMaph9912-01,Euphorbiaceae,Papua New Guinea;Timor-Leste,YES,YES,1,19,21,Anguilla,"- Sao Tome and Principe; Anguilla; Australia; Burkina Faso; Colombia; Curieuse Special Reserve, Seychelles; Democratic Republic of Congo; Ecuador; Galápagos Islands, Ecuador; India; Kruger National Park, South Africa; Marshall Islands; Montserrat; Rongelap Atoll, Marshall Islands; Rwanda; Seychelles; South Africa; Timor-Leste; – British Indian Ocean Territory","- Sao Tome and Principe; Anguilla; Australia; Burkina Faso; Colombia; Curieuse Special Reserve, Seychelles; Democratic Republic of Congo; Ecuador; Equatorial Guinea; Galápagos Islands, Ecuador; India; Kruger National Park, South Africa; Marshall Islands; Montserrat; Rongelap Atoll, Marshall Islands; Rwanda; Seychelles; Singapore; South Africa; Timor-Leste; – British Indian Ocean Territory",Terrestrial; terrestrial
Prunus armeniaca,prunus armeniaca,AngMaRoRs39109-00; AngMaRoRs39109-01; AngMaRoRs39109-02; AngMaRoRs39109-01,Rosaceae,Spain,YES,YES,1,18,20,South Africa,"Albania; Australia; Austria; Belgium; Canada; Cyprus; Czechia; Estonia; Golden Gate Highlands National Park, South Africa; India; Libya; Malta; Romania; South Africa; Switzerland; United States (Contiguous) (ver.2.0, 2022); Yemen; – Korea (Democratic People's Republic of)","Albania; Australia; Austria; Belgium; Canada; Cyprus; Czechia; Estonia; Golden Gate Highlands National Park, South Africa; Greece; India; Libya; Malta; Romania; Slovakia; South Africa; Switzerland; United States (Contiguous) (ver.2.0, 2022); Yemen; – Korea (Democratic People's Republic of)",Freshwater; Terrestrial; terrestrial
Populus deltoides,populus deltoides,AngMaMaSl38369-00; AngMaMaSl38369-01; AngMaMaSl38369-02; AngMaMaSl38369-03; AngMaMaSl38369-04; AngMaMaSl38369-05; AngMaMaSl38369-06; AngMaMaSl38369-07; AngMaMaSl38369-08; AngMaMaSl38369-09; AngMaMaSl38369-10,Salicaceae,NA,YES,YES,1,18,19,South Africa,"- Croatia; - Japan; Armenia; Belgium; Bulgaria; Denmark; Estonia; Garden Route National Park, South Africa; Golden Gate Highlands National Park, South Africa; India; Iran; Italy; Lithuania; Norway; Portugal; Russian Federation; South Africa; Turkey","- Croatia; - Japan; Armenia; Belgium; Bulgaria; Denmark; Estonia; Garden Route National Park, South Africa; Golden Gate Highlands National Park, South Africa; India; Iran; Italy; Lithuania; Norway; Portugal; Russian Federation; South Africa; Turkey; Ukraine",Freshwater; Terrestrial; terrestrial
Araucaria heterophylla,araucaria heterophylla,AngPiPirc3191-00; AngPiPirc3191-01,Araucariaceae,Australia;Norfolk Island;Spain,YES,YES,1,17,17,Anguilla,"Anguilla; Colombia; Ecuador; Galápagos Islands, Ecuador; Garden Route National Park, South Africa; India; Lord Howe Island, Australia; Maldives; Malta; Mara Ecosystem (Kenya, Tanzania); Marshall Islands; Montserrat; Portugal; Seychelles; Turkey; United States (Contiguous) (ver.2.0, 2022); – British Indian Ocean Territory","Anguilla; Colombia; Ecuador; Galápagos Islands, Ecuador; Garden Route National Park, South Africa; India; Lord Howe Island, Australia; Maldives; Malta; Mara Ecosystem (Kenya, Tanzania); Marshall Islands; Montserrat; Portugal; Seychelles; Turkey; United States (Contiguous) (ver.2.0, 2022); – British Indian Ocean Territory",Terrestrial; terrestrial
Senna surattensis,senna surattensis,AngMaFaFb43465-00; AngMaFaFb43465-01,Fabaceae,Australia;Vanuatu,YES,YES,1,17,19,Federated States of Micronesia,"- Cook Islands; Arno Atoll, Marshall Islands; Côte d'Ivoire; Democratic Republic of Congo; Ghana; Hawaii, United States (ver.2.0, 2022); Kosrae, Federated States of Micronesia; Majuro Atoll, Marshall Islands; Maldives; Marshall Islands; Nigeria; Palau; Saint Vincent and the Grenadines; Seychelles; Togo; Tonga; United States (Contiguous) (ver.2.0, 2022)","- Cook Islands; Arno Atoll, Marshall Islands; Côte d'Ivoire; Democratic Republic of Congo; Federated States of Micronesia; Ghana; Hawaii, United States (ver.2.0, 2022); Kosrae, Federated States of Micronesia; Majuro Atoll, Marshall Islands; Maldives; Marshall Islands; Nigeria; Palau; Saint Vincent and the Grenadines; Seychelles; Singapore; Togo; Tonga; United States (Contiguous) (ver.2.0, 2022)",Terrestrial; terrestrial
Thuja occidentalis,thuja occidentalis,AngPiPiCp47747-00; AngPiPiCp47747-01; AngPiPiCp47747-02; AngPiPiCp47747-03; AngPiPiCp47747-04; AngPiPiCp47747-05; AngPiPiCp47747-06; AngPiPiCp47747-07; AngPiPiCp47747-08; AngPiPiCp47747-09; AngPiPiCp47747-10; AngPiPiCp47747-01,Cupressaceae,Canada;Netherlands;United States,YES,YES,1,17,17,Norway,"- Croatia; Armenia; Austria; Belgium; Czechia; Denmark; Estonia; Italy; Libya; Liechtenstein; Norway; Poland; Russian Federation; Slovenia; Sweden; Turkey; – Saint Helena, Saint Helena, Ascension and Tristan da Cunha","- Croatia; Armenia; Austria; Belgium; Czechia; Denmark; Estonia; Italy; Libya; Liechtenstein; Norway; Poland; Russian Federation; Slovenia; Sweden; Turkey; – Saint Helena, Saint Helena, Ascension and Tristan da Cunha",Freshwater; Terrestrial; terrestrial
Cylindropuntia imbricata,cylindropuntia imbricata,AngMaCaCc12636-00; AngMaCaCc12636-01; AngMaCaCc12636-02; AngMaCaCc12636-03; AngMaCaCc12636-04; AngMaCaCc12636-05; AngMaCaCc12636-01,Cactaceae,Australia;United States,YES,YES,1,17,17,South Africa,"- Croatia; Addo-Elephant National Park, South Africa; Agulhas National Park, South Africa; Argentina; Augrabies Falls National Park, South Africa; Camdeboo National Park, South Africa; Garden Route National Park, South Africa; Golden Gate Highlands National Park, South Africa; Karoo National Park, South Africa; Kenya; Kruger National Park, South Africa; Mapungupwe National Park, South Africa; Marakele National Park, South Africa; Mountain Zebra National Park, South Africa; Namibia; South Africa; Spain","- Croatia; Addo-Elephant National Park, South Africa; Agulhas National Park, South Africa; Argentina; Augrabies Falls National Park, South Africa; Camdeboo National Park, South Africa; Garden Route National Park, South Africa; Golden Gate Highlands National Park, South Africa; Karoo National Park, South Africa; Kenya; Kruger National Park, South Africa; Mapungupwe National Park, South Africa; Marakele National Park, South Africa; Mountain Zebra National Park, South Africa; Namibia; South Africa; Spain",Terrestrial; terrestrial
Quercus ilex,quercus ilex,AngMaFaFg40613-00; AngMaFaFg40613-01; AngMaFaFg40613-02; AngMaFaFg40613-03; AngMaFaFg40613-04; AngMaFaFg40613-05; AngMaFaFg40613-06; AngMaFaFg40613-07; AngMaFaFg40613-01,Fagaceae,NA,YES,YES,1,17,17,Great Britain,"Armenia; Australia; Belgium; Gran Canaria, Islas Canarias, Spain; Great Britain; India; Ireland; La Gomera, Islas Canarias, Spain; La Palma, Islas Canarias, Spain; South Africa; Spain; Switzerland; Table Mountain National Park, South Africa; Tankwa-Karoo National Park, South Africa; Tenerife, Islas Canarias, Spain; United States (Contiguous) (ver.2.0, 2022); – Saint Helena, Saint Helena, Ascension and Tristan da Cunha","Armenia; Australia; Belgium; Gran Canaria, Islas Canarias, Spain; Great Britain; India; Ireland; La Gomera, Islas Canarias, Spain; La Palma, Islas Canarias, Spain; South Africa; Spain; Switzerland; Table Mountain National Park, South Africa; Tankwa-Karoo National Park, South Africa; Tenerife, Islas Canarias, Spain; United States (Contiguous) (ver.2.0, 2022); – Saint Helena, Saint Helena, Ascension and Tristan da Cunha",Terrestrial; terrestrial
Bauhinia tomentosa,bauhinia tomentosa,AngMaFaFb4651-01,Fabaceae,South Africa;Taiwan,YES,YES,1,17,17,Cuba,- Sao Tome and Principe; Benin; Burundi; Chad; Cuba; Democratic Republic of Congo; Gambia; Guinea; Liberia; Mali; Mauritania; Montserrat; Niger; Philippines; Senegal; Sierra Leone; Togo,- Sao Tome and Principe; Benin; Burundi; Chad; Cuba; Democratic Republic of Congo; Gambia; Guinea; Liberia; Mali; Mauritania; Montserrat; Niger; Philippines; Senegal; Sierra Leone; Togo,Terrestrial; terrestrial
Maclura pomifera,maclura pomifera,AngMaRoMr28340-00; AngMaRoMr28340-01,Moraceae,NA,YES,YES,1,16,18,Turkmenistan,"- Croatia; Armenia; Australia; Austria; Bosnia and Herzegovina; Canada; Gran Canaria, Islas Canarias, Spain; India; Iran; Italy; Libya; Portugal; Romania; Spain; Turkey; Turkmenistan","- Croatia; Armenia; Australia; Austria; Bosnia and Herzegovina; Canada; Gran Canaria, Islas Canarias, Spain; Greece; India; Iran; Italy; Libya; Portugal; Romania; Slovakia; Spain; Turkey; Turkmenistan",Terrestrial; terrestrial
Averrhoa bilimbi,averrhoa bilimbi,AngMaOxxl4092-01,Oxalidaceae,NA,YES,YES,1,16,22,Palau,"Brunei Darussalam; Chuuk, Federated States of Micronesia; Costa Rica; Curieuse Special Reserve, Seychelles; India; Majuro Atoll, Marshall Islands; Maldives; Marshall Islands; Palau; Panama; Philippines; Pohnpei, Federated States of Micronesia; Seychelles; Vallée de Mai Nature Reserve, Seychelles; Yap, Federated States of Micronesia; – British Indian Ocean Territory","Brunei Darussalam; Chuuk, Federated States of Micronesia; Comoros; Costa Rica; Curieuse Special Reserve, Seychelles; Federated States of Micronesia; India; Majuro Atoll, Marshall Islands; Maldives; Marshall Islands; Mwali (Mohéli), Comoros; Ndzuwani (Anjouan), Comoros; Ngazidja (Grande Comore), Comoros; Palau; Panama; Philippines; Pohnpei, Federated States of Micronesia; Seychelles; Singapore; Vallée de Mai Nature Reserve, Seychelles; Yap, Federated States of Micronesia; – British Indian Ocean Territory",Terrestrial; terrestrial
Hibiscus mutabilis,hibiscus mutabilis,AngMaMaMl23513-00; AngMaMaMl23513-01,Malvaceae,NA,YES,YES,1,15,15,- Japan,"- Japan; - Sao Tome and Principe; Afghanistan; Australia; Ecuador; Galápagos Islands, Ecuador; Hawaii, United States (ver.2.0, 2022); India; Iran; Libya; Marshall Islands; Philippines; Seychelles; South Africa; United States (Contiguous) (ver.2.0, 2022)","- Japan; - Sao Tome and Principe; Afghanistan; Australia; Ecuador; Galápagos Islands, Ecuador; Hawaii, United States (ver.2.0, 2022); India; Iran; Libya; Marshall Islands; Philippines; Seychelles; South Africa; United States (Contiguous) (ver.2.0, 2022)",Terrestrial; terrestrial
Prunus mahaleb,prunus mahaleb,AngMaRoRs39188-00; AngMaRoRs39188-01,Rosaceae,Afghanistan;Albania;Armenia;Austria;Azerbaijan;Bosnia & Herzegovina;Bulgaria;Canada;Croatia;Czechia;Denmark;Faroe Islands;France;Georgia;Germany;Greece;Hungary;Iran;Iraq;Italy;Kazakhstan;Kyrgyzstan;Moldova;Montenegro;Morocco;Netherlands;Pakistan;Panama;Portugal;Romania;Russia;Serbia;Slovenia;South Africa;Spain;Sweden;Switzerland;Tajikistan;Turkey;Turkmenistan;Ukraine;United Kingdom;United States;Uzbekistan,YES,YES,1,14,15,Argentina,"Argentina; Australia; Belarus; Bulgaria; Canada; Denmark; Estonia; Great Britain; India; Netherlands; Norway; Poland; Sweden; United States (Contiguous) (ver.2.0, 2022)","Argentina; Australia; Belarus; Bulgaria; Canada; Denmark; Estonia; Great Britain; India; Netherlands; Norway; Poland; Slovakia; Sweden; United States (Contiguous) (ver.2.0, 2022)",Freshwater; Terrestrial
Phytolacca dioica,phytolacca dioica,AngMaCaPh36819-01,Phytolaccaceae,Argentina;Brazil;Paraguay,YES,YES,1,14,15,South Africa,"Australia; Eswatini (Swaziland); Garden Route National Park, South Africa; Hawaii, United States (ver.2.0, 2022); India; Italy; Kruger National Park, South Africa; Libya; Madagascar; Namibia; Nepal; South Africa; Table Mountain National Park, South Africa; Tankwa-Karoo National Park, South Africa","Australia; Eswatini (Swaziland); Garden Route National Park, South Africa; Greece; Hawaii, United States (ver.2.0, 2022); India; Italy; Kruger National Park, South Africa; Libya; Madagascar; Namibia; Nepal; South Africa; Table Mountain National Park, South Africa; Tankwa-Karoo National Park, South Africa",Terrestrial; terrestrial
Tephrosia vogelii,tephrosia vogelii,AngMaFaFb47251-01,Fabaceae,Australia;Papua New Guinea;Timor-Leste,YES,YES,1,13,13,Kenya,Australia; Brazil; Ethiopia; India; Kenya; Madagascar; Malawi; Rwanda; Tanzania; Timor-Leste; Uganda; Zambia; Zimbabwe,Australia; Brazil; Ethiopia; India; Kenya; Madagascar; Malawi; Rwanda; Tanzania; Timor-Leste; Uganda; Zambia; Zimbabwe,Terrestrial; terrestrial
Eucalyptus gomphocephala,eucalyptus gomphocephala,AngMaMyMy17489-01,Myrtaceae,Australia;Uruguay,YES,YES,1,13,13,Cyprus,"Addo-Elephant National Park, South Africa; Agulhas National Park, South Africa; Augrabies Falls National Park, South Africa; Cyprus; Hawaii, United States (ver.2.0, 2022); Libya; Malta; Portugal; South Africa; Sovereign Base Areas of Cyprus, Cyprus; Table Mountain National Park, South Africa; Tankwa-Karoo National Park, South Africa; Yemen","Addo-Elephant National Park, South Africa; Agulhas National Park, South Africa; Augrabies Falls National Park, South Africa; Cyprus; Hawaii, United States (ver.2.0, 2022); Libya; Malta; Portugal; South Africa; Sovereign Base Areas of Cyprus, Cyprus; Table Mountain National Park, South Africa; Tankwa-Karoo National Park, South Africa; Yemen",Terrestrial; terrestrial
Euphorbia lactea,euphorbia lactea,AngMaMaph18882-01,Euphorbiaceae,NA,YES,YES,1,13,14,Cuba,"- Cook Islands; Anguilla; Cuba; Ecuador; Galápagos Islands, Ecuador; Hawaii, United States (ver.2.0, 2022); Kosrae, Federated States of Micronesia; Kwajalein Atoll, Marshall Islands; Majuro Atoll, Marshall Islands; Marshall Islands; Pohnpei, Federated States of Micronesia; Seychelles; United States (Contiguous) (ver.2.0, 2022)","- Cook Islands; Anguilla; Cuba; Ecuador; Federated States of Micronesia; Galápagos Islands, Ecuador; Hawaii, United States (ver.2.0, 2022); Kosrae, Federated States of Micronesia; Kwajalein Atoll, Marshall Islands; Majuro Atoll, Marshall Islands; Marshall Islands; Pohnpei, Federated States of Micronesia; Seychelles; United States (Contiguous) (ver.2.0, 2022)",Terrestrial; terrestrial
Solanum betaceum,solanum betaceum,AngMaSoSl44088-01,Solanaceae,Argentina,YES,YES,1,13,13,South Africa,"Angola; Australia; Brazil; Galápagos Islands, Ecuador; Garden Route National Park, South Africa; Golden Gate Highlands National Park, South Africa; Guatemala; Honduras; India; Madagascar; Rwanda; South Africa; Zimbabwe","Angola; Australia; Brazil; Galápagos Islands, Ecuador; Garden Route National Park, South Africa; Golden Gate Highlands National Park, South Africa; Guatemala; Honduras; India; Madagascar; Rwanda; South Africa; Zimbabwe",Terrestrial; terrestrial
Larix kaempferi,larix kaempferi,AngPiPiPn26217-00; AngPiPiPn26217-01,Pinaceae,NA,YES,YES,1,13,13,Norway,"Armenia; Belarus; Belgium; Denmark; Great Britain; Ireland; Italy; Norway; Poland; Sweden; Turkey; United States (Contiguous) (ver.2.0, 2022); – Korea (Democratic People's Republic of)","Armenia; Belarus; Belgium; Denmark; Great Britain; Ireland; Italy; Norway; Poland; Sweden; Turkey; United States (Contiguous) (ver.2.0, 2022); – Korea (Democratic People's Republic of)",Terrestrial; terrestrial
Camellia sinensis,camellia sinensis,AngMaErTh6820-00; AngMaErTh6820-01; AngMaErTh6820-02; AngMaErTh6820-03; AngMaErTh6820-04; AngMaErTh6820-05; AngMaErTh6820-06; AngMaErTh6820-07; AngMaErTh6820-01,Theaceae,Australia;Brazil;Canada;China;India;Indonesia;Japan;Malaysia;Peru;Taiwan;Thailand,YES,YES,1,13,15,Tanzania,"- Sao Tome and Principe; Australia; East Usambara, Tanzania; Hawaii, United States (ver.2.0, 2022); Kenya; Madagascar; Peru; Praslin National Park, Seychelles; Seychelles; Tanzania; Uganda; United States (Contiguous) (ver.2.0, 2022); Vallée de Mai Nature Reserve, Seychelles","- Sao Tome and Principe; Australia; East Usambara, Tanzania; Hawaii, United States (ver.2.0, 2022); Jamaica; Kenya; Madagascar; Mauritius; Peru; Praslin National Park, Seychelles; Seychelles; Tanzania; Uganda; United States (Contiguous) (ver.2.0, 2022); Vallée de Mai Nature Reserve, Seychelles",Terrestrial; terrestrial
Cupressus arizonica,cupressus arizonica,AngPiPiCp12438-00; AngPiPiCp12438-01; AngPiPiCp12438-02; AngPiPiCp12438-03; AngPiPiCp12438-04; AngPiPiCp12438-05; AngPiPiCp12438-06; AngPiPiCp12438-07; AngPiPiCp12438-08; AngPiPiCp12438-01,Cupressaceae,Australia;Mexico;Spain;United States,YES,YES,1,13,13,South Africa,"- Cook Islands; - Croatia; Afghanistan; Armenia; Australia; Dominican Republic; Garden Route National Park, South Africa; India; Iraq; Libya; Portugal; South Africa; Turkey","- Cook Islands; - Croatia; Afghanistan; Armenia; Australia; Dominican Republic; Garden Route National Park, South Africa; India; Iraq; Libya; Portugal; South Africa; Turkey",Terrestrial; terrestrial
Citrus medica,citrus medica,AngMaSaRt9017-00; AngMaSaRt9017-01; AngMaSaRt9017-02; AngMaSaRt9017-03; AngMaSaRt9017-01,Rutaceae,Brazil;China;Ecuador;India;Indonesia;Nepal,YES,YES,1,12,12,Madagascar,"- Croatia; Australia; Ecuador; Galápagos Islands, Ecuador; Laos; Libya; Madagascar; Maldives; Mayotte, France; Peru; Seychelles; United States (Contiguous) (ver.2.0, 2022)","- Croatia; Australia; Ecuador; Galápagos Islands, Ecuador; Laos; Libya; Madagascar; Maldives; Mayotte, France; Peru; Seychelles; United States (Contiguous) (ver.2.0, 2022)",Terrestrial; terrestrial
Roystonea regia,roystonea regia,AngNAParc41953-01,Arecaceae,;introduced,YES,YES,1,12,13,Panama,"Ecuador; Galápagos Islands, Ecuador; Hawaii, United States (ver.2.0, 2022); Honduras; India; Kruger National Park, South Africa; Palau; Panama; Pohnpei, Federated States of Micronesia; Seychelles; South Africa; – British Indian Ocean Territory","Ecuador; Federated States of Micronesia; Galápagos Islands, Ecuador; Hawaii, United States (ver.2.0, 2022); Honduras; India; Kruger National Park, South Africa; Palau; Panama; Pohnpei, Federated States of Micronesia; Seychelles; South Africa; – British Indian Ocean Territory",Terrestrial; terrestrial
Pinus canariensis,pinus canariensis,AngPiPiPn37015-00; AngPiPiPn37015-01,Pinaceae,NA,YES,YES,1,12,12,South Africa,"Agulhas National Park, South Africa; Augrabies Falls National Park, South Africa; Australia; Garden Route National Park, South Africa; Golden Gate Highlands National Park, South Africa; India; Italy; Portugal; South Africa; Table Mountain National Park, South Africa; Tankwa-Karoo National Park, South Africa; – Saint Helena, Saint Helena, Ascension and Tristan da Cunha","Agulhas National Park, South Africa; Augrabies Falls National Park, South Africa; Australia; Garden Route National Park, South Africa; Golden Gate Highlands National Park, South Africa; India; Italy; Portugal; South Africa; Table Mountain National Park, South Africa; Tankwa-Karoo National Park, South Africa; – Saint Helena, Saint Helena, Ascension and Tristan da Cunha",Terrestrial; terrestrial
Washingtonia filifera,washingtonia filifera,AngNAParc49969-01,Arecaceae,;introduced;native,YES,YES,1,12,12,Cyprus,"- Croatia; Albania; Australia; Cyprus; Hawaii, United States (ver.2.0, 2022); India; Iran; Iraq; Israel; Italy; Libya; Malta","- Croatia; Albania; Australia; Cyprus; Hawaii, United States (ver.2.0, 2022); India; Iran; Iraq; Israel; Italy; Libya; Malta",Freshwater; Terrestrial; terrestrial
Theobroma cacao,theobroma cacao,AngMaMaMl47685-00; AngMaMaMl47685-01; AngMaMaMl47685-02; AngMaMaMl47685-03; AngMaMaMl47685-04; AngMaMaMl47685-05; AngMaMaMl47685-01,Malvaceae,Afghanistan;Angola;Antigua & Barbuda;Australia;Belize;Benin;Bolivia;Brazil;Cameroon;Colombia;Costa Rica;Côte d’Ivoire;Cuba;Dominica;Dominican Republic;Ecuador;El Salvador;French Guiana;Ghana;Grenada;Guam;Guatemala;Guyana;Haiti;Honduras;Indonesia;Jamaica;Malaysia;Mexico;Micronesia (Federated States of);Netherlands;Nicaragua;Nigeria;Panama;Peru;Philippines;Puerto Rico;Samoa;Sri Lanka;St. Lucia;St. Vincent & Grenadines;Suriname;Trinidad & Tobago;U.S. Virgin Islands;United Kingdom;United States;Venezuela,YES,YES,1,11,13,Costa Rica,"- Sao Tome and Principe; Amani Forest Nature Reserve, Tanzania; Brazil; Democratic Republic of Congo; East Usambara, Tanzania; Equatorial Guinea; Galápagos Islands, Ecuador; Laos; Montserrat; Philippines; Seychelles","- Sao Tome and Principe; Amani Forest Nature Reserve, Tanzania; Brazil; Comoros; Costa Rica; Democratic Republic of Congo; East Usambara, Tanzania; Equatorial Guinea; Galápagos Islands, Ecuador; Laos; Montserrat; Philippines; Seychelles",Terrestrial; terrestrial
Clusia rosea,clusia rosea,AngMaMaCl9671-01,Clusiaceae,NA,YES,YES,1,11,11,South Africa,"Brazil; Guatemala; Hawaii, United States (ver.2.0, 2022); India; Majuro Atoll, Marshall Islands; Mare-Aux-Cochons, Seychelles; Marshall Islands; Morne-Seychellois National Park, Seychelles; Seychelles; South Africa; Sri Lanka","Brazil; Guatemala; Hawaii, United States (ver.2.0, 2022); India; Majuro Atoll, Marshall Islands; Mare-Aux-Cochons, Seychelles; Marshall Islands; Morne-Seychellois National Park, Seychelles; Seychelles; South Africa; Sri Lanka",Terrestrial; terrestrial
Quercus cerris,quercus cerris,AngMaFaFg40506-00; AngMaFaFg40506-01; AngMaFaFg40506-02; AngMaFaFg40506-03; AngMaFaFg40506-04; AngMaFaFg40506-01,Fagaceae,NA,YES,YES,1,11,11,Great Britain,"Belgium; Denmark; France; Great Britain; Ireland; Norway; Poland; Portugal; South Africa; United States (Contiguous) (ver.2.0, 2022); – Saint Helena, Saint Helena, Ascension and Tristan da Cunha","Belgium; Denmark; France; Great Britain; Ireland; Norway; Poland; Portugal; South Africa; United States (Contiguous) (ver.2.0, 2022); – Saint Helena, Saint Helena, Ascension and Tristan da Cunha",Terrestrial; terrestrial
Tilia platyphyllos,tilia platyphyllos,AngMaMaMl47789-00; AngMaMaMl47789-01; AngMaMaMl47789-02; AngMaMaMl47789-03; AngMaMaMl47789-04; AngMaMaMl47789-05; AngMaMaMl47789-06; AngMaMaMl47789-07; AngMaMaMl47789-08; AngMaMaMl47789-09; AngMaMaMl47789-10; AngMaMaMl47789-11; AngMaMaMl47789-12; AngMaMaMl47789-13; AngMaMaMl47789-14; AngMaMaMl47789-15; AngMaMaMl47789-16,Malvaceae,Australia,YES,YES,1,11,11,Norway,"Canada; Estonia; France; Latvia; Libya; Lithuania; Norway; Portugal; Russian Federation; Sweden; United States (Contiguous) (ver.2.0, 2022)","Canada; Estonia; France; Latvia; Libya; Lithuania; Norway; Portugal; Russian Federation; Sweden; United States (Contiguous) (ver.2.0, 2022)",Freshwater; Terrestrial; terrestrial
Calliandra haematocephala,calliandra haematocephala,AngMaFaFb6373-00; AngMaFaFb6373-01; AngMaFaFb6373-01,Fabaceae,Colombia,YES,YES,1,11,12,Federated States of Micronesia,"- Cook Islands; Australia; Brunei Darussalam; Cuba; India; Kosrae, Federated States of Micronesia; Montserrat; Palau; Pohnpei, Federated States of Micronesia; Seychelles; United States (Contiguous) (ver.2.0, 2022)","- Cook Islands; Australia; Brunei Darussalam; Cuba; Federated States of Micronesia; India; Kosrae, Federated States of Micronesia; Montserrat; Palau; Pohnpei, Federated States of Micronesia; Seychelles; United States (Contiguous) (ver.2.0, 2022)",Terrestrial; terrestrial
Celtis australis,celtis australis,AngMaRoCn7959-00; AngMaRoCn7959-01; AngMaRoCn7959-01,Cannabaceae,Italy;Spain,YES,YES,1,11,12,Slovakia,"Armenia; Australia; Belgium; Cyprus; France; India; La Gomera, Islas Canarias, Spain; Romania; South Africa; Spain; United States (Contiguous) (ver.2.0, 2022)","Armenia; Australia; Belgium; Cyprus; France; India; La Gomera, Islas Canarias, Spain; Romania; Slovakia; South Africa; Spain; United States (Contiguous) (ver.2.0, 2022)",Terrestrial; terrestrial
Pinus ponderosa,pinus ponderosa,AngPiPiPn37079-00; AngPiPiPn37079-01; AngPiPiPn37079-02; AngPiPiPn37079-03; AngPiPiPn37079-04; AngPiPiPn37079-05; AngPiPiPn37079-01,Pinaceae,NA,YES,YES,1,11,11,New Zealand,Argentina; Armenia; Australia; Belgium; Denmark; Great Britain; New Zealand; Romania; Russian Federation; Sweden; Turkey,Argentina; Armenia; Australia; Belgium; Denmark; Great Britain; New Zealand; Romania; Russian Federation; Sweden; Turkey,Terrestrial; terrestrial
Prunus avium,prunus avium,AngMaRoRs39110-00; AngMaRoRs39110-01; AngMaRoRs39110-02; AngMaRoRs39110-03; AngMaRoRs39110-04; AngMaRoRs39110-05; AngMaRoRs39110-06; AngMaRoRs39110-07; AngMaRoRs39110-01,Rosaceae,Afghanistan;Albania;Argentina;Armenia;Australia;Austria;Azerbaijan;Belarus;Belgium;Bulgaria;Canada;China;Croatia;Czechia;Denmark;Estonia;France;Georgia;Germany;Greece;Hungary;Iran;Ireland;Isle of Man;Italy;Japan;Kyrgyzstan;Latvia;Lebanon;Lithuania;Moldova;Namibia;Netherlands;North Macedonia;Poland;Portugal;Romania;Russia;Slovakia;Spain;Sweden;Switzerland;Tajikistan;Ukraine;United Kingdom;United States;Uzbekistan,YES,YES,1,11,11,New Zealand,"Alaska, United States (ver.2.0, 2022); Australia; Belarus; Bulgaria; Canada; India; Libya; Madeira, Portugal; New Zealand; Peru; United States (Contiguous) (ver.2.0, 2022)","Alaska, United States (ver.2.0, 2022); Australia; Belarus; Bulgaria; Canada; India; Libya; Madeira, Portugal; New Zealand; Peru; United States (Contiguous) (ver.2.0, 2022)",Terrestrial; terrestrial
Dovyalis caffra,dovyalis caffra,AngMaMaSl15151-01,Salicaceae,NA,YES,YES,1,10,10,Kenya,"Australia; Ethiopia; Kenya; Malawi; Namibia; Tanzania; Uganda; Zambia; – Ascension Island, Saint Helena, Ascension and Tristan da Cunha; – Saint Helena, Saint Helena, Ascension and Tristan da Cunha","Australia; Ethiopia; Kenya; Malawi; Namibia; Tanzania; Uganda; Zambia; – Ascension Island, Saint Helena, Ascension and Tristan da Cunha; – Saint Helena, Saint Helena, Ascension and Tristan da Cunha",Terrestrial
Myoporum tenuifolium,myoporum tenuifolium,AngMaLaSc32117-01,Scrophulariaceae,Australia,YES,YES,1,10,10,Namibia,"Agulhas National Park, South Africa; Cyprus; Garden Route National Park, South Africa; Golden Gate Highlands National Park, South Africa; Namibia; Portugal; Spain; Table Mountain National Park, South Africa; Tankwa-Karoo National Park, South Africa; West Coast National Park, South Africa","Agulhas National Park, South Africa; Cyprus; Garden Route National Park, South Africa; Golden Gate Highlands National Park, South Africa; Namibia; Portugal; Spain; Table Mountain National Park, South Africa; Tankwa-Karoo National Park, South Africa; West Coast National Park, South Africa",Terrestrial
Dypsis lutescens,dypsis lutescens,AngNAParc15647-01,Arecaceae,;introduced;introducedAssistedColonisation,YES,YES,1,10,11,Cuba,"Cuba; Galápagos Islands, Ecuador; India; Kruger National Park, South Africa; Mexico; Palau; Pohnpei, Federated States of Micronesia; Seychelles; South Africa; United States (Contiguous) (ver.2.0, 2022)","Cuba; Federated States of Micronesia; Galápagos Islands, Ecuador; India; Kruger National Park, South Africa; Mexico; Palau; Pohnpei, Federated States of Micronesia; Seychelles; South Africa; United States (Contiguous) (ver.2.0, 2022)",Terrestrial; terrestrial
Syagrus romanzoffiana,syagrus romanzoffiana,AngNAParc45395-01,Arecaceae,;introduced;native,YES,YES,1,10,10,"Lord Howe Island, Australia","Australia; Hawaii, United States (ver.2.0, 2022); India; Kruger National Park, South Africa; Lord Howe Island, Australia; Mara Ecosystem (Kenya, Tanzania); Mexico; Seychelles; South Africa; United States (Contiguous) (ver.2.0, 2022)","Australia; Hawaii, United States (ver.2.0, 2022); India; Kruger National Park, South Africa; Lord Howe Island, Australia; Mara Ecosystem (Kenya, Tanzania); Mexico; Seychelles; South Africa; United States (Contiguous) (ver.2.0, 2022)",Terrestrial; terrestrial
Quercus palustris,quercus palustris,AngMaFaFg40703-00; AngMaFaFg40703-01,Fagaceae,NA,YES,YES,1,10,11,Romania,"- Croatia; Australia; Belgium; Garden Route National Park, South Africa; Georgia; Portugal; Romania; South Africa; Table Mountain National Park, South Africa; Tankwa-Karoo National Park, South Africa","- Croatia; Australia; Belgium; Garden Route National Park, South Africa; Georgia; Portugal; Romania; South Africa; Table Mountain National Park, South Africa; Tankwa-Karoo National Park, South Africa; Ukraine",Terrestrial; terrestrial
Cedrus atlantica,cedrus atlantica,AngPiPiPn7932-00; AngPiPiPn7932-01; AngPiPiPn7932-01,Pinaceae,Morocco;Spain,YES,YES,1,10,10,Turkey,"- Croatia; Armenia; Belgium; France; Great Britain; Ireland; Italy; Portugal; Turkey; – Saint Helena, Saint Helena, Ascension and Tristan da Cunha","- Croatia; Armenia; Belgium; France; Great Britain; Ireland; Italy; Portugal; Turkey; – Saint Helena, Saint Helena, Ascension and Tristan da Cunha",Terrestrial; terrestrial
Juniperus virginiana,juniperus virginiana,AngPiPiCp25642-00; AngPiPiCp25642-01; AngPiPiCp25642-02; AngPiPiCp25642-03; AngPiPiCp25642-04; AngPiPiCp25642-05; AngPiPiCp25642-06; AngPiPiCp25642-07; AngPiPiCp25642-08; AngPiPiCp25642-09; AngPiPiCp25642-10,Cupressaceae,Canada;Cuba;Netherlands;United States,YES,YES,1,10,10,South Africa,"- Croatia; Argentina; Australia; Italy; Lesotho; Portugal; Romania; South Africa; Turkey; – Saint Helena, Saint Helena, Ascension and Tristan da Cunha","- Croatia; Argentina; Australia; Italy; Lesotho; Portugal; Romania; South Africa; Turkey; – Saint Helena, Saint Helena, Ascension and Tristan da Cunha",Freshwater; Terrestrial; terrestrial
Abies alba,abies alba,AngPiPiPn0007-00; AngPiPiPn0007-01; AngPiPiPn0007-01,Pinaceae,France;Spain,YES,YES,1,10,10,Sweden,"Belgium; Denmark; Estonia; Great Britain; Iran; Ireland; Latvia; Portugal; Sweden; United States (Contiguous) (ver.2.0, 2022)","Belgium; Denmark; Estonia; Great Britain; Iran; Ireland; Latvia; Portugal; Sweden; United States (Contiguous) (ver.2.0, 2022)",Freshwater; Terrestrial; terrestrial
Swietenia mahagoni,swietenia mahagoni,AngMaSaMl45367-00; AngMaSaMl45367-01,Meliaceae,NA,YES,YES,1,9,9,- Indonesia,"- Indonesia; Anguilla; Curacao, Netherlands; Dominica; Galápagos Islands, Ecuador; Hawaii, United States (ver.2.0, 2022); India; Saint Kitts and Nevis; Seychelles","- Indonesia; Anguilla; Curacao, Netherlands; Dominica; Galápagos Islands, Ecuador; Hawaii, United States (ver.2.0, 2022); India; Saint Kitts and Nevis; Seychelles",Terrestrial; terrestrial
Areca catechu,areca catechu,AngNAParc3540-01,Arecaceae,;introduced,YES,YES,1,9,14,"Mayotte, France","East Usambara, Tanzania; India; Kenya; Maldives; Marshall Islands; Mayotte, France; Philippines; Seychelles; Tanzania","Comoros; East Usambara, Tanzania; India; Kenya; Maldives; Marshall Islands; Mayotte, France; Mwali (Mohéli), Comoros; Ndzuwani (Anjouan), Comoros; Ngazidja (Grande Comore), Comoros; Philippines; Seychelles; Singapore; Tanzania",Terrestrial; terrestrial
Licuala grandis,licuala grandis,AngNAParc26804-01,Arecaceae,;introducedAssistedColonisation,YES,YES,1,9,10,Marshall Islands,"- Cook Islands; French Polynesia; India; Kiribati; Kosrae, Federated States of Micronesia; Majuro Atoll, Marshall Islands; Marshall Islands; Seychelles; Solomon Islands","- Cook Islands; Federated States of Micronesia; French Polynesia; India; Kiribati; Kosrae, Federated States of Micronesia; Majuro Atoll, Marshall Islands; Marshall Islands; Seychelles; Solomon Islands",Terrestrial; terrestrial
Alnus incana,alnus incana,AngMaFaBt2044-00; AngMaFaBt2044-01; AngMaFaBt2044-02; AngMaFaBt2044-03; AngMaFaBt2044-04; AngMaFaBt2044-05; AngMaFaBt2044-06; AngMaFaBt2044-07; AngMaFaBt2044-08; AngMaFaBt2044-09; AngMaFaBt2044-10; AngMaFaBt2044-11; AngMaFaBt2044-12; AngMaFaBt2044-13; AngMaFaBt2044-14; AngMaFaBt2044-15; AngMaFaBt2044-16; AngMaFaBt2044-17; AngMaFaBt2044-18; AngMaFaBt2044-19; AngMaFaBt2044-20; AngMaFaBt2044-21; AngMaFaBt2044-22; AngMaFaBt2044-23; AngMaFaBt2044-24; AngMaFaBt2044-25; AngMaFaBt2044-26; AngMaFaBt2044-27; AngMaFaBt2044-28; AngMaFaBt2044-29; AngMaFaBt2044-30; AngMaFaBt2044-31; AngMaFaBt2044-01,Betulaceae,Canada;Russia;United Kingdom;United States,YES,YES,1,9,9,Ireland,Armenia; Belgium; Czechia; Great Britain; Iceland; Ireland; Netherlands; Norway; Sweden,Armenia; Belgium; Czechia; Great Britain; Iceland; Ireland; Netherlands; Norway; Sweden,Terrestrial; terrestrial
Ulmus minor,ulmus minor,AngMaRolm48605-00; AngMaRolm48605-01; AngMaRolm48605-02; AngMaRolm48605-03; AngMaRolm48605-04; AngMaRolm48605-05; AngMaRolm48605-06; AngMaRolm48605-07; AngMaRolm48605-08; AngMaRolm48605-09; AngMaRolm48605-10; AngMaRolm48605-11; AngMaRolm48605-12; AngMaRolm48605-13; AngMaRolm48605-14; AngMaRolm48605-15; AngMaRolm48605-16; AngMaRolm48605-17; AngMaRolm48605-18; AngMaRolm48605-19; AngMaRolm48605-20; AngMaRolm48605-21; AngMaRolm48605-22; AngMaRolm48605-23; AngMaRolm48605-24; AngMaRolm48605-25; AngMaRolm48605-26; AngMaRolm48605-27; AngMaRolm48605-28; AngMaRolm48605-29; AngMaRolm48605-01,Ulmaceae,Australia,YES,YES,1,9,9,Norway,"Chile; Estonia; Gran Canaria, Islas Canarias, Spain; Ireland; La Palma, Islas Canarias, Spain; Latvia; Norway; Spain; Sweden","Chile; Estonia; Gran Canaria, Islas Canarias, Spain; Ireland; La Palma, Islas Canarias, Spain; Latvia; Norway; Spain; Sweden",Freshwater; Terrestrial; terrestrial
Bischofia javanica,bischofia javanica,AngMaMaPh5106-01,Phyllanthaceae,Australia;Samoa;Taiwan,YES,YES,1,9,9,- Japan,"- Cook Islands; - Japan; American Samoa; Ha'apai group, Tonga; Hawaii, United States (ver.2.0, 2022); Tonga; Tongatapu Island, Tonga; United States (Contiguous) (ver.2.0, 2022); Vava'u group, Tonga","- Cook Islands; - Japan; American Samoa; Ha'apai group, Tonga; Hawaii, United States (ver.2.0, 2022); Tonga; Tongatapu Island, Tonga; United States (Contiguous) (ver.2.0, 2022); Vava'u group, Tonga",Terrestrial; terrestrial
Hovenia dulcis,hovenia dulcis,AngMaRoRh24096-01,Rhamnaceae,Iran,YES,YES,1,9,9,Tanzania,"Argentina; Australia; Brazil; East Usambara, Tanzania; Georgia; India; Kenya; Tanzania; United States (Contiguous) (ver.2.0, 2022)","Argentina; Australia; Brazil; East Usambara, Tanzania; Georgia; India; Kenya; Tanzania; United States (Contiguous) (ver.2.0, 2022)",Terrestrial; terrestrial
Metrosideros excelsa,metrosideros excelsa,AngMaMyMy30324-01,Myrtaceae,New Zealand,YES,YES,1,9,9,South Africa,"Australia; Azores, Portugal; Garden Route National Park, South Africa; Lord Howe Island, Australia; Portugal; South Africa; Table Mountain National Park, South Africa; Tankwa-Karoo National Park, South Africa; – Tristan da Cunha, Saint Helena, Ascension and Tristan da Cunha","Australia; Azores, Portugal; Garden Route National Park, South Africa; Lord Howe Island, Australia; Portugal; South Africa; Table Mountain National Park, South Africa; Tankwa-Karoo National Park, South Africa; – Tristan da Cunha, Saint Helena, Ascension and Tristan da Cunha",Terrestrial; terrestrial
Erythrina crista-galli,erythrina crista-galli,AngMaFaFb16780-00; AngMaFaFb16780-01,Fabaceae,Argentina;Australia;Brazil;Paraguay,YES,YES,1,9,9,Turkey,"Australia; Eswatini (Swaziland); Hawaii, United States (ver.2.0, 2022); India; Libya; Lord Howe Island, Australia; Seychelles; Turkey; United States (Contiguous) (ver.2.0, 2022)","Australia; Eswatini (Swaziland); Hawaii, United States (ver.2.0, 2022); India; Libya; Lord Howe Island, Australia; Seychelles; Turkey; United States (Contiguous) (ver.2.0, 2022)",Terrestrial; terrestrial
Acer platanoides,acer platanoides,AngMaSaSp0686-00; AngMaSaSp0686-01; AngMaSaSp0686-02; AngMaSaSp0686-03; AngMaSaSp0686-04; AngMaSaSp0686-05; AngMaSaSp0686-06; AngMaSaSp0686-07; AngMaSaSp0686-08; AngMaSaSp0686-09; AngMaSaSp0686-10; AngMaSaSp0686-11; AngMaSaSp0686-12; AngMaSaSp0686-13; AngMaSaSp0686-14; AngMaSaSp0686-15; AngMaSaSp0686-16; AngMaSaSp0686-17; AngMaSaSp0686-01,Sapindaceae,Azerbaijan;Canada;Estonia;Germany;Russia;Spain;United Kingdom;United States,YES,YES,1,9,9,Latvia,"Australia; Canada; Great Britain; Ireland; Latvia; Netherlands; Portugal; United States (Contiguous) (ver.2.0, 2022); Wadden Sea","Australia; Canada; Great Britain; Ireland; Latvia; Netherlands; Portugal; United States (Contiguous) (ver.2.0, 2022); Wadden Sea",Terrestrial; terrestrial
Clerodendrum bungei,clerodendrum bungei,AngMaLaLm9306-01,Lamiaceae,NA,YES,YES,1,9,9,Georgia,"- Japan; - Nicaragua; Belgium; Georgia; Iran; Italy; South Africa; Turkey; United States (Contiguous) (ver.2.0, 2022)","- Japan; - Nicaragua; Belgium; Georgia; Iran; Italy; South Africa; Turkey; United States (Contiguous) (ver.2.0, 2022)",Terrestrial; terrestrial
Eucalyptus viminalis,eucalyptus viminalis,AngMaMyMy17882-00; AngMaMyMy17882-01; AngMaMyMy17882-02; AngMaMyMy17882-03; AngMaMyMy17882-04; AngMaMyMy17882-05; AngMaMyMy17882-01,Myrtaceae,Australia;Brazil;United Kingdom,YES,YES,1,9,9,Argentina,"Argentina; France; Georgia; Great Britain; Hawaii, United States (ver.2.0, 2022); India; Rwanda; United States (Contiguous) (ver.2.0, 2022); – Saint Helena, Saint Helena, Ascension and Tristan da Cunha","Argentina; France; Georgia; Great Britain; Hawaii, United States (ver.2.0, 2022); India; Rwanda; United States (Contiguous) (ver.2.0, 2022); – Saint Helena, Saint Helena, Ascension and Tristan da Cunha",Terrestrial
Erythrina variegata,erythrina variegata,AngMaFaFb16855-00; AngMaFaFb16855-01; AngMaFaFb16855-02; AngMaFaFb16855-01,Fabaceae,Australia;Indonesia;Vanuatu,YES,YES,1,8,8,Marshall Islands,- Japan; Anguilla; Cuba; Equatorial Guinea; Maldives; Marshall Islands; Montserrat; Wallis and Futuna,- Japan; Anguilla; Cuba; Equatorial Guinea; Maldives; Marshall Islands; Montserrat; Wallis and Futuna,Terrestrial; terrestrial
Spondias purpurea,spondias purpurea,AngMaSanc44531-01,Anacardiaceae,Colombia,YES,YES,1,8,8,Anguilla,"Anguilla; Ecuador; El Salvador; Galápagos Islands, Ecuador; Guatemala; Honduras; Philippines; United States (Contiguous) (ver.2.0, 2022)","Anguilla; Ecuador; El Salvador; Galápagos Islands, Ecuador; Guatemala; Honduras; Philippines; United States (Contiguous) (ver.2.0, 2022)",Terrestrial; terrestrial
Arenga pinnata,arenga pinnata,AngNAParc3556-01,Arecaceae,,YES,YES,1,8,9,Tanzania,"Amani Forest Nature Reserve, Tanzania; Angola; East Usambara, Tanzania; Hawaii, United States (ver.2.0, 2022); Kenya; Palau; Pohnpei, Federated States of Micronesia; Tanzania","Amani Forest Nature Reserve, Tanzania; Angola; East Usambara, Tanzania; Federated States of Micronesia; Hawaii, United States (ver.2.0, 2022); Kenya; Palau; Pohnpei, Federated States of Micronesia; Tanzania",Terrestrial; terrestrial
Syzygium aromaticum,syzygium aromaticum,AngMaMyMy45798-01,Myrtaceae,NA,YES,YES,1,8,10,"Ngazidja (Grande Comore), Comoros","- Sao Tome and Principe; East Usambara, Tanzania; Laos; Mare-Aux-Cochons, Seychelles; Morne-Seychellois National Park, Seychelles; Praslin National Park, Seychelles; Seychelles; Vallée de Mai Nature Reserve, Seychelles","- Sao Tome and Principe; Comoros; East Usambara, Tanzania; Laos; Mare-Aux-Cochons, Seychelles; Morne-Seychellois National Park, Seychelles; Ngazidja (Grande Comore), Comoros; Praslin National Park, Seychelles; Seychelles; Vallée de Mai Nature Reserve, Seychelles",Terrestrial; terrestrial
Senna corymbosa,senna corymbosa,AngMaFaFb43393-01,Fabaceae,Argentina;Brazil,YES,YES,1,8,8,South Africa,"Australia; Gran Canaria, Islas Canarias, Spain; India; Iraq; Kruger National Park, South Africa; South Africa; Spain; United States (Contiguous) (ver.2.0, 2022)","Australia; Gran Canaria, Islas Canarias, Spain; India; Iraq; Kruger National Park, South Africa; South Africa; Spain; United States (Contiguous) (ver.2.0, 2022)",Terrestrial; terrestrial
Senna multiglandulosa,senna multiglandulosa,AngMaFaFb43428-01,Fabaceae,NA,YES,YES,1,8,8,South Africa,"Australia; Guatemala; India; Kruger National Park, South Africa; Namibia; South Africa; Spain; United States (Contiguous) (ver.2.0, 2022)","Australia; Guatemala; India; Kruger National Park, South Africa; Namibia; South Africa; Spain; United States (Contiguous) (ver.2.0, 2022)",Terrestrial; terrestrial
Eucalyptus diversicolor,eucalyptus diversicolor,AngMaMyMy17413-01,Myrtaceae,Australia;India,YES,YES,1,8,8,South Africa,"Addo-Elephant National Park, South Africa; Garden Route National Park, South Africa; Golden Gate Highlands National Park, South Africa; India; Portugal; South Africa; Table Mountain National Park, South Africa; Tankwa-Karoo National Park, South Africa","Addo-Elephant National Park, South Africa; Garden Route National Park, South Africa; Golden Gate Highlands National Park, South Africa; India; Portugal; South Africa; Table Mountain National Park, South Africa; Tankwa-Karoo National Park, South Africa",Terrestrial; terrestrial
Fraxinus angustifolia,fraxinus angustifolia,AngMaLalc20289-00; AngMaLalc20289-01; AngMaLalc20289-02; AngMaLalc20289-03; AngMaLalc20289-04; AngMaLalc20289-05; AngMaLalc20289-06; AngMaLalc20289-07; AngMaLalc20289-08; AngMaLalc20289-09; AngMaLalc20289-10; AngMaLalc20289-11; AngMaLalc20289-12; AngMaLalc20289-13; AngMaLalc20289-14; AngMaLalc20289-15; AngMaLalc20289-16,Oleaceae,Australia,YES,YES,1,8,8,South Africa,"Australia; Belgium; Cyprus; Garden Route National Park, South Africa; Great Britain; Latvia; Poland; South Africa","Australia; Belgium; Cyprus; Garden Route National Park, South Africa; Great Britain; Latvia; Poland; South Africa",Terrestrial; terrestrial
Ilex aquifolium,ilex aquifolium,AngMaAqqf24437-00; AngMaAqqf24437-01; AngMaAqqf24437-02; AngMaAqqf24437-03; AngMaAqqf24437-04; AngMaAqqf24437-05; AngMaAqqf24437-06; AngMaAqqf24437-07; AngMaAqqf24437-08; AngMaAqqf24437-09; AngMaAqqf24437-10; AngMaAqqf24437-01,Aquifoliaceae,NA,YES,YES,1,8,9,New Zealand,"Alaska, United States (ver.2.0, 2022); Australia; Canada; Hawaii, United States (ver.2.0, 2022); India; New Zealand; United States (Contiguous) (ver.2.0, 2022); – Saint Helena, Saint Helena, Ascension and Tristan da Cunha","Alaska, United States (ver.2.0, 2022); Australia; Canada; Hawaii, United States (ver.2.0, 2022); India; New Zealand; Slovakia; United States (Contiguous) (ver.2.0, 2022); – Saint Helena, Saint Helena, Ascension and Tristan da Cunha",Terrestrial; terrestrial
Ixora finlaysoniana,ixora finlaysoniana,AngMaGeRb25293-01,Rubiaceae,NA,YES,YES,1,7,8,Seychelles,"Ecuador; Galápagos Islands, Ecuador; India; Mayotte, France; Panama; Philippines; Seychelles","Ecuador; Galápagos Islands, Ecuador; India; Mayotte, France; Panama; Philippines; Seychelles; Singapore",Terrestrial; terrestrial
Salix daphnoides,salix daphnoides,AngMaMaSl42263-00; AngMaMaSl42263-01; AngMaMaSl42263-02; AngMaMaSl42263-01,Salicaceae,NA,YES,YES,1,7,7,Norway,"Belgium; Canada; Czechia; Great Britain; Ireland; Norway; United States (Contiguous) (ver.2.0, 2022)","Belgium; Canada; Czechia; Great Britain; Ireland; Norway; United States (Contiguous) (ver.2.0, 2022)",Terrestrial; terrestrial
Tsuga heterophylla,tsuga heterophylla,AngPiPiPn48489-00; AngPiPiPn48489-01,Pinaceae,NA,YES,YES,1,7,7,Norway,Belgium; Denmark; Great Britain; Ireland; Norway; Sweden; Turkey,Belgium; Denmark; Great Britain; Ireland; Norway; Sweden; Turkey,Terrestrial; terrestrial
Eucalyptus conferruminata,eucalyptus conferruminata,AngMaMyMy17351-00; AngMaMyMy17351-01; AngMaMyMy17351-01,Myrtaceae,Australia,YES,YES,1,7,7,South Africa,"Agulhas National Park, South Africa; Augrabies Falls National Park, South Africa; Garden Route National Park, South Africa; Golden Gate Highlands National Park, South Africa; South Africa; Table Mountain National Park, South Africa; West Coast National Park, South Africa","Agulhas National Park, South Africa; Augrabies Falls National Park, South Africa; Garden Route National Park, South Africa; Golden Gate Highlands National Park, South Africa; South Africa; Table Mountain National Park, South Africa; West Coast National Park, South Africa",Terrestrial; terrestrial
Ulmus parvifolia,ulmus parvifolia,AngMaRolm48606-00; AngMaRolm48606-01,Ulmaceae,Australia,YES,YES,1,7,7,South Africa,"Australia; Canada; Eswatini (Swaziland); Golden Gate Highlands National Park, South Africa; Lord Howe Island, Australia; South Africa; United States (Contiguous) (ver.2.0, 2022)","Australia; Canada; Eswatini (Swaziland); Golden Gate Highlands National Park, South Africa; Lord Howe Island, Australia; South Africa; United States (Contiguous) (ver.2.0, 2022)",Terrestrial; terrestrial
Fraxinus excelsior,fraxinus excelsior,AngMaLalc20301-00; AngMaLalc20301-01; AngMaLalc20301-02; AngMaLalc20301-03; AngMaLalc20301-04; AngMaLalc20301-05; AngMaLalc20301-06; AngMaLalc20301-07; AngMaLalc20301-08; AngMaLalc20301-09; AngMaLalc20301-10; AngMaLalc20301-11; AngMaLalc20301-12; AngMaLalc20301-13; AngMaLalc20301-14; AngMaLalc20301-01,Oleaceae,NA,YES,YES,1,7,7,New Zealand,"Australia; Canada; Chile; Libya; New Zealand; Portugal; United States (Contiguous) (ver.2.0, 2022)","Australia; Canada; Chile; Libya; New Zealand; Portugal; United States (Contiguous) (ver.2.0, 2022)",Terrestrial; terrestrial
Rhamnus alaternus,rhamnus alaternus,AngMaRoRh41176-00; AngMaRoRh41176-01; AngMaRoRh41176-02; AngMaRoRh41176-03; AngMaRoRh41176-04; AngMaRoRh41176-05; AngMaRoRh41176-06; AngMaRoRh41176-07; AngMaRoRh41176-08; AngMaRoRh41176-09; AngMaRoRh41176-01,Rhamnaceae,Algeria;Australia;France;Greece;Portugal;Spain,YES,YES,1,7,7,New Zealand,"Australia; Belgium; Gran Canaria, Islas Canarias, Spain; Great Britain; New Zealand; Spain; Tenerife, Islas Canarias, Spain","Australia; Belgium; Gran Canaria, Islas Canarias, Spain; Great Britain; New Zealand; Spain; Tenerife, Islas Canarias, Spain",Terrestrial; terrestrial
Mammea americana,mammea americana,AngMaMaCl29136-01,Calophyllaceae,NA,YES,YES,1,6,6,Cuba,"Brazil; Cuba; Democratic Republic of Congo; Ecuador; Galápagos Islands, Ecuador; India","Brazil; Cuba; Democratic Republic of Congo; Ecuador; Galápagos Islands, Ecuador; India",Terrestrial; terrestrial
Spondias dulcis,spondias dulcis,AngMaSanc44525-00; AngMaSanc44525-01,Anacardiaceae,Papua New Guinea;Taiwan,YES,YES,1,6,6,American Samoa,American Samoa; Democratic Republic of Congo; Ecuador; India; Madagascar; Peru,American Samoa; Democratic Republic of Congo; Ecuador; India; Madagascar; Peru,Terrestrial; terrestrial
Abies concolor,abies concolor,GymPiPiPn0015-00; GymPiPiPn0015-01; GymPiPiPn0015-02; GymPiPiPn0015-03; GymPiPiPn0015-04; GymPiPiPn0015-05; GymPiPiPn0015-01,Pinaceae,United States,YES,YES,1,6,6,Norway,Denmark; France; Latvia; Norway; Sweden; Turkey,Denmark; France; Latvia; Norway; Sweden; Turkey,Terrestrial
Picea engelmannii,picea engelmannii,GymPiPiPn36831-00; GymPiPiPn36831-01; GymPiPiPn36831-02; GymPiPiPn36831-03; GymPiPiPn36831-01,Pinaceae,NA,YES,YES,1,6,6,Norway,Armenia; Denmark; Great Britain; Iceland; Norway; Sweden,Armenia; Denmark; Great Britain; Iceland; Norway; Sweden,Terrestrial
Salix acutifolia,salix acutifolia,AngMaMaSl42228-00; AngMaMaSl42228-01,Salicaceae,NA,YES,YES,1,6,6,Latvia,Belgium; Great Britain; Latvia; Norway; Poland; Russian Federation,Belgium; Great Britain; Latvia; Norway; Poland; Russian Federation,Terrestrial; terrestrial
Hibiscus diversifolius,hibiscus diversifolius,AngMaMaMl23496-00; AngMaMaMl23496-01; AngMaMaMl23496-02; AngMaMaMl23496-01,Malvaceae,Australia;Brazil;Congo - Kinshasa,YES,YES,1,6,7,Fiji,"Fiji; Huvalu Conservation Area, Niue; Niue; Tonga; Tongatapu Island, Tonga; – Saint Helena, Saint Helena, Ascension and Tristan da Cunha","Fiji; Huvalu Conservation Area, Niue; Mauritius; Niue; Tonga; Tongatapu Island, Tonga; – Saint Helena, Saint Helena, Ascension and Tristan da Cunha",Terrestrial
Acacia verticillata,acacia verticillata,AngMaFaFb0520-00; AngMaFaFb0520-01; AngMaFaFb0520-02; AngMaFaFb0520-03; AngMaFaFb0520-04; AngMaFaFb0520-05; AngMaFaFb0520-06,Fabaceae,Australia;United Kingdom,YES,YES,1,6,6,New Zealand,"India; Madeira, Portugal; New Zealand; Portugal; United States (Contiguous) (ver.2.0, 2022); – Saint Helena, Saint Helena, Ascension and Tristan da Cunha","India; Madeira, Portugal; New Zealand; Portugal; United States (Contiguous) (ver.2.0, 2022); – Saint Helena, Saint Helena, Ascension and Tristan da Cunha",Terrestrial; terrestrial
Psoralea pinnata,psoralea pinnata,AngMaFaFb39518-01,Fabaceae,South Africa,YES,YES,1,6,6,New Zealand,"Australia; Brazil; India; New Zealand; Portugal; – Saint Helena, Saint Helena, Ascension and Tristan da Cunha","Australia; Brazil; India; New Zealand; Portugal; – Saint Helena, Saint Helena, Ascension and Tristan da Cunha",Terrestrial; terrestrial
Catha edulis,catha edulis,AngMaCeCl7802-01,Celastraceae,United Kingdom,YES,YES,1,5,5,"Socotra Archipelago, Yemen","Hawaii, United States (ver.2.0, 2022); India; Socotra Archipelago, Yemen; Soqotra, Yemen; Yemen","Hawaii, United States (ver.2.0, 2022); India; Socotra Archipelago, Yemen; Soqotra, Yemen; Yemen",Terrestrial; terrestrial
Crotalaria agatiflora,crotalaria agatiflora,AngMaFaFb11601-00; AngMaFaFb11601-01; AngMaFaFb11601-02; AngMaFaFb11601-03; AngMaFaFb11601-01,Fabaceae,NA,YES,YES,1,5,5,South Africa,Australia; Ecuador; India; Namibia; South Africa,Australia; Ecuador; India; Namibia; South Africa,Terrestrial; terrestrial
Crataegus sanguinea,crataegus sanguinea,AngMaRoRs11393-01,Rosaceae,Japan;Kazakhstan;Russia,YES,YES,1,5,5,Norway,Austria; Estonia; Norway; Russian Federation; Sweden,Austria; Estonia; Norway; Russian Federation; Sweden,Freshwater; Terrestrial; terrestrial
Populus laurifolia,populus laurifolia,AngMaMaSl38384-00; AngMaMaSl38384-01; AngMaMaSl38384-01,Salicaceae,NA,YES,YES,1,5,5,Latvia,Denmark; Estonia; Latvia; Norway; Sweden,Denmark; Estonia; Latvia; Norway; Sweden,Freshwater; Terrestrial
Ulmus laevis,ulmus laevis,AngMaRolm48599-01,Ulmaceae,NA,YES,YES,1,5,6,Russian Federation,Great Britain; Norway; Russian Federation; Sweden; Switzerland,Great Britain; Italy; Norway; Russian Federation; Sweden; Switzerland,Terrestrial; terrestrial
Banksia integrifolia,banksia integrifolia,AngMaPrPr4382-00; AngMaPrPr4382-01; AngMaPrPr4382-02; AngMaPrPr4382-01,Proteaceae,Australia,YES,YES,1,5,5,New Zealand,"Agulhas National Park, South Africa; Augrabies Falls National Park, South Africa; Hawaii, United States (ver.2.0, 2022); New Zealand; South Africa","Agulhas National Park, South Africa; Augrabies Falls National Park, South Africa; Hawaii, United States (ver.2.0, 2022); New Zealand; South Africa",Terrestrial; terrestrial
Inga vera,inga vera,AngMaFaFb25096-00; AngMaFaFb25096-01; AngMaFaFb25096-02; AngMaFaFb25096-03; AngMaFaFb25096-01,Fabaceae,Bolivia;Brazil;Honduras;Mexico,YES,YES,1,5,5,Angola,"Angola; Cuba; Galápagos Islands, Ecuador; Montserrat; Trinidad and Tobago","Angola; Cuba; Galápagos Islands, Ecuador; Montserrat; Trinidad and Tobago",Terrestrial; terrestrial
Coprosma repens,coprosma repens,AngMaGeRb10636-01,Rubiaceae,Australia,YES,YES,1,5,5,"Lord Howe Island, Australia","Australia; Great Britain; Lord Howe Island, Australia; South Africa; United States (Contiguous) (ver.2.0, 2022)","Australia; Great Britain; Lord Howe Island, Australia; South Africa; United States (Contiguous) (ver.2.0, 2022)",Terrestrial; terrestrial
Mimusops elengi,mimusops elengi,AngMaErSp31399-00; AngMaErSp31399-01,Sapotaceae,Australia;Papua New Guinea,YES,YES,1,5,6,Seychelles,"Hawaii, United States (ver.2.0, 2022); Maldives; Montserrat; Seychelles; United States (Contiguous) (ver.2.0, 2022)","Hawaii, United States (ver.2.0, 2022); Maldives; Montserrat; Seychelles; Singapore; United States (Contiguous) (ver.2.0, 2022)",Terrestrial; terrestrial
Dypsis madagascariensis,dypsis madagascariensis,AngNAParc15648-01,Arecaceae,;introduced,YES,YES,1,5,5,French Polynesia,- Cook Islands; French Polynesia; India; Panama; Seychelles,- Cook Islands; French Polynesia; India; Panama; Seychelles,Terrestrial; terrestrial
Noronhia emarginata,noronhia emarginata,AngMaLalc33598-00; AngMaLalc33598-01; AngMaLalc33598-01,Oleaceae,NA,YES,YES,1,5,6,Bermuda,"- Cook Islands; Bermuda; Hawaii, United States (ver.2.0, 2022); Seychelles; United States (Contiguous) (ver.2.0, 2022)","- Cook Islands; Bermuda; Hawaii, United States (ver.2.0, 2022); Mauritius; Seychelles; United States (Contiguous) (ver.2.0, 2022)",Terrestrial; terrestrial
Aegle marmelos,aegle marmelos,AngMaSaRt1189-01,Rutaceae,Australia;Timor-Leste,YES,YES,1,5,6,"Pohnpei, Federated States of Micronesia","Australia; Laos; Pohnpei, Federated States of Micronesia; Seychelles; Timor-Leste","Australia; Federated States of Micronesia; Laos; Pohnpei, Federated States of Micronesia; Seychelles; Timor-Leste",Terrestrial; terrestrial
Elaeocarpus angustifolius,elaeocarpus angustifolius,AngMaOxlc15843-01,Elaeocarpaceae,Australia;New Caledonia;Papua New Guinea,YES,YES,1,5,5,-Samoa,"-Samoa; Fiji; Hawaii, United States (ver.2.0, 2022); Malaysia; Palau","-Samoa; Fiji; Hawaii, United States (ver.2.0, 2022); Malaysia; Palau",Terrestrial; terrestrial
Prunus serrulata,prunus serrulata,AngMaRoRs39250-00; AngMaRoRs39250-01; AngMaRoRs39250-02; AngMaRoRs39250-01,Rosaceae,NA,YES,YES,1,5,5,New Zealand,"Australia; Belgium; Great Britain; New Zealand; United States (Contiguous) (ver.2.0, 2022)","Australia; Belgium; Great Britain; New Zealand; United States (Contiguous) (ver.2.0, 2022)",Terrestrial; terrestrial
Sorbus intermedia,sorbus intermedia,AngMaRoRs44358-01,Rosaceae,Ireland;United Kingdom,YES,YES,1,5,6,Sweden,"Austria; Great Britain; Ireland; Sweden; United States (Contiguous) (ver.2.0, 2022)","Austria; Great Britain; Ireland; Poland; Sweden; United States (Contiguous) (ver.2.0, 2022)",Terrestrial; terrestrial
Manihot grahamii,manihot grahamii,AngMaMaph29233-00; AngMaMaph29233-01; AngMaMaph29233-01,Euphorbiaceae,Argentina;Australia;Brazil;Paraguay,YES,YES,1,5,5,South Africa,"Australia; Belgium; India; South Africa; United States (Contiguous) (ver.2.0, 2022)","Australia; Belgium; India; South Africa; United States (Contiguous) (ver.2.0, 2022)",Terrestrial; terrestrial
Salix triandra,salix triandra,AngMaMaSl42367-00; AngMaMaSl42367-01; AngMaMaSl42367-02; AngMaMaSl42367-03; AngMaMaSl42367-04; AngMaMaSl42367-05; AngMaMaSl42367-06; AngMaMaSl42367-07; AngMaMaSl42367-08; AngMaMaSl42367-09; AngMaMaSl42367-10; AngMaMaSl42367-11; AngMaMaSl42367-12; AngMaMaSl42367-13; AngMaMaSl42367-14; AngMaMaSl42367-15; AngMaMaSl42367-01,Salicaceae,NA,YES,YES,1,5,5,Australia,Australia; Canada; France; Great Britain; Ireland,Australia; Canada; France; Great Britain; Ireland,Terrestrial; terrestrial
Cecropia obtusifolia,cecropia obtusifolia,AngMaRort7887-00; AngMaRort7887-01; AngMaRort7887-01,Urticaceae,Colombia;Ecuador,YES,YES,1,5,5,- Cook Islands,"- Cook Islands; El Salvador; Guatemala; Hawaii, United States (ver.2.0, 2022); Honduras","- Cook Islands; El Salvador; Guatemala; Hawaii, United States (ver.2.0, 2022); Honduras",Terrestrial; terrestrial
Hyphaene thebaica,hyphaene thebaica,AngNAParc24398-01,Arecaceae,,YES,YES,1,4,4,"Socotra Archipelago, Yemen","India; Socotra Archipelago, Yemen; Soqotra, Yemen; Yemen","India; Socotra Archipelago, Yemen; Soqotra, Yemen; Yemen",Terrestrial; terrestrial
Magnolia champaca,magnolia champaca,AngMaMaMg28700-00; AngMaMaMg28700-01; AngMaMaMg28700-02; AngMaMaMg28700-01,Magnoliaceae,NA,YES,YES,1,4,4,Brazil,Brazil; Madagascar; Seychelles; Yemen,Brazil; Madagascar; Seychelles; Yemen,Terrestrial; terrestrial
Funtumia elastica,funtumia elastica,AngMaGepc20420-01,Apocynaceae,NA,YES,YES,1,4,4,-Samoa,-Samoa; Saint Kitts and Nevis; Seychelles; – Martinique,-Samoa; Saint Kitts and Nevis; Seychelles; – Martinique,Terrestrial; terrestrial
Abies lasiocarpa,abies lasiocarpa,AngPiPiPn0033-00; AngPiPiPn0033-01; AngPiPiPn0033-02; AngPiPiPn0033-01,Pinaceae,United States,YES,YES,1,4,4,Norway,Denmark; Iceland; Norway; Sweden,Denmark; Iceland; Norway; Sweden,Terrestrial
Malus domestica,malus domestica,AngMaRoRs29106-00; AngMaRoRs29106-01; AngMaRoRs29106-02; AngMaRoRs29106-03; AngMaRoRs29106-04; AngMaRoRs29106-05; AngMaRoRs29106-06; AngMaRoRs29106-07; AngMaRoRs29106-01,Rosaceae,Afghanistan;Australia;Azerbaijan;China;Estonia;France;Italy;Kazakhstan;Kyrgyzstan;Montenegro;Pakistan;Russia;Spain;Tajikistan;United Kingdom;United States;Uzbekistan,YES,YES,1,4,6,Norway,Austria; Belgium; Cyprus; Norway,Austria; Belgium; Cyprus; Greece; Norway; Ukraine,Terrestrial; terrestrial
Ptychosperma elegans,ptychosperma elegans,AngNAParc40151-01,Arecaceae,;introduced,YES,YES,1,4,4,Cuba,"Cuba; Galápagos Islands, Ecuador; India; United States (Contiguous) (ver.2.0, 2022)","Cuba; Galápagos Islands, Ecuador; India; United States (Contiguous) (ver.2.0, 2022)",Terrestrial; terrestrial
Millingtonia hortensis,millingtonia hortensis,AngMaLaBg31298-01,Bignoniaceae,NA,YES,YES,1,4,4,- Indonesia,- Indonesia; India; Maldives; Seychelles,- Indonesia; India; Maldives; Seychelles,Terrestrial; terrestrial
Prunus campanulata,prunus campanulata,AngMaRoRs39122-00; AngMaRoRs39122-01,Rosaceae,China;Japan;Taiwan;United Kingdom;United States;Vietnam,YES,YES,1,4,4,New Zealand,"- Japan; Hawaii, United States (ver.2.0, 2022); India; New Zealand","- Japan; Hawaii, United States (ver.2.0, 2022); India; New Zealand",Terrestrial; terrestrial
Kleinhovia hospita,kleinhovia hospita,AngMaMaMl25824-01,Malvaceae,Australia;Papua New Guinea;Timor-Leste,YES,YES,1,4,5,Comoros,"India; Mayotte, France; North Macedonia; Seychelles","Comoros; India; Mayotte, France; North Macedonia; Seychelles",Terrestrial; terrestrial
Justicia aurea,justicia aurea,AngMaLacn25644-00; AngMaLacn25644-01,Acanthaceae,NA,YES,YES,1,4,4,Fiji,El Salvador; Fiji; Guatemala; Honduras,El Salvador; Fiji; Guatemala; Honduras,Terrestrial
Juglans ailantifolia,juglans ailantifolia,AngMaFaJg25566-00; AngMaFaJg25566-01; AngMaFaJg25566-01,Juglandaceae,Afghanistan;Canada;Chile;Japan;United States,YES,YES,1,4,4,New Zealand,"Belgium; Georgia; New Zealand; United States (Contiguous) (ver.2.0, 2022)","Belgium; Georgia; New Zealand; United States (Contiguous) (ver.2.0, 2022)",Terrestrial; terrestrial
Rhamnus cathartica,rhamnus cathartica,AngMaRoRh41178-00; AngMaRoRh41178-01; AngMaRoRh41178-02; AngMaRoRh41178-03; AngMaRoRh41178-01,Rhamnaceae,NA,YES,YES,1,4,4,Canada,"Argentina; Canada; India; United States (Contiguous) (ver.2.0, 2022)","Argentina; Canada; India; United States (Contiguous) (ver.2.0, 2022)",Terrestrial
Cornus capitata,cornus capitata,AngMaCoCr10858-00; AngMaCoCr10858-01; AngMaCoCr10858-02; AngMaCoCr10858-03; AngMaCoCr10858-01,Cornaceae,Australia,YES,YES,1,4,4,New Zealand,Australia; Ireland; New Zealand; Portugal,Australia; Ireland; New Zealand; Portugal,Terrestrial; terrestrial
Erica arborea,erica arborea,AngMaErrc16668-00; AngMaErrc16668-01; AngMaErrc16668-02; AngMaErrc16668-01,Ericaceae,NA,YES,YES,1,4,4,New Zealand,Australia; Great Britain; India; New Zealand,Australia; Great Britain; India; New Zealand,Terrestrial; terrestrial
Pinus uncinata,pinus uncinata,AngPiPiPn37106-00; AngPiPiPn37106-01; AngPiPiPn37106-02,Pinaceae,NA,YES,YES,1,4,4,New Zealand,Iceland; New Zealand; Portugal; Sweden,Iceland; New Zealand; Portugal; Sweden,Terrestrial; terrestrial
Koelreuteria elegans,koelreuteria elegans,AngMaSaSp25929-00; AngMaSaSp25929-01; AngMaSaSp25929-02; AngMaSaSp25929-03,Sapindaceae,Australia,YES,YES,1,4,4,Vanuatu,"Australia; Hawaii, United States (ver.2.0, 2022); United States (Contiguous) (ver.2.0, 2022); Vanuatu","Australia; Hawaii, United States (ver.2.0, 2022); United States (Contiguous) (ver.2.0, 2022); Vanuatu",Terrestrial
Prunus padus,prunus padus,AngMaRoRs39216-00; AngMaRoRs39216-01; AngMaRoRs39216-02; AngMaRoRs39216-03; AngMaRoRs39216-04; AngMaRoRs39216-05; AngMaRoRs39216-06; AngMaRoRs39216-07; AngMaRoRs39216-08; AngMaRoRs39216-09; AngMaRoRs39216-10; AngMaRoRs39216-11; AngMaRoRs39216-12; AngMaRoRs39216-01,Rosaceae,Afghanistan;Argentina;Austria;Belgium;Brazil;Canada;China;Czechia;Estonia;Finland;France;Germany;Italy;Kazakhstan;Namibia;Netherlands;Palestinian Territories;Poland;Russia;South Korea;Spain;Sweden;Switzerland;United Kingdom;United States,YES,YES,1,4,4,Canada,"Alaska, United States (ver.2.0, 2022); Australia; Canada; United States (Contiguous) (ver.2.0, 2022)","Alaska, United States (ver.2.0, 2022); Australia; Canada; United States (Contiguous) (ver.2.0, 2022)",Terrestrial
Ulmus glabra,ulmus glabra,AngMaRolm48594-00; AngMaRolm48594-01; AngMaRolm48594-02; AngMaRolm48594-03; AngMaRolm48594-04; AngMaRolm48594-05; AngMaRolm48594-06; AngMaRolm48594-07; AngMaRolm48594-08; AngMaRolm48594-09; AngMaRolm48594-10; AngMaRolm48594-01,Ulmaceae,NA,YES,YES,1,4,4,Russian Federation,"Canada; Portugal; Russian Federation; United States (Contiguous) (ver.2.0, 2022)","Canada; Portugal; Russian Federation; United States (Contiguous) (ver.2.0, 2022)",Terrestrial; terrestrial
Eucalyptus microtheca,eucalyptus microtheca,AngMaMyMy17611-01,Myrtaceae,Australia,YES,YES,1,3,3,South Africa,India; South Africa; Yemen,India; South Africa; Yemen,Terrestrial; terrestrial
Pieris japonica,pieris japonica,AngMaErrc36922-00; AngMaErrc36922-01; AngMaErrc36922-02; AngMaErrc36922-01,Ericaceae,NA,YES,YES,1,3,3,Norway,"Belgium; Norway; United States (Contiguous) (ver.2.0, 2022)","Belgium; Norway; United States (Contiguous) (ver.2.0, 2022)",Terrestrial; terrestrial
Taxus cuspidata,taxus cuspidata,AngPiPiTx47203-00; AngPiPiTx47203-01; AngPiPiTx47203-02; AngPiPiTx47203-03; AngPiPiTx47203-01,Taxaceae,NA,YES,YES,1,3,3,Norway,"Denmark; Norway; United States (Contiguous) (ver.2.0, 2022)","Denmark; Norway; United States (Contiguous) (ver.2.0, 2022)",Terrestrial
Pinus muricata,pinus muricata,GymPiPiPn37067-00; GymPiPiPn37067-01; GymPiPiPn37067-02; GymPiPiPn37067-03; GymPiPiPn37067-04; GymPiPiPn37067-01,Pinaceae,NA,YES,YES,1,3,3,New Zealand,New Zealand; Portugal; – Falkland Islands (Islas Malvinas),New Zealand; Portugal; – Falkland Islands (Islas Malvinas),Terrestrial; terrestrial
Acacia stricta,acacia stricta,AngMaFaFb0486-01,Fabaceae,Australia;United Kingdom,YES,YES,1,3,3,South Africa,"Garden Route National Park, South Africa; Golden Gate Highlands National Park, South Africa; South Africa","Garden Route National Park, South Africa; Golden Gate Highlands National Park, South Africa; South Africa",Terrestrial; terrestrial
Brachychiton acerifolius,brachychiton acerifolius,AngMaMaMl5451-01,Malvaceae,Australia,YES,YES,1,3,3,"Lord Howe Island, Australia","India; Lord Howe Island, Australia; Montserrat","India; Lord Howe Island, Australia; Montserrat",Terrestrial
Hymenosporum flavum,hymenosporum flavum,AngMaApPt24335-01,Pittosporaceae,Australia;Papua New Guinea,YES,YES,1,3,3,"Lord Howe Island, Australia","India; Lord Howe Island, Australia; South Africa","India; Lord Howe Island, Australia; South Africa",Terrestrial; terrestrial
Ceiba speciosa,ceiba speciosa,AngMaMaMl7951-01,Malvaceae,Argentina;Bolivia;Brazil;Taiwan;United States,YES,YES,1,3,3,Turkey,"Mara Ecosystem (Kenya, Tanzania); Mexico; Turkey","Mara Ecosystem (Kenya, Tanzania); Mexico; Turkey",Terrestrial
Vernicia cordata,vernicia cordata,AngMaMaph49338-01,Euphorbiaceae,NA,YES,YES,1,3,4,- Japan,- Japan; Angola; India,- Japan; - Sao Tome and Principe; Angola; India,Terrestrial
Clibadium surinamense,clibadium surinamense,AngMaAsst9456-00; AngMaAsst9456-01,Asteraceae,Brazil,YES,YES,1,3,3,- Indonesia,- Indonesia; Brazil; Madagascar,- Indonesia; Brazil; Madagascar,Terrestrial; terrestrial
Morella faya,morella faya,AngMaFaMy31810-01,Myricaceae,NA,YES,YES,1,3,3,- Indonesia,"- Indonesia; Australia; Hawaii, United States (ver.2.0, 2022)","- Indonesia; Australia; Hawaii, United States (ver.2.0, 2022)",Terrestrial
Pittosporum viridiflorum,pittosporum viridiflorum,AngMaApPt37474-00; AngMaApPt37474-01; AngMaApPt37474-02; AngMaApPt37474-03; AngMaApPt37474-04; AngMaApPt37474-05; AngMaApPt37474-06; AngMaApPt37474-01,Pittosporaceae,NA,YES,YES,1,3,4,Jamaica,"Hawaii, United States (ver.2.0, 2022); India; – Saint Helena, Saint Helena, Ascension and Tristan da Cunha","Hawaii, United States (ver.2.0, 2022); India; Jamaica; – Saint Helena, Saint Helena, Ascension and Tristan da Cunha",Terrestrial
Cola nitida,cola nitida,AngMaMaMl10112-01,Malvaceae,NA,YES,YES,1,3,3,Seychelles,Burkina Faso; India; Seychelles,Burkina Faso; India; Seychelles,Terrestrial; terrestrial
Vasconcellea pubescens,vasconcellea pubescens,AngMaBrCr49120-01,Caricaceae,Afghanistan;Chile;Colombia;Cuba;Ecuador;France;Germany;India;Panama;Peru;Sri Lanka;United States;Venezuela,YES,YES,1,3,3,Rwanda,Democratic Republic of Congo; India; Rwanda,Democratic Republic of Congo; India; Rwanda,Terrestrial
Mimosa bimucronata,mimosa bimucronata,AngMaFaFb31312-00; AngMaFaFb31312-01; AngMaFaFb31312-02; AngMaFaFb31312-01,Fabaceae,Argentina;Brazil,YES,YES,1,3,4,China,Brazil; China; Malaysia,Brazil; China; Malaysia; Singapore,Terrestrial; terrestrial
Buxus microphylla,buxus microphylla,AngMaBuBx6170-00; AngMaBuBx6170-01; AngMaBuBx6170-01,Buxaceae,China;Taiwan,YES,YES,1,3,3,Mexico,"Armenia; Mexico; United States (Contiguous) (ver.2.0, 2022)","Armenia; Mexico; United States (Contiguous) (ver.2.0, 2022)",Terrestrial
Rhaphiolepis bibas,rhaphiolepis bibas,AngMaRoRs41210-01,Rosaceae,Australia;China;Croatia;Spain;Taiwan,YES,YES,1,3,3,New Zealand,Belgium; Iran; New Zealand,Belgium; Iran; New Zealand,terrestrial
Diospyros virginiana,diospyros virginiana,AngMaErbn14649-00; AngMaErbn14649-01; AngMaErbn14649-02; AngMaErbn14649-03; AngMaErbn14649-04; AngMaErbn14649-01,Ebenaceae,NA,YES,YES,1,3,3,Brazil,Brazil; France; Israel,Brazil; France; Israel,Terrestrial; terrestrial
Ochrosia elliptica,ochrosia elliptica,AngMaGepc33836-01,Apocynaceae,Australia;Kiribati;Marshall Islands;New Caledonia;Vanuatu,YES,YES,1,3,3,China,"China; India; United States (Contiguous) (ver.2.0, 2022)","China; India; United States (Contiguous) (ver.2.0, 2022)",Terrestrial
Erica caffra,erica caffra,AngMaErrc16670-00; AngMaErrc16670-01,Ericaceae,NA,YES,YES,1,3,3,New Zealand,Australia; India; New Zealand,Australia; India; New Zealand,Terrestrial; terrestrial
Luma apiculata,luma apiculata,AngMaMyMy27762-01,Myrtaceae,Chile,YES,YES,1,3,3,New Zealand,Great Britain; Ireland; New Zealand,Great Britain; Ireland; New Zealand,Terrestrial; terrestrial
Polyalthia suberosa,polyalthia suberosa,AngMaMann38070-00; AngMaMann38070-01,Annonaceae,NA,YES,YES,1,3,3,Cuba,"Cuba; Hawaii, United States (ver.2.0, 2022); United States (Contiguous) (ver.2.0, 2022)","Cuba; Hawaii, United States (ver.2.0, 2022); United States (Contiguous) (ver.2.0, 2022)",terrestrial
Prunus cerasoides,prunus cerasoides,AngMaRoRs39126-00; AngMaRoRs39126-01,Rosaceae,Afghanistan;Bhutan;China;India;Japan;Nepal;Taiwan;Thailand;United Kingdom;Vietnam;Zimbabwe,YES,YES,1,2,2,Zimbabwe,"United States (Contiguous) (ver.2.0, 2022); Zimbabwe","United States (Contiguous) (ver.2.0, 2022); Zimbabwe",Terrestrial
Cerbera manghas,cerbera manghas,AngMaGepc8079-00; AngMaGepc8079-01; AngMaGepc8079-01,Apocynaceae,Australia;French Polynesia;Indonesia;Marshall Islands;New Caledonia;Papua New Guinea;Philippines;Seychelles;Taiwan;Timor-Leste;Vanuatu,YES,YES,1,2,2,Marshall Islands,Marshall Islands; – British Indian Ocean Territory,Marshall Islands; – British Indian Ocean Territory,Terrestrial
Alnus alnobetula,alnus alnobetula,AngMaFaBt2033-00; AngMaFaBt2033-01; AngMaFaBt2033-02; AngMaFaBt2033-03; AngMaFaBt2033-04; AngMaFaBt2033-05; AngMaFaBt2033-06; AngMaFaBt2033-07; AngMaFaBt2033-08; AngMaFaBt2033-09; AngMaFaBt2033-10; AngMaFaBt2033-11; AngMaFaBt2033-12; AngMaFaBt2033-01,Betulaceae,Canada;United States,YES,YES,1,2,2,Norway,"Namaqua National Park, South Africa; Norway","Namaqua National Park, South Africa; Norway",Terrestrial
Malus toringo,malus toringo,AngMaRoRs29127-00; AngMaRoRs29127-01; AngMaRoRs29127-02; AngMaRoRs29127-03; AngMaRoRs29127-04; AngMaRoRs29127-01,Rosaceae,Afghanistan;Australia;Canada;China;Japan;Kyrgyzstan;Netherlands;New Zealand;North Korea;South Korea;United Kingdom;United States,YES,YES,1,2,2,Norway,Belgium; Norway,Belgium; Norway,Terrestrial; terrestrial
Rhododendron catawbiense,rhododendron catawbiense,AngMaErrc41331-00; AngMaErrc41331-01,Ericaceae,NA,YES,YES,1,2,2,Norway,Norway; Sweden,Norway; Sweden,Terrestrial
Rhaphiolepis umbellata,rhaphiolepis umbellata,AngMaRoRs41229-00; AngMaRoRs41229-01; AngMaRoRs41229-01,Rosaceae,Japan;Taiwan,YES,YES,1,2,2,New Zealand,"Majuro Atoll, Marshall Islands; New Zealand","Majuro Atoll, Marshall Islands; New Zealand",Terrestrial; terrestrial
Borassus aethiopum,borassus aethiopum,AngNAParc5329-01,Arecaceae,;introduced,YES,YES,1,2,2,"Socotra Archipelago, Yemen","Socotra Archipelago, Yemen; Soqotra, Yemen","Socotra Archipelago, Yemen; Soqotra, Yemen",terrestrial
Fraxinus floribunda,fraxinus floribunda,AngMaLalc20303-01,Oleaceae,NA,YES,YES,1,2,2,– Reunion,Afghanistan; – Reunion,Afghanistan; – Reunion,Terrestrial
Arenga obtusifolia,arenga obtusifolia,AngNAParc3555-01,Arecaceae,,YES,YES,1,2,2,- Indonesia,- Indonesia; India,- Indonesia; India,Terrestrial
Pinus merkusii,pinus merkusii,GymPiPiPn37061-01,Pinaceae,NA,YES,YES,1,2,2,- Indonesia,- Indonesia; India,- Indonesia; India,Terrestrial
Toona sinensis,toona sinensis,AngMaSaMl47950-00; AngMaSaMl47950-01; AngMaSaMl47950-01,Meliaceae,India;Indonesia,YES,YES,1,2,2,Rwanda,Rwanda; – Korea (Democratic People's Republic of),Rwanda; – Korea (Democratic People's Republic of),Terrestrial
Triplaris weigeltiana,triplaris weigeltiana,AngMaCaPl48385-00; AngMaCaPl48385-01; AngMaCaPl48385-02; AngMaCaPl48385-01,Polygonaceae,Brazil,YES,YES,1,2,2,French Polynesia,"French Polynesia; Hawaii, United States (ver.2.0, 2022)","French Polynesia; Hawaii, United States (ver.2.0, 2022)",Terrestrial
Aeschynomene elaphroxylon,aeschynomene elaphroxylon,AngMaFaFb1200-01,Fabaceae,NA,YES,YES,1,2,2,Senegal,Madagascar; Senegal,Madagascar; Senegal,Terrestrial
Cecropia pachystachya,cecropia pachystachya,AngMaRort7888-00; AngMaRort7888-01; AngMaRort7888-02; AngMaRort7888-03; AngMaRort7888-01,Urticaceae,Argentina;Brazil;Colombia;Panama;Venezuela,YES,YES,1,2,3,Singapore,"Democratic Republic of Congo; United States (Contiguous) (ver.2.0, 2022)","Democratic Republic of Congo; Singapore; United States (Contiguous) (ver.2.0, 2022)",Terrestrial
Pinus monticola,pinus monticola,AngPiPiPn37064-00; AngPiPiPn37064-01,Pinaceae,NA,YES,YES,1,2,2,New Zealand,Argentina; New Zealand,Argentina; New Zealand,Terrestrial; terrestrial
Chrysojasminum humile,chrysojasminum humile,AngMaLalc8649-00; AngMaLalc8649-01; AngMaLalc8649-02; AngMaLalc8649-03; AngMaLalc8649-04; AngMaLalc8649-05; AngMaLalc8649-06; AngMaLalc8649-01,Oleaceae,NA,YES,YES,1,2,2,New Zealand,Italy; New Zealand,Italy; New Zealand,Terrestrial; terrestrial
Lagunaria patersonia,lagunaria patersonia,AngMaMaMl26173-01,Malvaceae,Australia,YES,YES,1,2,2,New Zealand,"New Zealand; United States (Contiguous) (ver.2.0, 2022)","New Zealand; United States (Contiguous) (ver.2.0, 2022)",terrestrial
Maytenus boaria,maytenus boaria,AngMaCeCl29581-01,Celastraceae,Argentina;Bolivia;Brazil;Chile,YES,YES,1,2,2,New Zealand,"New Zealand; United States (Contiguous) (ver.2.0, 2022)","New Zealand; United States (Contiguous) (ver.2.0, 2022)",terrestrial
Salix nigra,salix nigra,AngMaMaSl42317-00; AngMaMaSl42317-01; AngMaMaSl42317-02; AngMaMaSl42317-03; AngMaMaSl42317-01,Salicaceae,NA,YES,YES,1,2,2,Australia,Australia; Belgium,Australia; Belgium,Terrestrial; terrestrial
Frangula alnus,frangula alnus,AngMaRoRh20248-00; AngMaRoRh20248-01; AngMaRoRh20248-02; AngMaRoRh20248-03; AngMaRoRh20248-04; AngMaRoRh20248-05; AngMaRoRh20248-06; AngMaRoRh20248-07; AngMaRoRh20248-01,Rhamnaceae,NA,YES,YES,1,2,2,Canada,"Canada; United States (Contiguous) (ver.2.0, 2022)","Canada; United States (Contiguous) (ver.2.0, 2022)",Terrestrial; Wetlands (inland); Artificial - Terrestrial; Introduced Vegetation
Alstonia scholaris,alstonia scholaris,AngMaGepc2204-01,Apocynaceae,Australia;India;Solomon Islands;Taiwan;Timor-Leste,YES,YES,1,2,3,"Pohnpei, Federated States of Micronesia","Pohnpei, Federated States of Micronesia; United States (Contiguous) (ver.2.0, 2022)","Federated States of Micronesia; Pohnpei, Federated States of Micronesia; United States (Contiguous) (ver.2.0, 2022)",Terrestrial
Timonius timon,timonius timon,AngMaGeRb47878-00; AngMaGeRb47878-01; AngMaGeRb47878-02; AngMaGeRb47878-03; AngMaGeRb47878-04; AngMaGeRb47878-01,Rubiaceae,Australia;Papua New Guinea;Timor-Leste,YES,YES,1,2,2,Palau,Palau; Solomon Islands,Palau; Solomon Islands,terrestrial
Glycosmis parviflora,glycosmis parviflora,AngMaSaRt21393-01,Rutaceae,Australia,YES,YES,1,2,2,Cuba,"Cuba; United States (Contiguous) (ver.2.0, 2022)","Cuba; United States (Contiguous) (ver.2.0, 2022)",terrestrial
Acacia aulacocarpa,acacia aulacocarpa,AngMaFaFb0135-00; AngMaFaFb0135-01,Fabaceae,Australia,YES,YES,1,2,2,- Cook Islands,- Cook Islands; -Samoa,- Cook Islands; -Samoa,terrestrial
Dovyalis hebecarpa,dovyalis hebecarpa,AngMaMaSl15153-01,Salicaceae,NA,YES,YES,1,2,2,- Cook Islands,"- Cook Islands; Hawaii, United States (ver.2.0, 2022)","- Cook Islands; Hawaii, United States (ver.2.0, 2022)",terrestrial
Syzygium hemilamprum,syzygium hemilamprum,AngMaMyMy46090-00; AngMaMyMy46090-01; AngMaMyMy46090-02; AngMaMyMy46090-03; AngMaMyMy46090-04,Myrtaceae,Australia;Papua New Guinea,YES,YES,1,1,1,"Lord Howe Island, Australia","Lord Howe Island, Australia","Lord Howe Island, Australia",Terrestrial
Syzygium oleosum,syzygium oleosum,AngMaMyMy46295-01,Myrtaceae,Australia,YES,YES,1,1,1,"Lord Howe Island, Australia","Lord Howe Island, Australia","Lord Howe Island, Australia",Terrestrial
Breynia retusa,breynia retusa,AngMaMaPh5653-01,Phyllanthaceae,NA,YES,YES,1,1,2,– Reunion,– Reunion,Mauritius; – Reunion,Terrestrial
Bridelia micrantha,bridelia micrantha,AngMaMaPh5679-00; AngMaMaPh5679-01,Phyllanthaceae,South Africa,YES,YES,1,1,1,– Reunion,– Reunion,– Reunion,Terrestrial
Podachaenium eminens,podachaenium eminens,AngMaAsst37903-01,Asteraceae,NA,YES,YES,1,1,1,- Indonesia,- Indonesia,- Indonesia,Terrestrial
Solanum giganteum,solanum giganteum,AngMaSoSl44135-01,Solanaceae,NA,YES,YES,1,1,1,- Indonesia,- Indonesia,- Indonesia,Terrestrial
Pinus luchuensis,pinus luchuensis,AngPiPiPn37055-00; AngPiPiPn37055-01,Pinaceae,NA,YES,YES,1,1,1,- Japan,- Japan,- Japan,Terrestrial
Rhizophora stylosa,rhizophora stylosa,AngMaMaRh41260-00; AngMaMaRh41260-01,Rhizophoraceae,Australia,YES,YES,1,1,1,French Polynesia,French Polynesia,French Polynesia,Brackish; Terrestrial
Solanum rugosum,solanum rugosum,AngMaSoSl44213-01,Solanaceae,Brazil;Costa Rica;Ecuador;Panama,YES,YES,1,1,1,Côte d'Ivoire,Côte d'Ivoire,Côte d'Ivoire,Terrestrial
Calophyllum calaba,calophyllum calaba,AngMaMaCl6534-00; AngMaMaCl6534-01; AngMaMaCl6534-02; AngMaMaCl6534-03; AngMaMaCl6534-04; AngMaMaCl6534-01,Calophyllaceae,Australia,YES,YES,1,1,1,Bermuda,Bermuda,Bermuda,Terrestrial
Tamarix indica,tamarix indica,AngMaCaTm46961-00; AngMaCaTm46961-01,Tamaricaceae,NA,YES,YES,1,1,2,Bangladesh,Australia,Australia; Bangladesh,Terrestrial
Antidesma ghaesembilla,antidesma ghaesembilla,AngMaMaPh2813-01,Phyllanthaceae,Australia;Indonesia,YES,YES,1,1,1,Guyana,Guyana,Guyana,Terrestrial
Senna petersiana,senna petersiana,AngMaFaFb43437-01,Fabaceae,NA,YES,YES,1,1,2,Zambia,Madagascar,Madagascar; Zambia,Terrestrial
Areca triandra,areca triandra,AngNAParc3546-01,Arecaceae,;introduced,YES,YES,1,1,1,Panama,Panama,Panama,Terrestrial
Limonia acidissima,limonia acidissima,AngMaSaRt26845-01,Rutaceae,NA,YES,YES,1,1,1,Fiji,Fiji,Fiji,Terrestrial
Manihot carthagenensis,manihot carthagenensis,AngMaMaph29223-00; AngMaMaph29223-01; AngMaMaph29223-01,Euphorbiaceae,Bolivia;Brazil,YES,YES,1,1,2,"New Caledonia, France","New Caledonia, France","New Caledonia, France; Singapore",Terrestrial; terrestrial
Acacia sclerosperma,acacia sclerosperma,AngMaFaFb0458-00; AngMaFaFb0458-01; AngMaFaFb0458-01,Fabaceae,Australia,YES,YES,1,1,1,Israel,Israel,Israel,Terrestrial
Acacia victoriae,acacia victoriae,AngMaFaFb0522-00; AngMaFaFb0522-01; AngMaFaFb0522-02; AngMaFaFb0522-01,Fabaceae,Australia,YES,YES,1,1,1,Israel,Israel,Israel,Terrestrial
Cameraria latifolia,cameraria latifolia,AngMaGepc6834-01,Apocynaceae,NA,YES,YES,1,1,1,China,China,China,Terrestrial
Voacanga africana,voacanga africana,AngMaGepc49747-00; AngMaGepc49747-01,Apocynaceae,NA,YES,YES,1,1,1,China,China,China,Terrestrial
Pinus glabra,pinus glabra,AngPiPiPn37037-00; AngPiPiPn37037-01,Pinaceae,NA,YES,YES,1,1,1,Brazil,Brazil,Brazil,terrestrial
Callistachys lanceolata,callistachys lanceolata,AngMaFaFb6471-01,Fabaceae,Australia;United Kingdom,YES,YES,1,1,1,New Zealand,New Zealand,New Zealand,terrestrial
Embothrium coccineum,embothrium coccineum,AngMaPrPr16281-00; AngMaPrPr16281-01; AngMaPrPr16281-01,Proteaceae,Argentina;Chile,YES,YES,1,1,1,New Zealand,New Zealand,New Zealand,terrestrial
Eucalyptus delegatensis,eucalyptus delegatensis,AngMaMyMy17398-00; AngMaMyMy17398-01; AngMaMyMy17398-02; AngMaMyMy17398-03,Myrtaceae,Australia,YES,YES,1,1,1,New Zealand,New Zealand,New Zealand,terrestrial
Lomatia fraseri,lomatia fraseri,AngMaPrPr27516-01,Proteaceae,Australia,YES,YES,1,1,1,New Zealand,New Zealand,New Zealand,terrestrial
Syzygium australe,syzygium australe,AngMaMyMy45806-01,Myrtaceae,Australia,YES,YES,1,1,1,New Zealand,New Zealand,New Zealand,terrestrial
Syzygium smithii,syzygium smithii,AngMaMyMy46484-00; AngMaMyMy46484-01,Myrtaceae,Australia,YES,YES,1,1,1,New Zealand,New Zealand,New Zealand,terrestrial
Erythrina flabelliformis,erythrina flabelliformis,AngMaFaFb16790-01,Fabaceae,NA,YES,YES,1,1,1,Turkey,Turkey,Turkey,Terrestrial
Prosopis farcta,prosopis farcta,AngMaFaFb38919-01,Fabaceae,NA,YES,YES,1,1,1,Turkey,Turkey,Turkey,Terrestrial
Salix discolor,salix discolor,AngMaMaSl42266-00; AngMaMaSl42266-01; AngMaMaSl42266-02; AngMaMaSl42266-03; AngMaMaSl42266-01,Salicaceae,NA,YES,YES,1,1,1,Australia,Australia,Australia,Terrestrial
Salix myricoides,salix myricoides,AngMaMaSl42315-00; AngMaMaSl42315-01; AngMaMaSl42315-02; AngMaMaSl42315-03; AngMaMaSl42315-04; AngMaMaSl42315-05; AngMaMaSl42315-01,Salicaceae,NA,YES,YES,1,1,1,Australia,Australia,Australia,Terrestrial
Lysiloma latisiliquum,lysiloma latisiliquum,AngMaFaFb27856-01,Fabaceae,NA,YES,YES,1,1,1,India,India,India,Terrestrial
Melaleuca parvistaminea,melaleuca parvistaminea,AngMaMyMy29688-01,Myrtaceae,Australia,YES,YES,1,1,1,South Africa,South Africa,South Africa,terrestrial
Laguncularia racemosa,laguncularia racemosa,AngMaMyCm26175-00; AngMaMyCm26175-01; AngMaMyCm26175-01,Combretaceae,Brazil;Colombia;Mexico;Nicaragua;Panama;Venezuela,YES,YES,1,1,1,United Arab Emirates,United Arab Emirates,United Arab Emirates,brackish; terrestrial
Millettia dura,millettia dura,AngMaFaFb31225-01,Fabaceae,NA,YES,YES,1,1,1,Tanzania,Tanzania,Tanzania,Terrestrial
Bontia daphnoides,bontia daphnoides,AngMaLaSc5319-01,Scrophulariaceae,NA,YES,YES,1,1,1,Cuba,Cuba,Cuba,terrestrial
Citharexylum ellipticum,citharexylum ellipticum,AngMaLaVr8955-01,Verbenaceae,NA,YES,YES,1,1,1,Cuba,Cuba,Cuba,terrestrial
Erythrina berteroana,erythrina berteroana,AngMaFaFb16765-01,Fabaceae,NA,YES,YES,1,1,1,Cuba,Cuba,Cuba,terrestrial
Garcia nutans,garcia nutans,AngMaMaph20534-01,Euphorbiaceae,NA,YES,YES,1,1,1,Cuba,Cuba,Cuba,terrestrial
Inga punctata,inga punctata,AngMaFaFb25038-00; AngMaFaFb25038-01; AngMaFaFb25038-02; AngMaFaFb25038-01,Fabaceae,Bolivia;Brazil;Colombia;Costa Rica;Mexico;Panama;Peru;Venezuela,YES,YES,1,1,1,Cuba,Cuba,Cuba,terrestrial
Ixora thwaitesii,ixora thwaitesii,AngMaGeRb25411-01,Rubiaceae,NA,YES,YES,1,1,1,Cuba,Cuba,Cuba,terrestrial
Rauvolfia caffra,rauvolfia caffra,AngMaGepc40998-01,Apocynaceae,NA,YES,YES,1,1,1,Cuba,Cuba,Cuba,terrestrial
Triumfetta bogotensis,triumfetta bogotensis,AngMaMaMl48449-01,Malvaceae,Brazil,YES,YES,1,1,1,Cuba,Cuba,Cuba,terrestrial
Vitex doniana,vitex doniana,AngMaLaLm49633-01,Lamiaceae,NA,YES,YES,1,1,1,Seychelles,Seychelles,Seychelles,terrestrial
Metrosideros collina,metrosideros collina,AngMaMyMy30320-00; AngMaMyMy30320-01; AngMaMyMy30320-02; AngMaMyMy30320-03; AngMaMyMy30320-04; AngMaMyMy30320-05; AngMaMyMy30320-06; AngMaMyMy30320-07; AngMaMyMy30320-01,Myrtaceae,French Polynesia,YES,YES,1,1,1,- Cook Islands,- Cook Islands,- Cook Islands,terrestrial
Balanites aegyptiaca,balanites aegyptiaca,AngMaZyZy4300-00; AngMaZyZy4300-01; AngMaZyZy4300-02; AngMaZyZy4300-03; AngMaZyZy4300-04; AngMaZyZy4300-01,Zygophyllaceae,NA,YES,YES,1,1,1,"Curacao, Netherlands","Curacao, Netherlands","Curacao, Netherlands",terrestrial
Shirakiopsis indica,shirakiopsis indica,AngMaMaph43553-01,Euphorbiaceae,NA,YES,NO,1,0,1,Bangladesh,,Bangladesh,Terrestrial
Jacaranda obtusifolia,jacaranda obtusifolia,AngMaLaBg25457-00; AngMaLaBg25457-01; AngMaLaBg25457-01,Bignoniaceae,Bolivia;Brazil;Venezuela,YES,NO,1,0,1,Singapore,,Singapore,Terrestrial
Leucaena diversifolia,leucaena diversifolia,AngMaFaFb26578-00; AngMaFaFb26578-01,Fabaceae,NA,NO,YES,0,49,52,,"- Egypt; Antigua and Barbuda; Bahamas; Barbados; Benin; Brazil; Brunei Darussalam; Burundi; Cabo Verde; Cambodia; Cameroon; Chad; Colombia; Congo; Côte d'Ivoire; Democratic Republic of Congo; Djibouti; Dominica; Dominican Republic; Ecuador; Eritrea; Gabon; Gambia; Ghana; Grenada; Guinea; Guinea-Bissau; Haiti; Hawaii, United States (ver.2.0, 2022); India; Laos; Liberia; Malaysia; Mali; Mauritania; Montserrat; Mozambique; Niger; Nigeria; Panama; Papua New Guinea; Saint Kitts and Nevis; Saint Vincent and the Grenadines; Sierra Leone; Somalia; Sudan; Togo; Trinidad and Tobago; – Central African Republic","- Egypt; Antigua and Barbuda; Bahamas; Barbados; Benin; Brazil; Brunei Darussalam; Burundi; Cabo Verde; Cambodia; Cameroon; Chad; Colombia; Comoros; Congo; Côte d'Ivoire; Democratic Republic of Congo; Djibouti; Dominica; Dominican Republic; Ecuador; Eritrea; Gabon; Gambia; Ghana; Grenada; Guinea; Guinea-Bissau; Haiti; Hawaii, United States (ver.2.0, 2022); India; Jamaica; Laos; Liberia; Malaysia; Mali; Mauritania; Montserrat; Mozambique; Niger; Nigeria; Panama; Papua New Guinea; Saint Kitts and Nevis; Saint Vincent and the Grenadines; Sierra Leone; Somalia; Sudan; Togo; Trinidad and Tobago; Vietnam; – Central African Republic",Terrestrial; terrestrial
Tamarindus indica,tamarindus indica,AngMaFaFb46940-00; AngMaFaFb46940-01,Fabaceae,Australia,NO,YES,0,32,35,,"- Sao Tome and Principe; Anguilla; Australia; Bhutan; Cuba; Curacao, Netherlands; Curieuse Special Reserve, Seychelles; Ecuador; Equatorial Guinea; French Polynesia; Galápagos Islands, Ecuador; Hawaii, United States (ver.2.0, 2022); India; Iran; Laos; Libya; Maldives; Mexico; Montserrat; Philippines; Saba, Bonaire, Sint Eustatius and Saba; Saint Barthelemy; Saint Martin (French part); Seychelles; Sint Eustatius, Bonaire, Sint Eustatius and Saba; Sint Maarten, Netherlands; South Africa; Timor-Leste; United States (Contiguous) (ver.2.0, 2022); Venezuela; – British Indian Ocean Territory; – Saint Helena, Saint Helena, Ascension and Tristan da Cunha","- Sao Tome and Principe; Anguilla; Australia; Bhutan; Cuba; Curacao, Netherlands; Curieuse Special Reserve, Seychelles; Ecuador; Equatorial Guinea; French Polynesia; Galápagos Islands, Ecuador; Hawaii, United States (ver.2.0, 2022); India; Iran; Jamaica; Laos; Libya; Maldives; Mexico; Montserrat; Philippines; Saba, Bonaire, Sint Eustatius and Saba; Saint Barthelemy; Saint Martin (French part); Seychelles; Singapore; Sint Eustatius, Bonaire, Sint Eustatius and Saba; Sint Maarten, Netherlands; South Africa; Timor-Leste; United States (Contiguous) (ver.2.0, 2022); Venezuela; Îles Éparses, France; – British Indian Ocean Territory; – Saint Helena, Saint Helena, Ascension and Tristan da Cunha",Terrestrial; terrestrial
Hibiscus rosa-sinensis,hibiscus rosa-sinensis,AngMaMaMl23521-00; AngMaMaMl23521-01; AngMaMaMl23521-02; AngMaMaMl23521-03; AngMaMaMl23521-04; AngMaMaMl23521-01,Malvaceae,NA,NO,YES,0,31,34,,"- Sao Tome and Principe; Australia; Burkina Faso; Chad; Colombia; Costa Rica; Cuba; Democratic Republic of Congo; Ecuador; Equatorial Guinea; Galápagos Islands, Ecuador; India; Iran; Iraq; Kruger National Park, South Africa; Laos; Libya; Maldives; Mara Ecosystem (Kenya, Tanzania); Marshall Islands; Mexico; Montserrat; Peru; Philippines; Rongelap Atoll, Marshall Islands; Rwanda; Seychelles; South Africa; Timor-Leste; United States (Contiguous) (ver.2.0, 2022); – British Indian Ocean Territory","- Sao Tome and Principe; Australia; Burkina Faso; Chad; Colombia; Comoros; Costa Rica; Cuba; Democratic Republic of Congo; Ecuador; Equatorial Guinea; Galápagos Islands, Ecuador; India; Iran; Iraq; Jamaica; Kruger National Park, South Africa; Laos; Libya; Maldives; Mara Ecosystem (Kenya, Tanzania); Marshall Islands; Mexico; Montserrat; Peru; Philippines; Rongelap Atoll, Marshall Islands; Rwanda; Seychelles; Singapore; South Africa; Timor-Leste; United States (Contiguous) (ver.2.0, 2022); – British Indian Ocean Territory",Terrestrial; terrestrial
Cassia fistula,cassia fistula,AngMaFaFb7568-01,Fabaceae,Australia,NO,YES,0,28,28,,"- Nicaragua; - Sao Tome and Principe; Afghanistan; Angola; Anguilla; Antigua and Barbuda; Australia; Barbados; Belize; Brunei Darussalam; Costa Rica; Democratic Republic of Congo; Ecuador; French Guiana; Galápagos Islands, Ecuador; Ghana; Iran; Iraq; Maldives; Marshall Islands; Mexico; Panama; Saint Vincent and the Grenadines; Seychelles; Suriname; Timor-Leste; United States (Contiguous) (ver.2.0, 2022); Venezuela","- Nicaragua; - Sao Tome and Principe; Afghanistan; Angola; Anguilla; Antigua and Barbuda; Australia; Barbados; Belize; Brunei Darussalam; Costa Rica; Democratic Republic of Congo; Ecuador; French Guiana; Galápagos Islands, Ecuador; Ghana; Iran; Iraq; Maldives; Marshall Islands; Mexico; Panama; Saint Vincent and the Grenadines; Seychelles; Suriname; Timor-Leste; United States (Contiguous) (ver.2.0, 2022); Venezuela",Terrestrial; terrestrial
Juglans regia,juglans regia,AngMaFaJg25581-00; AngMaFaJg25581-01; AngMaFaJg25581-02; AngMaFaJg25581-03; AngMaFaJg25581-04; AngMaFaJg25581-05; AngMaFaJg25581-06; AngMaFaJg25581-01,Juglandaceae,Afghanistan;Albania;Algeria;Andorra;Argentina;Armenia;Australia;Austria;Azerbaijan;Belarus;Bolivia;Brazil;Bulgaria;Canada;Chile;China;Croatia;Czechia;Estonia;France;Georgia;Germany;Gibraltar;Greece;Hong Kong SAR China;Hungary;India;Iran;Israel;Italy;Japan;Kazakhstan;Kenya;Kyrgyzstan;Latvia;Mexico;Moldova;Montenegro;Nepal;Netherlands;Oman;Pakistan;Panama;Poland;Portugal;Romania;Russia;Serbia;Slovakia;South Korea;Spain;Switzerland;Tajikistan;Turkey;Ukraine;United Kingdom;United States;Uzbekistan;Vietnam,NO,YES,0,28,30,,"- Croatia; - Japan; Australia; Belgium; Bosnia and Herzegovina; Bulgaria; Canada; Cyprus; Czechia; Denmark; Estonia; France; Gran Canaria, Islas Canarias, Spain; Great Britain; India; Ireland; Laos; Libya; Netherlands; Norway; Poland; Portugal; Romania; Spain; Sweden; Switzerland; United States (Contiguous) (ver.2.0, 2022); Yemen","- Croatia; - Japan; Australia; Belgium; Bosnia and Herzegovina; Bulgaria; Canada; Cyprus; Czechia; Denmark; Estonia; France; Gran Canaria, Islas Canarias, Spain; Great Britain; India; Ireland; Laos; Libya; Netherlands; Norway; Poland; Portugal; Romania; Slovakia; Spain; Sweden; Switzerland; Ukraine; United States (Contiguous) (ver.2.0, 2022); Yemen",Freshwater; Terrestrial; terrestrial
Melicoccus bijugatus,melicoccus bijugatus,AngMaSaSp29758-00; AngMaSaSp29758-01,Sapindaceae,NA,NO,YES,0,25,26,,"- Cook Islands; - Nicaragua; Anguilla; Antigua and Barbuda; Bahamas; Barbados; Belize; Burkina Faso; Cameroon; Cuba; Curacao, Netherlands; Dominica; El Salvador; Gabon; Galápagos Islands, Ecuador; Haiti; Honduras; Panama; Saba, Bonaire, Sint Eustatius and Saba; Saint Barthelemy; Saint Martin (French part); Sint Eustatius, Bonaire, Sint Eustatius and Saba; Sint Maarten, Netherlands; Suriname; United States (Contiguous) (ver.2.0, 2022)","- Cook Islands; - Nicaragua; Anguilla; Antigua and Barbuda; Bahamas; Barbados; Belize; Burkina Faso; Cameroon; Cuba; Curacao, Netherlands; Dominica; El Salvador; Gabon; Galápagos Islands, Ecuador; Haiti; Honduras; Jamaica; Panama; Saba, Bonaire, Sint Eustatius and Saba; Saint Barthelemy; Saint Martin (French part); Sint Eustatius, Bonaire, Sint Eustatius and Saba; Sint Maarten, Netherlands; Suriname; United States (Contiguous) (ver.2.0, 2022)",Terrestrial; terrestrial
Cryptomeria japonica,cryptomeria japonica,AngPiPiCp12301-00; AngPiPiCp12301-01; AngPiPiCp12301-02; AngPiPiCp12301-03; AngPiPiCp12301-04; AngPiPiCp12301-05; AngPiPiCp12301-06; AngPiPiCp12301-01,Cupressaceae,Taiwan;United States,NO,YES,0,25,25,,"- Croatia; Afghanistan; Armenia; Australia; Belgium; Bhutan; Denmark; Georgia; Great Britain; Hawaii, United States (ver.2.0, 2022); Iran; Ireland; Italy; Laos; Mexico; Nepal; Norway; Portugal; South Africa; Sweden; Table Mountain National Park, South Africa; Tankwa-Karoo National Park, South Africa; Turkey; United States (Contiguous) (ver.2.0, 2022); – Saint Helena, Saint Helena, Ascension and Tristan da Cunha","- Croatia; Afghanistan; Armenia; Australia; Belgium; Bhutan; Denmark; Georgia; Great Britain; Hawaii, United States (ver.2.0, 2022); Iran; Ireland; Italy; Laos; Mexico; Nepal; Norway; Portugal; South Africa; Sweden; Table Mountain National Park, South Africa; Tankwa-Karoo National Park, South Africa; Turkey; United States (Contiguous) (ver.2.0, 2022); – Saint Helena, Saint Helena, Ascension and Tristan da Cunha",Terrestrial; terrestrial
Bougainvillea glabra,bougainvillea glabra,AngMaCaNy5395-00; AngMaCaNy5395-01; AngMaCaNy5395-02; AngMaCaNy5395-01,Nyctaginaceae,Argentina;Brazil;China;Colombia;Mexico;Spain;United States,NO,YES,0,21,21,,"Afghanistan; Albania; Australia; Burkina Faso; Chad; India; Iran; Iraq; Kruger National Park, South Africa; La Gomera, Islas Canarias, Spain; Libya; Marshall Islands; Mexico; Montserrat; Rongelap Atoll, Marshall Islands; Seychelles; South Africa; Spain; Tenerife, Islas Canarias, Spain; Turkey; United States (Contiguous) (ver.2.0, 2022)","Afghanistan; Albania; Australia; Burkina Faso; Chad; India; Iran; Iraq; Kruger National Park, South Africa; La Gomera, Islas Canarias, Spain; Libya; Marshall Islands; Mexico; Montserrat; Rongelap Atoll, Marshall Islands; Seychelles; South Africa; Spain; Tenerife, Islas Canarias, Spain; Turkey; United States (Contiguous) (ver.2.0, 2022)",Terrestrial; terrestrial
Jatropha multifida,jatropha multifida,AngMaMaph25528-01,Euphorbiaceae,NA,NO,YES,0,20,21,,"- Sao Tome and Principe; Angola; Anguilla; Bolivia; Chad; Chuuk, Federated States of Micronesia; Cuba; Democratic Republic of Congo; Hawaii, United States (ver.2.0, 2022); India; Kwajalein Atoll, Marshall Islands; Majuro Atoll, Marshall Islands; Marshall Islands; Mozambique; Palau; Philippines; Rwanda; Seychelles; United States (Contiguous) (ver.2.0, 2022); Yap, Federated States of Micronesia","- Sao Tome and Principe; Angola; Anguilla; Bolivia; Chad; Chuuk, Federated States of Micronesia; Cuba; Democratic Republic of Congo; Federated States of Micronesia; Hawaii, United States (ver.2.0, 2022); India; Kwajalein Atoll, Marshall Islands; Majuro Atoll, Marshall Islands; Marshall Islands; Mozambique; Palau; Philippines; Rwanda; Seychelles; United States (Contiguous) (ver.2.0, 2022); Yap, Federated States of Micronesia",Terrestrial; terrestrial
Washingtonia robusta,washingtonia robusta,AngNAParc49970-01,Arecaceae,;introduced;native,NO,YES,0,20,20,,"Albania; Australia; Curacao, Netherlands; Fuerteventura, Islas Canarias, Spain; Galápagos Islands, Ecuador; Gran Canaria, Islas Canarias, Spain; Hawaii, United States (ver.2.0, 2022); India; Iraq; Israel; Italy; Kruger National Park, South Africa; La Palma, Islas Canarias, Spain; Lanzarote, Islas Canarias, Spain; Malta; South Africa; Spain; Tenerife, Islas Canarias, Spain; Turkey; United States (Contiguous) (ver.2.0, 2022)","Albania; Australia; Curacao, Netherlands; Fuerteventura, Islas Canarias, Spain; Galápagos Islands, Ecuador; Gran Canaria, Islas Canarias, Spain; Hawaii, United States (ver.2.0, 2022); India; Iraq; Israel; Italy; Kruger National Park, South Africa; La Palma, Islas Canarias, Spain; Lanzarote, Islas Canarias, Spain; Malta; South Africa; Spain; Tenerife, Islas Canarias, Spain; Turkey; United States (Contiguous) (ver.2.0, 2022)",Freshwater; Terrestrial; terrestrial
Euphorbia pulcherrima,euphorbia pulcherrima,AngMaMaph18921-01,Euphorbiaceae,NA,NO,YES,0,19,20,,"- Sao Tome and Principe; Anguilla; Burkina Faso; Chad; Ecuador; Equatorial Guinea; Gabon; Galápagos Islands, Ecuador; India; Iraq; Kruger National Park, South Africa; Libya; Mara Ecosystem (Kenya, Tanzania); Peru; Rwanda; Seychelles; South Africa; Spain; Yemen","- Sao Tome and Principe; Anguilla; Burkina Faso; Chad; Comoros; Ecuador; Equatorial Guinea; Gabon; Galápagos Islands, Ecuador; India; Iraq; Kruger National Park, South Africa; Libya; Mara Ecosystem (Kenya, Tanzania); Peru; Rwanda; Seychelles; South Africa; Spain; Yemen",Terrestrial; terrestrial
Manilkara zapota,manilkara zapota,AngMaErSp29312-00; AngMaErSp29312-01; AngMaErSp29312-01,Sapotaceae,NA,NO,YES,0,19,20,,"- Cook Islands; - Sao Tome and Principe; Anguilla; El Salvador; French Guiana; Guatemala; India; Maldives; Marshall Islands; Montserrat; Palau; Pohnpei, Federated States of Micronesia; Saint Barthelemy; Saint Martin (French part); Seychelles; Trinidad and Tobago; United States (Contiguous) (ver.2.0, 2022); Wotje Atoll, Marshall Islands; – British Indian Ocean Territory","- Cook Islands; - Sao Tome and Principe; Anguilla; El Salvador; Federated States of Micronesia; French Guiana; Guatemala; India; Maldives; Marshall Islands; Montserrat; Palau; Pohnpei, Federated States of Micronesia; Saint Barthelemy; Saint Martin (French part); Seychelles; Trinidad and Tobago; United States (Contiguous) (ver.2.0, 2022); Wotje Atoll, Marshall Islands; – British Indian Ocean Territory",Terrestrial; terrestrial
Chamaecyparis lawsoniana,chamaecyparis lawsoniana,AngPiPiCp8280-00; AngPiPiCp8280-01; AngPiPiCp8280-02; AngPiPiCp8280-03; AngPiPiCp8280-04; AngPiPiCp8280-01,Cupressaceae,Netherlands;Spain;United States,NO,YES,0,18,19,,"- Croatia; Armenia; Australia; Austria; Belgium; Czechia; Denmark; Garden Route National Park, South Africa; Great Britain; Ireland; Italy; Libya; Norway; Poland; Portugal; Prince Edward Island and Marion Island, South Africa; Sweden; Turkey","- Croatia; Armenia; Australia; Austria; Belgium; Czechia; Denmark; Garden Route National Park, South Africa; Great Britain; Ireland; Italy; Libya; Norway; Poland; Portugal; Prince Edward Island and Marion Island, South Africa; Slovakia; Sweden; Turkey",Terrestrial; terrestrial
Malvaviscus arboreus,malvaviscus arboreus,AngMaMaMl29132-00; AngMaMaMl29132-01; AngMaMaMl29132-02; AngMaMaMl29132-03; AngMaMaMl29132-04; AngMaMaMl29132-05; AngMaMaMl29132-06; AngMaMaMl29132-07; AngMaMaMl29132-01,Malvaceae,Australia,NO,YES,0,17,19,,"- Cook Islands; Australia; Brazil; Brunei Darussalam; Chad; Democratic Republic of Congo; El Salvador; Galápagos Islands, Ecuador; Guatemala; Honduras; India; Kruger National Park, South Africa; Mara Ecosystem (Kenya, Tanzania); Marshall Islands; Rwanda; South Africa; United States (Contiguous) (ver.2.0, 2022)","- Cook Islands; Australia; Brazil; Brunei Darussalam; Chad; Democratic Republic of Congo; El Salvador; Galápagos Islands, Ecuador; Guatemala; Honduras; India; Kruger National Park, South Africa; Mara Ecosystem (Kenya, Tanzania); Marshall Islands; Rwanda; South Africa; Tonga; Tongatapu Island, Tonga; United States (Contiguous) (ver.2.0, 2022)",Terrestrial; terrestrial
Plumeria rubra,plumeria rubra,AngMaGepc37897-00; AngMaGepc37897-01; AngMaGepc37897-02; AngMaGepc37897-03; AngMaGepc37897-04; AngMaGepc37897-01,Apocynaceae,NA,NO,YES,0,17,21,,"- Sao Tome and Principe; Anguilla; Burkina Faso; Burundi; Chad; Democratic Republic of Congo; Galápagos Islands, Ecuador; India; Kruger National Park, South Africa; Madagascar; Maldives; Mara Ecosystem (Kenya, Tanzania); Marshall Islands; Rongelap Atoll, Marshall Islands; Rwanda; Seychelles; South Africa","- Sao Tome and Principe; Anguilla; Burkina Faso; Burundi; Chad; Comoros; Democratic Republic of Congo; Galápagos Islands, Ecuador; India; Kruger National Park, South Africa; Madagascar; Maldives; Mara Ecosystem (Kenya, Tanzania); Marshall Islands; Mwali (Mohéli), Comoros; Ndzuwani (Anjouan), Comoros; Ngazidja (Grande Comore), Comoros; Rongelap Atoll, Marshall Islands; Rwanda; Seychelles; South Africa",Terrestrial; terrestrial
Sapindus saponaria,sapindus saponaria,AngMaSaSp42454-00; AngMaSaSp42454-01; AngMaSaSp42454-02; AngMaSaSp42454-03; AngMaSaSp42454-04; AngMaSaSp42454-01,Sapindaceae,Argentina;Bolivia;Brazil;Mexico;Paraguay;Tonga;United States,NO,YES,0,16,18,,"- Cook Islands; Angola; Burkina Faso; Burundi; Chile; Democratic Republic of Congo; El Salvador; Equatorial Guinea; Galápagos Islands, Ecuador; Guatemala; India; Libya; Mayotte, France; Rapa Nui  (Isla de Pascua, Easter Island); Rapa Nui (Isla de Pascua, Easter Island); Seychelles","- Cook Islands; Angola; Burkina Faso; Burundi; Chile; Comoros; Democratic Republic of Congo; El Salvador; Equatorial Guinea; Galápagos Islands, Ecuador; Guatemala; India; Libya; Mayotte, France; Rapa Nui  (Isla de Pascua, Easter Island); Rapa Nui (Isla de Pascua, Easter Island); Seychelles; Vietnam",Terrestrial; terrestrial
Acer saccharinum,acer saccharinum,AngMaSaSp0694-00; AngMaSaSp0694-01; AngMaSaSp0694-02; AngMaSaSp0694-03; AngMaSaSp0694-01,Sapindaceae,Canada;United States,NO,YES,0,16,18,,- Croatia; Algeria; Armenia; Austria; Belgium; Bosnia and Herzegovina; Czechia; Ecuador; France; Great Britain; Ireland; Italy; Montenegro; Poland; Russian Federation; Sweden,- Croatia; Algeria; Armenia; Austria; Belgium; Bosnia and Herzegovina; Czechia; Ecuador; France; Great Britain; Ireland; Italy; Montenegro; Poland; Russian Federation; Slovakia; Sweden; Ukraine,Terrestrial; terrestrial
Juglans nigra,juglans nigra,AngMaFaJg25578-00; AngMaFaJg25578-01,Juglandaceae,Australia;Canada;Ukraine;United States,NO,YES,0,16,17,,- Croatia; Armenia; Austria; Belgium; Czechia; France; Great Britain; Ireland; Italy; Mexico; Norway; Poland; Portugal; Romania; Serbia; Slovenia,- Croatia; Armenia; Austria; Belgium; Czechia; France; Great Britain; Ireland; Italy; Mexico; Norway; Poland; Portugal; Romania; Serbia; Slovakia; Slovenia,Terrestrial; terrestrial
Eucalyptus paniculata,eucalyptus paniculata,AngMaMyMy17678-01,Myrtaceae,Australia;Sri Lanka,NO,YES,0,16,17,,"- Paraguay; Bolivia; Brazil; Cameroon; Colombia; Guinea; Haiti; Hawaii, United States (ver.2.0, 2022); India; Mali; Mozambique; Niue; Papua New Guinea; South Africa; Thailand; – Saint Helena, Saint Helena, Ascension and Tristan da Cunha","- Paraguay; Bolivia; Brazil; Cameroon; Colombia; Guinea; Haiti; Hawaii, United States (ver.2.0, 2022); India; Mali; Mozambique; Niue; Papua New Guinea; South Africa; Thailand; Vietnam; – Saint Helena, Saint Helena, Ascension and Tristan da Cunha",Terrestrial; terrestrial
Eucalyptus cladocalyx,eucalyptus cladocalyx,AngMaMyMy17343-01,Myrtaceae,Australia,NO,YES,0,15,15,,"- Egypt; Agulhas National Park, South Africa; Algeria; Augrabies Falls National Park, South Africa; Ecuador; Eswatini (Swaziland); Hawaii, United States (ver.2.0, 2022); India; Mozambique; Namaqua National Park, South Africa; Portugal; South Africa; Tunisia; United States (Contiguous) (ver.2.0, 2022); – Saint Helena, Saint Helena, Ascension and Tristan da Cunha","- Egypt; Agulhas National Park, South Africa; Algeria; Augrabies Falls National Park, South Africa; Ecuador; Eswatini (Swaziland); Hawaii, United States (ver.2.0, 2022); India; Mozambique; Namaqua National Park, South Africa; Portugal; South Africa; Tunisia; United States (Contiguous) (ver.2.0, 2022); – Saint Helena, Saint Helena, Ascension and Tristan da Cunha",Terrestrial; terrestrial
Caryota urens,caryota urens,AngNAParc7374-01,Arecaceae,;India;introduced,NO,YES,0,15,16,,"- Nauru; Brazil; Guatemala; India; Jaluit Atoll, Marshall Islands; Kruger National Park, South Africa; Majuro Atoll, Marshall Islands; Maldives; Marshall Islands; Mexico; Pohnpei, Federated States of Micronesia; Saint Kitts and Nevis; Seychelles; South Africa; United States (Contiguous) (ver.2.0, 2022)","- Nauru; Brazil; Federated States of Micronesia; Guatemala; India; Jaluit Atoll, Marshall Islands; Kruger National Park, South Africa; Majuro Atoll, Marshall Islands; Maldives; Marshall Islands; Mexico; Pohnpei, Federated States of Micronesia; Saint Kitts and Nevis; Seychelles; South Africa; United States (Contiguous) (ver.2.0, 2022)",Terrestrial; terrestrial
Pterocarpus indicus,pterocarpus indicus,AngMaFaFb40022-00; AngMaFaFb40022-01,Fabaceae,Australia;Timor-Leste,NO,YES,0,15,19,,"- Sao Tome and Principe; Australia; Chuuk, Federated States of Micronesia; Curieuse Special Reserve, Seychelles; India; Kosrae, Federated States of Micronesia; Maldives; Mare-Aux-Cochons, Seychelles; Morne-Seychellois National Park, Seychelles; Palau; Pohnpei, Federated States of Micronesia; Seychelles; Trinidad and Tobago; Vallée de Mai Nature Reserve, Seychelles; Yap, Federated States of Micronesia","- Sao Tome and Principe; Australia; Chuuk, Federated States of Micronesia; Comoros; Curieuse Special Reserve, Seychelles; Federated States of Micronesia; India; Kosrae, Federated States of Micronesia; Maldives; Mare-Aux-Cochons, Seychelles; Morne-Seychellois National Park, Seychelles; Mwali (Mohéli), Comoros; Palau; Pohnpei, Federated States of Micronesia; Seychelles; Singapore; Trinidad and Tobago; Vallée de Mai Nature Reserve, Seychelles; Yap, Federated States of Micronesia",Terrestrial; terrestrial
Eucalyptus sideroxylon,eucalyptus sideroxylon,AngMaMyMy17799-00; AngMaMyMy17799-01; AngMaMyMy17799-02; AngMaMyMy17799-01,Myrtaceae,Australia;United States,NO,YES,0,15,15,,"Agulhas National Park, South Africa; Argentina; Augrabies Falls National Park, South Africa; Brazil; Congo; Golden Gate Highlands National Park, South Africa; Hawaii, United States (ver.2.0, 2022); India; Iran; Mozambique; Pakistan; Portugal; South Africa; Tunisia; United States (Contiguous) (ver.2.0, 2022)","Agulhas National Park, South Africa; Argentina; Augrabies Falls National Park, South Africa; Brazil; Congo; Golden Gate Highlands National Park, South Africa; Hawaii, United States (ver.2.0, 2022); India; Iran; Mozambique; Pakistan; Portugal; South Africa; Tunisia; United States (Contiguous) (ver.2.0, 2022)",Terrestrial; terrestrial
Annona cherimola,annona cherimola,AngMaMann2619-01,Annonaceae,Colombia;Spain,NO,YES,0,15,17,,"- Cook Islands; - Sao Tome and Principe; Algeria; Bolivia; Colombia; Eritrea; Galápagos Islands, Ecuador; Hawaii, United States (ver.2.0, 2022); India; Italy; Mexico; Palau; Pohnpei, Federated States of Micronesia; Seychelles; Somalia","- Cook Islands; - Sao Tome and Principe; Algeria; Bolivia; Colombia; Comoros; Eritrea; Federated States of Micronesia; Galápagos Islands, Ecuador; Hawaii, United States (ver.2.0, 2022); India; Italy; Mexico; Palau; Pohnpei, Federated States of Micronesia; Seychelles; Somalia",Terrestrial; terrestrial
Peltophorum pterocarpum,peltophorum pterocarpum,AngMaFaFb36172-01,Fabaceae,Australia;Indonesia;Timor-Leste,NO,YES,0,14,15,,"- Sao Tome and Principe; Burkina Faso; Democratic Republic of Congo; Equatorial Guinea; Hawaii, United States (ver.2.0, 2022); Kenya; Maldives; Mexico; Mozambique; Papua New Guinea; Saint Lucia; Seychelles; Tanzania; United States (Contiguous) (ver.2.0, 2022)","- Sao Tome and Principe; Burkina Faso; Democratic Republic of Congo; Equatorial Guinea; Hawaii, United States (ver.2.0, 2022); Kenya; Maldives; Mexico; Mozambique; Papua New Guinea; Saint Lucia; Seychelles; Tanzania; United States (Contiguous) (ver.2.0, 2022); Vietnam",Terrestrial; terrestrial
Spondias mombin,spondias mombin,AngMaSanc44529-00; AngMaSanc44529-01; AngMaSanc44529-01,Anacardiaceae,Bolivia;Brazil;Colombia;Ecuador;Mexico,NO,YES,0,14,15,,"- Cook Islands; - Nauru; - Sao Tome and Principe; Amani Forest Nature Reserve, Tanzania; Angola; Anguilla; Chad; Democratic Republic of Congo; El Salvador; Galápagos Islands, Ecuador; Guatemala; Honduras; Madagascar; Palau","- Cook Islands; - Nauru; - Sao Tome and Principe; Amani Forest Nature Reserve, Tanzania; Angola; Anguilla; Chad; Democratic Republic of Congo; El Salvador; Federated States of Micronesia; Galápagos Islands, Ecuador; Guatemala; Honduras; Madagascar; Palau",Terrestrial; terrestrial
Quercus suber,quercus suber,AngMaFaFg40779-00; AngMaFaFg40779-01; AngMaFaFg40779-02; AngMaFaFg40779-03; AngMaFaFg40779-04; AngMaFaFg40779-05; AngMaFaFg40779-06; AngMaFaFg40779-07; AngMaFaFg40779-01,Fagaceae,Australia,NO,YES,0,14,14,,"- Croatia; Armenia; Australia; Belgium; Gran Canaria, Islas Canarias, Spain; Hawaii, United States (ver.2.0, 2022); Libya; South Africa; Spain; Table Mountain National Park, South Africa; Tankwa-Karoo National Park, South Africa; Tenerife, Islas Canarias, Spain; United States (Contiguous) (ver.2.0, 2022); – Saint Helena, Saint Helena, Ascension and Tristan da Cunha","- Croatia; Armenia; Australia; Belgium; Gran Canaria, Islas Canarias, Spain; Hawaii, United States (ver.2.0, 2022); Libya; South Africa; Spain; Table Mountain National Park, South Africa; Tankwa-Karoo National Park, South Africa; Tenerife, Islas Canarias, Spain; United States (Contiguous) (ver.2.0, 2022); – Saint Helena, Saint Helena, Ascension and Tristan da Cunha",Terrestrial; terrestrial
Ziziphus jujuba,ziziphus jujuba,AngMaRoRh50814-00; AngMaRoRh50814-01; AngMaRoRh50814-02; AngMaRoRh50814-03; AngMaRoRh50814-01,Rhamnaceae,NA,NO,YES,0,14,15,,"- Cook Islands; - Croatia; - Japan; Australia; Bulgaria; Chad; Cyprus; India; Italy; Libya; Malta; Romania; Turkey; United States (Contiguous) (ver.2.0, 2022)","- Cook Islands; - Croatia; - Japan; Australia; Bulgaria; Chad; Cyprus; Greece; India; Italy; Libya; Malta; Romania; Turkey; United States (Contiguous) (ver.2.0, 2022)",Terrestrial; terrestrial
Viburnum rhytidophyllum,viburnum rhytidophyllum,AngMaDiVb49438-01,Viburnaceae,NA,NO,YES,0,13,14,,"- Croatia; Austria; Belgium; Czechia; Ecuador; France; Germany; Great Britain; Italy; Norway; Romania; Switzerland; United States (Contiguous) (ver.2.0, 2022)","- Croatia; Austria; Belgium; Czechia; Ecuador; France; Germany; Great Britain; Italy; Norway; Romania; Slovakia; Switzerland; United States (Contiguous) (ver.2.0, 2022)",Terrestrial; terrestrial
Caryota mitis,caryota mitis,AngNAParc7370-01,Arecaceae,;introduced,NO,YES,0,13,14,,"Australia; Burkina Faso; Colombia; Galápagos Islands, Ecuador; Hawaii, United States (ver.2.0, 2022); Kruger National Park, South Africa; Kwajalein Atoll, Marshall Islands; Marshall Islands; Palau; Pohnpei, Federated States of Micronesia; Seychelles; South Africa; United States (Contiguous) (ver.2.0, 2022)","Australia; Burkina Faso; Colombia; Federated States of Micronesia; Galápagos Islands, Ecuador; Hawaii, United States (ver.2.0, 2022); Kruger National Park, South Africa; Kwajalein Atoll, Marshall Islands; Marshall Islands; Palau; Pohnpei, Federated States of Micronesia; Seychelles; South Africa; United States (Contiguous) (ver.2.0, 2022)",Terrestrial; terrestrial
Abies nordmanniana,abies nordmanniana,GymPiPiPn0038-00; GymPiPiPn0038-01; GymPiPiPn0038-02; GymPiPiPn0038-01,Pinaceae,NA,NO,YES,0,13,14,,Algeria; Belgium; Czechia; Denmark; France; Great Britain; Iran; Ireland; Italy; Latvia; Norway; Portugal; Sweden,Algeria; Belgium; Czechia; Denmark; France; Great Britain; Iran; Ireland; Italy; Latvia; Norway; Portugal; Slovakia; Sweden,Terrestrial; terrestrial
Calliandra surinamensis,calliandra surinamensis,AngMaFaFb6397-01,Fabaceae,Brazil;Honduras;Venezuela,NO,YES,0,12,14,,"- Cook Islands; -Samoa; Bahamas; Burundi; Cuba; Democratic Republic of Congo; Equatorial Guinea; Hawaii, United States (ver.2.0, 2022); India; Montserrat; Pohnpei, Federated States of Micronesia; Seychelles","- Cook Islands; -Samoa; Bahamas; Burundi; Cuba; Democratic Republic of Congo; Equatorial Guinea; Federated States of Micronesia; Hawaii, United States (ver.2.0, 2022); India; Montserrat; Pohnpei, Federated States of Micronesia; Seychelles; Singapore",Terrestrial; terrestrial
Buxus sempervirens,buxus sempervirens,AngMaBuBx6184-00; AngMaBuBx6184-01; AngMaBuBx6184-02; AngMaBuBx6184-03; AngMaBuBx6184-04; AngMaBuBx6184-05; AngMaBuBx6184-06; AngMaBuBx6184-07; AngMaBuBx6184-01,Buxaceae,Netherlands;Spain;United Kingdom;United States,NO,YES,0,12,14,,"- Croatia; Armenia; Austria; Czechia; Denmark; Ecuador; Estonia; India; Ireland; Libya; Norway; United States (Contiguous) (ver.2.0, 2022)","- Croatia; - Sao Tome and Principe; Armenia; Austria; Czechia; Denmark; Ecuador; Estonia; India; Ireland; Libya; Norway; Slovakia; United States (Contiguous) (ver.2.0, 2022)",Freshwater; Terrestrial; terrestrial
Crescentia cujete,crescentia cujete,AngMaLaBg11517-00; AngMaLaBg11517-01,Bignoniaceae,NA,NO,YES,0,12,12,,"Anguilla; Australia; Burkina Faso; Chad; Ecuador; Galápagos Islands, Ecuador; India; Montserrat; Philippines; Saint Barthelemy; Saint Martin (French part); Seychelles","Anguilla; Australia; Burkina Faso; Chad; Ecuador; Galápagos Islands, Ecuador; India; Montserrat; Philippines; Saint Barthelemy; Saint Martin (French part); Seychelles",Terrestrial; terrestrial
Mespilus germanica,mespilus germanica,AngMaRoRs30296-00; AngMaRoRs30296-01,Rosaceae,Azerbaijan;Germany;Spain;United Kingdom,NO,YES,0,12,14,,Albania; Austria; Belgium; Czechia; Denmark; Ecuador; Great Britain; Peru; Portugal; Romania; Slovenia; Switzerland,Albania; Austria; Belgium; Czechia; Denmark; Ecuador; Great Britain; Greece; Peru; Portugal; Romania; Slovakia; Slovenia; Switzerland,Terrestrial; terrestrial
Tabernaemontana divaricata,tabernaemontana divaricata,AngMaGepc46738-01,Apocynaceae,NA,NO,YES,0,12,12,,"- Sao Tome and Principe; Anguilla; Chad; Colombia; Democratic Republic of Congo; Ecuador; Galápagos Islands, Ecuador; Laos; Marshall Islands; Montserrat; Seychelles; United States (Contiguous) (ver.2.0, 2022)","- Sao Tome and Principe; Anguilla; Chad; Colombia; Democratic Republic of Congo; Ecuador; Galápagos Islands, Ecuador; Laos; Marshall Islands; Montserrat; Seychelles; United States (Contiguous) (ver.2.0, 2022)",Terrestrial; terrestrial
Cercis siliquastrum,cercis siliquastrum,AngMaFaFb8094-00; AngMaFaFb8094-01; AngMaFaFb8094-02; AngMaFaFb8094-03; AngMaFaFb8094-01,Fabaceae,Australia;Greece;Italy;Spain,NO,YES,0,12,14,,Armenia; Australia; Austria; Belgium; Bosnia and Herzegovina; Bulgaria; Cyprus; Georgia; Libya; Portugal; Romania; Switzerland,- Sao Tome and Principe; Armenia; Australia; Austria; Belgium; Bosnia and Herzegovina; Bulgaria; Cyprus; Georgia; Libya; Malta; Portugal; Romania; Switzerland,Terrestrial; terrestrial
Platycladus orientalis,platycladus orientalis,AngPiPiCp37640-00; AngPiPiCp37640-01; AngPiPiCp37640-01,Cupressaceae,Netherlands;Spain;Taiwan;United States,NO,YES,0,12,13,,"Armenia; Bhutan; Bosnia and Herzegovina; Colombia; Czechia; France; Iraq; Italy; Slovenia; Switzerland; Turkey; United States (Contiguous) (ver.2.0, 2022)","Armenia; Bhutan; Bosnia and Herzegovina; Colombia; Czechia; France; Iraq; Italy; Slovakia; Slovenia; Switzerland; Turkey; United States (Contiguous) (ver.2.0, 2022)",Terrestrial
Hamelia patens,hamelia patens,AngMaGeRb22703-00; AngMaGeRb22703-01; AngMaGeRb22703-01,Rubiaceae,Argentina;Belize;Bolivia;Brazil;Colombia;Costa Rica;Ecuador;Mexico;Nicaragua;Panama;Paraguay;Puerto Rico;United States;Venezuela,NO,YES,0,12,12,,"Burundi; Democratic Republic of Congo; El Salvador; Galápagos Islands, Ecuador; Guatemala; Honduras; India; Majuro Atoll, Marshall Islands; Mara Ecosystem (Kenya, Tanzania); Marshall Islands; Palau; Seychelles","Burundi; Democratic Republic of Congo; El Salvador; Galápagos Islands, Ecuador; Guatemala; Honduras; India; Majuro Atoll, Marshall Islands; Mara Ecosystem (Kenya, Tanzania); Marshall Islands; Palau; Seychelles",Terrestrial; terrestrial
Samanea saman,samanea saman,AngMaFaFb42391-00; AngMaFaFb42391-01,Fabaceae,NA,NO,YES,0,12,12,,"American Samoa; Burundi; Chuuk, Federated States of Micronesia; Hawaii, United States (ver.2.0, 2022); Jaluit Atoll, Marshall Islands; Kwajalein Atoll, Marshall Islands; Marshall Islands; Niue; Pohnpei, Federated States of Micronesia; Saint Vincent and the Grenadines; Timor-Leste; United States (Contiguous) (ver.2.0, 2022)","American Samoa; Burundi; Chuuk, Federated States of Micronesia; Hawaii, United States (ver.2.0, 2022); Jaluit Atoll, Marshall Islands; Kwajalein Atoll, Marshall Islands; Marshall Islands; Niue; Pohnpei, Federated States of Micronesia; Saint Vincent and the Grenadines; Timor-Leste; United States (Contiguous) (ver.2.0, 2022)",Terrestrial; terrestrial
Acer tataricum,acer tataricum,AngMaSaSp0709-00; AngMaSaSp0709-01; AngMaSaSp0709-02; AngMaSaSp0709-03; AngMaSaSp0709-04; AngMaSaSp0709-05; AngMaSaSp0709-06; AngMaSaSp0709-07; AngMaSaSp0709-08,Sapindaceae,China;Russia;United States,NO,YES,0,12,12,,"Armenia; Belgium; Czechia; Denmark; Estonia; Italy; Latvia; Lithuania; Norway; Slovenia; Sweden; United States (Contiguous) (ver.2.0, 2022)","Armenia; Belgium; Czechia; Denmark; Estonia; Italy; Latvia; Lithuania; Norway; Slovenia; Sweden; United States (Contiguous) (ver.2.0, 2022)",Terrestrial; terrestrial
Thuja plicata,thuja plicata,AngPiPiCp47748-00; AngPiPiCp47748-01,Cupressaceae,Australia;Germany;Netherlands;United States,NO,YES,0,12,12,,Austria; Belgium; Denmark; Estonia; Finland; Great Britain; Ireland; Norway; Poland; Portugal; Sweden; Turkey,Austria; Belgium; Denmark; Estonia; Finland; Great Britain; Ireland; Norway; Poland; Portugal; Sweden; Turkey,Freshwater; Terrestrial; terrestrial
Flacourtia jangomas,flacourtia jangomas,AngMaMaSl20134-01,Salicaceae,NA,NO,YES,0,12,14,,"- Cook Islands; American Samoa; Australia; Curieuse Special Reserve, Seychelles; Madagascar; Maldives; Mare-Aux-Cochons, Seychelles; Montserrat; Morne-Seychellois National Park, Seychelles; Niue; Pohnpei, Federated States of Micronesia; Seychelles","- Cook Islands; American Samoa; Australia; Curieuse Special Reserve, Seychelles; Federated States of Micronesia; Madagascar; Maldives; Mare-Aux-Cochons, Seychelles; Montserrat; Morne-Seychellois National Park, Seychelles; Niue; Pohnpei, Federated States of Micronesia; Seychelles; Singapore",Terrestrial; terrestrial
Acalypha wilkesiana,acalypha wilkesiana,AngMaMaph0585-00; AngMaMaph0585-01; AngMaMaph0585-02; AngMaMaph0585-03; AngMaMaph0585-04; AngMaMaph0585-01,Euphorbiaceae,Australia;Colombia;Taiwan,NO,YES,0,12,12,,"Algeria; Australia; Colombia; Curieuse Special Reserve, Seychelles; Galápagos Islands, Ecuador; India; Kruger National Park, South Africa; Mara Ecosystem (Kenya, Tanzania); Philippines; Seychelles; South Africa; United States (Contiguous) (ver.2.0, 2022)","Algeria; Australia; Colombia; Curieuse Special Reserve, Seychelles; Galápagos Islands, Ecuador; India; Kruger National Park, South Africa; Mara Ecosystem (Kenya, Tanzania); Philippines; Seychelles; South Africa; United States (Contiguous) (ver.2.0, 2022)",Terrestrial; terrestrial
Cassia grandis,cassia grandis,AngMaFaFb7569-01,Fabaceae,Brazil;Colombia;Guatemala;Mexico;Nicaragua;Suriname,NO,YES,0,12,12,,"Australia; Barbados; Côte d'Ivoire; Democratic Republic of Congo; Galápagos Islands, Ecuador; India; Laos; Libya; Seychelles; Sierra Leone; Thailand; Venezuela","Australia; Barbados; Côte d'Ivoire; Democratic Republic of Congo; Galápagos Islands, Ecuador; India; Laos; Libya; Seychelles; Sierra Leone; Thailand; Venezuela",Terrestrial; terrestrial
Vitex agnus-castus,vitex agnus-castus,AngMaLaLm49597-00; AngMaLaLm49597-01; AngMaLaLm49597-02; AngMaLaLm49597-03; AngMaLaLm49597-04; AngMaLaLm49597-01,Lamiaceae,NA,NO,YES,0,11,11,,"Anguilla; Armenia; Brazil; Cuba; Democratic Republic of Congo; Guyana; Iraq; Libya; South Africa; Suriname; United States (Contiguous) (ver.2.0, 2022)","Anguilla; Armenia; Brazil; Cuba; Democratic Republic of Congo; Guyana; Iraq; Libya; South Africa; Suriname; United States (Contiguous) (ver.2.0, 2022)",Terrestrial; terrestrial
Averrhoa carambola,averrhoa carambola,AngMaOxxl4093-01,Oxalidaceae,Taiwan,NO,YES,0,11,16,,"- Sao Tome and Principe; Burkina Faso; Costa Rica; Democratic Republic of Congo; Ecuador; Galápagos Islands, Ecuador; India; Maldives; Philippines; Seychelles; Trinidad and Tobago","- Sao Tome and Principe; Burkina Faso; Comoros; Costa Rica; Democratic Republic of Congo; Ecuador; Galápagos Islands, Ecuador; India; Maldives; Mwali (Mohéli), Comoros; Ndzuwani (Anjouan), Comoros; Ngazidja (Grande Comore), Comoros; Philippines; Seychelles; Singapore; Trinidad and Tobago",Terrestrial; terrestrial
Corymbia citriodora,corymbia citriodora,AngMaMyMy10940-00; AngMaMyMy10940-01; AngMaMyMy10940-01,Myrtaceae,Australia;French Polynesia;Sri Lanka;United Kingdom;Zimbabwe,NO,YES,0,11,16,,"Cameroon; Gambia; Hawaii, United States (ver.2.0, 2022); India; Mare-Aux-Cochons, Seychelles; Morne-Seychellois National Park, Seychelles; Peru; Rwanda; Seychelles; United States (Contiguous) (ver.2.0, 2022); Zimbabwe","Cameroon; Comoros; Gambia; Hawaii, United States (ver.2.0, 2022); India; Mare-Aux-Cochons, Seychelles; Morne-Seychellois National Park, Seychelles; Mwali (Mohéli), Comoros; Ndzuwani (Anjouan), Comoros; Ngazidja (Grande Comore), Comoros; Peru; Rwanda; Seychelles; United States (Contiguous) (ver.2.0, 2022); Vietnam; Zimbabwe",Terrestrial; terrestrial
Polyscias cumingiana,polyscias cumingiana,AngMaAprl38184-01,Araliaceae,NA,NO,YES,0,11,12,,"- Cook Islands; - Nauru; Ebon Atoll, Marshall Islands; Galápagos Islands, Ecuador; India; Jaluit Atoll, Marshall Islands; Kiribati; Majuro Atoll, Marshall Islands; Marshall Islands; Palau; Seychelles","- Cook Islands; - Nauru; Ebon Atoll, Marshall Islands; Galápagos Islands, Ecuador; India; Jaluit Atoll, Marshall Islands; Kiribati; Majuro Atoll, Marshall Islands; Marshall Islands; Mauritius; Palau; Seychelles",Terrestrial; terrestrial
Corylus maxima,corylus maxima,AngMaFaBt10917-00; AngMaFaBt10917-01; AngMaFaBt10917-01,Betulaceae,NA,NO,YES,0,11,11,,- Croatia; Austria; Belgium; Cyprus; Czechia; Denmark; France; Great Britain; Italy; Norway; Turkey,- Croatia; Austria; Belgium; Cyprus; Czechia; Denmark; France; Great Britain; Italy; Norway; Turkey,Terrestrial; terrestrial
Taxodium distichum,taxodium distichum,AngPiPiCp47193-00; AngPiPiCp47193-01; AngPiPiCp47193-02; AngPiPiCp47193-03; AngPiPiCp47193-04; AngPiPiCp47193-01,Cupressaceae,Spain;Taiwan;United States,NO,YES,0,11,11,,"- Croatia; Belgium; India; Iran; Ireland; Italy; Portugal; Romania; South Africa; Turkey; – Saint Helena, Saint Helena, Ascension and Tristan da Cunha","- Croatia; Belgium; India; Iran; Ireland; Italy; Portugal; Romania; South Africa; Turkey; – Saint Helena, Saint Helena, Ascension and Tristan da Cunha",Terrestrial; terrestrial
Celtis occidentalis,celtis occidentalis,AngMaRoCn7989-00; AngMaRoCn7989-01; AngMaRoCn7989-02; AngMaRoCn7989-03; AngMaRoCn7989-04; AngMaRoCn7989-05; AngMaRoCn7989-06; AngMaRoCn7989-01,Cannabaceae,Australia;Canada;United States,NO,YES,0,11,12,,Armenia; Australia; Austria; Czechia; France; Germany; Hungary; Italy; Poland; Romania; South Africa,Armenia; Australia; Austria; Czechia; France; Germany; Hungary; Italy; Poland; Romania; Slovakia; South Africa,Terrestrial; terrestrial
Tabebuia rosea,tabebuia rosea,AngMaLaBg46689-01,Bignoniaceae,NA,NO,YES,0,10,11,,"Cuba; El Salvador; Galápagos Islands, Ecuador; Guatemala; Hawaii, United States (ver.2.0, 2022); Honduras; Maldives; Qatar; Seychelles; Trinidad and Tobago","Cuba; El Salvador; Galápagos Islands, Ecuador; Guatemala; Hawaii, United States (ver.2.0, 2022); Honduras; Maldives; Qatar; Seychelles; Singapore; Trinidad and Tobago",Terrestrial; terrestrial
Brachychiton populneus,brachychiton populneus,AngMaMaMl5470-00; AngMaMaMl5470-01; AngMaMaMl5470-01,Malvaceae,Australia;Spain,NO,YES,0,10,10,,"Cyprus; Ecuador; France; India; Italy; Kruger National Park, South Africa; Libya; South Africa; Turkey; United States (Contiguous) (ver.2.0, 2022)","Cyprus; Ecuador; France; India; Italy; Kruger National Park, South Africa; Libya; South Africa; Turkey; United States (Contiguous) (ver.2.0, 2022)",Terrestrial; terrestrial
Jatropha integerrima,jatropha integerrima,AngMaMaph25521-00; AngMaMaph25521-01; AngMaMaph25521-01,Euphorbiaceae,NA,NO,YES,0,10,10,,"Anguilla; Burkina Faso; Costa Rica; Democratic Republic of Congo; Ecuador; India; Marshall Islands; Montserrat; Seychelles; United States (Contiguous) (ver.2.0, 2022)","Anguilla; Burkina Faso; Costa Rica; Democratic Republic of Congo; Ecuador; India; Marshall Islands; Montserrat; Seychelles; United States (Contiguous) (ver.2.0, 2022)",Terrestrial; terrestrial
Styphnolobium japonicum,styphnolobium japonicum,AngMaFaFb45076-00; AngMaFaFb45076-01; AngMaFaFb45076-02; AngMaFaFb45076-03; AngMaFaFb45076-01,Fabaceae,Spain;United States,NO,YES,0,10,10,,"- Japan; Armenia; Belgium; Bosnia and Herzegovina; Italy; Portugal; South Africa; Turkey; United States (Contiguous) (ver.2.0, 2022); – Korea (Democratic People's Republic of)","- Japan; Armenia; Belgium; Bosnia and Herzegovina; Italy; Portugal; South Africa; Turkey; United States (Contiguous) (ver.2.0, 2022); – Korea (Democratic People's Republic of)",Terrestrial; terrestrial
Coccoloba uvifera,coccoloba uvifera,AngMaCaPl9862-01,Polygonaceae,Australia,NO,YES,0,10,10,,"- Japan; Brazil; French Guiana; Galápagos Islands, Ecuador; Hawaii, United States (ver.2.0, 2022); India; Maldives; Marshall Islands; Seychelles; – Saint Helena, Saint Helena, Ascension and Tristan da Cunha","- Japan; Brazil; French Guiana; Galápagos Islands, Ecuador; Hawaii, United States (ver.2.0, 2022); India; Maldives; Marshall Islands; Seychelles; – Saint Helena, Saint Helena, Ascension and Tristan da Cunha",Terrestrial; terrestrial
Hibiscus schizopetalus,hibiscus schizopetalus,AngMaMaMl23522-00; AngMaMaMl23522-01,Malvaceae,NA,NO,YES,0,10,10,,"Anguilla; Burkina Faso; India; Kruger National Park, South Africa; Marshall Islands; Mexico; Philippines; Seychelles; South Africa; United States (Contiguous) (ver.2.0, 2022)","Anguilla; Burkina Faso; India; Kruger National Park, South Africa; Marshall Islands; Mexico; Philippines; Seychelles; South Africa; United States (Contiguous) (ver.2.0, 2022)",Terrestrial; terrestrial
Myroxylon balsamum,myroxylon balsamum,AngMaFaFb32854-00; AngMaFaFb32854-01; AngMaFaFb32854-02; AngMaFaFb32854-01,Fabaceae,Bolivia;Brazil;Ecuador,NO,YES,0,10,11,,"Democratic Republic of Congo; El Salvador; Ghana; India; Kwajalein Atoll, Marshall Islands; Marshall Islands; Pohnpei, Federated States of Micronesia; Sierra Leone; Sri Lanka; Trinidad and Tobago","Democratic Republic of Congo; El Salvador; Federated States of Micronesia; Ghana; India; Kwajalein Atoll, Marshall Islands; Marshall Islands; Pohnpei, Federated States of Micronesia; Sierra Leone; Sri Lanka; Trinidad and Tobago",Terrestrial; terrestrial
Acer campestre,acer campestre,AngMaSaSp0614-00; AngMaSaSp0614-01; AngMaSaSp0614-02; AngMaSaSp0614-03; AngMaSaSp0614-04; AngMaSaSp0614-05; AngMaSaSp0614-06; AngMaSaSp0614-07; AngMaSaSp0614-08; AngMaSaSp0614-09; AngMaSaSp0614-10; AngMaSaSp0614-11; AngMaSaSp0614-12; AngMaSaSp0614-13; AngMaSaSp0614-01,Sapindaceae,Australia;Italy;Namibia;Slovenia;Spain;United Kingdom;United States,NO,YES,0,10,10,,"Canada; Estonia; Ireland; Latvia; Norway; Portugal; Spain; Sweden; Tenerife, Islas Canarias, Spain; United States (Contiguous) (ver.2.0, 2022)","Canada; Estonia; Ireland; Latvia; Norway; Portugal; Spain; Sweden; Tenerife, Islas Canarias, Spain; United States (Contiguous) (ver.2.0, 2022)",Freshwater; Terrestrial; terrestrial
Alnus cordata,alnus cordata,AngMaFaBt2034-00; AngMaFaBt2034-01,Betulaceae,NA,NO,YES,0,10,10,,"Australia; Austria; Belgium; Denmark; France; Great Britain; Ireland; Norway; Portugal; United States (Contiguous) (ver.2.0, 2022)","Australia; Austria; Belgium; Denmark; France; Great Britain; Ireland; Norway; Portugal; United States (Contiguous) (ver.2.0, 2022)",Terrestrial; terrestrial
Berberis julianae,berberis julianae,AngMaRaBr4953-00; AngMaRaBr4953-01; AngMaRaBr4953-01,Berberidaceae,NA,NO,YES,0,10,11,,"Armenia; Austria; Belgium; Czechia; Golden Gate Highlands National Park, South Africa; Great Britain; Norway; Portugal; South Africa; United States (Contiguous) (ver.2.0, 2022)","Armenia; Austria; Belgium; Czechia; Golden Gate Highlands National Park, South Africa; Great Britain; Norway; Portugal; Slovakia; South Africa; United States (Contiguous) (ver.2.0, 2022)",Terrestrial; terrestrial
Malus baccata,malus baccata,AngMaRoRs29102-00; AngMaRoRs29102-01; AngMaRoRs29102-02; AngMaRoRs29102-03; AngMaRoRs29102-04; AngMaRoRs29102-05; AngMaRoRs29102-06; AngMaRoRs29102-01,Rosaceae,Canada;China;India;Kazakhstan;Nepal;North Korea;Russia;United States,NO,YES,0,10,10,,"Armenia; Belgium; Canada; Czechia; Denmark; Latvia; Norway; Russian Federation; Sweden; United States (Contiguous) (ver.2.0, 2022)","Armenia; Belgium; Canada; Czechia; Denmark; Latvia; Norway; Russian Federation; Sweden; United States (Contiguous) (ver.2.0, 2022)",Terrestrial; terrestrial
Picea pungens,picea pungens,AngPiPiPn36849-00; AngPiPiPn36849-01; AngPiPiPn36849-02; AngPiPiPn36849-03; AngPiPiPn36849-01,Pinaceae,NA,NO,YES,0,10,10,,Armenia; Australia; Canada; Denmark; Great Britain; Iran; Norway; Russian Federation; Sweden; Turkey,Armenia; Australia; Canada; Denmark; Great Britain; Iran; Norway; Russian Federation; Sweden; Turkey,Terrestrial; terrestrial
Pinus banksiana,pinus banksiana,AngPiPiPn37011-00; AngPiPiPn37011-01; AngPiPiPn37011-01,Pinaceae,NA,NO,YES,0,10,10,,Armenia; Belarus; Denmark; Estonia; France; Lithuania; Norway; Poland; Romania; Sweden,Armenia; Belarus; Denmark; Estonia; France; Lithuania; Norway; Poland; Romania; Sweden,Freshwater; Terrestrial
Robinia viscosa,robinia viscosa,AngMaFaFb41773-00; AngMaFaFb41773-01; AngMaFaFb41773-02; AngMaFaFb41773-01,Fabaceae,NA,NO,YES,0,10,12,,Armenia; Austria; Canada; Iran; Italy; Latvia; Norway; Poland; Romania; Russian Federation,Armenia; Austria; Canada; Iran; Italy; Latvia; Norway; Poland; Romania; Russian Federation; Slovakia; Ukraine,Terrestrial; terrestrial
Eucalyptus lehmannii,eucalyptus lehmannii,AngMaMyMy17557-00; AngMaMyMy17557-01; AngMaMyMy17557-01,Myrtaceae,Australia,NO,YES,0,10,10,,"Agulhas National Park, South Africa; Augrabies Falls National Park, South Africa; Garden Route National Park, South Africa; Golden Gate Highlands National Park, South Africa; South Africa; Table Mountain National Park, South Africa; Tankwa-Karoo National Park, South Africa; United States (Contiguous) (ver.2.0, 2022); West Coast National Park, South Africa; – Saint Helena, Saint Helena, Ascension and Tristan da Cunha","Agulhas National Park, South Africa; Augrabies Falls National Park, South Africa; Garden Route National Park, South Africa; Golden Gate Highlands National Park, South Africa; South Africa; Table Mountain National Park, South Africa; Tankwa-Karoo National Park, South Africa; United States (Contiguous) (ver.2.0, 2022); West Coast National Park, South Africa; – Saint Helena, Saint Helena, Ascension and Tristan da Cunha",Terrestrial; terrestrial
Ochroma pyramidale,ochroma pyramidale,AngMaMaMl33824-00; AngMaMaMl33824-01; AngMaMaMl33824-01,Malvaceae,Bolivia;Brazil;Ecuador;Panama;Peru,NO,YES,0,10,11,,"Democratic Republic of Congo; El Salvador; French Polynesia; Galápagos Islands, Ecuador; Guatemala; Honduras; India; Palau; Papua New Guinea; Seychelles","Cuba; Democratic Republic of Congo; El Salvador; French Polynesia; Galápagos Islands, Ecuador; Guatemala; Honduras; India; Palau; Papua New Guinea; Seychelles",Terrestrial; terrestrial
Liquidambar styraciflua,liquidambar styraciflua,AngMaSalt26954-00; AngMaSalt26954-01; AngMaSalt26954-01,Altingiaceae,NA,NO,YES,0,10,10,,"Belgium; Cyprus; France; Garden Route National Park, South Africa; Georgia; India; Iran; Italy; Portugal; South Africa","Belgium; Cyprus; France; Garden Route National Park, South Africa; Georgia; India; Iran; Italy; Portugal; South Africa",Terrestrial; terrestrial
Sequoia sempervirens,sequoia sempervirens,AngPiPiCp43483-00; AngPiPiCp43483-01,Cupressaceae,United States,NO,YES,0,10,10,,"Armenia; Australia; Garden Route National Park, South Africa; Great Britain; Iran; Ireland; Italy; Mexico; Portugal; Turkey","Armenia; Australia; Garden Route National Park, South Africa; Great Britain; Iran; Ireland; Italy; Mexico; Portugal; Turkey",Terrestrial; terrestrial
Liriodendron tulipifera,liriodendron tulipifera,AngMaMaMg26957-00; AngMaMaMg26957-01; AngMaMaMg26957-02; AngMaMaMg26957-03; AngMaMaMg26957-01,Magnoliaceae,Australia,NO,YES,0,10,11,,"- Croatia; Armenia; Austria; Belgium; Georgia; Hawaii, United States (ver.2.0, 2022); Ireland; Italy; Portugal; – Saint Helena, Saint Helena, Ascension and Tristan da Cunha","- Croatia; Armenia; Austria; Belgium; Georgia; Hawaii, United States (ver.2.0, 2022); Ireland; Italy; Portugal; Slovakia; – Saint Helena, Saint Helena, Ascension and Tristan da Cunha",Terrestrial; terrestrial
Acer palmatum,acer palmatum,AngMaSaSp0676-00; AngMaSaSp0676-01; AngMaSaSp0676-02; AngMaSaSp0676-03; AngMaSaSp0676-04; AngMaSaSp0676-05; AngMaSaSp0676-06; AngMaSaSp0676-07; AngMaSaSp0676-08; AngMaSaSp0676-09; AngMaSaSp0676-10; AngMaSaSp0676-11; AngMaSaSp0676-12; AngMaSaSp0676-13; AngMaSaSp0676-14; AngMaSaSp0676-15; AngMaSaSp0676-16; AngMaSaSp0676-17; AngMaSaSp0676-18; AngMaSaSp0676-19; AngMaSaSp0676-20; AngMaSaSp0676-21; AngMaSaSp0676-22; AngMaSaSp0676-23; AngMaSaSp0676-24,Sapindaceae,China;Japan;Taiwan;United States,NO,YES,0,10,10,,"- Croatia; Armenia; Australia; Belgium; France; Georgia; Italy; Mexico; Turkey; United States (Contiguous) (ver.2.0, 2022)","- Croatia; Armenia; Australia; Belgium; France; Georgia; Italy; Mexico; Turkey; United States (Contiguous) (ver.2.0, 2022)",Terrestrial; terrestrial
Melaleuca leucadendra,melaleuca leucadendra,AngMaMyMy29681-00; AngMaMyMy29681-01,Myrtaceae,Australia;Papua New Guinea,NO,YES,0,9,9,,"- Sao Tome and Principe; Dominican Republic; French Guiana; India; Kruger National Park, South Africa; Laos; Libya; South Africa; Suriname","- Sao Tome and Principe; Dominican Republic; French Guiana; India; Kruger National Park, South Africa; Laos; Libya; South Africa; Suriname",Terrestrial; terrestrial
Vernicia fordii,vernicia fordii,AngMaMaph49339-01,Euphorbiaceae,NA,NO,YES,0,9,9,,"- Japan; Australia; Eswatini (Swaziland); Georgia; India; Lord Howe Island, Australia; Malawi; South Africa; United States (Contiguous) (ver.2.0, 2022)","- Japan; Australia; Eswatini (Swaziland); Georgia; India; Lord Howe Island, Australia; Malawi; South Africa; United States (Contiguous) (ver.2.0, 2022)",Terrestrial; terrestrial
Eucalyptus saligna,eucalyptus saligna,AngMaMyMy17780-00; AngMaMyMy17780-01,Myrtaceae,Australia,NO,YES,0,9,9,,"Amani Forest Nature Reserve, Tanzania; Cuba; Ecuador; Golden Gate Highlands National Park, South Africa; Hawaii, United States (ver.2.0, 2022); India; Mara Ecosystem (Kenya, Tanzania); Rwanda; South Africa","Amani Forest Nature Reserve, Tanzania; Cuba; Ecuador; Golden Gate Highlands National Park, South Africa; Hawaii, United States (ver.2.0, 2022); India; Mara Ecosystem (Kenya, Tanzania); Rwanda; South Africa",Terrestrial; terrestrial
Juglans cinerea,juglans cinerea,AngMaFaJg25570-01,Juglandaceae,Afghanistan;Canada;Kyrgyzstan;Philippines;United States,NO,YES,0,9,9,,Belgium; Estonia; Italy; Latvia; Lithuania; Norway; Poland; Romania; Russian Federation,Belgium; Estonia; Italy; Latvia; Lithuania; Norway; Poland; Romania; Russian Federation,Freshwater; Terrestrial; terrestrial
Pinus cembra,pinus cembra,AngPiPiPn37017-00; AngPiPiPn37017-01,Pinaceae,NA,NO,YES,0,9,9,,- Croatia; Argentina; Armenia; Denmark; Estonia; Iceland; Ireland; Norway; Sweden,- Croatia; Argentina; Armenia; Denmark; Estonia; Iceland; Ireland; Norway; Sweden,Freshwater; Terrestrial; terrestrial
Senna multijuga,senna multijuga,AngMaFaFb43429-00; AngMaFaFb43429-01; AngMaFaFb43429-02; AngMaFaFb43429-03; AngMaFaFb43429-04; AngMaFaFb43429-01,Fabaceae,Bolivia;Brazil;Mexico;Peru;Venezuela,NO,YES,0,9,9,,"Australia; Barbados; East Usambara, Tanzania; Eswatini (Swaziland); Hawaii, United States (ver.2.0, 2022); Saint Vincent and the Grenadines; Seychelles; Sierra Leone; Trinidad and Tobago","Australia; Barbados; East Usambara, Tanzania; Eswatini (Swaziland); Hawaii, United States (ver.2.0, 2022); Saint Vincent and the Grenadines; Seychelles; Sierra Leone; Trinidad and Tobago",Terrestrial; terrestrial
Myristica fragrans,myristica fragrans,AngMaMaMy32755-01,Myristicaceae,Papua New Guinea,NO,YES,0,9,9,,"- Sao Tome and Principe; Democratic Republic of Congo; India; Laos; Mare-Aux-Cochons, Seychelles; Montserrat; Morne-Seychellois National Park, Seychelles; Seychelles; – Saint Helena, Saint Helena, Ascension and Tristan da Cunha","- Sao Tome and Principe; Democratic Republic of Congo; India; Laos; Mare-Aux-Cochons, Seychelles; Montserrat; Morne-Seychellois National Park, Seychelles; Seychelles; – Saint Helena, Saint Helena, Ascension and Tristan da Cunha",Terrestrial; terrestrial
Pithecellobium unguis-cati,pithecellobium unguis-cati,AngMaFaFb37348-00; AngMaFaFb37348-01,Fabaceae,NA,NO,YES,0,9,9,,"Curieuse Special Reserve, Seychelles; El Salvador; Guatemala; Guyana; Honduras; India; Seychelles; Venezuela; – British Indian Ocean Territory","Curieuse Special Reserve, Seychelles; El Salvador; Guatemala; Guyana; Honduras; India; Seychelles; Venezuela; – British Indian Ocean Territory",Terrestrial; terrestrial
Pittosporum crassifolium,pittosporum crassifolium,AngMaApPt37382-01,Pittosporaceae,Australia;New Zealand;Norfolk Island,NO,YES,0,9,9,,"Australia; Eswatini (Swaziland); Great Britain; India; Portugal; Prince Edward Island and Marion Island, South Africa; South Africa; United States (Contiguous) (ver.2.0, 2022); – Tristan da Cunha, Saint Helena, Ascension and Tristan da Cunha","Australia; Eswatini (Swaziland); Great Britain; India; Portugal; Prince Edward Island and Marion Island, South Africa; South Africa; United States (Contiguous) (ver.2.0, 2022); – Tristan da Cunha, Saint Helena, Ascension and Tristan da Cunha",Terrestrial; terrestrial
Ginkgo biloba,ginkgo biloba,AngGiGiGN21141-01,GINKGOACEAE,NA,NO,YES,0,9,9,,"- Croatia; - Japan; Armenia; Belgium; India; Iran; Italy; Romania; United States (Contiguous) (ver.2.0, 2022)","- Croatia; - Japan; Armenia; Belgium; India; Iran; Italy; Romania; United States (Contiguous) (ver.2.0, 2022)",Terrestrial; terrestrial
Ceratonia siliqua,ceratonia siliqua,AngMaFaFb8067-01,Fabaceae,Australia;Croatia;Cyprus;Spain,NO,YES,0,9,14,,"Australia; Democratic Republic of Congo; France; India; Iran; Mexico; Namibia; United States (Contiguous) (ver.2.0, 2022); – Saint Helena, Saint Helena, Ascension and Tristan da Cunha","Australia; Democratic Republic of Congo; France; Fuerteventura, Islas Canarias, Spain; Gran Canaria, Islas Canarias, Spain; India; Iran; La Gomera, Islas Canarias, Spain; Lanzarote, Islas Canarias, Spain; Mexico; Namibia; Tenerife, Islas Canarias, Spain; United States (Contiguous) (ver.2.0, 2022); – Saint Helena, Saint Helena, Ascension and Tristan da Cunha",Terrestrial; terrestrial
Tilia tomentosa,tilia tomentosa,AngMaMaMl47790-00; AngMaMaMl47790-01; AngMaMaMl47790-02; AngMaMaMl47790-03; AngMaMaMl47790-04; AngMaMaMl47790-01,Malvaceae,NA,NO,YES,0,9,9,,Austria; Belgium; Czechia; Denmark; Estonia; Italy; Liechtenstein; Portugal; Switzerland,Austria; Belgium; Czechia; Denmark; Estonia; Italy; Liechtenstein; Portugal; Switzerland,Freshwater; Terrestrial; terrestrial
Diospyros kaki,diospyros kaki,AngMaErbn14274-00; AngMaErbn14274-01; AngMaErbn14274-02; AngMaErbn14274-01,Ebenaceae,Azerbaijan,NO,YES,0,9,9,,- Croatia; Armenia; Australia; France; India; Italy; Laos; Libya; Spain,- Croatia; Armenia; Australia; France; India; Italy; Laos; Libya; Spain,Terrestrial; terrestrial
Clerodendrum indicum,clerodendrum indicum,AngMaLaLm9325-01,Lamiaceae,NA,NO,YES,0,8,8,,"Antigua and Barbuda; Barbados; French Guiana; Guyana; Saint Vincent and the Grenadines; Seychelles; Suriname; United States (Contiguous) (ver.2.0, 2022)","Antigua and Barbuda; Barbados; French Guiana; Guyana; Saint Vincent and the Grenadines; Seychelles; Suriname; United States (Contiguous) (ver.2.0, 2022)",Terrestrial; terrestrial
Inga edulis,inga edulis,AngMaFaFb24918-00; AngMaFaFb24918-01,Fabaceae,Bolivia;Brazil;Colombia;Ecuador;Mexico;Venezuela,NO,YES,0,8,8,,"- Sao Tome and Principe; Angola; Australia; El Salvador; Equatorial Guinea; Galápagos Islands, Ecuador; Guatemala; Honduras","- Sao Tome and Principe; Angola; Australia; El Salvador; Equatorial Guinea; Galápagos Islands, Ecuador; Guatemala; Honduras",Terrestrial
Phyllanthus acidus,phyllanthus acidus,AngMaMaPh36645-01,Phyllanthaceae,NA,NO,YES,0,8,8,,"Ecuador; Galápagos Islands, Ecuador; Hawaii, United States (ver.2.0, 2022); Maldives; Mexico; Montserrat; Seychelles; United States (Contiguous) (ver.2.0, 2022)","Ecuador; Galápagos Islands, Ecuador; Hawaii, United States (ver.2.0, 2022); Maldives; Mexico; Montserrat; Seychelles; United States (Contiguous) (ver.2.0, 2022)",Terrestrial; terrestrial
Abies grandis,abies grandis,AngPiPiPn0025-00; AngPiPiPn0025-01,Pinaceae,United States,NO,YES,0,8,9,,Belgium; Czechia; Denmark; France; Great Britain; Ireland; Norway; Sweden,Belgium; Czechia; Denmark; France; Great Britain; Ireland; Norway; Slovakia; Sweden,Terrestrial; terrestrial
Aralia elata,aralia elata,AngMaAprl3148-00; AngMaAprl3148-01; AngMaAprl3148-02; AngMaAprl3148-03; AngMaAprl3148-04; AngMaAprl3148-05; AngMaAprl3148-06; AngMaAprl3148-07; AngMaAprl3148-08; AngMaAprl3148-09; AngMaAprl3148-01,Araliaceae,China;Japan;Poland;Russia,NO,YES,0,8,8,,"Austria; Belgium; Canada; Great Britain; Ireland; Norway; Sweden; United States (Contiguous) (ver.2.0, 2022)","Austria; Belgium; Canada; Great Britain; Ireland; Norway; Sweden; United States (Contiguous) (ver.2.0, 2022)",Terrestrial; terrestrial
Juniperus chinensis,juniperus chinensis,AngPiPiCp25603-00; AngPiPiCp25603-01; AngPiPiCp25603-02; AngPiPiCp25603-03; AngPiPiCp25603-04; AngPiPiCp25603-05; AngPiPiCp25603-06; AngPiPiCp25603-07; AngPiPiCp25603-08; AngPiPiCp25603-09; AngPiPiCp25603-10; AngPiPiCp25603-11; AngPiPiCp25603-12; AngPiPiCp25603-13; AngPiPiCp25603-14; AngPiPiCp25603-15; AngPiPiCp25603-16; AngPiPiCp25603-17,Cupressaceae,Australia;Netherlands;Taiwan;United States,NO,YES,0,8,8,,"- Croatia; Armenia; Australia; India; Norway; Sweden; Turkey; United States (Contiguous) (ver.2.0, 2022)","- Croatia; Armenia; Australia; India; Norway; Sweden; Turkey; United States (Contiguous) (ver.2.0, 2022)",Terrestrial; terrestrial
Lagerstroemia speciosa,lagerstroemia speciosa,AngMaMyLy26160-00; AngMaMyLy26160-01; AngMaMyLy26160-01,Lythraceae,NA,NO,YES,0,8,8,,"Bangladesh; Costa Rica; Democratic Republic of Congo; East Usambara, Tanzania; French Guiana; Panama; Seychelles; South Africa","Bangladesh; Costa Rica; Democratic Republic of Congo; East Usambara, Tanzania; French Guiana; Panama; Seychelles; South Africa",Terrestrial; terrestrial
Melaleuca armillaris,melaleuca armillaris,AngMaMyMy29646-00; AngMaMyMy29646-01; AngMaMyMy29646-02; AngMaMyMy29646-03,Myrtaceae,Australia,NO,YES,0,8,8,,"Hawaii, United States (ver.2.0, 2022); India; Libya; Mara Ecosystem (Kenya, Tanzania); Portugal; South Africa; Turkey; United States (Contiguous) (ver.2.0, 2022)","Hawaii, United States (ver.2.0, 2022); India; Libya; Mara Ecosystem (Kenya, Tanzania); Portugal; South Africa; Turkey; United States (Contiguous) (ver.2.0, 2022)",Terrestrial; terrestrial
Syncarpia glomulifera,syncarpia glomulifera,AngMaMyMy45683-00; AngMaMyMy45683-01,Myrtaceae,Australia,NO,YES,0,8,8,,"- Cook Islands; Democratic Republic of Congo; Eswatini (Swaziland); Fiji; French Polynesia; Garden Route National Park, South Africa; Hawaii, United States (ver.2.0, 2022); South Africa","- Cook Islands; Democratic Republic of Congo; Eswatini (Swaziland); Fiji; French Polynesia; Garden Route National Park, South Africa; Hawaii, United States (ver.2.0, 2022); South Africa",Terrestrial; terrestrial
Enterolobium cyclocarpum,enterolobium cyclocarpum,AngMaFaFb16571-01,Fabaceae,Brazil;Mexico;Venezuela,NO,YES,0,8,8,,"Cuba; El Salvador; Guatemala; Hawaii, United States (ver.2.0, 2022); Honduras; India; Papua New Guinea; – British Indian Ocean Territory","Cuba; El Salvador; Guatemala; Hawaii, United States (ver.2.0, 2022); Honduras; India; Papua New Guinea; – British Indian Ocean Territory",Terrestrial; terrestrial
Pinus wallichiana,pinus wallichiana,GymPiPiPn37109-00; GymPiPiPn37109-01,Pinaceae,NA,NO,YES,0,8,9,,"Armenia; Belgium; Great Britain; Ireland; Italy; Portugal; Sweden; United States (Contiguous) (ver.2.0, 2022)","Armenia; Belgium; Great Britain; Ireland; Italy; Portugal; Slovakia; Sweden; United States (Contiguous) (ver.2.0, 2022)",Terrestrial; terrestrial
Spiraea cantoniensis,spiraea cantoniensis,AngMaRoRs44484-00; AngMaRoRs44484-01; AngMaRoRs44484-02; AngMaRoRs44484-03; AngMaRoRs44484-01,Rosaceae,Australia;New Zealand,NO,YES,0,8,8,,"Australia; Belgium; Georgia; India; Italy; Portugal; South Africa; United States (Contiguous) (ver.2.0, 2022)","Australia; Belgium; Georgia; India; Italy; Portugal; South Africa; United States (Contiguous) (ver.2.0, 2022)",Terrestrial; terrestrial
Tamarix parviflora,tamarix parviflora,AngMaCaTm46970-00; AngMaCaTm46970-01,Tamaricaceae,NA,NO,YES,0,8,8,,"Argentina; Australia; Austria; Belgium; France; Italy; Portugal; United States (Contiguous) (ver.2.0, 2022)","Argentina; Australia; Austria; Belgium; France; Italy; Portugal; United States (Contiguous) (ver.2.0, 2022)",Terrestrial; terrestrial
Myrtus communis,myrtus communis,AngMaMyMy33016-00; AngMaMyMy33016-01; AngMaMyMy33016-02; AngMaMyMy33016-03; AngMaMyMy33016-04; AngMaMyMy33016-05; AngMaMyMy33016-06; AngMaMyMy33016-07; AngMaMyMy33016-08; AngMaMyMy33016-09; AngMaMyMy33016-10; AngMaMyMy33016-11; AngMaMyMy33016-01,Myrtaceae,NA,NO,YES,0,7,7,,"Australia; Gran Canaria, Islas Canarias, Spain; Spain; Tenerife, Islas Canarias, Spain; United States (Contiguous) (ver.2.0, 2022); Yemen; – Saint Helena, Saint Helena, Ascension and Tristan da Cunha","Australia; Gran Canaria, Islas Canarias, Spain; Spain; Tenerife, Islas Canarias, Spain; United States (Contiguous) (ver.2.0, 2022); Yemen; – Saint Helena, Saint Helena, Ascension and Tristan da Cunha",Terrestrial; terrestrial
Acacia retinodes,acacia retinodes,AngMaFaFb0440-01,Fabaceae,Australia,NO,YES,0,7,8,,"Algeria; Ecuador; France; Hawaii, United States (ver.2.0, 2022); India; Turkey; United States (Contiguous) (ver.2.0, 2022)","Algeria; Ecuador; France; Hawaii, United States (ver.2.0, 2022); India; Mauritius; Turkey; United States (Contiguous) (ver.2.0, 2022)",Terrestrial
Euphorbia cotinifolia,euphorbia cotinifolia,AngMaMaph18830-00; AngMaMaph18830-01; AngMaMaph18830-01,Euphorbiaceae,NA,NO,YES,0,7,8,,"Burkina Faso; Democratic Republic of Congo; Ecuador; Galápagos Islands, Ecuador; India; Mara Ecosystem (Kenya, Tanzania); Rwanda","Burkina Faso; Comoros; Democratic Republic of Congo; Ecuador; Galápagos Islands, Ecuador; India; Mara Ecosystem (Kenya, Tanzania); Rwanda",Terrestrial
Platanus orientalis,platanus orientalis,AngMaPrPl37616-00; AngMaPrPl37616-01; AngMaPrPl37616-02; AngMaPrPl37616-01,Platanaceae,NA,NO,YES,0,7,8,,- Croatia; Belgium; Bosnia and Herzegovina; India; Ireland; Libya; Portugal,- Croatia; Belgium; Bosnia and Herzegovina; India; Ireland; Libya; Portugal; Slovakia,Terrestrial; terrestrial
Polyscias guilfoylei,polyscias guilfoylei,AngMaAprl38203-00; AngMaAprl38203-01,Araliaceae,NA,NO,YES,0,7,8,,"Anguilla; Cuba; Democratic Republic of Congo; Galápagos Islands, Ecuador; Marshall Islands; Seychelles; United States (Contiguous) (ver.2.0, 2022)","Anguilla; Cuba; Democratic Republic of Congo; Galápagos Islands, Ecuador; Marshall Islands; Mauritius; Seychelles; United States (Contiguous) (ver.2.0, 2022)",Terrestrial; terrestrial
Abies balsamea,abies balsamea,AngPiPiPn0009-00; AngPiPiPn0009-01; AngPiPiPn0009-01,Pinaceae,United States,NO,YES,0,7,7,,Denmark; Estonia; Finland; France; Lithuania; Norway; Sweden,Denmark; Estonia; Finland; France; Lithuania; Norway; Sweden,Freshwater; Terrestrial
Abies sibirica,abies sibirica,AngPiPiPn0046-00; AngPiPiPn0046-01; AngPiPiPn0046-02; AngPiPiPn0046-01,Pinaceae,Russia,NO,YES,0,7,7,,Armenia; Denmark; Estonia; Finland; Latvia; Norway; Sweden,Armenia; Denmark; Estonia; Finland; Latvia; Norway; Sweden,Freshwater; Terrestrial
Acer saccharum,acer saccharum,AngMaSaSp0695-00; AngMaSaSp0695-01; AngMaSaSp0695-02; AngMaSaSp0695-03; AngMaSaSp0695-04; AngMaSaSp0695-05; AngMaSaSp0695-06; AngMaSaSp0695-07; AngMaSaSp0695-08; AngMaSaSp0695-09; AngMaSaSp0695-01,Sapindaceae,Canada;United States,NO,YES,0,7,7,,Armenia; Austria; Estonia; Norway; Poland; Slovenia; Turkey,Armenia; Austria; Estonia; Norway; Poland; Slovenia; Turkey,Freshwater; Terrestrial
Phellodendron amurense,phellodendron amurense,AngMaSaRt36521-00; AngMaSaRt36521-01; AngMaSaRt36521-02; AngMaSaRt36521-03; AngMaSaRt36521-04; AngMaSaRt36521-05; AngMaSaRt36521-01,Rutaceae,NA,NO,YES,0,7,7,,"Armenia; Belarus; Canada; Estonia; Norway; Russian Federation; United States (Contiguous) (ver.2.0, 2022)","Armenia; Belarus; Canada; Estonia; Norway; Russian Federation; United States (Contiguous) (ver.2.0, 2022)",Freshwater; Terrestrial; terrestrial
Picea omorika,picea omorika,AngPiPiPn36847-00; AngPiPiPn36847-01,Pinaceae,NA,NO,YES,0,7,7,,- Croatia; Armenia; Belgium; Denmark; Great Britain; Norway; Sweden,- Croatia; Armenia; Belgium; Denmark; Great Britain; Norway; Sweden,Terrestrial; terrestrial
Picea orientalis,picea orientalis,GymPiPiPn36848-00; GymPiPiPn36848-01; GymPiPiPn36848-02; GymPiPiPn36848-01,Pinaceae,NA,NO,YES,0,7,7,,"Denmark; Ireland; Italy; Norway; Poland; Sweden; United States (Contiguous) (ver.2.0, 2022)","Denmark; Ireland; Italy; Norway; Poland; Sweden; United States (Contiguous) (ver.2.0, 2022)",Terrestrial; terrestrial
Populus simonii,populus simonii,AngMaMaSl38398-00; AngMaMaSl38398-01; AngMaMaSl38398-02; AngMaMaSl38398-03; AngMaMaSl38398-04; AngMaMaSl38398-05; AngMaMaSl38398-06; AngMaMaSl38398-07; AngMaMaSl38398-01,Salicaceae,NA,NO,YES,0,7,7,,"Armenia; Austria; Denmark; Norway; Russian Federation; Sweden; United States (Contiguous) (ver.2.0, 2022)","Armenia; Austria; Denmark; Norway; Russian Federation; Sweden; United States (Contiguous) (ver.2.0, 2022)",Terrestrial; terrestrial
Tsuga canadensis,tsuga canadensis,AngPiPiPn48483-00; AngPiPiPn48483-01; AngPiPiPn48483-01,Pinaceae,NA,NO,YES,0,7,7,,- Croatia; Belgium; Denmark; Lithuania; Norway; Poland; Sweden,- Croatia; Belgium; Denmark; Lithuania; Norway; Poland; Sweden,Terrestrial; terrestrial
Eucalyptus cinerea,eucalyptus cinerea,AngMaMyMy17342-00; AngMaMyMy17342-01; AngMaMyMy17342-02; AngMaMyMy17342-01,Myrtaceae,Australia;Ireland;United States,NO,YES,0,7,7,,"Dominican Republic; Georgia; Hawaii, United States (ver.2.0, 2022); Mapungupwe National Park, South Africa; Mokala National Park, South Africa; Rwanda; South Africa","Dominican Republic; Georgia; Hawaii, United States (ver.2.0, 2022); Mapungupwe National Park, South Africa; Mokala National Park, South Africa; Rwanda; South Africa",Terrestrial; terrestrial
Pandanus utilis,pandanus utilis,AngNAPaPn35629-01,Pandanaceae,;introduced,NO,YES,0,7,7,,"Anguilla; Curieuse Special Reserve, Seychelles; Kruger National Park, South Africa; Libya; Seychelles; South Africa; – Ascension Island, Saint Helena, Ascension and Tristan da Cunha","Anguilla; Curieuse Special Reserve, Seychelles; Kruger National Park, South Africa; Libya; Seychelles; South Africa; – Ascension Island, Saint Helena, Ascension and Tristan da Cunha",Brackish; Freshwater; Terrestrial; terrestrial
Leptospermum scoparium,leptospermum scoparium,AngMaMyMy26555-00; AngMaMyMy26555-01; AngMaMyMy26555-02; AngMaMyMy26555-03; AngMaMyMy26555-04; AngMaMyMy26555-05; AngMaMyMy26555-06; AngMaMyMy26555-01,Myrtaceae,Australia;New Zealand,NO,YES,0,7,7,,"- Cook Islands; Azores, Portugal; Garden Route National Park, South Africa; Great Britain; Hawaii, United States (ver.2.0, 2022); India; Madeira, Portugal","- Cook Islands; Azores, Portugal; Garden Route National Park, South Africa; Great Britain; Hawaii, United States (ver.2.0, 2022); India; Madeira, Portugal",Terrestrial; terrestrial
Quassia amara,quassia amara,AngMaSaSm40444-01,Simaroubaceae,Mexico,NO,YES,0,7,7,,- Sao Tome and Principe; French Guiana; Guyana; India; Philippines; Seychelles; Venezuela,- Sao Tome and Principe; French Guiana; Guyana; India; Philippines; Seychelles; Venezuela,Terrestrial; terrestrial
Catalpa ovata,catalpa ovata,AngMaLaBg7799-01,Bignoniaceae,United States,NO,YES,0,7,7,,"- Japan; Armenia; Belgium; Canada; Denmark; Italy; United States (Contiguous) (ver.2.0, 2022)","- Japan; Armenia; Belgium; Canada; Denmark; Italy; United States (Contiguous) (ver.2.0, 2022)",Terrestrial; terrestrial
Sterculia apetala,sterculia apetala,AngMaMaMl44759-00; AngMaMaMl44759-01; AngMaMaMl44759-01,Malvaceae,Brazil;Colombia;Costa Rica;Ecuador;Mexico;Nicaragua;Panama;United States,NO,YES,0,7,7,,"Cuba; Guatemala; Hawaii, United States (ver.2.0, 2022); Honduras; India; Montserrat; Trinidad and Tobago","Cuba; Guatemala; Hawaii, United States (ver.2.0, 2022); Honduras; India; Montserrat; Trinidad and Tobago",Terrestrial; terrestrial
Ptelea trifoliata,ptelea trifoliata,AngMaSaRt39988-00; AngMaSaRt39988-01; AngMaSaRt39988-02; AngMaSaRt39988-03; AngMaSaRt39988-04; AngMaSaRt39988-05; AngMaSaRt39988-06; AngMaSaRt39988-07; AngMaSaRt39988-08; AngMaSaRt39988-09; AngMaSaRt39988-10; AngMaSaRt39988-11; AngMaSaRt39988-12; AngMaSaRt39988-13; AngMaSaRt39988-14; AngMaSaRt39988-15; AngMaSaRt39988-16,Rutaceae,NA,NO,YES,0,7,9,,Austria; Belgium; Czechia; Germany; Lithuania; Poland; Russian Federation,Austria; Belgium; Czechia; Germany; Lithuania; Poland; Russian Federation; Slovakia; Ukraine,Terrestrial; terrestrial
Fraxinus ornus,fraxinus ornus,AngMaLalc20318-00; AngMaLalc20318-01; AngMaLalc20318-02; AngMaLalc20318-03; AngMaLalc20318-04; AngMaLalc20318-05; AngMaLalc20318-06; AngMaLalc20318-01,Oleaceae,NA,NO,YES,0,7,7,,Australia; Belgium; Czechia; Denmark; Germany; Great Britain; Portugal,Australia; Belgium; Czechia; Denmark; Germany; Great Britain; Portugal,Terrestrial; terrestrial
Crataegus crus-galli,crataegus crus-galli,AngMaRoRs11330-00; AngMaRoRs11330-01; AngMaRoRs11330-02; AngMaRoRs11330-03; AngMaRoRs11330-04; AngMaRoRs11330-05; AngMaRoRs11330-06; AngMaRoRs11330-07; AngMaRoRs11330-08; AngMaRoRs11330-09; AngMaRoRs11330-10; AngMaRoRs11330-11; AngMaRoRs11330-12; AngMaRoRs11330-13; AngMaRoRs11330-14; AngMaRoRs11330-15; AngMaRoRs11330-16; AngMaRoRs11330-01,Rosaceae,Canada;United States,NO,YES,0,7,7,,Australia; Czechia; Denmark; France; Great Britain; Italy; Russian Federation,Australia; Czechia; Denmark; France; Great Britain; Italy; Russian Federation,Terrestrial; terrestrial
Phoenix reclinata,phoenix reclinata,AngLiArrc36607-00; AngLiArrc36607-01,Arecaceae,;introduced;NA;native,NO,YES,0,6,10,,"Australia; Bermuda; Guyana; India; Suriname; United States (Contiguous) (ver.2.0, 2022)","Australia; Bermuda; Comoros; Guyana; India; Mwali (Mohéli), Comoros; Ndzuwani (Anjouan), Comoros; Ngazidja (Grande Comore), Comoros; Suriname; United States (Contiguous) (ver.2.0, 2022)",Terrestrial
Erythrina fusca,erythrina fusca,AngMaFaFb16793-01,Fabaceae,Brazil;Panama;United States,NO,YES,0,6,6,,"- Sao Tome and Principe; Equatorial Guinea; Galápagos Islands, Ecuador; Madagascar; Tonga; Vava'u group, Tonga","- Sao Tome and Principe; Equatorial Guinea; Galápagos Islands, Ecuador; Madagascar; Tonga; Vava'u group, Tonga",Terrestrial
Malus sylvestris,malus sylvestris,AngMaRoRs29126-00; AngMaRoRs29126-01; AngMaRoRs29126-02; AngMaRoRs29126-03; AngMaRoRs29126-04; AngMaRoRs29126-01,Rosaceae,Åland Islands;Bosnia & Herzegovina;Denmark;Iran;Italy;Latvia;Netherlands;Romania;Russia;Spain;Sweden;Switzerland;United Kingdom;United States,NO,YES,0,6,6,,"Argentina; India; Ireland; Socotra Archipelago, Yemen; Soqotra, Yemen; Yemen","Argentina; India; Ireland; Socotra Archipelago, Yemen; Soqotra, Yemen; Yemen",Terrestrial; terrestrial
Wigandia urens,wigandia urens,AngMaBoNm50151-00; AngMaBoNm50151-01; AngMaBoNm50151-02; AngMaBoNm50151-03; AngMaBoNm50151-04; AngMaBoNm50151-01,Namaceae,Australia,NO,YES,0,6,6,,"Australia; India; Madeira, Portugal; Portugal; United States (Contiguous) (ver.2.0, 2022); Zimbabwe","Australia; India; Madeira, Portugal; Portugal; United States (Contiguous) (ver.2.0, 2022); Zimbabwe",Terrestrial
Crotalaria longirostrata,crotalaria longirostrata,AngMaFaFb11605-01,Fabaceae,NA,NO,YES,0,6,6,,"El Salvador; Guatemala; Hawaii, United States (ver.2.0, 2022); Honduras; Jaluit Atoll, Marshall Islands; Marshall Islands","El Salvador; Guatemala; Hawaii, United States (ver.2.0, 2022); Honduras; Jaluit Atoll, Marshall Islands; Marshall Islands",Terrestrial
Pritchardia pacifica,pritchardia pacifica,AngNAParc38895-01,Arecaceae,;introduced,NO,YES,0,6,6,,"Huvalu Conservation Area, Niue; India; Marshall Islands; Niue; Seychelles; Tuvalu","Huvalu Conservation Area, Niue; India; Marshall Islands; Niue; Seychelles; Tuvalu",Terrestrial; terrestrial
Acer rufinerve,acer rufinerve,AngMaSaSp0693-00; AngMaSaSp0693-01,Sapindaceae,NA,NO,YES,0,6,6,,Belgium; Estonia; France; Germany; Great Britain; Norway,Belgium; Estonia; France; Germany; Great Britain; Norway,Freshwater; Terrestrial; terrestrial
Araucaria araucana,araucaria araucana,AngPiPirc3184-00; AngPiPirc3184-01,Araucariaceae,Chile;Croatia;United Kingdom,NO,YES,0,6,6,,Algeria; Belgium; Great Britain; Ireland; Libya; Norway,Algeria; Belgium; Great Britain; Ireland; Libya; Norway,Terrestrial; terrestrial
Carpinus betulus,carpinus betulus,AngMaFaBt7260-00; AngMaFaBt7260-01; AngMaFaBt7260-02; AngMaFaBt7260-03; AngMaFaBt7260-04; AngMaFaBt7260-05; AngMaFaBt7260-06; AngMaFaBt7260-01,Betulaceae,Austria;Bosnia & Herzegovina;France;Italy;Poland;Romania;Spain;Sweden;United Kingdom;United States,NO,YES,0,6,6,,"Estonia; Ireland; Norway; Portugal; Sweden; United States (Contiguous) (ver.2.0, 2022)","Estonia; Ireland; Norway; Portugal; Sweden; United States (Contiguous) (ver.2.0, 2022)",Freshwater; Terrestrial; terrestrial
Larix sibirica,larix sibirica,GymPiPiPn26223-00; GymPiPiPn26223-01,Pinaceae,NA,NO,YES,0,6,6,,Armenia; Estonia; Iceland; Norway; Russian Federation; Sweden,Armenia; Estonia; Iceland; Norway; Russian Federation; Sweden,Freshwater; Terrestrial; terrestrial
Pinus peuce,pinus peuce,AngPiPiPn37075-00; AngPiPiPn37075-01,Pinaceae,NA,NO,YES,0,6,7,,Denmark; Estonia; Great Britain; Norway; Poland; Sweden,Denmark; Estonia; Great Britain; Norway; Poland; Slovakia; Sweden,Freshwater; Terrestrial
Prunus cerasus,prunus cerasus,AngMaRoRs39127-00; AngMaRoRs39127-01; AngMaRoRs39127-02; AngMaRoRs39127-03; AngMaRoRs39127-04; AngMaRoRs39127-05; AngMaRoRs39127-06; AngMaRoRs39127-07; AngMaRoRs39127-08; AngMaRoRs39127-01,Rosaceae,Afghanistan;Azerbaijan;Bulgaria;Canada;Czechia;Denmark;Estonia;France;Germany;Greece;Hungary;Italy;Latvia;Netherlands;Pakistan;Poland;Romania;Russia;Spain;Switzerland;Turkey;Turkmenistan;United Kingdom;United States,NO,YES,0,6,7,,"Austria; Belgium; Canada; Great Britain; Norway; United States (Contiguous) (ver.2.0, 2022)","Austria; Belgium; Canada; Great Britain; Greece; Norway; United States (Contiguous) (ver.2.0, 2022)",Terrestrial; terrestrial
Fraxinus uhdei,fraxinus uhdei,AngMaLalc20335-01,Oleaceae,NA,NO,YES,0,6,6,,"Galápagos Islands, Ecuador; Guatemala; Hawaii, United States (ver.2.0, 2022); Honduras; India; United States (Contiguous) (ver.2.0, 2022)","Galápagos Islands, Ecuador; Guatemala; Hawaii, United States (ver.2.0, 2022); Honduras; India; United States (Contiguous) (ver.2.0, 2022)",Terrestrial
Carissa macrocarpa,carissa macrocarpa,AngMaGepc7243-01,Apocynaceae,Australia;Madagascar;Taiwan,NO,YES,0,6,6,,"Anguilla; Australia; Garden Route National Park, South Africa; Hawaii, United States (ver.2.0, 2022); India; United States (Contiguous) (ver.2.0, 2022)","Anguilla; Australia; Garden Route National Park, South Africa; Hawaii, United States (ver.2.0, 2022); India; United States (Contiguous) (ver.2.0, 2022)",Terrestrial; terrestrial
Camellia japonica,camellia japonica,AngMaErTh6790-00; AngMaErTh6790-01; AngMaErTh6790-02; AngMaErTh6790-03; AngMaErTh6790-04; AngMaErTh6790-05; AngMaErTh6790-01,Theaceae,Brazil;Canada;China;Japan;South Korea;Taiwan;United States,NO,YES,0,6,6,,"- Sao Tome and Principe; India; Mexico; Turkey; United States (Contiguous) (ver.2.0, 2022); – Saint Helena, Saint Helena, Ascension and Tristan da Cunha","- Sao Tome and Principe; India; Mexico; Turkey; United States (Contiguous) (ver.2.0, 2022); – Saint Helena, Saint Helena, Ascension and Tristan da Cunha",Terrestrial
Eucalyptus leucoxylon,eucalyptus leucoxylon,AngMaMyMy17564-00; AngMaMyMy17564-01; AngMaMyMy17564-02; AngMaMyMy17564-03; AngMaMyMy17564-04; AngMaMyMy17564-05; AngMaMyMy17564-06; AngMaMyMy17564-07; AngMaMyMy17564-08; AngMaMyMy17564-09; AngMaMyMy17564-01,Myrtaceae,Algeria;Australia;France;United States,NO,YES,0,6,6,,"France; India; Libya; Malta; South Africa; – Saint Helena, Saint Helena, Ascension and Tristan da Cunha","France; India; Libya; Malta; South Africa; – Saint Helena, Saint Helena, Ascension and Tristan da Cunha",Terrestrial; terrestrial
Pinus rigida,pinus rigida,AngPiPiPn37088-00; AngPiPiPn37088-01,Pinaceae,NA,NO,YES,0,6,6,,"Belarus; Belgium; Denmark; Italy; Russian Federation; – Saint Helena, Saint Helena, Ascension and Tristan da Cunha","Belarus; Belgium; Denmark; Italy; Russian Federation; – Saint Helena, Saint Helena, Ascension and Tristan da Cunha",Terrestrial; terrestrial
Cordia dichotoma,cordia dichotoma,AngMaBoCr10694-01,Cordiaceae,Australia;Indonesia;Timor-Leste;Vanuatu,NO,YES,0,6,7,,"Burkina Faso; Hawaii, United States (ver.2.0, 2022); Iran; Iraq; Maldives; United States (Contiguous) (ver.2.0, 2022)","Burkina Faso; Hawaii, United States (ver.2.0, 2022); Iran; Iraq; Maldives; Mauritius; United States (Contiguous) (ver.2.0, 2022)",Terrestrial; terrestrial
Cedrus libani,cedrus libani,AngPiPiPn7934-00; AngPiPiPn7934-01; AngPiPiPn7934-02; AngPiPiPn7934-01,Pinaceae,Cyprus;Turkey,NO,YES,0,6,6,,- Croatia; Armenia; Great Britain; Iran; Ireland; Portugal,- Croatia; Armenia; Great Britain; Iran; Ireland; Portugal,Terrestrial; terrestrial
Deutzia gracilis,deutzia gracilis,AngMaCoHy13649-00; AngMaCoHy13649-01; AngMaCoHy13649-02; AngMaCoHy13649-03; AngMaCoHy13649-04; AngMaCoHy13649-05; AngMaCoHy13649-01,Hydrangeaceae,NA,NO,YES,0,6,6,,"Armenia; Austria; Belgium; India; Italy; United States (Contiguous) (ver.2.0, 2022)","Armenia; Austria; Belgium; India; Italy; United States (Contiguous) (ver.2.0, 2022)",Terrestrial
Elaeagnus pungens,elaeagnus pungens,AngMaRolg15814-00; AngMaRolg15814-01; AngMaRolg15814-02; AngMaRolg15814-03; AngMaRolg15814-01,Elaeagnaceae,NA,NO,YES,0,6,7,,"Armenia; Belgium; Great Britain; Italy; Poland; United States (Contiguous) (ver.2.0, 2022)","Armenia; Belgium; Great Britain; Italy; Mauritius; Poland; United States (Contiguous) (ver.2.0, 2022)",Terrestrial; terrestrial
Magnolia grandiflora,magnolia grandiflora,AngMaMaMg28756-00; AngMaMaMg28756-01; AngMaMaMg28756-01,Magnoliaceae,Australia;United States,NO,YES,0,6,6,,- Croatia; Armenia; India; Ireland; Libya; Portugal,- Croatia; Armenia; India; Ireland; Libya; Portugal,Terrestrial; terrestrial
Metasequoia glyptostroboides,metasequoia glyptostroboides,AngPiPiCp30306-00; AngPiPiCp30306-01,Cupressaceae,Australia;Taiwan,NO,YES,0,6,7,,"Armenia; Belgium; Ireland; Mexico; South Africa; United States (Contiguous) (ver.2.0, 2022)","Armenia; Belgium; Ireland; Mexico; Slovakia; South Africa; United States (Contiguous) (ver.2.0, 2022)",Terrestrial; terrestrial
Fagus sylvatica,fagus sylvatica,AngMaFaFg19264-00; AngMaFaFg19264-01; AngMaFaFg19264-02; AngMaFaFg19264-03; AngMaFaFg19264-04; AngMaFaFg19264-05; AngMaFaFg19264-06; AngMaFaFg19264-07; AngMaFaFg19264-08; AngMaFaFg19264-09; AngMaFaFg19264-10; AngMaFaFg19264-11; AngMaFaFg19264-12; AngMaFaFg19264-13; AngMaFaFg19264-14; AngMaFaFg19264-15; AngMaFaFg19264-16; AngMaFaFg19264-17; AngMaFaFg19264-18; AngMaFaFg19264-19; AngMaFaFg19264-20; AngMaFaFg19264-21; AngMaFaFg19264-22; AngMaFaFg19264-01,Fagaceae,NA,NO,YES,0,6,6,,"Estonia; India; Ireland; Lithuania; Portugal; United States (Contiguous) (ver.2.0, 2022)","Estonia; India; Ireland; Lithuania; Portugal; United States (Contiguous) (ver.2.0, 2022)",Freshwater; Terrestrial; terrestrial
Crataegus coccinea,crataegus coccinea,AngMaRoRs11326-00; AngMaRoRs11326-01; AngMaRoRs11326-02; AngMaRoRs11326-03; AngMaRoRs11326-04; AngMaRoRs11326-05; AngMaRoRs11326-06; AngMaRoRs11326-07; AngMaRoRs11326-08; AngMaRoRs11326-01,Rosaceae,Canada;United States,NO,YES,0,6,7,,Belgium; Czechia; Great Britain; Italy; Poland; Russian Federation,Belgium; Czechia; Great Britain; Italy; Poland; Russian Federation; Ukraine,Terrestrial; terrestrial
Crataegus submollis,crataegus submollis,AngMaRoRs11403-01,Rosaceae,United States,NO,YES,0,6,6,,Estonia; Great Britain; Italy; Latvia; Russian Federation; Sweden,Estonia; Great Britain; Italy; Latvia; Russian Federation; Sweden,Freshwater; Terrestrial; terrestrial
Prunus spinosa,prunus spinosa,AngMaRoRs39254-00; AngMaRoRs39254-01; AngMaRoRs39254-02; AngMaRoRs39254-03; AngMaRoRs39254-04; AngMaRoRs39254-05; AngMaRoRs39254-06; AngMaRoRs39254-07; AngMaRoRs39254-08; AngMaRoRs39254-09; AngMaRoRs39254-10; AngMaRoRs39254-01,Rosaceae,Afghanistan;Albania;Andorra;Argentina;Armenia;Austria;Azerbaijan;Belgium;Bulgaria;Canada;Czechia;Estonia;Faroe Islands;France;Georgia;Germany;Greece;Guernsey;Hungary;Ireland;Italy;Jersey;Lebanon;Moldova;Namibia;Netherlands;New Zealand;Norway;Panama;Poland;Portugal;Romania;Russia;Slovenia;Spain;Sweden;Switzerland;Turkey;Turkmenistan;Ukraine;United Kingdom;United States;Uzbekistan,NO,YES,0,6,6,,"Australia; Bulgaria; Canada; Latvia; Russian Federation; United States (Contiguous) (ver.2.0, 2022)","Australia; Bulgaria; Canada; Latvia; Russian Federation; United States (Contiguous) (ver.2.0, 2022)",Terrestrial; terrestrial
Cotinus coggygria,cotinus coggygria,AngMaSanc11039-00; AngMaSanc11039-01; AngMaSanc11039-02; AngMaSanc11039-03; AngMaSanc11039-04; AngMaSanc11039-01,Anacardiaceae,NA,NO,YES,0,6,6,,"Belgium; Canada; Czechia; Germany; Great Britain; United States (Contiguous) (ver.2.0, 2022)","Belgium; Canada; Czechia; Germany; Great Britain; United States (Contiguous) (ver.2.0, 2022)",Terrestrial; terrestrial
Sorbus latifolia,sorbus latifolia,AngMaRoRs44363-01,Rosaceae,NA,NO,YES,0,6,6,,Belgium; Czechia; Denmark; Great Britain; Ireland; Sweden,Belgium; Czechia; Denmark; Great Britain; Ireland; Sweden,Terrestrial; terrestrial
Fuchsia paniculata,fuchsia paniculata,AngMaMyng20413-00; AngMaMyng20413-01; AngMaMyng20413-02; AngMaMyng20413-01,Onagraceae,NA,NO,YES,0,6,6,,"El Salvador; Guatemala; Hawaii, United States (ver.2.0, 2022); India; Madeira, Portugal; United States (Contiguous) (ver.2.0, 2022)","El Salvador; Guatemala; Hawaii, United States (ver.2.0, 2022); India; Madeira, Portugal; United States (Contiguous) (ver.2.0, 2022)",Terrestrial
Justicia spicigera,justicia spicigera,AngMaLacn25649-01,Acanthaceae,NA,NO,YES,0,6,6,,"Cuba; El Salvador; Guatemala; Hawaii, United States (ver.2.0, 2022); Honduras; United States (Contiguous) (ver.2.0, 2022)","Cuba; El Salvador; Guatemala; Hawaii, United States (ver.2.0, 2022); Honduras; United States (Contiguous) (ver.2.0, 2022)",Terrestrial; terrestrial
Clerodendrum japonicum,clerodendrum japonicum,AngMaLaLm9327-00; AngMaLaLm9327-01; AngMaLaLm9327-02; AngMaLaLm9327-01,Lamiaceae,NA,NO,YES,0,5,5,,"- Japan; American Samoa; Guyana; Suriname; United States (Contiguous) (ver.2.0, 2022)","- Japan; American Samoa; Guyana; Suriname; United States (Contiguous) (ver.2.0, 2022)",Terrestrial; terrestrial
Pandanus tectorius,pandanus tectorius,AngNAPaPn35623-00; AngNAPaPn35623-01; AngNAPaPn35623-01,Pandanaceae,;introduced,NO,YES,0,5,5,,"Ailinginae Atoll, Marshall Islands; Kruger National Park, South Africa; Rongelap Atoll, Marshall Islands; Seychelles; – British Indian Ocean Territory","Ailinginae Atoll, Marshall Islands; Kruger National Park, South Africa; Rongelap Atoll, Marshall Islands; Seychelles; – British Indian Ocean Territory",Brackish; Terrestrial; terrestrial
Cycas circinalis,cycas circinalis,AngCyCyCY12612-01,CYCADACEAE,NA,NO,YES,0,5,5,,"Galápagos Islands, Ecuador; Kruger National Park, South Africa; Marshall Islands; South Africa; United States (Contiguous) (ver.2.0, 2022)","Galápagos Islands, Ecuador; Kruger National Park, South Africa; Marshall Islands; South Africa; United States (Contiguous) (ver.2.0, 2022)",Terrestrial; terrestrial
Ficus rubiginosa,ficus rubiginosa,AngMaRoMr19947-00; AngMaRoMr19947-01,Moraceae,Australia;United States,NO,YES,0,5,5,,"- Cook Islands; Hawaii, United States (ver.2.0, 2022); Kwajalein Atoll, Marshall Islands; Marshall Islands; United States (Contiguous) (ver.2.0, 2022)","- Cook Islands; Hawaii, United States (ver.2.0, 2022); Kwajalein Atoll, Marshall Islands; Marshall Islands; United States (Contiguous) (ver.2.0, 2022)",Terrestrial; terrestrial
Macaranga tanarius,macaranga tanarius,AngMaMaph28139-00; AngMaMaph28139-01,Euphorbiaceae,Australia;Papua New Guinea,NO,YES,0,5,5,,"Ebon Atoll, Marshall Islands; Hawaii, United States (ver.2.0, 2022); Jaluit Atoll, Marshall Islands; Marshall Islands; Papua New Guinea","Ebon Atoll, Marshall Islands; Hawaii, United States (ver.2.0, 2022); Jaluit Atoll, Marshall Islands; Marshall Islands; Papua New Guinea",Terrestrial
Polyscias fruticosa,polyscias fruticosa,AngMaAprl38200-01,Araliaceae,NA,NO,YES,0,5,6,,"Anguilla; Galápagos Islands, Ecuador; Laos; Marshall Islands; Seychelles","Anguilla; Galápagos Islands, Ecuador; Laos; Marshall Islands; Mauritius; Seychelles",Terrestrial; terrestrial
Abies procera,abies procera,GymPiPiPn0042-01,Pinaceae,NA,NO,YES,0,5,5,,Denmark; Great Britain; Ireland; Norway; Sweden,Denmark; Great Britain; Ireland; Norway; Sweden,Terrestrial; terrestrial
Calocedrus decurrens,calocedrus decurrens,AngPiPiCp6498-00; AngPiPiCp6498-01,Cupressaceae,Mexico;United States,NO,YES,0,5,5,,Austria; Ireland; Italy; Norway; Portugal,Austria; Ireland; Italy; Norway; Portugal,Terrestrial; terrestrial
Crataegus flabellata,crataegus flabellata,AngMaRoRs11339-00; AngMaRoRs11339-02,Rosaceae,Canada;United States,NO,YES,0,5,5,,Czechia; Denmark; Norway; Poland; Sweden,Czechia; Denmark; Norway; Poland; Sweden,Terrestrial
Malus prunifolia,malus prunifolia,AngMaRoRs29121-00; AngMaRoRs29121-01; AngMaRoRs29121-01,Rosaceae,Afghanistan;China;Russia,NO,YES,0,5,5,,"Canada; Denmark; Norway; Russian Federation; United States (Contiguous) (ver.2.0, 2022)","Canada; Denmark; Norway; Russian Federation; United States (Contiguous) (ver.2.0, 2022)",Terrestrial; terrestrial
Araucaria columnaris,araucaria columnaris,AngPiPirc3188-00; AngPiPirc3188-01,Araucariaceae,Australia;Vanuatu,NO,YES,0,5,6,,"Atoll Funafuti, Tuvalu; Hawaii, United States (ver.2.0, 2022); India; Seychelles; – British Indian Ocean Territory","Atoll Funafuti, Tuvalu; Bangladesh; Hawaii, United States (ver.2.0, 2022); India; Seychelles; – British Indian Ocean Territory",Terrestrial; terrestrial
Mimusops coriacea,mimusops coriacea,AngMaErSp31397-01,Sapotaceae,NA,NO,YES,0,5,5,,"Mare-Aux-Cochons, Seychelles; Morne-Seychellois National Park, Seychelles; Seychelles; United States (Contiguous) (ver.2.0, 2022); – British Indian Ocean Territory","Mare-Aux-Cochons, Seychelles; Morne-Seychellois National Park, Seychelles; Seychelles; United States (Contiguous) (ver.2.0, 2022); – British Indian Ocean Territory",Terrestrial; terrestrial
Brunfelsia pauciflora,brunfelsia pauciflora,AngMaSoSl5864-00; AngMaSoSl5864-01; AngMaSoSl5864-01,Solanaceae,Brazil;United States,NO,YES,0,5,5,,"Democratic Republic of Congo; India; Kruger National Park, South Africa; Rwanda; South Africa","Democratic Republic of Congo; India; Kruger National Park, South Africa; Rwanda; South Africa",Terrestrial; terrestrial
Harpephyllum caffrum,harpephyllum caffrum,AngMaSanc22808-01,Anacardiaceae,Australia,NO,YES,0,5,5,,"Australia; Kruger National Park, South Africa; Lord Howe Island, Australia; South Africa; – Saint Helena, Saint Helena, Ascension and Tristan da Cunha","Australia; Kruger National Park, South Africa; Lord Howe Island, Australia; South Africa; – Saint Helena, Saint Helena, Ascension and Tristan da Cunha",Terrestrial; terrestrial
Mussaenda frondosa,mussaenda frondosa,AngMaGeRb32077-01,Rubiaceae,China;Papua New Guinea;Sri Lanka,NO,YES,0,5,5,,"- Indonesia; Australia; Kruger National Park, South Africa; Seychelles; South Africa","- Indonesia; Australia; Kruger National Park, South Africa; Seychelles; South Africa",Terrestrial; terrestrial
Pachira glabra,pachira glabra,AngMaMaMl35052-01,Malvaceae,Argentina;Brazil,NO,YES,0,5,5,,"- Sao Tome and Principe; Angola; Chad; Democratic Republic of Congo; Kruger National Park, South Africa","- Sao Tome and Principe; Angola; Chad; Democratic Republic of Congo; Kruger National Park, South Africa",Terrestrial
Licuala spinosa,licuala spinosa,AngNAParc26813-01,Arecaceae,;introducedAssistedColonisation;native,NO,YES,0,5,5,,"Hawaii, United States (ver.2.0, 2022); India; Praslin National Park, Seychelles; Seychelles; Vallée de Mai Nature Reserve, Seychelles","Hawaii, United States (ver.2.0, 2022); India; Praslin National Park, Seychelles; Seychelles; Vallée de Mai Nature Reserve, Seychelles",Terrestrial; terrestrial
Cnidoscolus aconitifolius,cnidoscolus aconitifolius,AngMaMaph9727-00; AngMaMaph9727-01; AngMaMaph9727-01,Euphorbiaceae,NA,NO,YES,0,5,5,,"Cuba; El Salvador; Galápagos Islands, Ecuador; Guatemala; Honduras","Cuba; El Salvador; Galápagos Islands, Ecuador; Guatemala; Honduras",Terrestrial; terrestrial
Malpighia emarginata,malpighia emarginata,AngMaMaMl29080-00; AngMaMaMl29080-01; AngMaMaMl29080-02; AngMaMaMl29080-03; AngMaMaMl29080-04,Malpighiaceae,NA,NO,YES,0,5,5,,"Galápagos Islands, Ecuador; India; Saint Barthelemy; Saint Martin (French part); United States (Contiguous) (ver.2.0, 2022)","Galápagos Islands, Ecuador; India; Saint Barthelemy; Saint Martin (French part); United States (Contiguous) (ver.2.0, 2022)",Terrestrial
Pyracantha koidzumii,pyracantha koidzumii,AngMaRoRs40232-01,Rosaceae,Taiwan,NO,YES,0,5,5,,"Australia; Galápagos Islands, Ecuador; Hawaii, United States (ver.2.0, 2022); South Africa; United States (Contiguous) (ver.2.0, 2022)","Australia; Galápagos Islands, Ecuador; Hawaii, United States (ver.2.0, 2022); South Africa; United States (Contiguous) (ver.2.0, 2022)",Terrestrial; terrestrial
Afrocarpus falcatus,afrocarpus falcatus,AngPiPiPd1238-00; AngPiPiPd1238-01,Podocarpaceae,Australia;Kenya;South Africa,NO,YES,0,5,5,,"Australia; Hawaii, United States (ver.2.0, 2022); South Africa; Table Mountain National Park, South Africa; Tankwa-Karoo National Park, South Africa","Australia; Hawaii, United States (ver.2.0, 2022); South Africa; Table Mountain National Park, South Africa; Tankwa-Karoo National Park, South Africa",Terrestrial; terrestrial
Araucaria bidwillii,araucaria bidwillii,AngPiPirc3186-00; AngPiPirc3186-01,Araucariaceae,Australia,NO,YES,0,5,5,,"Algeria; India; Lord Howe Island, Australia; South Africa; – Ascension Island, Saint Helena, Ascension and Tristan da Cunha","Algeria; India; Lord Howe Island, Australia; South Africa; – Ascension Island, Saint Helena, Ascension and Tristan da Cunha",Terrestrial; terrestrial
Corymbia ficifolia,corymbia ficifolia,AngMaMyMy10959-01,Myrtaceae,Australia;South Africa,NO,YES,0,5,5,,"Eswatini (Swaziland); Garden Route National Park, South Africa; Hawaii, United States (ver.2.0, 2022); India; South Africa","Eswatini (Swaziland); Garden Route National Park, South Africa; Hawaii, United States (ver.2.0, 2022); India; South Africa",Terrestrial; terrestrial
Eucalyptus microcorys,eucalyptus microcorys,AngMaMyMy17608-01,Myrtaceae,Australia,NO,YES,0,5,5,,"Garden Route National Park, South Africa; Hawaii, United States (ver.2.0, 2022); India; Rwanda; South Africa","Garden Route National Park, South Africa; Hawaii, United States (ver.2.0, 2022); India; Rwanda; South Africa",Terrestrial; terrestrial
Eucalyptus polyanthemos,eucalyptus polyanthemos,AngMaMyMy17713-00; AngMaMyMy17713-01; AngMaMyMy17713-02; AngMaMyMy17713-03; AngMaMyMy17713-01,Myrtaceae,Australia;United States,NO,YES,0,5,5,,"India; Portugal; Rwanda; United States (Contiguous) (ver.2.0, 2022); – Saint Helena, Saint Helena, Ascension and Tristan da Cunha","India; Portugal; Rwanda; United States (Contiguous) (ver.2.0, 2022); – Saint Helena, Saint Helena, Ascension and Tristan da Cunha",Terrestrial
Nephelium lappaceum,nephelium lappaceum,AngMaSaSp33490-00; AngMaSaSp33490-01; AngMaSaSp33490-02; AngMaSaSp33490-01,Sapindaceae,NA,NO,YES,0,5,5,,"Angola; Democratic Republic of Congo; Laos; Seychelles; – Saint Helena, Saint Helena, Ascension and Tristan da Cunha","Angola; Democratic Republic of Congo; Laos; Seychelles; – Saint Helena, Saint Helena, Ascension and Tristan da Cunha",Terrestrial; terrestrial
Bombax ceiba,bombax ceiba,AngMaMaMl5288-00; AngMaMaMl5288-01,Malvaceae,Australia;India,NO,YES,0,5,5,,Afghanistan; Bangladesh; Iraq; Laos; Seychelles,Afghanistan; Bangladesh; Iraq; Laos; Seychelles,Terrestrial; terrestrial
Acacia holosericea,acacia holosericea,AngMaFaFb0284-00; AngMaFaFb0284-01,Fabaceae,Australia,NO,YES,0,5,5,,- Cook Islands; Brazil; Brunei Darussalam; Burkina Faso; India,- Cook Islands; Brazil; Brunei Darussalam; Burkina Faso; India,Terrestrial; terrestrial
Pistacia vera,pistacia vera,AngMaSanc37327-01,Anacardiaceae,Afghanistan;Australia;Azerbaijan;Cyprus;France;Greece;Iran;Iraq;Israel;Italy;Kazakhstan;Kyrgyzstan;Palestinian Territories;Russia;Spain;Syria;Tajikistan;Tunisia;United States;Uzbekistan,NO,YES,0,5,5,,"- Croatia; Armenia; Libya; Rwanda; United States (Contiguous) (ver.2.0, 2022)","- Croatia; Armenia; Libya; Rwanda; United States (Contiguous) (ver.2.0, 2022)",Terrestrial; terrestrial
Vernicia montana,vernicia montana,AngMaMaph49340-01,Euphorbiaceae,NA,NO,YES,0,5,5,,"Angola; Democratic Republic of Congo; Hawaii, United States (ver.2.0, 2022); India; South Africa","Angola; Democratic Republic of Congo; Hawaii, United States (ver.2.0, 2022); India; South Africa",Terrestrial; terrestrial
Diospyros lotus,diospyros lotus,AngMaErbn14322-00; AngMaErbn14322-01,Ebenaceae,Australia;Azerbaijan,NO,YES,0,5,7,,- Croatia; Albania; France; Italy; Switzerland,- Croatia; Albania; France; Greece; Italy; Slovakia; Switzerland,Terrestrial; terrestrial
Crataegus rhipidophylla,crataegus rhipidophylla,AngMaRoRs11390-00; AngMaRoRs11390-01; AngMaRoRs11390-01,Rosaceae,Sweden,NO,YES,0,5,5,,Argentina; Armenia; Australia; Great Britain; Russian Federation,Argentina; Armenia; Australia; Great Britain; Russian Federation,Terrestrial; terrestrial
Juglans mandshurica,juglans mandshurica,AngMaFaJg25574-00; AngMaFaJg25574-01; AngMaFaJg25574-02; AngMaFaJg25574-01,Juglandaceae,Afghanistan;China;Estonia;France;Japan;Kyrgyzstan;Netherlands;North Korea;Russia;South Korea;Taiwan;Ukraine;United States,NO,YES,0,5,5,,"Armenia; Belgium; Estonia; Russian Federation; United States (Contiguous) (ver.2.0, 2022)","Armenia; Belgium; Estonia; Russian Federation; United States (Contiguous) (ver.2.0, 2022)",Freshwater; Terrestrial; terrestrial
Sequoiadendron giganteum,sequoiadendron giganteum,AngPiPiCp43484-00; AngPiPiCp43484-01,Cupressaceae,United States,NO,YES,0,5,5,,Armenia; Belgium; Great Britain; Ireland; Turkey,Armenia; Belgium; Great Britain; Ireland; Turkey,Terrestrial; terrestrial
Pinus brutia,pinus brutia,AngPiPiPn37013-00; AngPiPiPn37013-01; AngPiPiPn37013-02; AngPiPiPn37013-03; AngPiPiPn37013-04; AngPiPiPn37013-01,Pinaceae,NA,NO,YES,0,5,5,,"Australia; Iran; Israel; Portugal; United States (Contiguous) (ver.2.0, 2022)","Australia; Iran; Israel; Portugal; United States (Contiguous) (ver.2.0, 2022)",Terrestrial; terrestrial
Elaeagnus multiflora,elaeagnus multiflora,AngMaRolg15810-00; AngMaRolg15810-01; AngMaRolg15810-02; AngMaRolg15810-03; AngMaRolg15810-04; AngMaRolg15810-05; AngMaRolg15810-06; AngMaRolg15810-01,Elaeagnaceae,NA,NO,YES,0,5,5,,"Belgium; Bulgaria; France; Libya; United States (Contiguous) (ver.2.0, 2022)","Belgium; Bulgaria; France; Libya; United States (Contiguous) (ver.2.0, 2022)",Terrestrial; terrestrial
Khaya senegalensis,khaya senegalensis,AngMaSaMl25752-00; AngMaSaMl25752-01,Meliaceae,Australia,NO,YES,0,5,6,,"Australia; India; Libya; Seychelles; United States (Contiguous) (ver.2.0, 2022)","Australia; India; Libya; Seychelles; Singapore; United States (Contiguous) (ver.2.0, 2022)",Terrestrial; terrestrial
Rhus coriaria,rhus coriaria,AngMaSanc41610-01,Anacardiaceae,NA,NO,YES,0,5,5,,"France; Great Britain; Libya; Madeira, Portugal; Portugal","France; Great Britain; Libya; Madeira, Portugal; Portugal",Terrestrial
Corylus colurna,corylus colurna,AngMaFaBt10911-00; AngMaFaBt10911-01,Betulaceae,Azerbaijan,NO,YES,0,5,6,,- Croatia; Austria; Belgium; Czechia; Great Britain,- Croatia; Austria; Belgium; Czechia; Great Britain; Slovakia,Terrestrial; terrestrial
Salix eriocephala,salix eriocephala,AngMaMaSl42270-00; AngMaMaSl42270-01; AngMaMaSl42270-02; AngMaMaSl42270-03; AngMaMaSl42270-04; AngMaMaSl42270-05; AngMaMaSl42270-01,Salicaceae,NA,NO,YES,0,5,5,,Belgium; Denmark; Great Britain; Italy; Poland,Belgium; Denmark; Great Britain; Italy; Poland,Terrestrial; terrestrial
Cereus hildmannianus,cereus hildmannianus,AngMaCaCc8104-00; AngMaCaCc8104-01; AngMaCaCc8104-02; AngMaCaCc8104-01,Cactaceae,Australia;Brazil;Uruguay,NO,YES,0,5,5,,"Australia; Hawaii, United States (ver.2.0, 2022); India; Italy; South Africa","Australia; Hawaii, United States (ver.2.0, 2022); India; Italy; South Africa",Terrestrial; terrestrial
Garcinia xanthochymus,garcinia xanthochymus,AngMaMaCl20810-01,Clusiaceae,NA,NO,YES,0,5,6,,"- Cook Islands; Australia; Democratic Republic of Congo; Pohnpei, Federated States of Micronesia; Seychelles","- Cook Islands; Australia; Democratic Republic of Congo; Federated States of Micronesia; Pohnpei, Federated States of Micronesia; Seychelles",Terrestrial; terrestrial
Parmentiera aculeata,parmentiera aculeata,AngMaLaBg35898-01,Bignoniaceae,NA,NO,YES,0,5,5,,Australia; Cuba; El Salvador; Guatemala; Honduras,Australia; Cuba; El Salvador; Guatemala; Honduras,Terrestrial; terrestrial
Viburnum tinus,viburnum tinus,AngMaDiVb49452-00; AngMaDiVb49452-01; AngMaDiVb49452-02; AngMaDiVb49452-03; AngMaDiVb49452-01,Viburnaceae,NA,NO,YES,0,5,5,,"Australia; Belgium; Great Britain; Ireland; United States (Contiguous) (ver.2.0, 2022)","Australia; Belgium; Great Britain; Ireland; United States (Contiguous) (ver.2.0, 2022)",Terrestrial; terrestrial
Albizia niopoides,albizia niopoides,AngMaFaFb1657-00; AngMaFaFb1657-01; AngMaFaFb1657-01,Fabaceae,Argentina;Bolivia;Brazil;Mexico;Paraguay;Peru;United States;Venezuela,NO,YES,0,5,5,,"El Salvador; Guatemala; Hawaii, United States (ver.2.0, 2022); Honduras; India","El Salvador; Guatemala; Hawaii, United States (ver.2.0, 2022); Honduras; India",Terrestrial
Eucalyptus botryoides,eucalyptus botryoides,AngMaMyMy17289-00; AngMaMyMy17289-01,Myrtaceae,Australia;Japan;New Zealand,NO,YES,0,5,5,,"France; Hawaii, United States (ver.2.0, 2022); India; Portugal; South Africa","France; Hawaii, United States (ver.2.0, 2022); India; Portugal; South Africa",Terrestrial; terrestrial
Salix pentandra,salix pentandra,AngMaMaSl42324-00; AngMaMaSl42324-01; AngMaMaSl42324-02; AngMaMaSl42324-03; AngMaMaSl42324-04; AngMaMaSl42324-01,Salicaceae,NA,NO,YES,0,5,5,,"Alaska, United States (ver.2.0, 2022); Belgium; Canada; Iceland; United States (Contiguous) (ver.2.0, 2022)","Alaska, United States (ver.2.0, 2022); Belgium; Canada; Iceland; United States (Contiguous) (ver.2.0, 2022)",Terrestrial; terrestrial
Brugmansia arborea,brugmansia arborea,AngMaSoSl5789-01,Solanaceae,NA,NO,YES,0,4,4,,"India; Kruger National Park, South Africa; Malawi; South Africa","India; Kruger National Park, South Africa; Malawi; South Africa",Terrestrial; terrestrial
Conocarpus lancifolius,conocarpus lancifolius,AngMaMyCm10552-01,Combretaceae,NA,NO,YES,0,4,4,,Iran; Iraq; Qatar; Yemen,Iran; Iraq; Qatar; Yemen,Terrestrial; terrestrial
Eucalyptus torquata,eucalyptus torquata,AngMaMyMy17858-01,Myrtaceae,Australia,NO,YES,0,4,4,,"Libya; Madagascar; United States (Contiguous) (ver.2.0, 2022); Yemen","Libya; Madagascar; United States (Contiguous) (ver.2.0, 2022); Yemen",Terrestrial; terrestrial
Kigelia africana,kigelia africana,AngMaLaBg25796-00; AngMaLaBg25796-01; AngMaLaBg25796-02; AngMaLaBg25796-01,Bignoniaceae,Australia,NO,YES,0,4,4,,Cuba; Ecuador; Laos; Maldives,Cuba; Ecuador; Laos; Maldives,Terrestrial; terrestrial
Adonidia merrillii,adonidia merrillii,AngNAParc1108-01,Arecaceae,,NO,YES,0,4,4,,Anguilla; India; Mexico; Saint Kitts and Nevis,Anguilla; India; Mexico; Saint Kitts and Nevis,Terrestrial; terrestrial
Cupressus torulosa,cupressus torulosa,AngPiPiCp12452-00; AngPiPiCp12452-01; AngPiPiCp12452-01,Cupressaceae,NA,NO,YES,0,4,4,,"Australia; Libya; Zimbabwe; – Saint Helena, Saint Helena, Ascension and Tristan da Cunha","Australia; Libya; Zimbabwe; – Saint Helena, Saint Helena, Ascension and Tristan da Cunha",Terrestrial
Couroupita guianensis,couroupita guianensis,AngMaErLc11142-00; AngMaErLc11142-01,Lecythidaceae,Brazil;Nicaragua,NO,YES,0,4,4,,India; Laos; Marshall Islands; Seychelles,India; Laos; Marshall Islands; Seychelles,Terrestrial; terrestrial
Euphorbia neriifolia,euphorbia neriifolia,AngMaMaph18897-01,Euphorbiaceae,NA,NO,YES,0,4,4,,- Japan; Costa Rica; Cuba; Marshall Islands,- Japan; Costa Rica; Cuba; Marshall Islands,Terrestrial; terrestrial
Howea forsteriana,howea forsteriana,AngNAParc24099-01,Arecaceae,,NO,YES,0,4,5,,"India; Majuro Atoll, Marshall Islands; Marshall Islands; Pohnpei, Federated States of Micronesia","Federated States of Micronesia; India; Majuro Atoll, Marshall Islands; Marshall Islands; Pohnpei, Federated States of Micronesia",Terrestrial
Macadamia integrifolia,macadamia integrifolia,AngMaPrPr27911-00; AngMaPrPr27911-01,Proteaceae,Australia;United States,NO,YES,0,4,4,,"Hawaii, United States (ver.2.0, 2022); Marshall Islands; Peru; South Africa","Hawaii, United States (ver.2.0, 2022); Marshall Islands; Peru; South Africa",Terrestrial; terrestrial
Abies cephalonica,abies cephalonica,AngPiPiPn0012-00; AngPiPiPn0012-01,Pinaceae,NA,NO,YES,0,4,4,,France; Great Britain; Italy; Norway,France; Great Britain; Italy; Norway,Terrestrial
Cercidiphyllum japonicum,cercidiphyllum japonicum,AngMaSaCr8084-00; AngMaSaCr8084-01; AngMaSaCr8084-01,Cercidiphyllaceae,United States,NO,YES,0,4,4,,"Belgium; Ireland; Norway; United States (Contiguous) (ver.2.0, 2022)","Belgium; Ireland; Norway; United States (Contiguous) (ver.2.0, 2022)",Terrestrial; terrestrial
Euonymus latifolius,euonymus latifolius,AngMaCeCl18758-00; AngMaCeCl18758-01; AngMaCeCl18758-02; AngMaCeCl18758-01,Celastraceae,Azerbaijan;Spain;Turkey,NO,YES,0,4,5,,Belgium; Estonia; Great Britain; Norway,Belgium; Estonia; Great Britain; Norway; Ukraine,Freshwater; Terrestrial; terrestrial
Prunus pensylvanica,prunus pensylvanica,AngMaRoRs39219-00; AngMaRoRs39219-01; AngMaRoRs39219-02; AngMaRoRs39219-01,Rosaceae,Afghanistan;Canada;Cuba;United States,NO,YES,0,4,5,,Finland; Great Britain; Norway; Sweden,Finland; Great Britain; Norway; Sweden; Ukraine,Terrestrial
Prunus virginiana,prunus virginiana,AngMaRoRs39285-00; AngMaRoRs39285-01; AngMaRoRs39285-02; AngMaRoRs39285-03; AngMaRoRs39285-04; AngMaRoRs39285-01,Rosaceae,Canada;United States,NO,YES,0,4,5,,"Alaska, United States (ver.2.0, 2022); Austria; Belgium; Norway","Alaska, United States (ver.2.0, 2022); Austria; Belgium; Norway; Ukraine",Terrestrial; terrestrial
Eucalyptus gunnii,eucalyptus gunnii,AngMaMyMy17502-00; AngMaMyMy17502-01; AngMaMyMy17502-01,Myrtaceae,Australia;United Kingdom;United States,NO,YES,0,4,4,,Great Britain; Ireland; Portugal; – Falkland Islands (Islas Malvinas),Great Britain; Ireland; Portugal; – Falkland Islands (Islas Malvinas),Terrestrial; terrestrial
Morus rubra,morus rubra,AngMaRoMr31895-00; AngMaRoMr31895-01,Moraceae,NA,NO,YES,0,4,4,,"Garden Route National Park, South Africa; Kruger National Park, South Africa; Mokala National Park, South Africa; Mountain Zebra National Park, South Africa","Garden Route National Park, South Africa; Kruger National Park, South Africa; Mokala National Park, South Africa; Mountain Zebra National Park, South Africa",Terrestrial
Raphia farinifera,raphia farinifera,AngNAParc40965-01,Arecaceae,;introduced,NO,YES,0,4,6,,"Madagascar; Mare-Aux-Cochons, Seychelles; Morne-Seychellois National Park, Seychelles; Seychelles","Comoros; Madagascar; Mare-Aux-Cochons, Seychelles; Morne-Seychellois National Park, Seychelles; Mwali (Mohéli), Comoros; Seychelles",Terrestrial; terrestrial
Protea laurifolia,protea laurifolia,AngMaPrPr38956-01,Proteaceae,NA,NO,YES,0,4,4,,"Bontebok National Park, South Africa; South Africa; Table Mountain National Park, South Africa; Tankwa-Karoo National Park, South Africa","Bontebok National Park, South Africa; South Africa; Table Mountain National Park, South Africa; Tankwa-Karoo National Park, South Africa",Terrestrial; terrestrial
Gardenia jasminoides,gardenia jasminoides,AngMaGeRb20847-00; AngMaGeRb20847-01; AngMaGeRb20847-02; AngMaGeRb20847-03; AngMaGeRb20847-04; AngMaGeRb20847-01,Rubiaceae,China;Japan;Taiwan,NO,YES,0,4,4,,"Democratic Republic of Congo; Kruger National Park, South Africa; Seychelles; South Africa","Democratic Republic of Congo; Kruger National Park, South Africa; Seychelles; South Africa",Terrestrial; terrestrial
Litchi chinensis,litchi chinensis,AngMaSaSp26967-00; AngMaSaSp26967-01; AngMaSaSp26967-02; AngMaSaSp26967-01,Sapindaceae,NA,NO,YES,0,4,5,,"Brunei Darussalam; Kruger National Park, South Africa; Seychelles; South Africa","Brunei Darussalam; Comoros; Kruger National Park, South Africa; Seychelles; South Africa",Terrestrial; terrestrial
Sabal palmetto,sabal palmetto,AngLiArrc42159-00; AngLiArrc42159-01,Arecaceae,;NA,NO,YES,0,4,4,,"Australia; India; Kruger National Park, South Africa; South Africa","Australia; India; Kruger National Park, South Africa; South Africa",Terrestrial; terrestrial
Stenocarpus sinuatus,stenocarpus sinuatus,AngMaPrPr44657-01,Proteaceae,Australia,NO,YES,0,4,4,,"Kruger National Park, South Africa; South Africa; Table Mountain National Park, South Africa; Tankwa-Karoo National Park, South Africa","Kruger National Park, South Africa; South Africa; Table Mountain National Park, South Africa; Tankwa-Karoo National Park, South Africa",Terrestrial; terrestrial
Dillenia indica,dillenia indica,AngMaDiDl13903-01,Dilleniaceae,NA,NO,YES,0,4,4,,"- Sao Tome and Principe; Democratic Republic of Congo; Galápagos Islands, Ecuador; Seychelles","- Sao Tome and Principe; Democratic Republic of Congo; Galápagos Islands, Ecuador; Seychelles",Terrestrial; terrestrial
Erythrina corallodendron,erythrina corallodendron,AngMaFaFb16778-00; AngMaFaFb16778-01; AngMaFaFb16778-02; AngMaFaFb16778-01,Fabaceae,NA,NO,YES,0,4,4,,"Galápagos Islands, Ecuador; Libya; Seychelles; – Saint Helena, Saint Helena, Ascension and Tristan da Cunha","Galápagos Islands, Ecuador; Libya; Seychelles; – Saint Helena, Saint Helena, Ascension and Tristan da Cunha",Terrestrial; terrestrial
Guazuma ulmifolia,guazuma ulmifolia,AngMaMaMl22238-00; AngMaMaMl22238-01; AngMaMaMl22238-02; AngMaMaMl22238-01,Malvaceae,Argentina;Bolivia;Brazil;Colombia;Honduras;Mexico;Nicaragua;Panama;Paraguay;Peru,NO,YES,0,4,4,,"Australia; Galápagos Islands, Ecuador; India; Seychelles","Australia; Galápagos Islands, Ecuador; India; Seychelles",Terrestrial; terrestrial
Juniperus communis,juniperus communis,AngPiPiCp25606-00; AngPiPiCp25606-01; AngPiPiCp25606-02; AngPiPiCp25606-03; AngPiPiCp25606-04; AngPiPiCp25606-05; AngPiPiCp25606-06; AngPiPiCp25606-07; AngPiPiCp25606-08; AngPiPiCp25606-09; AngPiPiCp25606-10; AngPiPiCp25606-11; AngPiPiCp25606-12; AngPiPiCp25606-13; AngPiPiCp25606-14; AngPiPiCp25606-15; AngPiPiCp25606-16; AngPiPiCp25606-17; AngPiPiCp25606-18; AngPiPiCp25606-19; AngPiPiCp25606-20; AngPiPiCp25606-21; AngPiPiCp25606-22; AngPiPiCp25606-01,Cupressaceae,Austria;Canada;France;Ireland;Italy;Namibia;Netherlands;Portugal;Russia;Slovenia;Spain;United Kingdom;United States,NO,YES,0,4,4,,"Argentina; Australia; Galápagos Islands, Ecuador; Libya","Argentina; Australia; Galápagos Islands, Ecuador; Libya",Terrestrial
Mussaenda erythrophylla,mussaenda erythrophylla,AngMaGeRb32076-01,Rubiaceae,NA,NO,YES,0,4,5,,"Galápagos Islands, Ecuador; India; Mara Ecosystem (Kenya, Tanzania); Seychelles","Bangladesh; Galápagos Islands, Ecuador; India; Mara Ecosystem (Kenya, Tanzania); Seychelles",Terrestrial; terrestrial
Mussaenda philippica,mussaenda philippica,AngMaGeRb32084-00; AngMaGeRb32084-01; AngMaGeRb32084-01,Rubiaceae,Australia;Philippines,NO,YES,0,4,4,,"Galápagos Islands, Ecuador; India; Seychelles; Timor-Leste","Galápagos Islands, Ecuador; India; Seychelles; Timor-Leste",Terrestrial; terrestrial
Portulacaria afra,portulacaria afra,AngMaCaDd38447-00; AngMaCaDd38447-01,Didiereaceae,Australia,NO,YES,0,4,4,,"Australia; Galápagos Islands, Ecuador; India; – Saint Helena, Saint Helena, Ascension and Tristan da Cunha","Australia; Galápagos Islands, Ecuador; India; – Saint Helena, Saint Helena, Ascension and Tristan da Cunha",Terrestrial
Acacia implexa,acacia implexa,AngMaFaFb0289-01,Fabaceae,Australia,NO,YES,0,4,4,,"South Africa; Table Mountain National Park, South Africa; Tankwa-Karoo National Park, South Africa; – Saint Helena, Saint Helena, Ascension and Tristan da Cunha","South Africa; Table Mountain National Park, South Africa; Tankwa-Karoo National Park, South Africa; – Saint Helena, Saint Helena, Ascension and Tristan da Cunha",Terrestrial; terrestrial
Brachylaena discolor,brachylaena discolor,AngMaAsst5488-00; AngMaAsst5488-01; AngMaAsst5488-02; AngMaAsst5488-01,Asteraceae,South Africa,NO,YES,0,4,4,,"Australia; Brazil; South Africa; Tankwa-Karoo National Park, South Africa","Australia; Brazil; South Africa; Tankwa-Karoo National Park, South Africa",Terrestrial; terrestrial
Quercus nigra,quercus nigra,AngMaFaFg40687-00; AngMaFaFg40687-01; AngMaFaFg40687-02; AngMaFaFg40687-03; AngMaFaFg40687-04; AngMaFaFg40687-01,Fagaceae,NA,NO,YES,0,4,4,,"France; South Africa; Table Mountain National Park, South Africa; Tankwa-Karoo National Park, South Africa","France; South Africa; Table Mountain National Park, South Africa; Tankwa-Karoo National Park, South Africa",Terrestrial; terrestrial
Fuchsia regia,fuchsia regia,AngMaMyng20414-00; AngMaMyng20414-01; AngMaMyng20414-02; AngMaMyng20414-03; AngMaMyng20414-04; AngMaMyng20414-01,Onagraceae,Brazil,NO,YES,0,4,4,,"Garden Route National Park, South Africa; Golden Gate Highlands National Park, South Africa; India; South Africa","Garden Route National Park, South Africa; Golden Gate Highlands National Park, South Africa; India; South Africa",Terrestrial; terrestrial
Acokanthera oblongifolia,acokanthera oblongifolia,AngMaGepc0775-01,Apocynaceae,Australia,NO,YES,0,4,4,,"Algeria; Australia; India; Lord Howe Island, Australia","Algeria; Australia; India; Lord Howe Island, Australia",Terrestrial
Araucaria cunninghamii,araucaria cunninghamii,AngPiPirc3189-00; AngPiPirc3189-01; AngPiPirc3189-02; AngPiPirc3189-01,Araucariaceae,Australia,NO,YES,0,4,4,,"Garden Route National Park, South Africa; India; Libya; Lord Howe Island, Australia","Garden Route National Park, South Africa; India; Libya; Lord Howe Island, Australia",Terrestrial
Quercus acutissima,quercus acutissima,AngMaFaFg40452-01,Fagaceae,NA,NO,YES,0,4,4,,"Garden Route National Park, South Africa; Georgia; South Africa; United States (Contiguous) (ver.2.0, 2022)","Garden Route National Park, South Africa; Georgia; South Africa; United States (Contiguous) (ver.2.0, 2022)",Terrestrial; terrestrial
Eugenia brasiliensis,eugenia brasiliensis,AngMaMyMy18006-00; AngMaMyMy18006-01,Myrtaceae,Brazil,NO,YES,0,4,5,,"- Sao Tome and Principe; Australia; Hawaii, United States (ver.2.0, 2022); Seychelles","- Sao Tome and Principe; Australia; Comoros; Hawaii, United States (ver.2.0, 2022); Seychelles",Terrestrial; terrestrial
Garcinia mangostana,garcinia mangostana,AngMaMaCl20665-00; AngMaMaCl20665-01,Clusiaceae,NA,NO,YES,0,4,5,,- Sao Tome and Principe; India; Laos; Seychelles,- Sao Tome and Principe; India; Laos; Seychelles; Singapore,Terrestrial; terrestrial
Solanum wrightii,solanum wrightii,AngMaSoSl44258-01,Solanaceae,NA,NO,YES,0,4,4,,- Sao Tome and Principe; Democratic Republic of Congo; India; Rwanda,- Sao Tome and Principe; Democratic Republic of Congo; India; Rwanda,Terrestrial
Bauhinia acuminata,bauhinia acuminata,AngMaFaFb4559-01,Fabaceae,NA,NO,YES,0,4,5,,"Australia; Papua New Guinea; Pohnpei, Federated States of Micronesia; Timor-Leste","Australia; Federated States of Micronesia; Papua New Guinea; Pohnpei, Federated States of Micronesia; Timor-Leste",Terrestrial
Melochia umbellata,melochia umbellata,AngMaMaMl30006-01,Malvaceae,Australia;Timor-Leste,NO,YES,0,4,5,,"Hawaii, United States (ver.2.0, 2022); Palau; Papua New Guinea; Pohnpei, Federated States of Micronesia","Federated States of Micronesia; Hawaii, United States (ver.2.0, 2022); Palau; Papua New Guinea; Pohnpei, Federated States of Micronesia",Terrestrial; terrestrial
Acer buergerianum,acer buergerianum,AngMaSaSp0610-00; AngMaSaSp0610-01; AngMaSaSp0610-02; AngMaSaSp0610-03; AngMaSaSp0610-04; AngMaSaSp0610-05; AngMaSaSp0610-01,Sapindaceae,Taiwan,NO,YES,0,4,4,,- Japan; Belgium; South Africa; Turkey,- Japan; Belgium; South Africa; Turkey,Terrestrial; terrestrial
Ixora chinensis,ixora chinensis,AngMaGeRb25276-01,Rubiaceae,China,NO,YES,0,4,4,,- Japan; India; Montserrat; Seychelles,- Japan; India; Montserrat; Seychelles,Terrestrial; terrestrial
Pterocarya stenoptera,pterocarya stenoptera,AngMaFaJg40048-00; AngMaFaJg40048-01,Juglandaceae,NA,NO,YES,0,4,4,,"- Japan; India; South Africa; United States (Contiguous) (ver.2.0, 2022)","- Japan; India; South Africa; United States (Contiguous) (ver.2.0, 2022)",Terrestrial; terrestrial
Blighia sapida,blighia sapida,AngMaSaSp5226-01,Sapindaceae,NA,NO,YES,0,4,4,,Australia; Costa Rica; Cuba; Montserrat,Australia; Costa Rica; Cuba; Montserrat,Terrestrial; terrestrial
Dalbergia melanoxylon,dalbergia melanoxylon,AngMaFaFb13063-01,Fabaceae,NA,NO,YES,0,4,4,,Cameroon; Chad; India; Mozambique,Cameroon; Chad; India; Mozambique,Terrestrial
Vitex negundo,vitex negundo,AngMaLaLm49686-00; AngMaLaLm49686-01; AngMaLaLm49686-02; AngMaLaLm49686-03; AngMaLaLm49686-04; AngMaLaLm49686-05; AngMaLaLm49686-06; AngMaLaLm49686-07; AngMaLaLm49686-08; AngMaLaLm49686-09; AngMaLaLm49686-01,Lamiaceae,NA,NO,YES,0,4,4,,"Armenia; Iraq; Maldives; United States (Contiguous) (ver.2.0, 2022)","Armenia; Iraq; Maldives; United States (Contiguous) (ver.2.0, 2022)",Terrestrial
Cinchona officinalis,cinchona officinalis,AngMaGeRb8736-00; AngMaGeRb8736-01,Rubiaceae,Bolivia;Colombia;Sri Lanka,NO,YES,0,4,5,,Burundi; Democratic Republic of Congo; India; Rwanda,Burundi; Democratic Republic of Congo; India; Jamaica; Rwanda,Terrestrial
Solanum aculeastrum,solanum aculeastrum,AngMaSoSl44067-00; AngMaSoSl44067-01; AngMaSoSl44067-01,Solanaceae,Kenya,NO,YES,0,4,4,,Burundi; Cyprus; Democratic Republic of Congo; Rwanda,Burundi; Cyprus; Democratic Republic of Congo; Rwanda,Terrestrial
Crescentia alata,crescentia alata,AngMaLaBg11515-01,Bignoniaceae,NA,NO,YES,0,4,4,,Chad; India; Philippines; Seychelles,Chad; India; Philippines; Seychelles,Terrestrial; terrestrial
Durio zibethinus,durio zibethinus,AngMaMaMl15582-01,Malvaceae,NA,NO,YES,0,4,5,,Costa Rica; India; Laos; Seychelles,Costa Rica; India; Laos; Seychelles; Singapore,Terrestrial; terrestrial
Aralia spinosa,aralia spinosa,AngMaAprl3168-01,Araliaceae,Canada;United Kingdom;United States,NO,YES,0,4,4,,Albania; Austria; Italy; South Africa,Albania; Austria; Italy; South Africa,Terrestrial; terrestrial
Buddleja alternifolia,buddleja alternifolia,AngMaLaSc5903-01,Scrophulariaceae,NA,NO,YES,0,4,4,,"Armenia; Czechia; Great Britain; United States (Contiguous) (ver.2.0, 2022)","Armenia; Czechia; Great Britain; United States (Contiguous) (ver.2.0, 2022)",Terrestrial
Catalpa speciosa,catalpa speciosa,AngMaLaBg7801-01,Bignoniaceae,United States,NO,YES,0,4,4,,Armenia; Canada; Georgia; Italy,Armenia; Canada; Georgia; Italy,Terrestrial
Crataegus douglasii,crataegus douglasii,AngMaRoRs11336-00; AngMaRoRs11336-01; AngMaRoRs11336-02; AngMaRoRs11336-01,Rosaceae,Canada,NO,YES,0,4,4,,Armenia; Estonia; Latvia; Russian Federation,Armenia; Estonia; Latvia; Russian Federation,Freshwater; Terrestrial; terrestrial
Malus mandshurica,malus mandshurica,AngMaRoRs29117-00; AngMaRoRs29117-01,Rosaceae,Afghanistan;Japan;South Korea;United States,NO,YES,0,4,4,,"Armenia; Latvia; Russian Federation; United States (Contiguous) (ver.2.0, 2022)","Armenia; Latvia; Russian Federation; United States (Contiguous) (ver.2.0, 2022)",Terrestrial; terrestrial
Clerodendrum trichotomum,clerodendrum trichotomum,AngMaLaLm9362-00; AngMaLaLm9362-01; AngMaLaLm9362-02; AngMaLaLm9362-03; AngMaLaLm9362-04; AngMaLaLm9362-05; AngMaLaLm9362-01,Lamiaceae,NA,NO,YES,0,4,4,,"Belgium; Iran; Italy; United States (Contiguous) (ver.2.0, 2022)","Belgium; Iran; Italy; United States (Contiguous) (ver.2.0, 2022)",Terrestrial; terrestrial
Eucalyptus resinifera,eucalyptus resinifera,AngMaMyMy17756-00; AngMaMyMy17756-01; AngMaMyMy17756-02; AngMaMyMy17756-03,Myrtaceae,Australia;Congo - Brazzaville,NO,YES,0,4,4,,"Hawaii, United States (ver.2.0, 2022); India; Iran; Portugal","Hawaii, United States (ver.2.0, 2022); India; Iran; Portugal",Terrestrial; terrestrial
Vachellia karroo,vachellia karroo,AngMaFaFb48955-01,Fabaceae,NA,NO,YES,0,4,5,,France; India; Italy; Turkey,France; India; Italy; Mauritius; Turkey,Terrestrial
Vangueria madagascariensis,vangueria madagascariensis,AngMaGeRb49049-00; AngMaGeRb49049-01; AngMaGeRb49049-02; AngMaGeRb49049-03,Rubiaceae,NA,NO,YES,0,4,8,,"India; Mayotte, France; Saint Barthelemy; Seychelles","Comoros; India; Mayotte, France; Mwali (Mohéli), Comoros; Ndzuwani (Anjouan), Comoros; Ngazidja (Grande Comore), Comoros; Saint Barthelemy; Seychelles",Terrestrial; terrestrial
Genista aetnensis,genista aetnensis,AngMaFaFb21037-00; AngMaFaFb21037-01,Fabaceae,NA,NO,YES,0,4,4,,"France; Great Britain; Libya; United States (Contiguous) (ver.2.0, 2022)","France; Great Britain; Libya; United States (Contiguous) (ver.2.0, 2022)",Terrestrial
Tetraclinis articulata,tetraclinis articulata,GymPiPiCp47609-01,Cupressaceae,Spain,NO,YES,0,4,4,,Cyprus; France; India; Israel,Cyprus; France; India; Israel,Terrestrial
Robinia hispida,robinia hispida,AngMaFaFb41770-00; AngMaFaFb41770-01; AngMaFaFb41770-02; AngMaFaFb41770-03; AngMaFaFb41770-04; AngMaFaFb41770-05; AngMaFaFb41770-01,Fabaceae,NA,NO,YES,0,4,5,,- Croatia; Canada; Italy; Turkey,- Croatia; Canada; Italy; Turkey; Ukraine,Terrestrial; terrestrial
Malus dasyphylla,malus dasyphylla,AngMaRoRs29105-01,Rosaceae,NA,NO,YES,0,4,4,,Austria; Czechia; Italy; Latvia,Austria; Czechia; Italy; Latvia,Terrestrial
Sterculia foetida,sterculia foetida,AngMaMaMl44783-01,Malvaceae,Thailand,NO,YES,0,4,4,,"Brazil; Cuba; Hawaii, United States (ver.2.0, 2022); Mayotte, France","Brazil; Cuba; Hawaii, United States (ver.2.0, 2022); Mayotte, France",terrestrial
Zelkova serrata,zelkova serrata,AngMaRolm50788-00; AngMaRolm50788-01; AngMaRolm50788-01,Ulmaceae,NA,NO,YES,0,4,4,,"Austria; Belgium; Czechia; United States (Contiguous) (ver.2.0, 2022)","Austria; Belgium; Czechia; United States (Contiguous) (ver.2.0, 2022)",Terrestrial; terrestrial
Bauhinia galpinii,bauhinia galpinii,AngMaFaFb4596-01,Fabaceae,NA,NO,YES,0,4,4,,"Australia; India; Seychelles; United States (Contiguous) (ver.2.0, 2022)","Australia; India; Seychelles; United States (Contiguous) (ver.2.0, 2022)",Terrestrial; terrestrial
Celtis sinensis,celtis sinensis,AngMaRoCn7998-00; AngMaRoCn7998-01; AngMaRoCn7998-01,Cannabaceae,Australia;China;Japan;Taiwan,NO,YES,0,4,4,,"Australia; India; South Africa; United States (Contiguous) (ver.2.0, 2022)","Australia; India; South Africa; United States (Contiguous) (ver.2.0, 2022)",Terrestrial; terrestrial
Acer cappadocicum,acer cappadocicum,AngMaSaSp0616-00; AngMaSaSp0616-01; AngMaSaSp0616-02; AngMaSaSp0616-03; AngMaSaSp0616-04; AngMaSaSp0616-05; AngMaSaSp0616-06; AngMaSaSp0616-07; AngMaSaSp0616-08; AngMaSaSp0616-01,Sapindaceae,United Kingdom,NO,YES,0,4,4,,Belgium; France; Great Britain; Ireland,Belgium; France; Great Britain; Ireland,Terrestrial; terrestrial
Cornus mas,cornus mas,AngMaCoCr10873-00; AngMaCoCr10873-01; AngMaCoCr10873-02; AngMaCoCr10873-03; AngMaCoCr10873-04; AngMaCoCr10873-01,Cornaceae,NA,NO,YES,0,4,4,,"Denmark; Great Britain; Sweden; United States (Contiguous) (ver.2.0, 2022)","Denmark; Great Britain; Sweden; United States (Contiguous) (ver.2.0, 2022)",Terrestrial
Eucalyptus pulchella,eucalyptus pulchella,AngMaMyMy17730-01,Myrtaceae,Algeria;Australia;Italy,NO,YES,0,4,4,,"France; Great Britain; Hawaii, United States (ver.2.0, 2022); United States (Contiguous) (ver.2.0, 2022)","France; Great Britain; Hawaii, United States (ver.2.0, 2022); United States (Contiguous) (ver.2.0, 2022)",Terrestrial
Tamarix africana,tamarix africana,AngMaCaTm46941-00; AngMaCaTm46941-01; AngMaCaTm46941-01,Tamaricaceae,NA,NO,YES,0,4,4,,"- Croatia; Belgium; Great Britain; United States (Contiguous) (ver.2.0, 2022)","- Croatia; Belgium; Great Britain; United States (Contiguous) (ver.2.0, 2022)",Terrestrial; terrestrial
Byrsonima crassifolia,byrsonima crassifolia,AngMaMaMl6214-00; AngMaMaMl6214-01; AngMaMaMl6214-02; AngMaMaMl6214-03; AngMaMaMl6214-04; AngMaMaMl6214-05; AngMaMaMl6214-06; AngMaMaMl6214-07; AngMaMaMl6214-01,Malpighiaceae,Belize;Bolivia;Brazil;Colombia;Costa Rica;Dominican Republic;El Salvador;Honduras;Mexico;Nicaragua;Panama;Suriname;Venezuela,NO,YES,0,4,4,,El Salvador; Guatemala; Honduras; India,El Salvador; Guatemala; Honduras; India,Terrestrial
Cyrtostachys renda,cyrtostachys renda,AngNAParc12852-01,Arecaceae,,NO,YES,0,4,5,,"- Cook Islands; India; Pohnpei, Federated States of Micronesia; Seychelles","- Cook Islands; Federated States of Micronesia; India; Pohnpei, Federated States of Micronesia; Seychelles",Terrestrial; terrestrial
Eucalyptus rudis,eucalyptus rudis,AngMaMyMy17773-00; AngMaMyMy17773-01; AngMaMyMy17773-01,Myrtaceae,Argentina;Australia,NO,YES,0,4,4,,"France; Hawaii, United States (ver.2.0, 2022); India; Portugal","France; Hawaii, United States (ver.2.0, 2022); India; Portugal",Terrestrial
Vitex parviflora,vitex parviflora,AngMaLaLm49693-00; AngMaLaLm49693-01; AngMaLaLm49693-02; AngMaLaLm49693-01,Lamiaceae,NA,NO,YES,0,4,4,,"Cuba; Hawaii, United States (ver.2.0, 2022); India; Palau","Cuba; Hawaii, United States (ver.2.0, 2022); India; Palau",Terrestrial; terrestrial
Tilia cordata,tilia cordata,AngMaMaMl47776-00; AngMaMaMl47776-01; AngMaMaMl47776-02; AngMaMaMl47776-03; AngMaMaMl47776-01,Malvaceae,NA,NO,YES,0,4,4,,"Canada; Ireland; Portugal; United States (Contiguous) (ver.2.0, 2022)","Canada; Ireland; Portugal; United States (Contiguous) (ver.2.0, 2022)",Terrestrial; terrestrial
Pisonia aculeata,pisonia aculeata,AngMaCaNy37300-00; AngMaCaNy37300-01; AngMaCaNy37300-01,Nyctaginaceae,Argentina;Australia;Brazil;Mexico;Paraguay,NO,YES,0,4,4,,"Bonaire, Bonaire, Sint Eustatius and Saba; Curacao, Netherlands; Mozambique; Saba, Bonaire, Sint Eustatius and Saba","Bonaire, Bonaire, Sint Eustatius and Saba; Curacao, Netherlands; Mozambique; Saba, Bonaire, Sint Eustatius and Saba",Terrestrial; terrestrial
Acaciella angustissima,acaciella angustissima,AngMaFaFb0533-00; AngMaFaFb0533-01; AngMaFaFb0533-02; AngMaFaFb0533-03; AngMaFaFb0533-04; AngMaFaFb0533-05; AngMaFaFb0533-06; AngMaFaFb0533-07; AngMaFaFb0533-01,Fabaceae,Australia;Colombia;Mexico;Papua New Guinea;United States,NO,YES,0,4,4,,Cuba; El Salvador; Guatemala; Honduras,Cuba; El Salvador; Guatemala; Honduras,Terrestrial; terrestrial
Tibouchina longifolia,tibouchina longifolia,AngMaMyMl47761-01,Melastomataceae,NA,NO,YES,0,4,4,,"El Salvador; Guatemala; Hawaii, United States (ver.2.0, 2022); Honduras","El Salvador; Guatemala; Hawaii, United States (ver.2.0, 2022); Honduras",Terrestrial
Morella cerifera,morella cerifera,AngMaFaMy31807-00; AngMaFaMy31807-01; AngMaFaMy31807-02; AngMaFaMy31807-01,Myricaceae,NA,NO,YES,0,4,4,,"El Salvador; Guatemala; Hawaii, United States (ver.2.0, 2022); Honduras","El Salvador; Guatemala; Hawaii, United States (ver.2.0, 2022); Honduras",Terrestrial
Guaiacum sanctum,guaiacum sanctum,AngMaZyZy21967-01,Zygophyllaceae,NA,NO,YES,0,4,4,,"El Salvador; Guatemala; Hawaii, United States (ver.2.0, 2022); Honduras","El Salvador; Guatemala; Hawaii, United States (ver.2.0, 2022); Honduras",Terrestrial
Solanum tampicense,solanum tampicense,AngMaSoSl44237-01,Solanaceae,NA,NO,YES,0,4,4,,"Cuba; El Salvador; Guatemala; United States (Contiguous) (ver.2.0, 2022)","Cuba; El Salvador; Guatemala; United States (Contiguous) (ver.2.0, 2022)",Terrestrial; terrestrial
Salix myrsinifolia,salix myrsinifolia,AngMaMaSl42316-00; AngMaMaSl42316-01; AngMaMaSl42316-02; AngMaMaSl42316-03; AngMaMaSl42316-04; AngMaMaSl42316-05; AngMaMaSl42316-06; AngMaMaSl42316-07; AngMaMaSl42316-08; AngMaMaSl42316-09; AngMaMaSl42316-10; AngMaMaSl42316-11; AngMaMaSl42316-12; AngMaMaSl42316-13; AngMaMaSl42316-01,Salicaceae,NA,NO,YES,0,4,4,,Belgium; Canada; Iceland; Sweden,Belgium; Canada; Iceland; Sweden,Terrestrial; terrestrial
Aesculus pavia,aesculus pavia,AngMaSaSp1213-00; AngMaSaSp1213-01; AngMaSaSp1213-02; AngMaSaSp1213-03; AngMaSaSp1213-04; AngMaSaSp1213-01,Sapindaceae,United States,NO,YES,0,4,4,,- Croatia; Belgium; Canada; France,- Croatia; Belgium; Canada; France,Terrestrial; terrestrial
Hydrangea paniculata,hydrangea paniculata,AngMaCoHy24222-00; AngMaCoHy24222-01; AngMaCoHy24222-02; AngMaCoHy24222-03; AngMaCoHy24222-04; AngMaCoHy24222-01,Hydrangeaceae,NA,NO,YES,0,4,4,,"Belgium; Canada; Sweden; United States (Contiguous) (ver.2.0, 2022)","Belgium; Canada; Sweden; United States (Contiguous) (ver.2.0, 2022)",Terrestrial; terrestrial
Anadenanthera peregrina,anadenanthera peregrina,AngMaFaFb2389-00; AngMaFaFb2389-01; AngMaFaFb2389-01,Fabaceae,Bahamas;Brazil;Venezuela,NO,YES,0,3,3,,Guyana; Suriname; Venezuela,Guyana; Suriname; Venezuela,Terrestrial
Erythrina velutina,erythrina velutina,AngMaFaFb16856-00; AngMaFaFb16856-01,Fabaceae,Brazil,NO,YES,0,3,3,,"- Sao Tome and Principe; Curacao, Netherlands; Equatorial Guinea","- Sao Tome and Principe; Curacao, Netherlands; Equatorial Guinea",Terrestrial; terrestrial
Parkia biglobosa,parkia biglobosa,AngMaFaFb35862-01,Fabaceae,NA,NO,YES,0,3,3,,Australia; Equatorial Guinea; Trinidad and Tobago,Australia; Equatorial Guinea; Trinidad and Tobago,Terrestrial
Eucalyptus occidentalis,eucalyptus occidentalis,AngMaMyMy17647-01,Myrtaceae,Australia;United States,NO,YES,0,3,3,,Italy; Libya; Yemen,Italy; Libya; Yemen,Terrestrial; terrestrial
Eucalyptus alba,eucalyptus alba,AngMaMyMy17225-00; AngMaMyMy17225-01,Myrtaceae,Australia;Indonesia;Papua New Guinea;Timor-Leste,NO,YES,0,3,3,,Ecuador; India; Seychelles,Ecuador; India; Seychelles,Terrestrial; terrestrial
Platanus occidentalis,platanus occidentalis,AngMaPrPl37615-00; AngMaPrPl37615-01; AngMaPrPl37615-02; AngMaPrPl37615-01,Platanaceae,NA,NO,YES,0,3,4,,Armenia; Ecuador; India,Armenia; Ecuador; India; Slovakia,Terrestrial
Pouteria sapota,pouteria sapota,AngMaErSp38693-00; AngMaErSp38693-01,Sapotaceae,NA,NO,YES,0,3,3,,"Ecuador; Galápagos Islands, Ecuador; Montserrat","Ecuador; Galápagos Islands, Ecuador; Montserrat",Terrestrial
Barringtonia asiatica,barringtonia asiatica,AngMaErLc4450-00; AngMaErLc4450-01,Lecythidaceae,Australia;Seychelles;Taiwan;Vanuatu,NO,YES,0,3,4,,Antigua and Barbuda; Montserrat; Saint Vincent and the Grenadines,Antigua and Barbuda; Comoros; Montserrat; Saint Vincent and the Grenadines,Terrestrial
Acer rubrum,acer rubrum,AngMaSaSp0692-00; AngMaSaSp0692-01; AngMaSaSp0692-02; AngMaSaSp0692-03; AngMaSaSp0692-04; AngMaSaSp0692-05; AngMaSaSp0692-06; AngMaSaSp0692-07; AngMaSaSp0692-08; AngMaSaSp0692-09; AngMaSaSp0692-10; AngMaSaSp0692-01,Sapindaceae,Canada;United States,NO,YES,0,3,3,,Armenia; Belgium; Norway,Armenia; Belgium; Norway,Terrestrial; terrestrial
Alnus rubra,alnus rubra,AngMaFaBt2060-01,Betulaceae,United States,NO,YES,0,3,3,,Great Britain; Ireland; Norway,Great Britain; Ireland; Norway,Terrestrial; terrestrial
Amelanchier laevis,amelanchier laevis,AngMaRoRs2268-00; AngMaRoRs2268-01; AngMaRoRs2268-01,Rosaceae,Canada;United States,NO,YES,0,3,3,,Armenia; Norway; Sweden,Armenia; Norway; Sweden,Terrestrial
Chamaecyparis pisifera,chamaecyparis pisifera,AngPiPiCp8282-00; AngPiPiCp8282-01; AngPiPiCp8282-02; AngPiPiCp8282-03; AngPiPiCp8282-04; AngPiPiCp8282-05; AngPiPiCp8282-01,Cupressaceae,Australia;Japan;Netherlands;United States,NO,YES,0,3,3,,Austria; Great Britain; Norway,Austria; Great Britain; Norway,Terrestrial
Picea mariana,picea mariana,AngPiPiPn36840-00; AngPiPiPn36840-01; AngPiPiPn36840-02; AngPiPiPn36840-01,Pinaceae,NA,NO,YES,0,3,3,,Denmark; Norway; Sweden,Denmark; Norway; Sweden,Terrestrial
Syringa reticulata,syringa reticulata,AngMaLalc45734-00; AngMaLalc45734-01; AngMaLalc45734-02; AngMaLalc45734-03; AngMaLalc45734-04; AngMaLalc45734-05; AngMaLalc45734-06; AngMaLalc45734-07; AngMaLalc45734-08,Oleaceae,NA,NO,YES,0,3,3,,"Canada; Norway; United States (Contiguous) (ver.2.0, 2022)","Canada; Norway; United States (Contiguous) (ver.2.0, 2022)",Terrestrial
Tsuga mertensiana,tsuga mertensiana,GymPiPiPn48490-00; GymPiPiPn48490-01; GymPiPiPn48490-01,Pinaceae,NA,NO,YES,0,3,3,,Denmark; Norway; Sweden,Denmark; Norway; Sweden,Terrestrial
Euodia hortensis,euodia hortensis,AngMaSaRt18715-00; AngMaSaRt18715-01; AngMaSaRt18715-01,Rutaceae,Fiji;Papua New Guinea;Samoa;Vanuatu,NO,YES,0,3,3,,"American Samoa; Tonga; Vava'u group, Tonga","American Samoa; Tonga; Vava'u group, Tonga",Terrestrial; terrestrial
Inocarpus fagifer,inocarpus fagifer,AngMaFaFb25108-01,Fabaceae,French Polynesia;Samoa;Vanuatu,NO,YES,0,3,3,,"American Samoa; Tonga; Vava'u group, Tonga","American Samoa; Tonga; Vava'u group, Tonga",Terrestrial; terrestrial
Acer oblongum,acer oblongum,AngMaSaSp0671-00; AngMaSaSp0671-01; AngMaSaSp0671-02; AngMaSaSp0671-03; AngMaSaSp0671-04; AngMaSaSp0671-01,Sapindaceae,Taiwan,NO,YES,0,3,3,,"Afghanistan; Algeria; East Usambara, Tanzania","Afghanistan; Algeria; East Usambara, Tanzania",Terrestrial
Tamarix usneoides,tamarix usneoides,AngMaCaTm46981-01,Tamaricaceae,NA,NO,YES,0,3,3,,"Camdeboo National Park, South Africa; Mountain Zebra National Park, South Africa; South Africa","Camdeboo National Park, South Africa; Mountain Zebra National Park, South Africa; South Africa",Terrestrial; terrestrial
Clausena anisata,clausena anisata,AngMaSaRt9106-00; AngMaSaRt9106-01; AngMaSaRt9106-02; AngMaSaRt9106-01,Rutaceae,NA,NO,YES,0,3,3,,"Mare-Aux-Cochons, Seychelles; Morne-Seychellois National Park, Seychelles; Seychelles","Mare-Aux-Cochons, Seychelles; Morne-Seychellois National Park, Seychelles; Seychelles",Terrestrial; terrestrial
Sapindus mukorossi,sapindus mukorossi,AngMaSaSp42451-00; AngMaSaSp42451-01,Sapindaceae,NA,NO,YES,0,3,3,,"Socotra Archipelago, Yemen; Soqotra, Yemen; United States (Contiguous) (ver.2.0, 2022)","Socotra Archipelago, Yemen; Soqotra, Yemen; United States (Contiguous) (ver.2.0, 2022)",terrestrial
Searsia lancea,searsia lancea,AngMaSanc43131-01,Anacardiaceae,NA,NO,YES,0,3,3,,"India; Kruger National Park, South Africa; United States (Contiguous) (ver.2.0, 2022)","India; Kruger National Park, South Africa; United States (Contiguous) (ver.2.0, 2022)",Terrestrial
Brugmansia versicolor,brugmansia versicolor,AngMaSoSl5794-01,Solanaceae,NA,NO,YES,0,3,3,,"Galápagos Islands, Ecuador; India; United States (Contiguous) (ver.2.0, 2022)","Galápagos Islands, Ecuador; India; United States (Contiguous) (ver.2.0, 2022)",Terrestrial
Brunfelsia grandiflora,brunfelsia grandiflora,AngMaSoSl5857-00; AngMaSoSl5857-01; AngMaSoSl5857-02; AngMaSoSl5857-03,Solanaceae,Brazil;Ecuador;Peru;United States,NO,YES,0,3,3,,"Galápagos Islands, Ecuador; India; Seychelles","Galápagos Islands, Ecuador; India; Seychelles",Terrestrial; terrestrial
Cochlospermum vitifolium,cochlospermum vitifolium,AngMaMaCc9896-01,Cochlospermaceae,Brazil;Ecuador;Venezuela,NO,YES,0,3,3,,"Galápagos Islands, Ecuador; Montserrat; Seychelles","Galápagos Islands, Ecuador; Montserrat; Seychelles",Terrestrial; terrestrial
Polyscias scutellaria,polyscias scutellaria,AngMaAprl38271-01,Araliaceae,NA,NO,YES,0,3,4,,"Australia; Galápagos Islands, Ecuador; Seychelles","Australia; Galápagos Islands, Ecuador; Mauritius; Seychelles",Terrestrial; terrestrial
Virgilia divaricata,virgilia divaricata,AngMaFaFb49483-01,Fabaceae,NA,NO,YES,0,3,3,,"South Africa; Table Mountain National Park, South Africa; Tankwa-Karoo National Park, South Africa","South Africa; Table Mountain National Park, South Africa; Tankwa-Karoo National Park, South Africa",Terrestrial; terrestrial
Antidesma bunius,antidesma bunius,AngMaMaPh2794-00; AngMaMaPh2794-01; AngMaMaPh2794-01,Phyllanthaceae,Australia;Philippines,NO,YES,0,3,4,,"French Polynesia; Rapa Nui  (Isla de Pascua, Easter Island); Rapa Nui (Isla de Pascua, Easter Island)","French Polynesia; Rapa Nui  (Isla de Pascua, Easter Island); Rapa Nui (Isla de Pascua, Easter Island); Singapore",Terrestrial; terrestrial
Metrosideros kermadecensis,metrosideros kermadecensis,AngMaMyMy30327-01,Myrtaceae,NA,NO,YES,0,3,3,,"Hawaii, United States (ver.2.0, 2022); Lord Howe Island, Australia; – Tristan da Cunha, Saint Helena, Ascension and Tristan da Cunha","Hawaii, United States (ver.2.0, 2022); Lord Howe Island, Australia; – Tristan da Cunha, Saint Helena, Ascension and Tristan da Cunha",Terrestrial
Brunfelsia uniflora,brunfelsia uniflora,AngMaSoSl5869-01,Solanaceae,Argentina;Brazil,NO,YES,0,3,3,,"- Sao Tome and Principe; India; Mara Ecosystem (Kenya, Tanzania)","- Sao Tome and Principe; India; Mara Ecosystem (Kenya, Tanzania)",Terrestrial
Melaleuca hypericifolia,melaleuca hypericifolia,AngMaMyMy29676-01,Myrtaceae,Australia,NO,YES,0,3,3,,"India; South Africa; Table Mountain National Park, South Africa","India; South Africa; Table Mountain National Park, South Africa",Terrestrial; terrestrial
Alphitonia excelsa,alphitonia excelsa,AngMaRoRh2072-00; AngMaRoRh2072-01,Rhamnaceae,Australia;Papua New Guinea;Philippines;United States;Zimbabwe,NO,YES,0,3,3,,"Hawaii, United States (ver.2.0, 2022); India; Papua New Guinea","Hawaii, United States (ver.2.0, 2022); India; Papua New Guinea",Terrestrial
Phyllanthus reticulatus,phyllanthus reticulatus,AngMaMaPh36749-00; AngMaMaPh36749-01; AngMaMaPh36749-01,Phyllanthaceae,Australia,NO,YES,0,3,3,,"- Japan; Hawaii, United States (ver.2.0, 2022); Papua New Guinea","- Japan; Hawaii, United States (ver.2.0, 2022); Papua New Guinea",Terrestrial
Prunus salicina,prunus salicina,AngMaRoRs39243-00; AngMaRoRs39243-01; AngMaRoRs39243-02; AngMaRoRs39243-01,Rosaceae,China;Japan;Taiwan,NO,YES,0,3,3,,- Japan; Australia; – Korea (Democratic People's Republic of),- Japan; Australia; – Korea (Democratic People's Republic of),Terrestrial
Gmelina philippensis,gmelina philippensis,AngMaLaLm21423-00; AngMaLaLm21423-01,Lamiaceae,NA,NO,YES,0,3,3,,India; Montserrat; Seychelles,India; Montserrat; Seychelles,Terrestrial; terrestrial
Chrysophyllum oliviforme,chrysophyllum oliviforme,AngMaErSp8679-00; AngMaErSp8679-01; AngMaErSp8679-02; AngMaErSp8679-03; AngMaErSp8679-04; AngMaErSp8679-05; AngMaErSp8679-01,Sapotaceae,United States,NO,YES,0,3,3,,"French Polynesia; Hawaii, United States (ver.2.0, 2022); India","French Polynesia; Hawaii, United States (ver.2.0, 2022); India",Terrestrial
Filicium decipiens,filicium decipiens,AngMaSaSp20101-01,Sapindaceae,NA,NO,YES,0,3,3,,"French Polynesia; Hawaii, United States (ver.2.0, 2022); Seychelles","French Polynesia; Hawaii, United States (ver.2.0, 2022); Seychelles",Terrestrial; terrestrial
Ochna thomasiana,ochna thomasiana,AngMaMach33819-01,Ochnaceae,NA,NO,YES,0,3,3,,"French Polynesia; Hawaii, United States (ver.2.0, 2022); India","French Polynesia; Hawaii, United States (ver.2.0, 2022); India",Terrestrial
Santalum album,santalum album,AngMaSaSn42420-01,Santalaceae,Australia;Timor-Leste,NO,YES,0,3,4,,"French Polynesia; Hawaii, United States (ver.2.0, 2022); United States (Contiguous) (ver.2.0, 2022)","French Polynesia; Hawaii, United States (ver.2.0, 2022); Mauritius; United States (Contiguous) (ver.2.0, 2022)",Terrestrial
Eucalyptus crebra,eucalyptus crebra,AngMaMyMy17370-01,Myrtaceae,Australia;India;Myanmar (Burma);United States,NO,YES,0,3,3,,"Hawaii, United States (ver.2.0, 2022); India; – Saint Helena, Saint Helena, Ascension and Tristan da Cunha","Hawaii, United States (ver.2.0, 2022); India; – Saint Helena, Saint Helena, Ascension and Tristan da Cunha",Terrestrial
Pistacia terebinthus,pistacia terebinthus,AngMaSanc37326-00; AngMaSanc37326-01; AngMaSanc37326-02; AngMaSanc37326-01,Anacardiaceae,Afghanistan;Algeria;Andorra;Argentina;Brazil;Bulgaria;Croatia;Cyprus;Egypt;France;Germany;Gibraltar;Greece;India;Iran;Iraq;Israel;Italy;Jordan;Lebanon;Morocco;North Macedonia;Panama;Portugal;Saudi Arabia;Spain;Syria;Tunisia;Turkey;Turkmenistan;United States,NO,YES,0,3,3,,"India; Libya; – Saint Helena, Saint Helena, Ascension and Tristan da Cunha","India; Libya; – Saint Helena, Saint Helena, Ascension and Tristan da Cunha",Terrestrial
Senna bacillaris,senna bacillaris,AngMaFaFb43382-00; AngMaFaFb43382-01; AngMaFaFb43382-01,Fabaceae,Brazil;Mexico,NO,YES,0,3,4,,Ghana; Saint Vincent and the Grenadines; Sierra Leone,Ghana; Jamaica; Saint Vincent and the Grenadines; Sierra Leone,Terrestrial
Pongamia pinnata,pongamia pinnata,AngMaFaFb38346-00; AngMaFaFb38346-01; AngMaFaFb38346-02; AngMaFaFb38346-01,Fabaceae,Australia;Papua New Guinea,NO,YES,0,3,5,,Cuba; Maldives; Seychelles,Bangladesh; Cuba; Maldives; Mauritius; Seychelles,Terrestrial; terrestrial
Pistacia chinensis,pistacia chinensis,AngMaSanc37320-00; AngMaSanc37320-01; AngMaSanc37320-01,Anacardiaceae,Afghanistan;Australia;Canada;China;Ethiopia;France;India;Pakistan;Philippines;Saudi Arabia;Taiwan;United Kingdom;United States,NO,YES,0,3,3,,"Australia; Pakistan; United States (Contiguous) (ver.2.0, 2022)","Australia; Pakistan; United States (Contiguous) (ver.2.0, 2022)",Terrestrial
Corylus avellana,corylus avellana,AngMaFaBt10909-00; AngMaFaBt10909-01; AngMaFaBt10909-02; AngMaFaBt10909-03; AngMaFaBt10909-04; AngMaFaBt10909-05; AngMaFaBt10909-06; AngMaFaBt10909-07; AngMaFaBt10909-08; AngMaFaBt10909-09; AngMaFaBt10909-10; AngMaFaBt10909-11; AngMaFaBt10909-12; AngMaFaBt10909-13; AngMaFaBt10909-14; AngMaFaBt10909-15; AngMaFaBt10909-16; AngMaFaBt10909-17; AngMaFaBt10909-01,Betulaceae,Afghanistan;Albania;Argentina;Austria;Azerbaijan;Belgium;Bulgaria;Canada;China;Denmark;Finland;France;Georgia;Germany;Greece;India;Iran;Italy;Netherlands;Romania;Russia;Spain;Turkey;Ukraine;United Kingdom;United States,NO,YES,0,3,4,,"Canada; Iraq; United States (Contiguous) (ver.2.0, 2022)","Canada; Cyprus; Iraq; United States (Contiguous) (ver.2.0, 2022)",Terrestrial
Plumeria obtusa,plumeria obtusa,AngMaGepc37895-00; AngMaGepc37895-01; AngMaGepc37895-02; AngMaGepc37895-01,Apocynaceae,NA,NO,YES,0,3,3,,Brunei Darussalam; Maldives; Seychelles,Brunei Darussalam; Maldives; Seychelles,Terrestrial; terrestrial
Plumeria pudica,plumeria pudica,AngMaGepc37896-01,Apocynaceae,NA,NO,YES,0,3,3,,India; Maldives; Seychelles,India; Maldives; Seychelles,Terrestrial; terrestrial
Plumeria alba,plumeria alba,AngMaGepc37887-00; AngMaGepc37887-01,Apocynaceae,NA,NO,YES,0,3,5,,Burkina Faso; Democratic Republic of Congo; Rwanda,"Burkina Faso; Comoros; Democratic Republic of Congo; Ngazidja (Grande Comore), Comoros; Rwanda",Terrestrial
Gossypium arboreum,gossypium arboreum,AngMaMaMl21701-00; AngMaMaMl21701-01; AngMaMaMl21701-02; AngMaMaMl21701-03; AngMaMaMl21701-04; AngMaMaMl21701-05; AngMaMaMl21701-06; AngMaMaMl21701-07; AngMaMaMl21701-08; AngMaMaMl21701-09; AngMaMaMl21701-01,Malvaceae,NA,NO,YES,0,3,3,,Chad; Libya; Timor-Leste,Chad; Libya; Timor-Leste,Terrestrial
Populus tremula,populus tremula,AngMaMaSl38401-00; AngMaMaSl38401-01; AngMaMaSl38401-02; AngMaMaSl38401-03; AngMaMaSl38401-04; AngMaMaSl38401-05; AngMaMaSl38401-06; AngMaMaSl38401-07; AngMaMaSl38401-08; AngMaMaSl38401-01,Salicaceae,Australia,NO,YES,0,3,3,,"Australia; Nepal; United States (Contiguous) (ver.2.0, 2022)","Australia; Nepal; United States (Contiguous) (ver.2.0, 2022)",Terrestrial; terrestrial
Cunninghamia lanceolata,cunninghamia lanceolata,AngPiPiCp12326-00; AngPiPiCp12326-01,Cupressaceae,China;Taiwan;United States,NO,YES,0,3,3,,"India; Laos; United States (Contiguous) (ver.2.0, 2022)","India; Laos; United States (Contiguous) (ver.2.0, 2022)",Terrestrial
Abies pinsapo,abies pinsapo,AngPiPiPn0041-00; AngPiPiPn0041-01; AngPiPiPn0041-02; AngPiPiPn0041-01,Pinaceae,Spain,NO,YES,0,3,3,,Armenia; France; Portugal,Armenia; France; Portugal,Terrestrial
Betula papyrifera,betula papyrifera,AngMaFaBt5073-00; AngMaFaBt5073-01; AngMaFaBt5073-02; AngMaFaBt5073-03; AngMaFaBt5073-04; AngMaFaBt5073-05; AngMaFaBt5073-06; AngMaFaBt5073-01,Betulaceae,Canada;United States,NO,YES,0,3,3,,Armenia; Belgium; Great Britain,Armenia; Belgium; Great Britain,Terrestrial; terrestrial
Crataegus maximowiczii,crataegus maximowiczii,AngMaRoRs11363-00; AngMaRoRs11363-01,Rosaceae,China,NO,YES,0,3,3,,Armenia; Estonia; Russian Federation,Armenia; Estonia; Russian Federation,Freshwater; Terrestrial; terrestrial
Rhamnus davurica,rhamnus davurica,AngMaRoRh41180-01,Rhamnaceae,NA,NO,YES,0,3,3,,"Armenia; Canada; United States (Contiguous) (ver.2.0, 2022)","Armenia; Canada; United States (Contiguous) (ver.2.0, 2022)",Terrestrial
Buddleja asiatica,buddleja asiatica,AngMaLaSc5905-00; AngMaLaSc5905-01,Scrophulariaceae,Papua New Guinea;Taiwan,NO,YES,0,3,3,,"Australia; Hawaii, United States (ver.2.0, 2022); Timor-Leste","Australia; Hawaii, United States (ver.2.0, 2022); Timor-Leste",Terrestrial
Terminalia arjuna,terminalia arjuna,AngMaMyCm47268-01,Combretaceae,NA,NO,YES,0,3,3,,Cuba; Iran; Seychelles,Cuba; Iran; Seychelles,terrestrial
Parmentiera cereifera,parmentiera cereifera,AngMaLaBg35899-01,Bignoniaceae,NA,NO,YES,0,3,3,,Costa Rica; Democratic Republic of Congo; India,Costa Rica; Democratic Republic of Congo; India,Terrestrial
Staphylea pinnata,staphylea pinnata,AngMaCrSt44577-01,Staphyleaceae,United Kingdom,NO,YES,0,3,3,,Belgium; Great Britain; Switzerland,Belgium; Great Britain; Switzerland,Terrestrial; terrestrial
Adansonia digitata,adansonia digitata,AngMaMaMl0979-01,Malvaceae,South Africa,NO,YES,0,3,3,,Algeria; Madagascar; Seychelles,Algeria; Madagascar; Seychelles,Terrestrial; terrestrial
Taxus baccata,taxus baccata,AngPiPiTx47199-00; AngPiPiTx47199-01; AngPiPiTx47199-02; AngPiPiTx47199-03; AngPiPiTx47199-04; AngPiPiTx47199-05; AngPiPiTx47199-06; AngPiPiTx47199-07; AngPiPiTx47199-08; AngPiPiTx47199-01,Taxaceae,NA,NO,YES,0,3,3,,"Denmark; Libya; United States (Contiguous) (ver.2.0, 2022)","Denmark; Libya; United States (Contiguous) (ver.2.0, 2022)",Terrestrial
Crataegus mollis,crataegus mollis,AngMaRoRs11366-00; AngMaRoRs11366-01; AngMaRoRs11366-02; AngMaRoRs11366-03; AngMaRoRs11366-04; AngMaRoRs11366-05; AngMaRoRs11366-06; AngMaRoRs11366-07; AngMaRoRs11366-01,Rosaceae,Canada;United States,NO,YES,0,3,3,,Czechia; Lithuania; Russian Federation,Czechia; Lithuania; Russian Federation,Terrestrial; terrestrial
Cereus hexagonus,cereus hexagonus,AngMaCaCc8103-01,Cactaceae,Brazil;Colombia,NO,YES,0,3,3,,India; Madagascar; South Africa,India; Madagascar; South Africa,Terrestrial; terrestrial
Clausena excavata,clausena excavata,AngMaSaRt9110-00; AngMaSaRt9110-01; AngMaSaRt9110-01,Rutaceae,Australia;Christmas Island,NO,YES,0,3,3,,Australia; Madagascar; Seychelles,Australia; Madagascar; Seychelles,Terrestrial; terrestrial
Cornus kousa,cornus kousa,AngMaCoCr10871-00; AngMaCoCr10871-01; AngMaCoCr10871-02; AngMaCoCr10871-03; AngMaCoCr10871-01,Cornaceae,NA,NO,YES,0,3,3,,"Hawaii, United States (ver.2.0, 2022); Slovenia; United States (Contiguous) (ver.2.0, 2022)","Hawaii, United States (ver.2.0, 2022); Slovenia; United States (Contiguous) (ver.2.0, 2022)",Terrestrial
Pachira aquatica,pachira aquatica,AngMaMaMl35038-00; AngMaMaMl35038-01,Malvaceae,Brazil;Mexico,NO,YES,0,3,3,,Brazil; Dominican Republic; India,Brazil; Dominican Republic; India,Terrestrial; freshwater; terrestrial
Podocarpus macrophyllus,podocarpus macrophyllus,AngPiPiPd37951-00; AngPiPiPd37951-01; AngPiPiPd37951-02; AngPiPiPd37951-03; AngPiPiPd37951-04; AngPiPiPd37951-01,Podocarpaceae,NA,NO,YES,0,3,3,,"Hawaii, United States (ver.2.0, 2022); Mexico; United States (Contiguous) (ver.2.0, 2022)","Hawaii, United States (ver.2.0, 2022); Mexico; United States (Contiguous) (ver.2.0, 2022)",Terrestrial
Acer monspessulanum,acer monspessulanum,AngMaSaSp0666-00; AngMaSaSp0666-01; AngMaSaSp0666-02; AngMaSaSp0666-03; AngMaSaSp0666-04; AngMaSaSp0666-05; AngMaSaSp0666-06; AngMaSaSp0666-07; AngMaSaSp0666-08; AngMaSaSp0666-09; AngMaSaSp0666-10; AngMaSaSp0666-11; AngMaSaSp0666-12; AngMaSaSp0666-13; AngMaSaSp0666-14,Sapindaceae,Azerbaijan;France;Portugal;Spain,NO,YES,0,3,3,,Austria; Belgium; Czechia,Austria; Belgium; Czechia,Terrestrial; terrestrial
Pyrus nivalis,pyrus nivalis,AngMaRoRs40317-00; AngMaRoRs40317-01; AngMaRoRs40317-02; AngMaRoRs40317-01,Rosaceae,NA,NO,YES,0,3,3,,Austria; Czechia; France,Austria; Czechia; France,Terrestrial
Aesculus flava,aesculus flava,AngMaSaSp1207-00; AngMaSaSp1207-01; AngMaSaSp1207-01,Sapindaceae,United States,NO,YES,0,3,3,,- Croatia; Belgium; Poland,- Croatia; Belgium; Poland,Terrestrial; terrestrial
Robinia neomexicana,robinia neomexicana,AngMaFaFb41771-00; AngMaFaFb41771-01; AngMaFaFb41771-02; AngMaFaFb41771-03; AngMaFaFb41771-01,Fabaceae,NA,NO,YES,0,3,3,,Italy; Poland; Russian Federation,Italy; Poland; Russian Federation,Terrestrial; terrestrial
Rhapis excelsa,rhapis excelsa,AngNAParc41236-01,Arecaceae,;introduced,NO,YES,0,3,3,,India; Seychelles; Turkey,India; Seychelles; Turkey,Terrestrial; terrestrial
Spiraea canescens,spiraea canescens,AngMaRoRs44483-00; AngMaRoRs44483-01; AngMaRoRs44483-01,Rosaceae,NA,NO,YES,0,3,3,,Austria; Belgium; Great Britain,Austria; Belgium; Great Britain,Terrestrial; terrestrial
Ageratina ligustrina,ageratina ligustrina,AngMaAsst1305-01,Asteraceae,NA,NO,YES,0,3,3,,Australia; India; Italy,Australia; India; Italy,Terrestrial
Betula pubescens,betula pubescens,AngMaFaBt5077-00; AngMaFaBt5077-01; AngMaFaBt5077-02; AngMaFaBt5077-03; AngMaFaBt5077-04; AngMaFaBt5077-05; AngMaFaBt5077-06; AngMaFaBt5077-07; AngMaFaBt5077-08; AngMaFaBt5077-09; AngMaFaBt5077-10; AngMaFaBt5077-11; AngMaFaBt5077-12; AngMaFaBt5077-13; AngMaFaBt5077-14; AngMaFaBt5077-15; AngMaFaBt5077-16; AngMaFaBt5077-17; AngMaFaBt5077-18; AngMaFaBt5077-19; AngMaFaBt5077-20; AngMaFaBt5077-21; AngMaFaBt5077-22; AngMaFaBt5077-01,Betulaceae,Australia;Estonia;France;Namibia;Netherlands;Portugal;Russia;Sweden;United Kingdom,NO,YES,0,3,3,,"Australia; Canada; United States (Contiguous) (ver.2.0, 2022)","Australia; Canada; United States (Contiguous) (ver.2.0, 2022)",Terrestrial
Crataegus azarolus,crataegus azarolus,AngMaRoRs11314-00; AngMaRoRs11314-01; AngMaRoRs11314-02; AngMaRoRs11314-03; AngMaRoRs11314-04; AngMaRoRs11314-05; AngMaRoRs11314-01,Rosaceae,Spain,NO,YES,0,3,3,,Australia; France; Italy,Australia; France; Italy,Terrestrial
Euphorbia umbellata,euphorbia umbellata,AngMaMaph18958-00; AngMaMaph18958-01,Euphorbiaceae,NA,NO,YES,0,3,3,,Australia; Cuba; India,Australia; Cuba; India,Terrestrial; terrestrial
Gmelina elliptica,gmelina elliptica,AngMaLaLm21410-00; AngMaLaLm21410-01,Lamiaceae,Timor-Leste,NO,YES,0,3,3,,Australia; Democratic Republic of Congo; Palau,Australia; Democratic Republic of Congo; Palau,Terrestrial; terrestrial
Grewia asiatica,grewia asiatica,AngMaMaMl21814-00; AngMaMaMl21814-01,Malvaceae,Australia,NO,YES,0,3,3,,"Australia; Seychelles; United States (Contiguous) (ver.2.0, 2022)","Australia; Seychelles; United States (Contiguous) (ver.2.0, 2022)",Terrestrial; terrestrial
Griselinia littoralis,griselinia littoralis,AngMaApGr21951-01,Griseliniaceae,New Zealand,NO,YES,0,3,3,,Australia; Great Britain; Ireland,Australia; Great Britain; Ireland,Terrestrial; terrestrial
Malpighia glabra,malpighia glabra,AngMaMaMl29082-00; AngMaMaMl29082-01; AngMaMaMl29082-01,Malpighiaceae,NA,NO,YES,0,3,3,,Australia; India; Seychelles,Australia; India; Seychelles,Terrestrial; terrestrial
Photinia serratifolia,photinia serratifolia,AngMaRoRs36627-00; AngMaRoRs36627-01; AngMaRoRs36627-01,Rosaceae,Australia;Taiwan,NO,YES,0,3,3,,"Australia; Italy; United States (Contiguous) (ver.2.0, 2022)","Australia; Italy; United States (Contiguous) (ver.2.0, 2022)",Terrestrial
Pittosporum eugenioides,pittosporum eugenioides,AngMaApPt37391-01,Pittosporaceae,New Zealand,NO,YES,0,3,3,,"Australia; Portugal; United States (Contiguous) (ver.2.0, 2022)","Australia; Portugal; United States (Contiguous) (ver.2.0, 2022)",Terrestrial
Pittosporum tenuifolium,pittosporum tenuifolium,AngMaApPt37464-00; AngMaApPt37464-01,Pittosporaceae,Australia;New Zealand,NO,YES,0,3,3,,"Australia; Great Britain; United States (Contiguous) (ver.2.0, 2022)","Australia; Great Britain; United States (Contiguous) (ver.2.0, 2022)",Terrestrial
Pyrus calleryana,pyrus calleryana,AngMaRoRs40298-00; AngMaRoRs40298-01; AngMaRoRs40298-02; AngMaRoRs40298-03; AngMaRoRs40298-04; AngMaRoRs40298-05; AngMaRoRs40298-06; AngMaRoRs40298-07; AngMaRoRs40298-01,Rosaceae,Afghanistan;Australia;Canada;China;Japan;Taiwan;United States,NO,YES,0,3,3,,"Australia; Belgium; United States (Contiguous) (ver.2.0, 2022)","Australia; Belgium; United States (Contiguous) (ver.2.0, 2022)",Terrestrial
Quercus canariensis,quercus canariensis,AngMaFaFg40499-00; AngMaFaFg40499-01; AngMaFaFg40499-01,Fagaceae,NA,NO,YES,0,3,3,,Australia; Great Britain; South Africa,Australia; Great Britain; South Africa,Terrestrial; terrestrial
Rhaphiolepis indica,rhaphiolepis indica,AngMaRoRs41217-00; AngMaRoRs41217-01; AngMaRoRs41217-02; AngMaRoRs41217-03; AngMaRoRs41217-04; AngMaRoRs41217-01,Rosaceae,Australia;China;Japan;Taiwan,NO,YES,0,3,3,,"Australia; Azores, Portugal; South Africa","Australia; Azores, Portugal; South Africa",Terrestrial; terrestrial
Solanum abutiloides,solanum abutiloides,AngMaSoSl44065-01,Solanaceae,Argentina;Australia;Bolivia,NO,YES,0,3,3,,"Australia; La Palma, Islas Canarias, Spain; Tenerife, Islas Canarias, Spain","Australia; La Palma, Islas Canarias, Spain; Tenerife, Islas Canarias, Spain",Terrestrial
Aralia chinensis,aralia chinensis,AngMaAprl3144-00; AngMaAprl3144-01; AngMaAprl3144-01,Araliaceae,NA,NO,YES,0,3,3,,"Denmark; Great Britain; United States (Contiguous) (ver.2.0, 2022)","Denmark; Great Britain; United States (Contiguous) (ver.2.0, 2022)",Terrestrial
Cotoneaster frigidus,cotoneaster frigidus,AngMaRoRs11042-01,Rosaceae,NA,NO,YES,0,3,3,,"Great Britain; Ireland; United States (Contiguous) (ver.2.0, 2022)","Great Britain; Ireland; United States (Contiguous) (ver.2.0, 2022)",Terrestrial; terrestrial
Eucalyptus urnigera,eucalyptus urnigera,AngMaMyMy17870-01,Myrtaceae,Australia;United Kingdom;United States,NO,YES,0,3,3,,France; Great Britain; Ireland,France; Great Britain; Ireland,Terrestrial; terrestrial
Malus hupehensis,malus hupehensis,AngMaRoRs29112-00; AngMaRoRs29112-01,Rosaceae,Afghanistan;China;Japan;Taiwan;United Kingdom;United States,NO,YES,0,3,3,,"Great Britain; Italy; United States (Contiguous) (ver.2.0, 2022)","Great Britain; Italy; United States (Contiguous) (ver.2.0, 2022)",Terrestrial
Nothofagus obliqua,nothofagus obliqua,AngMaFaNt33710-00; AngMaFaNt33710-01,Nothofagaceae,NA,NO,YES,0,3,3,,Great Britain; Ireland; Portugal,Great Britain; Ireland; Portugal,Terrestrial; terrestrial
Brownea coccinea,brownea coccinea,AngMaFaFb5737-00; AngMaFaFb5737-01; AngMaFaFb5737-01,Fabaceae,Colombia;Ecuador;Venezuela,NO,YES,0,3,3,,Democratic Republic of Congo; India; Seychelles,Democratic Republic of Congo; India; Seychelles,Terrestrial; terrestrial
Callitris columellaris,callitris columellaris,AngPiPiCp6484-00; AngPiPiCp6484-01,Cupressaceae,Australia;United States,NO,YES,0,3,3,,"Hawaii, United States (ver.2.0, 2022); India; United States (Contiguous) (ver.2.0, 2022)","Hawaii, United States (ver.2.0, 2022); India; United States (Contiguous) (ver.2.0, 2022)",Terrestrial
Castanea crenata,castanea crenata,AngMaFaFg7644-00; AngMaFaFg7644-01; AngMaFaFg7644-02; AngMaFaFg7644-03; AngMaFaFg7644-04; AngMaFaFg7644-05; AngMaFaFg7644-01,Fagaceae,Japan,NO,YES,0,3,3,,"India; Portugal; United States (Contiguous) (ver.2.0, 2022)","India; Portugal; United States (Contiguous) (ver.2.0, 2022)",Terrestrial
Clethra arborea,clethra arborea,AngMaErCl9368-01,Clethraceae,NA,NO,YES,0,3,3,,"Azores, Portugal; India; Ireland","Azores, Portugal; India; Ireland",Terrestrial; terrestrial
Cupaniopsis anacardioides,cupaniopsis anacardioides,AngMaSaSp12396-01,Sapindaceae,Australia,NO,YES,0,3,3,,"Hawaii, United States (ver.2.0, 2022); India; United States (Contiguous) (ver.2.0, 2022)","Hawaii, United States (ver.2.0, 2022); India; United States (Contiguous) (ver.2.0, 2022)",Terrestrial
Eucalyptus bridgesiana,eucalyptus bridgesiana,AngMaMyMy17297-01,Myrtaceae,Australia,NO,YES,0,3,3,,"France; Hawaii, United States (ver.2.0, 2022); India","France; Hawaii, United States (ver.2.0, 2022); India",Terrestrial
Eucalyptus deglupta,eucalyptus deglupta,AngMaMyMy17397-01,Myrtaceae,Australia;Indonesia;Papua New Guinea;Philippines;Sri Lanka;United States,NO,YES,0,3,3,,"Dominican Republic; Hawaii, United States (ver.2.0, 2022); India","Dominican Republic; Hawaii, United States (ver.2.0, 2022); India",Terrestrial
Eucalyptus regnans,eucalyptus regnans,AngMaMyMy17752-00; AngMaMyMy17752-01,Myrtaceae,Australia,NO,YES,0,3,3,,France; India; South Africa,France; India; South Africa,Terrestrial; terrestrial
Lagerstroemia floribunda,lagerstroemia floribunda,AngMaMyLy26137-00; AngMaMyLy26137-01; AngMaMyLy26137-02; AngMaMyLy26137-03; AngMaMyLy26137-04; AngMaMyLy26137-01,Lythraceae,NA,NO,YES,0,3,3,,Cuba; India; Seychelles,Cuba; India; Seychelles,Terrestrial; terrestrial
Polyscias balfouriana,polyscias balfouriana,AngMaAprl38162-01,Araliaceae,NA,NO,YES,0,3,3,,Cuba; Democratic Republic of Congo; India,Cuba; Democratic Republic of Congo; India,Terrestrial; terrestrial
Pouteria campechiana,pouteria campechiana,AngMaErSp38562-00; AngMaErSp38562-01; AngMaErSp38562-02; AngMaErSp38562-03; AngMaErSp38562-01,Sapotaceae,NA,NO,YES,0,3,3,,"India; Seychelles; United States (Contiguous) (ver.2.0, 2022)","India; Seychelles; United States (Contiguous) (ver.2.0, 2022)",Terrestrial; terrestrial
Eucalyptus cornuta,eucalyptus cornuta,AngMaMyMy17364-01,Myrtaceae,Australia,NO,YES,0,3,3,,"France; Hawaii, United States (ver.2.0, 2022); Portugal","France; Hawaii, United States (ver.2.0, 2022); Portugal",Terrestrial
Bocconia frutescens,bocconia frutescens,AngMaRaPp5252-01,Papaveraceae,Colombia,NO,YES,0,3,3,,"Guatemala; Hawaii, United States (ver.2.0, 2022); South Africa","Guatemala; Hawaii, United States (ver.2.0, 2022); South Africa",Terrestrial; terrestrial
Verbesina turbacensis,verbesina turbacensis,AngMaAsst49336-01,Asteraceae,NA,NO,YES,0,3,3,,El Salvador; Guatemala; Honduras,El Salvador; Guatemala; Honduras,Terrestrial
Inga laurina,inga laurina,AngMaFaFb24971-01,Fabaceae,Brazil;Guyana;Mexico,NO,YES,0,3,3,,El Salvador; Guatemala; Honduras,El Salvador; Guatemala; Honduras,Terrestrial
Mimosa tenuiflora,mimosa tenuiflora,AngMaFaFb31374-01,Fabaceae,Brazil;Mexico,NO,YES,0,3,3,,El Salvador; Guatemala; Honduras,El Salvador; Guatemala; Honduras,Terrestrial
Psychotria carthagenensis,psychotria carthagenensis,AngMaGeRb39591-00; AngMaGeRb39591-01,Rubiaceae,Argentina;Bolivia;Brazil;Colombia;Costa Rica;El Salvador;Mexico;Panama;Paraguay;Uruguay;Venezuela,NO,YES,0,3,3,,El Salvador; Guatemala; Honduras,El Salvador; Guatemala; Honduras,Terrestrial
Citharexylum caudatum,citharexylum caudatum,AngMaLaVr8949-00; AngMaLaVr8949-01; AngMaLaVr8949-01,Verbenaceae,NA,NO,YES,0,3,3,,"Guatemala; Hawaii, United States (ver.2.0, 2022); Honduras","Guatemala; Hawaii, United States (ver.2.0, 2022); Honduras",Terrestrial
Sideroxylon persimile,sideroxylon persimile,AngMaErSp43751-00; AngMaErSp43751-01; AngMaErSp43751-02; AngMaErSp43751-01,Sapotaceae,NA,NO,YES,0,3,3,,"El Salvador; Guatemala; Hawaii, United States (ver.2.0, 2022)","El Salvador; Guatemala; Hawaii, United States (ver.2.0, 2022)",Terrestrial
Deutzia crenata,deutzia crenata,AngMaCoHy13647-00; AngMaCoHy13647-01; AngMaCoHy13647-02; AngMaCoHy13647-01,Hydrangeaceae,NA,NO,YES,0,3,3,,"Belgium; Italy; United States (Contiguous) (ver.2.0, 2022)","Belgium; Italy; United States (Contiguous) (ver.2.0, 2022)",Forest; Terrestrial
Brosimum alicastrum,brosimum alicastrum,AngMaRoMr5713-00; AngMaRoMr5713-01; AngMaRoMr5713-02; AngMaRoMr5713-01,Moraceae,Belize;Brazil;Colombia;Costa Rica;Ecuador;Mexico;Venezuela,NO,YES,0,3,3,,"Cuba; Seychelles; United States (Contiguous) (ver.2.0, 2022)","Cuba; Seychelles; United States (Contiguous) (ver.2.0, 2022)",terrestrial
Desmodium cajanifolium,desmodium cajanifolium,AngMaFaFb13602-01,Fabaceae,Bolivia;Brazil;Panama,NO,YES,0,3,3,,"Cuba; Hawaii, United States (ver.2.0, 2022); Seychelles","Cuba; Hawaii, United States (ver.2.0, 2022); Seychelles",terrestrial
Euphorbia candelabrum,euphorbia candelabrum,AngMaMaph18822-01,Euphorbiaceae,NA,NO,YES,0,2,2,,Ethiopia; Uganda,Ethiopia; Uganda,Terrestrial
Senna alexandrina,senna alexandrina,AngMaFaFb43372-00; AngMaFaFb43372-01; AngMaFaFb43372-01,Fabaceae,NA,NO,YES,0,2,3,,Ecuador; Iraq,Ecuador; Iraq; Qatar,Terrestrial
Eucalyptus marginata,eucalyptus marginata,AngMaMyMy17592-00; AngMaMyMy17592-01; AngMaMyMy17592-02; AngMaMyMy17592-01,Myrtaceae,Australia,NO,YES,0,2,2,,"Hawaii, United States (ver.2.0, 2022); Yemen","Hawaii, United States (ver.2.0, 2022); Yemen",terrestrial
Araucaria angustifolia,araucaria angustifolia,AngPiPirc3183-00; AngPiPirc3183-01,Araucariaceae,Bolivia;Brazil;Portugal,NO,YES,0,2,2,,Ecuador; India,Ecuador; India,Terrestrial
Brunfelsia undulata,brunfelsia undulata,AngMaSoSl5868-01,Solanaceae,NA,NO,YES,0,2,2,,Ecuador; India,Ecuador; India,Terrestrial
Clianthus puniceus,clianthus puniceus,AngMaFaFb9451-01,Fabaceae,NA,NO,YES,0,2,2,,Ecuador; India,Ecuador; India,Terrestrial
Canarium indicum,canarium indicum,AngMaSaBr6971-00; AngMaSaBr6971-01,Burseraceae,Solomon Islands,NO,YES,0,2,2,,Marshall Islands; Seychelles,Marshall Islands; Seychelles,Terrestrial; terrestrial
Ficus tinctoria,ficus tinctoria,AngMaRoMr20036-00; AngMaRoMr20036-01; AngMaRoMr20036-02; AngMaRoMr20036-03; AngMaRoMr20036-04; AngMaRoMr20036-05; AngMaRoMr20036-06; AngMaRoMr20036-01,Moraceae,French Polynesia;Indonesia;Papua New Guinea;Philippines;Timor-Leste;Vanuatu,NO,YES,0,2,2,,"Majuro Atoll, Marshall Islands; Marshall Islands","Majuro Atoll, Marshall Islands; Marshall Islands",Terrestrial
Jacaranda acutifolia,jacaranda acutifolia,AngMaLaBg25428-01,Bignoniaceae,NA,NO,YES,0,2,2,,India; Marshall Islands,India; Marshall Islands,Terrestrial
Abies veitchii,abies veitchii,GymPiPiPn0049-00; GymPiPiPn0049-01; GymPiPiPn0049-02; GymPiPiPn0049-03; GymPiPiPn0049-01,Pinaceae,NA,NO,YES,0,2,2,,Denmark; Norway,Denmark; Norway,Terrestrial
Acer tegmentosum,acer tegmentosum,AngMaSaSp0710-01,Sapindaceae,China,NO,YES,0,2,2,,Norway; Russian Federation,Norway; Russian Federation,Terrestrial; terrestrial
Pinus sibirica,pinus sibirica,AngPiPiPn37093-00; AngPiPiPn37093-01,Pinaceae,NA,NO,YES,0,2,2,,Norway; Sweden,Norway; Sweden,Terrestrial
Prunus triloba,prunus triloba,AngMaRoRs39274-00; AngMaRoRs39274-01; AngMaRoRs39274-02; AngMaRoRs39274-01,Rosaceae,NA,NO,YES,0,2,2,,"Norway; United States (Contiguous) (ver.2.0, 2022)","Norway; United States (Contiguous) (ver.2.0, 2022)",Terrestrial
Salix alaxensis,salix alaxensis,AngMaMaSl42231-00; AngMaMaSl42231-01; AngMaMaSl42231-02; AngMaMaSl42231-01,Salicaceae,NA,NO,YES,0,2,2,,Iceland; Norway,Iceland; Norway,Terrestrial
Sorbus koehneana,sorbus koehneana,AngMaRoRs44361-00; AngMaRoRs44361-01,Rosaceae,China,NO,YES,0,2,2,,Norway; Sweden,Norway; Sweden,Terrestrial
Syringa komarowii,syringa komarowii,AngMaLalc45731-00; AngMaLalc45731-02,Oleaceae,NA,NO,YES,0,2,2,,Armenia; Norway,Armenia; Norway,Terrestrial
Cordia aspera,cordia aspera,AngMaBoCr10669-01,Cordiaceae,Australia,NO,YES,0,2,2,,"Tonga; Vava'u group, Tonga","Tonga; Vava'u group, Tonga",Terrestrial
Manilkara dissecta,manilkara dissecta,AngMaErSp29262-00; AngMaErSp29262-01,Sapotaceae,NA,NO,YES,0,2,2,,"Tonga; Vava'u group, Tonga","Tonga; Vava'u group, Tonga",Terrestrial
Parinari insularum,parinari insularum,AngMaMaCh35830-01,Chrysobalanaceae,NA,NO,YES,0,2,2,,"Tonga; Vava'u group, Tonga","Tonga; Vava'u group, Tonga",Terrestrial
Santalum yasi,santalum yasi,AngMaSaSn42433-01,Santalaceae,NA,NO,YES,0,2,2,,"Tonga; Vava'u group, Tonga","Tonga; Vava'u group, Tonga",Terrestrial
Nothofagus betuloides,nothofagus betuloides,AngMaFaNt33692-01,Nothofagaceae,NA,NO,YES,0,2,2,,Ireland; – Falkland Islands (Islas Malvinas),Ireland; – Falkland Islands (Islas Malvinas),Terrestrial; terrestrial
Aiphanes horrida,aiphanes horrida,AngNAParc1534-01,Arecaceae,;Brazil;Colombia;introduced;native,NO,YES,0,2,2,,"East Usambara, Tanzania; India","East Usambara, Tanzania; India",Terrestrial
Terminalia ivorensis,terminalia ivorensis,AngMaMyCm47356-01,Combretaceae,NA,NO,YES,0,2,2,,"Cuba; East Usambara, Tanzania","Cuba; East Usambara, Tanzania",Terrestrial; terrestrial
Leucospermum conocarpodendron,leucospermum conocarpodendron,AngMaPrPr26607-00; AngMaPrPr26607-01; AngMaPrPr26607-01,Proteaceae,NA,NO,YES,0,2,2,,"Bontebok National Park, South Africa; South Africa","Bontebok National Park, South Africa; South Africa",Terrestrial; terrestrial
Erythrina pallida,erythrina pallida,AngMaFaFb16826-01,Fabaceae,NA,NO,YES,0,2,2,,"Kruger National Park, South Africa; South Africa","Kruger National Park, South Africa; South Africa",Terrestrial; terrestrial
Eucalyptus camphora,eucalyptus camphora,AngMaMyMy17320-00; AngMaMyMy17320-01; AngMaMyMy17320-02; AngMaMyMy17320-03; AngMaMyMy17320-04,Myrtaceae,Australia,NO,YES,0,2,2,,"Kruger National Park, South Africa; South Africa","Kruger National Park, South Africa; South Africa",Terrestrial; terrestrial
Plerandra elegantissima,plerandra elegantissima,AngMaAprl37738-01,Araliaceae,Australia;New Caledonia,NO,YES,0,2,2,,"Hawaii, United States (ver.2.0, 2022); Kruger National Park, South Africa","Hawaii, United States (ver.2.0, 2022); Kruger National Park, South Africa",Terrestrial
Bactris gasipaes,bactris gasipaes,AngNAParc4241-00; AngNAParc4241-01; AngNAParc4241-01,Arecaceae,;Brazil;Colombia;Ecuador;native;Peru;Venezuela,NO,YES,0,2,2,,"French Guiana; Galápagos Islands, Ecuador","French Guiana; Galápagos Islands, Ecuador",Terrestrial
Brasiliopuntia brasiliensis,brasiliopuntia brasiliensis,AngMaCaCc5550-00; AngMaCaCc5550-01,Cactaceae,Brazil,NO,YES,0,2,2,,"Galápagos Islands, Ecuador; United States (Contiguous) (ver.2.0, 2022)","Galápagos Islands, Ecuador; United States (Contiguous) (ver.2.0, 2022)",Terrestrial
Centrolobium paraense,centrolobium paraense,AngMaFaFb8028-00; AngMaFaFb8028-01; AngMaFaFb8028-01,Fabaceae,Brazil;Colombia,NO,YES,0,2,2,,"Galápagos Islands, Ecuador; India","Galápagos Islands, Ecuador; India",Terrestrial
Eugenia stipitata,eugenia stipitata,AngMaMyMy18566-00; AngMaMyMy18566-01; AngMaMyMy18566-01,Myrtaceae,Brazil;Peru,NO,YES,0,2,2,,"Costa Rica; Galápagos Islands, Ecuador","Costa Rica; Galápagos Islands, Ecuador",Terrestrial
Triplaris cumingiana,triplaris cumingiana,AngMaCaPl48371-01,Polygonaceae,NA,NO,YES,0,2,2,,"Galápagos Islands, Ecuador; Philippines","Galápagos Islands, Ecuador; Philippines",Terrestrial
Myrtillocactus geometrizans,myrtillocactus geometrizans,AngMaCaCc33013-01,Cactaceae,NA,NO,YES,0,2,2,,"Addo-Elephant National Park, South Africa; South Africa","Addo-Elephant National Park, South Africa; South Africa",Terrestrial; terrestrial
Annona montana,annona montana,AngMaMann2674-00; AngMaMann2674-01,Annonaceae,Brazil;Colombia;Peru;Venezuela,NO,YES,0,2,2,,"Bolivia; Mara Ecosystem (Kenya, Tanzania)","Bolivia; Mara Ecosystem (Kenya, Tanzania)",Terrestrial
Terminalia superba,terminalia superba,AngMaMyCm47459-01,Combretaceae,NA,NO,YES,0,2,2,,"Burundi; Mara Ecosystem (Kenya, Tanzania)","Burundi; Mara Ecosystem (Kenya, Tanzania)",Terrestrial
Coffea stenophylla,coffea stenophylla,AngMaGeRb10022-01,Rubiaceae,NA,NO,YES,0,2,2,,- Sao Tome and Principe; India,- Sao Tome and Principe; India,Terrestrial
Ximenia americana,ximenia americana,AngMaSaXm50401-00; AngMaSaXm50401-01; AngMaSaXm50401-02; AngMaSaXm50401-01,Ximeniaceae,Argentina;Australia;Brazil,NO,YES,0,2,2,,- Sao Tome and Principe; – British Indian Ocean Territory,- Sao Tome and Principe; – British Indian Ocean Territory,Terrestrial
Rhizophora mucronata,rhizophora mucronata,AngMaMaRh41257-01,Rhizophoraceae,NA,NO,YES,0,2,6,,United Arab Emirates; – British Indian Ocean Territory,"Comoros; Mwali (Mohéli), Comoros; Ndzuwani (Anjouan), Comoros; Ngazidja (Grande Comore), Comoros; United Arab Emirates; – British Indian Ocean Territory",Brackish; Terrestrial; brackish; marine; terrestrial
Acacia polystachya,acacia polystachya,AngMaFaFb0415-01,Fabaceae,Australia,NO,YES,0,2,2,,Montserrat; Seychelles,Montserrat; Seychelles,Terrestrial; terrestrial
Garcinia livingstonei,garcinia livingstonei,AngMaMaCl20648-00; AngMaMaCl20648-01,Clusiaceae,NA,NO,YES,0,2,2,,India; Montserrat,India; Montserrat,Terrestrial
Hymenaea courbaril,hymenaea courbaril,AngMaFaFb24249-00; AngMaFaFb24249-01; AngMaFaFb24249-02; AngMaFaFb24249-03; AngMaFaFb24249-04; AngMaFaFb24249-01,Fabaceae,Bolivia;Brazil;Colombia;Mexico;Puerto Rico;Venezuela,NO,YES,0,2,3,,Democratic Republic of Congo; Montserrat,Democratic Republic of Congo; Montserrat; Singapore,Terrestrial
Tabernaemontana pandacaqui,tabernaemontana pandacaqui,AngMaGepc46774-01,Apocynaceae,Australia;Fiji;Papua New Guinea;Philippines;Singapore;Vanuatu,NO,YES,0,2,2,,"Hawaii, United States (ver.2.0, 2022); Montserrat","Hawaii, United States (ver.2.0, 2022); Montserrat",Terrestrial
Clerodendrum macrostegium,clerodendrum macrostegium,AngMaLaLm9339-01,Lamiaceae,NA,NO,YES,0,2,2,,"French Polynesia; Hawaii, United States (ver.2.0, 2022)","French Polynesia; Hawaii, United States (ver.2.0, 2022)",Terrestrial
Acacia spectabilis,acacia spectabilis,AngMaFaFb0477-01,Fabaceae,Australia,NO,YES,0,2,2,,"Libya; – Saint Helena, Saint Helena, Ascension and Tristan da Cunha","Libya; – Saint Helena, Saint Helena, Ascension and Tristan da Cunha",Terrestrial
Callitris endlicheri,callitris endlicheri,AngPiPiCp6486-00; AngPiPiCp6486-01,Cupressaceae,Australia;Indonesia;South Africa,NO,YES,0,2,2,,"Hawaii, United States (ver.2.0, 2022); – Saint Helena, Saint Helena, Ascension and Tristan da Cunha","Hawaii, United States (ver.2.0, 2022); – Saint Helena, Saint Helena, Ascension and Tristan da Cunha",Terrestrial
Erythrina speciosa,erythrina speciosa,AngMaFaFb16843-00; AngMaFaFb16843-01,Fabaceae,Brazil,NO,YES,0,2,2,,"Hawaii, United States (ver.2.0, 2022); – Saint Helena, Saint Helena, Ascension and Tristan da Cunha","Hawaii, United States (ver.2.0, 2022); – Saint Helena, Saint Helena, Ascension and Tristan da Cunha",Terrestrial
Gleditsia sinensis,gleditsia sinensis,AngMaFaFb21179-01,Fabaceae,NA,NO,YES,0,2,2,,"India; – Saint Helena, Saint Helena, Ascension and Tristan da Cunha","India; – Saint Helena, Saint Helena, Ascension and Tristan da Cunha",Terrestrial
Leucadendron argenteum,leucadendron argenteum,AngMaPrPr26569-01,Proteaceae,South Africa,NO,YES,0,2,2,,"India; – Saint Helena, Saint Helena, Ascension and Tristan da Cunha","India; – Saint Helena, Saint Helena, Ascension and Tristan da Cunha",Terrestrial
Pinus densiflora,pinus densiflora,AngPiPiPn37026-00; AngPiPiPn37026-01; AngPiPiPn37026-02; AngPiPiPn37026-03; AngPiPiPn37026-04; AngPiPiPn37026-01,Pinaceae,NA,NO,YES,0,2,2,,"India; – Saint Helena, Saint Helena, Ascension and Tristan da Cunha","India; – Saint Helena, Saint Helena, Ascension and Tristan da Cunha",Terrestrial
Quercus macrocarpa,quercus macrocarpa,AngMaFaFg40663-00; AngMaFaFg40663-01; AngMaFaFg40663-02; AngMaFaFg40663-01,Fagaceae,NA,NO,YES,0,2,2,,"Estonia; – Saint Helena, Saint Helena, Ascension and Tristan da Cunha","Estonia; – Saint Helena, Saint Helena, Ascension and Tristan da Cunha",Freshwater; Terrestrial
Populus euphratica,populus euphratica,AngMaMaSl38370-00; AngMaMaSl38370-01,Salicaceae,NA,NO,YES,0,2,2,,Libya; Pakistan,Libya; Pakistan,Terrestrial
Vachellia cornigera,vachellia cornigera,AngMaFaFb48919-00; AngMaFaFb48919-01,Fabaceae,NA,NO,YES,0,2,2,,"Iraq; United States (Contiguous) (ver.2.0, 2022)","Iraq; United States (Contiguous) (ver.2.0, 2022)",Terrestrial
Phoenix sylvestris,phoenix sylvestris,AngNAParc36609-01,Arecaceae,,NO,YES,0,2,2,,Australia; Maldives,Australia; Maldives,Terrestrial
Phyllanthus emblica,phyllanthus emblica,AngMaMaPh36690-01,Phyllanthaceae,NA,NO,YES,0,2,2,,Australia; Maldives,Australia; Maldives,Terrestrial
Ixora javanica,ixora javanica,AngMaGeRb25322-00; AngMaGeRb25322-01; AngMaGeRb25322-01,Rubiaceae,NA,NO,YES,0,2,2,,Burkina Faso; India,Burkina Faso; India,Terrestrial
Crataegus mexicana,crataegus mexicana,AngMaRoRs11364-00; AngMaRoRs11364-01,Rosaceae,NA,NO,YES,0,2,2,,Libya; Zambia,Libya; Zambia,Terrestrial
Payena leerii,payena leerii,AngMaErSp36113-01,Sapotaceae,NA,NO,YES,0,2,2,,Burundi; Democratic Republic of Congo,Burundi; Democratic Republic of Congo,Terrestrial
Eucalyptus albens,eucalyptus albens,AngMaMyMy17226-01,Myrtaceae,Australia,NO,YES,0,2,2,,"Hawaii, United States (ver.2.0, 2022); Rwanda","Hawaii, United States (ver.2.0, 2022); Rwanda",Terrestrial
Andira inermis,andira inermis,AngMaFaFb2434-00; AngMaFaFb2434-01; AngMaFaFb2434-02; AngMaFaFb2434-03; AngMaFaFb2434-01,Fabaceae,Argentina;Belize;Bolivia;Brazil;Colombia;Cuba;Ecuador;El Salvador;Mexico;Panama;Paraguay;Peru;Puerto Rico;Venezuela,NO,YES,0,2,3,,Chad; India,Chad; India; Singapore,Terrestrial
Borassus flabellifer,borassus flabellifer,AngNAParc5331-01,Arecaceae,,NO,YES,0,2,2,,Chad; Seychelles,Chad; Seychelles,Terrestrial; terrestrial
Funtumia africana,funtumia africana,AngMaGepc20419-01,Apocynaceae,NA,NO,YES,0,2,2,,Angola; India,Angola; India,Terrestrial
Castanea mollissima,castanea mollissima,AngMaFaFg7647-00; AngMaFaFg7647-01,Fagaceae,China;Taiwan;United States,NO,YES,0,2,2,,"Laos; United States (Contiguous) (ver.2.0, 2022)","Laos; United States (Contiguous) (ver.2.0, 2022)",Terrestrial
Citrus hystrix,citrus hystrix,AngMaSaRt9012-00; AngMaSaRt9012-01; AngMaSaRt9012-02; AngMaSaRt9012-03; AngMaSaRt9012-04; AngMaSaRt9012-05,Rutaceae,Afghanistan;American Samoa;Guam;India;Indonesia;Madagascar;Malaysia;Papua New Guinea;Philippines;Solomon Islands;Sri Lanka;Thailand;United States,NO,YES,0,2,2,,Laos; Seychelles,Laos; Seychelles,Terrestrial; terrestrial
Clausena lansium,clausena lansium,AngMaSaRt9114-01,Rutaceae,Afghanistan;Algeria;China;Hong Kong SAR China;United States,NO,YES,0,2,2,,India; Laos,India; Laos,Terrestrial
Dimocarpus longan,dimocarpus longan,AngMaSaSp13945-01,Sapindaceae,NA,NO,YES,0,2,3,,"Laos; United States (Contiguous) (ver.2.0, 2022)","Laos; Singapore; United States (Contiguous) (ver.2.0, 2022)",Terrestrial
Dombeya acutangula,dombeya acutangula,AngMaMaMl14984-00; AngMaMaMl14984-01; AngMaMaMl14984-02; AngMaMaMl14984-01,Malvaceae,NA,NO,YES,0,2,2,,India; Laos,India; Laos,Terrestrial
Nyctanthes arbor-tristis,nyctanthes arbor-tristis,AngMaLalc33753-01,Oleaceae,NA,NO,YES,0,2,2,,Laos; Seychelles,Laos; Seychelles,Terrestrial; terrestrial
Vachellia macracantha,vachellia macracantha,AngMaFaFb48964-01,Fabaceae,NA,NO,YES,0,2,2,,Panama; Venezuela,Panama; Venezuela,Terrestrial
Abies numidica,abies numidica,AngPiPiPn0039-00; AngPiPiPn0039-01,Pinaceae,NA,NO,YES,0,2,2,,Armenia; France,Armenia; France,Terrestrial
Chamaecyparis thyoides,chamaecyparis thyoides,AngPiPiCp8283-00; AngPiPiCp8283-01; AngPiPiCp8283-01,Cupressaceae,United States,NO,YES,0,2,2,,Armenia; Australia,Armenia; Australia,Terrestrial
Liriodendron chinense,liriodendron chinense,AngMaMaMg26956-00; AngMaMaMg26956-01,Magnoliaceae,NA,NO,YES,0,2,2,,Armenia; Georgia,Armenia; Georgia,Terrestrial
Magnolia kobus,magnolia kobus,AngMaMaMg28780-00; AngMaMaMg28780-01; AngMaMaMg28780-01,Magnoliaceae,NA,NO,YES,0,2,2,,"Armenia; United States (Contiguous) (ver.2.0, 2022)","Armenia; United States (Contiguous) (ver.2.0, 2022)",Terrestrial
Picea obovata,picea obovata,GymPiPiPn36846-00; GymPiPiPn36846-01; GymPiPiPn36846-02; GymPiPiPn36846-01,Pinaceae,NA,NO,YES,0,2,2,,Armenia; Belarus,Armenia; Belarus,Terrestrial
Quercus glauca,quercus glauca,AngMaFaFg40588-00; AngMaFaFg40588-01; AngMaFaFg40588-02; AngMaFaFg40588-03; AngMaFaFg40588-04; AngMaFaFg40588-05; AngMaFaFg40588-06; AngMaFaFg40588-07; AngMaFaFg40588-01,Fagaceae,NA,NO,YES,0,2,2,,Armenia; Georgia,Armenia; Georgia,Terrestrial
Syringa villosa,syringa villosa,AngMaLalc45736-00; AngMaLalc45736-01; AngMaLalc45736-01,Oleaceae,NA,NO,YES,0,2,2,,"Armenia; United States (Contiguous) (ver.2.0, 2022)","Armenia; United States (Contiguous) (ver.2.0, 2022)",Terrestrial
Tilia americana,tilia americana,AngMaMaMl47770-00; AngMaMaMl47770-01; AngMaMaMl47770-02; AngMaMaMl47770-03; AngMaMaMl47770-04; AngMaMaMl47770-05; AngMaMaMl47770-06; AngMaMaMl47770-07; AngMaMaMl47770-08; AngMaMaMl47770-09; AngMaMaMl47770-10; AngMaMaMl47770-11; AngMaMaMl47770-12; AngMaMaMl47770-13; AngMaMaMl47770-14; AngMaMaMl47770-15; AngMaMaMl47770-16; AngMaMaMl47770-17; AngMaMaMl47770-18; AngMaMaMl47770-19; AngMaMaMl47770-01,Malvaceae,Australia,NO,YES,0,2,2,,Armenia; Italy,Armenia; Italy,Terrestrial
Senna timoriensis,senna timoriensis,AngMaFaFb43467-01,Fabaceae,Australia;Timor-Leste,NO,YES,0,2,2,,India; Timor-Leste,India; Timor-Leste,Terrestrial
Paulownia elongata,paulownia elongata,AngMaLaPl35942-01,Paulowniaceae,NA,NO,YES,0,2,2,,Dominican Republic; Iran,Dominican Republic; Iran,Terrestrial; terrestrial
Paulownia fortunei,paulownia fortunei,AngMaLaPl35944-01,Paulowniaceae,NA,NO,YES,0,2,2,,Georgia; Iran,Georgia; Iran,Terrestrial; terrestrial
Pereskia grandifolia,pereskia grandifolia,AngMaCaCc36311-00; AngMaCaCc36311-01,Cactaceae,Brazil;Venezuela,NO,YES,0,2,3,,"Seychelles; United States (Contiguous) (ver.2.0, 2022)","Mauritius; Seychelles; United States (Contiguous) (ver.2.0, 2022)",Terrestrial; terrestrial
Acacia floribunda,acacia floribunda,AngMaFaFb0257-00; AngMaFaFb0257-01,Fabaceae,Australia;New Zealand;United States,NO,YES,0,2,2,,Algeria; Libya,Algeria; Libya,Terrestrial
Arbutus andrachne,arbutus andrachne,AngMaErrc3219-01,Ericaceae,NA,NO,YES,0,2,2,,Algeria; France,Algeria; France,Terrestrial
Dacrycarpus imbricatus,dacrycarpus imbricatus,AngPiPiPd12861-00; AngPiPiPd12861-01; AngPiPiPd12861-02; AngPiPiPd12861-03; AngPiPiPd12861-04; AngPiPiPd12861-01,Podocarpaceae,NA,NO,YES,0,2,2,,"Fiji; Hawaii, United States (ver.2.0, 2022)","Fiji; Hawaii, United States (ver.2.0, 2022)",Terrestrial
Carya cordiformis,carya cordiformis,AngMaFaJg7320-00; AngMaFaJg7320-01,Juglandaceae,Canada;United States,NO,YES,0,2,2,,Georgia; Poland,Georgia; Poland,Terrestrial
Chamaerops humilis,chamaerops humilis,AngNAParc8301-00; AngNAParc8301-01; AngNAParc8301-01,Arecaceae,;introduced;native;Spain,NO,YES,0,2,2,,- Croatia; Georgia,- Croatia; Georgia,Terrestrial; terrestrial
Aglaia odorata,aglaia odorata,AngMaSaMl1375-00; AngMaSaMl1375-01,Meliaceae,Taiwan,NO,YES,0,2,2,,India; Philippines,India; Philippines,Terrestrial
Brunfelsia americana,brunfelsia americana,AngMaSoSl5851-00; AngMaSoSl5851-01,Solanaceae,NA,NO,YES,0,2,2,,India; Philippines,India; Philippines,Terrestrial
Annona senegalensis,annona senegalensis,AngMaMann2716-00; AngMaMann2716-01; AngMaMann2716-02; AngMaMann2716-03; AngMaMann2716-04; AngMaMann2716-05; AngMaMann2716-01,Annonaceae,United States,NO,YES,0,2,6,,Madagascar; – Central African Republic,"Comoros; Madagascar; Mwali (Mohéli), Comoros; Ndzuwani (Anjouan), Comoros; Ngazidja (Grande Comore), Comoros; – Central African Republic",Terrestrial
Psidium friedrichsthalianum,psidium friedrichsthalianum,AngMaMyMy39472-01,Myrtaceae,NA,NO,YES,0,2,3,,Democratic Republic of Congo; India,Comoros; Democratic Republic of Congo; India,Terrestrial
Acacia aneura,acacia aneura,AngMaFaFb0119-00; AngMaFaFb0119-01; AngMaFaFb0119-01,Fabaceae,Australia,NO,YES,0,2,2,,"Hawaii, United States (ver.2.0, 2022); Libya","Hawaii, United States (ver.2.0, 2022); Libya",Terrestrial
Acacia neriifolia,acacia neriifolia,AngMaFaFb0375-01,Fabaceae,Australia,NO,YES,0,2,2,,India; Libya,India; Libya,Terrestrial
Brachychiton rupestris,brachychiton rupestris,AngMaMaMl5471-01,Malvaceae,Australia;United Kingdom,NO,YES,0,2,2,,India; Libya,India; Libya,Terrestrial
Carapa guianensis,carapa guianensis,AngMaSaMl7207-01,Meliaceae,Brazil;Colombia;Ecuador;Nicaragua;Peru;Venezuela,NO,YES,0,2,2,,Libya; Seychelles,Libya; Seychelles,Terrestrial; terrestrial
Cupressus funebris,cupressus funebris,AngPiPiCp12444-00; AngPiPiCp12444-01,Cupressaceae,United States,NO,YES,0,2,2,,India; Libya,India; Libya,Terrestrial
Carya ovata,carya ovata,AngMaFaJg7328-00; AngMaFaJg7328-01; AngMaFaJg7328-02; AngMaFaJg7328-03; AngMaFaJg7328-04; AngMaFaJg7328-01,Juglandaceae,Canada;United States,NO,YES,0,2,3,,Poland; Romania,Poland; Romania; Slovakia,Terrestrial
Ochna kirkii,ochna kirkii,AngMaMach33794-00; AngMaMach33794-01; AngMaMach33794-01,Ochnaceae,NA,NO,YES,0,2,3,,India; Seychelles,India; Seychelles; Singapore,Terrestrial; terrestrial
Cordia myxa,cordia myxa,AngMaBoCr10769-01,Cordiaceae,Australia,NO,YES,0,2,2,,"Cyprus; United States (Contiguous) (ver.2.0, 2022)","Cyprus; United States (Contiguous) (ver.2.0, 2022)",Terrestrial
Cordia africana,cordia africana,AngMaBoCr10662-01,Cordiaceae,NA,NO,YES,0,2,2,,India; Madagascar,India; Madagascar,Terrestrial
Ixora pavetta,ixora pavetta,AngMaGeRb25373-01,Rubiaceae,NA,NO,YES,0,2,2,,"Madagascar; United States (Contiguous) (ver.2.0, 2022)","Madagascar; United States (Contiguous) (ver.2.0, 2022)",Terrestrial
Abies fraseri,abies fraseri,GymPiPiPn0024-01,Pinaceae,United States,NO,YES,0,2,2,,Estonia; Great Britain,Estonia; Great Britain,Freshwater; Terrestrial
Euonymus hamiltonianus,euonymus hamiltonianus,AngMaCeCl18751-00; AngMaCeCl18751-01; AngMaCeCl18751-02; AngMaCeCl18751-03; AngMaCeCl18751-04; AngMaCeCl18751-05; AngMaCeCl18751-06; AngMaCeCl18751-07; AngMaCeCl18751-08; AngMaCeCl18751-09; AngMaCeCl18751-10; AngMaCeCl18751-11; AngMaCeCl18751-01,Celastraceae,China;Japan;South Korea,NO,YES,0,2,2,,"Estonia; United States (Contiguous) (ver.2.0, 2022)","Estonia; United States (Contiguous) (ver.2.0, 2022)",Freshwater; Terrestrial
Populus suaveolens,populus suaveolens,AngMaMaSl38399-00; AngMaMaSl38399-01,Salicaceae,NA,NO,YES,0,2,2,,Estonia; Russian Federation,Estonia; Russian Federation,Freshwater; Terrestrial; terrestrial
Populus tremuloides,populus tremuloides,AngMaMaSl38402-00; AngMaMaSl38402-01; AngMaMaSl38402-02; AngMaMaSl38402-03; AngMaMaSl38402-01,Salicaceae,NA,NO,YES,0,2,2,,Estonia; Russian Federation,Estonia; Russian Federation,Freshwater; Terrestrial; terrestrial
Ravenia spectabilis,ravenia spectabilis,AngMaSaRt41063-00; AngMaSaRt41063-01; AngMaSaRt41063-02; AngMaSaRt41063-03,Rutaceae,NA,NO,YES,0,2,2,,Brazil; India,Brazil; India,Terrestrial; terrestrial
Rotheca myricoides,rotheca myricoides,AngMaLaLm41869-00; AngMaLaLm41869-01; AngMaLaLm41869-02; AngMaLaLm41869-03; AngMaLaLm41869-04; AngMaLaLm41869-05; AngMaLaLm41869-06; AngMaLaLm41869-07; AngMaLaLm41869-08; AngMaLaLm41869-09; AngMaLaLm41869-10; AngMaLaLm41869-11; AngMaLaLm41869-12; AngMaLaLm41869-13; AngMaLaLm41869-14; AngMaLaLm41869-15; AngMaLaLm41869-16; AngMaLaLm41869-17; AngMaLaLm41869-18; AngMaLaLm41869-19; AngMaLaLm41869-20; AngMaLaLm41869-21; AngMaLaLm41869-22; AngMaLaLm41869-01,Lamiaceae,NA,NO,YES,0,2,2,,Australia; Brazil,Australia; Brazil,Terrestrial; terrestrial
Hyophorbe lagenicaulis,hyophorbe lagenicaulis,AngNAParc24353-01,Arecaceae,;introduced,NO,YES,0,2,2,,Mexico; Seychelles,Mexico; Seychelles,Terrestrial; terrestrial
Salix arbusculoides,salix arbusculoides,AngMaMaSl42235-01,Salicaceae,NA,NO,YES,0,2,2,,Czechia; Poland,Czechia; Poland,Terrestrial
Sorbus austriaca,sorbus austriaca,AngMaRoRs44331-01,Rosaceae,NA,NO,YES,0,2,2,,Czechia; Denmark,Czechia; Denmark,Terrestrial
Berberis aristata,berberis aristata,AngMaRaBr4949-00; AngMaRaBr4949-01,Berberidaceae,India,NO,YES,0,2,2,,Australia; South Africa,Australia; South Africa,Terrestrial; terrestrial
Chukrasia tabularis,chukrasia tabularis,AngMaSaMl8698-00; AngMaSaMl8698-01; AngMaSaMl8698-02; AngMaSaMl8698-01,Meliaceae,NA,NO,YES,0,2,2,,Australia; South Africa,Australia; South Africa,Terrestrial; terrestrial
Escallonia bifida,escallonia bifida,AngMaEssc17059-01,Escalloniaceae,Brazil,NO,YES,0,2,2,,Australia; India,Australia; India,Terrestrial
Euphorbia dendroides,euphorbia dendroides,AngMaMaph18838-01,Euphorbiaceae,NA,NO,YES,0,2,2,,"Australia; United States (Contiguous) (ver.2.0, 2022)","Australia; United States (Contiguous) (ver.2.0, 2022)",Terrestrial
Fraxinus griffithii,fraxinus griffithii,AngMaLalc20306-00; AngMaLalc20306-01,Oleaceae,NA,NO,YES,0,2,2,,"Australia; Hawaii, United States (ver.2.0, 2022)","Australia; Hawaii, United States (ver.2.0, 2022)",Terrestrial
Gmelina asiatica,gmelina asiatica,AngMaLaLm21406-00; AngMaLaLm21406-01,Lamiaceae,NA,NO,YES,0,2,2,,Australia; Palau,Australia; Palau,Terrestrial; terrestrial
Harungana madagascariensis,harungana madagascariensis,AngMaMaHy22834-01,Hypericaceae,Australia,NO,YES,0,2,2,,Australia; – Central African Republic,Australia; – Central African Republic,Terrestrial
Montanoa bipinnatifida,montanoa bipinnatifida,AngMaAsst31647-01,Asteraceae,New Caledonia,NO,YES,0,2,2,,Australia; India,Australia; India,Terrestrial
Noltea africana,noltea africana,AngMaRoRh33563-01,Rhamnaceae,NA,NO,YES,0,2,2,,Australia; India,Australia; India,Terrestrial
Photinia glabra,photinia glabra,AngMaRoRs36618-01,Rosaceae,NA,NO,YES,0,2,2,,"Australia; United States (Contiguous) (ver.2.0, 2022)","Australia; United States (Contiguous) (ver.2.0, 2022)",Terrestrial
Pyrus ussuriensis,pyrus ussuriensis,AngMaRoRs40336-00; AngMaRoRs40336-01; AngMaRoRs40336-02; AngMaRoRs40336-03; AngMaRoRs40336-04; AngMaRoRs40336-05; AngMaRoRs40336-06; AngMaRoRs40336-01,Rosaceae,China;Japan;Russia;United States,NO,YES,0,2,2,,Australia; Russian Federation,Australia; Russian Federation,Terrestrial; terrestrial
Radermachera sinica,radermachera sinica,AngMaLaBg40892-01,Bignoniaceae,NA,NO,YES,0,2,2,,"Australia; United States (Contiguous) (ver.2.0, 2022)","Australia; United States (Contiguous) (ver.2.0, 2022)",Terrestrial
Rauvolfia tetraphylla,rauvolfia tetraphylla,AngMaGepc41039-00; AngMaGepc41039-01; AngMaGepc41039-01,Apocynaceae,NA,NO,YES,0,2,2,,Australia; India,Australia; India,Terrestrial
Rhus glabra,rhus glabra,AngMaSanc41611-00; AngMaSanc41611-01; AngMaSanc41611-02; AngMaSanc41611-03; AngMaSanc41611-04; AngMaSanc41611-01,Anacardiaceae,NA,NO,YES,0,2,2,,Australia; Belgium,Australia; Belgium,Terrestrial
Schotia brachypetala,schotia brachypetala,AngMaFaFb42904-01,Fabaceae,NA,NO,YES,0,2,2,,Australia; India,Australia; India,Terrestrial
Sindora supa,sindora supa,AngMaFaFb43833-01,Fabaceae,NA,NO,YES,0,2,2,,Australia; Cuba,Australia; Cuba,Terrestrial; terrestrial
Aesculus indica,aesculus indica,AngMaSaSp1210-00; AngMaSaSp1210-01,Sapindaceae,NA,NO,YES,0,2,2,,Belgium; Great Britain,Belgium; Great Britain,Terrestrial; terrestrial
Crataegus orientalis,crataegus orientalis,AngMaRoRs11373-00; AngMaRoRs11373-01; AngMaRoRs11373-02; AngMaRoRs11373-03; AngMaRoRs11373-04; AngMaRoRs11373-01,Rosaceae,Armenia,NO,YES,0,2,2,,Denmark; Great Britain,Denmark; Great Britain,Terrestrial
Hoheria populnea,hoheria populnea,AngMaMaMl23708-01,Malvaceae,NA,NO,YES,0,2,2,,"Great Britain; United States (Contiguous) (ver.2.0, 2022)","Great Britain; United States (Contiguous) (ver.2.0, 2022)",Terrestrial
Prunus incisa,prunus incisa,AngMaRoRs39171-00; AngMaRoRs39171-01; AngMaRoRs39171-02; AngMaRoRs39171-03; AngMaRoRs39171-04; AngMaRoRs39171-05; AngMaRoRs39171-06; AngMaRoRs39171-07; AngMaRoRs39171-08; AngMaRoRs39171-01,Rosaceae,Afghanistan;Canada;Japan;United Kingdom;United States,NO,YES,0,2,2,,Belgium; Great Britain,Belgium; Great Britain,Terrestrial
Pterocarya fraxinifolia,pterocarya fraxinifolia,AngMaFaJg40044-00; AngMaFaJg40044-01,Juglandaceae,NA,NO,YES,0,2,2,,Belgium; Great Britain,Belgium; Great Britain,Terrestrial; terrestrial
Salix udensis,salix udensis,AngMaMaSl42371-00; AngMaMaSl42371-01,Salicaceae,NA,NO,YES,0,2,2,,Belgium; Great Britain,Belgium; Great Britain,Terrestrial; terrestrial
Brexia madagascariensis,brexia madagascariensis,AngMaCeCl5632-00; AngMaCeCl5632-01,Celastraceae,Seychelles,NO,YES,0,2,2,,"Hawaii, United States (ver.2.0, 2022); India","Hawaii, United States (ver.2.0, 2022); India",Terrestrial
Brownea grandiceps,brownea grandiceps,AngMaFaFb5738-01,Fabaceae,Brazil;Ecuador,NO,YES,0,2,2,,India; Seychelles,India; Seychelles,Terrestrial; terrestrial
Brugmansia sanguinea,brugmansia sanguinea,AngMaSoSl5792-01,Solanaceae,NA,NO,YES,0,2,2,,"India; United States (Contiguous) (ver.2.0, 2022)","India; United States (Contiguous) (ver.2.0, 2022)",Terrestrial
Castanospermum australe,castanospermum australe,AngMaFaFb7769-01,Fabaceae,Australia,NO,YES,0,2,2,,India; South Africa,India; South Africa,Terrestrial; terrestrial
Cereus repandus,cereus repandus,AngMaCaCc8109-01,Cactaceae,Spain,NO,YES,0,2,2,,"India; United States (Contiguous) (ver.2.0, 2022)","India; United States (Contiguous) (ver.2.0, 2022)",Terrestrial
Coccothrinax barbadensis,coccothrinax barbadensis,AngNAParc9873-01,Arecaceae,,NO,YES,0,2,2,,"Hawaii, United States (ver.2.0, 2022); India","Hawaii, United States (ver.2.0, 2022); India",Terrestrial
Corymbia maculata,corymbia maculata,AngMaMyMy10980-01,Myrtaceae,Australia,NO,YES,0,2,2,,India; Seychelles,India; Seychelles,Terrestrial; terrestrial
Corymbia torelliana,corymbia torelliana,AngMaMyMy11005-01,Myrtaceae,Australia;Papua New Guinea,NO,YES,0,2,2,,"India; United States (Contiguous) (ver.2.0, 2022)","India; United States (Contiguous) (ver.2.0, 2022)",Terrestrial
Cynometra cauliflora,cynometra cauliflora,AngMaFaFb12680-01,Fabaceae,NA,NO,YES,0,2,2,,India; Seychelles,India; Seychelles,Terrestrial; terrestrial
Dictyosperma album,dictyosperma album,AngNAParc13807-00; AngNAParc13807-01,Arecaceae,;introduced,NO,YES,0,2,2,,India; Seychelles,India; Seychelles,Terrestrial; terrestrial
Dypsis decaryi,dypsis decaryi,AngNAParc15639-01,Arecaceae,;introduced,NO,YES,0,2,2,,Anguilla; India,Anguilla; India,Terrestrial; terrestrial
Enterolobium contortisiliquum,enterolobium contortisiliquum,AngMaFaFb16570-01,Fabaceae,Argentina;Bolivia;Brazil,NO,YES,0,2,2,,"India; United States (Contiguous) (ver.2.0, 2022)","India; United States (Contiguous) (ver.2.0, 2022)",Terrestrial
Eucalyptus amygdalina,eucalyptus amygdalina,AngMaMyMy17233-00; AngMaMyMy17233-01,Myrtaceae,Algeria;Australia,NO,YES,0,2,2,,France; India,France; India,Terrestrial
Eucalyptus blakelyi,eucalyptus blakelyi,AngMaMyMy17284-01,Myrtaceae,Australia,NO,YES,0,2,2,,France; India,France; India,Terrestrial
Eucalyptus cephalocarpa,eucalyptus cephalocarpa,AngMaMyMy17333-01,Myrtaceae,Australia,NO,YES,0,2,2,,France; India,France; India,Terrestrial
Eucalyptus melliodora,eucalyptus melliodora,AngMaMyMy17603-01,Myrtaceae,Australia;Venezuela,NO,YES,0,2,2,,India; South Africa,India; South Africa,Terrestrial; terrestrial
Eucalyptus ovata,eucalyptus ovata,AngMaMyMy17668-00; AngMaMyMy17668-01; AngMaMyMy17668-02; AngMaMyMy17668-01,Myrtaceae,Australia,NO,YES,0,2,2,,France; India,France; India,Terrestrial
Eucalyptus pauciflora,eucalyptus pauciflora,AngMaMyMy17685-00; AngMaMyMy17685-01; AngMaMyMy17685-02; AngMaMyMy17685-03; AngMaMyMy17685-04; AngMaMyMy17685-05; AngMaMyMy17685-01,Myrtaceae,Australia,NO,YES,0,2,2,,France; India,France; India,Terrestrial
Eucalyptus pilularis,eucalyptus pilularis,AngMaMyMy17701-01,Myrtaceae,Australia;United States;Uruguay,NO,YES,0,2,2,,"Hawaii, United States (ver.2.0, 2022); India","Hawaii, United States (ver.2.0, 2022); India",Terrestrial
Eucalyptus punctata,eucalyptus punctata,AngMaMyMy17733-01,Myrtaceae,Australia,NO,YES,0,2,2,,"Hawaii, United States (ver.2.0, 2022); India","Hawaii, United States (ver.2.0, 2022); India",Terrestrial
Eucalyptus sieberi,eucalyptus sieberi,AngMaMyMy17800-01,Myrtaceae,Australia,NO,YES,0,2,2,,France; India,France; India,Terrestrial
Eucalyptus staigeriana,eucalyptus staigeriana,AngMaMyMy17815-01,Myrtaceae,Australia;India,NO,YES,0,2,2,,India; Seychelles,India; Seychelles,Terrestrial; terrestrial
Ficus palmata,ficus palmata,AngMaRoMr19878-00; AngMaRoMr19878-02,Moraceae,Afghanistan;Egypt;Eritrea;Ethiopia;India;Nepal;Oman;Pakistan;Somalia;United States,NO,YES,0,2,2,,"India; United States (Contiguous) (ver.2.0, 2022)","India; United States (Contiguous) (ver.2.0, 2022)",Terrestrial
Guaiacum officinale,guaiacum officinale,AngMaZyZy21966-01,Zygophyllaceae,NA,NO,YES,0,2,2,,"Hawaii, United States (ver.2.0, 2022); India","Hawaii, United States (ver.2.0, 2022); India",Terrestrial
Gustavia augusta,gustavia augusta,AngMaErLc22426-00; AngMaErLc22426-01,Lecythidaceae,Brazil;Peru,NO,YES,0,2,2,,India; Seychelles,India; Seychelles,Terrestrial; terrestrial
Hakea laurina,hakea laurina,AngMaPrPr22663-01,Proteaceae,Australia,NO,YES,0,2,2,,France; India,France; India,Terrestrial
Handroanthus chrysotrichus,handroanthus chrysotrichus,AngMaLaBg22757-00; AngMaLaBg22757-01,Bignoniaceae,Brazil;Mexico,NO,YES,0,2,2,,India; South Africa,India; South Africa,Terrestrial; terrestrial
Hymenaea verrucosa,hymenaea verrucosa,AngMaFaFb24263-01,Fabaceae,NA,NO,YES,0,2,2,,India; Seychelles,India; Seychelles,Terrestrial; terrestrial
Ilex cornuta,ilex cornuta,AngMaAqqf24490-01,Aquifoliaceae,NA,NO,YES,0,2,2,,"India; United States (Contiguous) (ver.2.0, 2022)","India; United States (Contiguous) (ver.2.0, 2022)",Terrestrial
Juniperus procera,juniperus procera,GymPiPiCp25628-01,Cupressaceae,NA,NO,YES,0,2,2,,India; Seychelles,India; Seychelles,Terrestrial; terrestrial
Latania lontaroides,latania lontaroides,AngNAParc26301-01,Arecaceae,,NO,YES,0,2,2,,India; Seychelles,India; Seychelles,Terrestrial; terrestrial
Markhamia lutea,markhamia lutea,AngMaLaBg29391-01,Bignoniaceae,NA,NO,YES,0,2,2,,"Hawaii, United States (ver.2.0, 2022); India","Hawaii, United States (ver.2.0, 2022); India",Terrestrial
Mascarenhasia arborescens,mascarenhasia arborescens,AngMaGepc29412-00; AngMaGepc29412-01; AngMaGepc29412-02; AngMaGepc29412-03; AngMaGepc29412-04; AngMaGepc29412-01,Apocynaceae,NA,NO,YES,0,2,2,,India; Seychelles,India; Seychelles,Terrestrial; terrestrial
Melaleuca alternifolia,melaleuca alternifolia,AngMaMyMy29642-01,Myrtaceae,Australia,NO,YES,0,2,2,,India; South Africa,India; South Africa,Terrestrial; terrestrial
Melaleuca bracteata,melaleuca bracteata,AngMaMyMy29650-01,Myrtaceae,Australia,NO,YES,0,2,2,,India; South Africa,India; South Africa,Terrestrial; terrestrial
Melaleuca styphelioides,melaleuca styphelioides,AngMaMyMy29706-01,Myrtaceae,Australia,NO,YES,0,2,2,,India; South Africa,India; South Africa,Terrestrial; terrestrial
Milicia excelsa,milicia excelsa,AngMaRoMr31175-01,Moraceae,NA,NO,YES,0,2,2,,India; Seychelles,India; Seychelles,Terrestrial; terrestrial
Parkia biglandulosa,parkia biglandulosa,AngMaFaFb35861-01,Fabaceae,NA,NO,YES,0,2,2,,India; Seychelles,India; Seychelles,Terrestrial; terrestrial
Peltophorum dubium,peltophorum dubium,AngMaFaFb36171-00; AngMaFaFb36171-01; AngMaFaFb36171-02; AngMaFaFb36171-03; AngMaFaFb36171-04; AngMaFaFb36171-01,Fabaceae,Argentina;Brazil;Paraguay,NO,YES,0,2,2,,"India; United States (Contiguous) (ver.2.0, 2022)","India; United States (Contiguous) (ver.2.0, 2022)",Terrestrial
Phyllanthus angustifolius,phyllanthus angustifolius,AngMaMaPh36654-01,Phyllanthaceae,NA,NO,YES,0,2,2,,"India; United States (Contiguous) (ver.2.0, 2022)","India; United States (Contiguous) (ver.2.0, 2022)",Terrestrial
Sabal mauritiiformis,sabal mauritiiformis,AngNAParc42156-01,Arecaceae,;introduced,NO,YES,0,2,2,,India; Seychelles,India; Seychelles,Terrestrial; terrestrial
Sabal minor,sabal minor,AngNAParc42158-01,Arecaceae,,NO,YES,0,2,2,,India; Seychelles,India; Seychelles,Terrestrial; terrestrial
Saribus rotundifolius,saribus rotundifolius,AngNAParc42579-01,Arecaceae,,NO,YES,0,2,2,,"India; United States (Contiguous) (ver.2.0, 2022)","India; United States (Contiguous) (ver.2.0, 2022)",Terrestrial
Senna polyphylla,senna polyphylla,AngMaFaFb43441-00; AngMaFaFb43441-01; AngMaFaFb43441-01,Fabaceae,NA,NO,YES,0,2,2,,India; Seychelles,India; Seychelles,Terrestrial; terrestrial
Sophora davidii,sophora davidii,AngMaFaFb44301-01,Fabaceae,NA,NO,YES,0,2,2,,India; South Africa,India; South Africa,Terrestrial; terrestrial
Thrinax parviflora,thrinax parviflora,AngNAParc47744-01,Arecaceae,;introduced,NO,YES,0,2,2,,India; Seychelles,India; Seychelles,Terrestrial; terrestrial
Vachellia sphaerocephala,vachellia sphaerocephala,AngMaFaFb49004-01,Fabaceae,NA,NO,YES,0,2,2,,"India; United States (Contiguous) (ver.2.0, 2022)","India; United States (Contiguous) (ver.2.0, 2022)",Terrestrial
Leptospermum petersonii,leptospermum petersonii,AngMaMyMy26552-00; AngMaMyMy26552-01; AngMaMyMy26552-01,Myrtaceae,Australia,NO,YES,0,2,2,,"Democratic Republic of Congo; Hawaii, United States (ver.2.0, 2022)","Democratic Republic of Congo; Hawaii, United States (ver.2.0, 2022)",Terrestrial
Styrax benzoin,styrax benzoin,AngMaErSt45090-01,Styracaceae,India;Indonesia;Thailand,NO,YES,0,2,2,,Democratic Republic of Congo; Seychelles,Democratic Republic of Congo; Seychelles,Terrestrial; terrestrial
Chamaecyparis obtusa,chamaecyparis obtusa,AngPiPiCp8281-00; AngPiPiCp8281-01; AngPiPiCp8281-02; AngPiPiCp8281-03; AngPiPiCp8281-04; AngPiPiCp8281-05; AngPiPiCp8281-06; AngPiPiCp8281-07; AngPiPiCp8281-08; AngPiPiCp8281-09; AngPiPiCp8281-10; AngPiPiCp8281-11; AngPiPiCp8281-12; AngPiPiCp8281-13,Cupressaceae,Japan;Taiwan;United States,NO,YES,0,2,2,,"Portugal; United States (Contiguous) (ver.2.0, 2022)","Portugal; United States (Contiguous) (ver.2.0, 2022)",Terrestrial
Eucalyptus nitens,eucalyptus nitens,AngMaMyMy17633-01,Myrtaceae,Australia,NO,YES,0,2,2,,France; Portugal,France; Portugal,Terrestrial
Eucalyptus obliqua,eucalyptus obliqua,AngMaMyMy17645-00; AngMaMyMy17645-01,Myrtaceae,Australia,NO,YES,0,2,2,,France; Portugal,France; Portugal,Terrestrial
Eucalyptus raveretiana,eucalyptus raveretiana,AngMaMyMy17746-01,Myrtaceae,Australia,NO,YES,0,2,2,,"Hawaii, United States (ver.2.0, 2022); Portugal","Hawaii, United States (ver.2.0, 2022); Portugal",Terrestrial
Eucalyptus smithii,eucalyptus smithii,AngMaMyMy17805-01,Myrtaceae,Australia,NO,YES,0,2,2,,France; Portugal,France; Portugal,Terrestrial
Quercus coccinea,quercus coccinea,AngMaFaFg40520-00; AngMaFaFg40520-01; AngMaFaFg40520-01,Fagaceae,NA,NO,YES,0,2,2,,Belgium; Portugal,Belgium; Portugal,Terrestrial
Styrax officinalis,styrax officinalis,AngMaErSt45135-01,Styracaceae,NA,NO,YES,0,2,2,,France; Portugal,France; Portugal,Terrestrial
Melaleuca linariifolia,melaleuca linariifolia,AngMaMyMy29682-01,Myrtaceae,Australia,NO,YES,0,2,2,,"South Africa; United States (Contiguous) (ver.2.0, 2022)","South Africa; United States (Contiguous) (ver.2.0, 2022)",terrestrial
Sesbania virgata,sesbania virgata,AngMaFaFb43536-01,Fabaceae,Argentina;Bolivia;Brazil;Paraguay,NO,YES,0,2,2,,"South Africa; United States (Contiguous) (ver.2.0, 2022)","South Africa; United States (Contiguous) (ver.2.0, 2022)",terrestrial
Acer heldreichii,acer heldreichii,AngMaSaSp0644-00; AngMaSaSp0644-01; AngMaSaSp0644-02; AngMaSaSp0644-01,Sapindaceae,NA,NO,YES,0,2,2,,Denmark; Sweden,Denmark; Sweden,Terrestrial
Halesia carolina,halesia carolina,AngMaErSt22683-00; AngMaErSt22683-01; AngMaErSt22683-02; AngMaErSt22683-01,Styracaceae,NA,NO,YES,0,2,2,,Belgium; Denmark,Belgium; Denmark,Terrestrial
Larix gmelinii,larix gmelinii,AngPiPiPn26215-00; AngPiPiPn26215-01; AngPiPiPn26215-02; AngPiPiPn26215-03; AngPiPiPn26215-04; AngPiPiPn26215-05; AngPiPiPn26215-06; AngPiPiPn26215-07; AngPiPiPn26215-08; AngPiPiPn26215-09; AngPiPiPn26215-10; AngPiPiPn26215-01,Pinaceae,NA,NO,YES,0,2,2,,Denmark; Sweden,Denmark; Sweden,Terrestrial
Sorbus aria,sorbus aria,AngMaRoRs44326-01,Rosaceae,Ireland;United Kingdom,NO,YES,0,2,2,,Denmark; Sweden,Denmark; Sweden,Terrestrial
Geonoma interrupta,geonoma interrupta,AngNAParc21057-00; AngNAParc21057-01,Arecaceae,,NO,YES,0,2,2,,Guatemala; Honduras,Guatemala; Honduras,Terrestrial
Rhizophora mangle,rhizophora mangle,AngMaMaRh41256-01,Rhizophoraceae,Brazil;Colombia;Mexico;Nicaragua;United States;Venezuela,NO,YES,0,2,2,,"Hawaii, United States (ver.2.0, 2022); Honduras","Hawaii, United States (ver.2.0, 2022); Honduras",Brackish; Terrestrial
Acer macrophyllum,acer macrophyllum,AngMaSaSp0657-01,Sapindaceae,Australia;Canada;United States,NO,YES,0,2,2,,Belgium; Ireland,Belgium; Ireland,terrestrial
Eucalyptus johnstonii,eucalyptus johnstonii,AngMaMyMy17531-01,Myrtaceae,Australia,NO,YES,0,2,2,,France; Ireland,France; Ireland,Terrestrial; terrestrial
Magnolia acuminata,magnolia acuminata,AngMaMaMg28666-00; AngMaMaMg28666-01; AngMaMaMg28666-02; AngMaMaMg28666-03; AngMaMaMg28666-04; AngMaMaMg28666-01,Magnoliaceae,NA,NO,YES,0,2,2,,- Croatia; Ireland,- Croatia; Ireland,terrestrial
Cladrastis kentukea,cladrastis kentukea,AngMaFaFb9022-00; AngMaFaFb9022-01,Fabaceae,NA,NO,YES,0,2,2,,Belgium; Canada,Belgium; Canada,Terrestrial
Kalopanax septemlobus,kalopanax septemlobus,AngMaAprl25665-00; AngMaAprl25665-01; AngMaAprl25665-02; AngMaAprl25665-03; AngMaAprl25665-04; AngMaAprl25665-01,Araliaceae,NA,NO,YES,0,2,2,,"Canada; United States (Contiguous) (ver.2.0, 2022)","Canada; United States (Contiguous) (ver.2.0, 2022)",Terrestrial
Salix atrocinerea,salix atrocinerea,AngMaMaSl42237-00; AngMaMaSl42237-01; AngMaMaSl42237-02; AngMaMaSl42237-01,Salicaceae,NA,NO,YES,0,2,2,,"Canada; United States (Contiguous) (ver.2.0, 2022)","Canada; United States (Contiguous) (ver.2.0, 2022)",Terrestrial
Aesculus parviflora,aesculus parviflora,AngMaSaSp1212-00; AngMaSaSp1212-01,Sapindaceae,United States,NO,YES,0,2,2,,Belgium; Sweden,Belgium; Sweden,Terrestrial; terrestrial
Maackia amurensis,maackia amurensis,AngMaFaFb27864-00; AngMaFaFb27864-01; AngMaFaFb27864-02; AngMaFaFb27864-03; AngMaFaFb27864-04; AngMaFaFb27864-05,Fabaceae,NA,NO,YES,0,2,2,,"Sweden; United States (Contiguous) (ver.2.0, 2022)","Sweden; United States (Contiguous) (ver.2.0, 2022)",Terrestrial
Eucalyptus glaucescens,eucalyptus glaucescens,AngMaMyMy17483-01,Myrtaceae,Australia,NO,YES,0,2,2,,"France; United States (Contiguous) (ver.2.0, 2022)","France; United States (Contiguous) (ver.2.0, 2022)",Terrestrial
Eucalyptus pulverulenta,eucalyptus pulverulenta,AngMaMyMy17731-01,Myrtaceae,Australia;United Kingdom,NO,YES,0,2,2,,"France; United States (Contiguous) (ver.2.0, 2022)","France; United States (Contiguous) (ver.2.0, 2022)",Terrestrial
Ficus altissima,ficus altissima,AngMaRoMr19459-00; AngMaRoMr19459-01,Moraceae,Myanmar (Burma),NO,YES,0,2,2,,"Tanzania; United States (Contiguous) (ver.2.0, 2022)","Tanzania; United States (Contiguous) (ver.2.0, 2022)",Terrestrial
Solanum lanceolatum,solanum lanceolatum,AngMaSoSl44154-01,Solanaceae,Brazil,NO,YES,0,2,2,,"Italy; United States (Contiguous) (ver.2.0, 2022)","Italy; United States (Contiguous) (ver.2.0, 2022)",Terrestrial
Magnolia stellata,magnolia stellata,AngMaMaMg28898-00; AngMaMaMg28898-01; AngMaMaMg28898-01,Magnoliaceae,NA,NO,YES,0,2,2,,"- Croatia; United States (Contiguous) (ver.2.0, 2022)","- Croatia; United States (Contiguous) (ver.2.0, 2022)",terrestrial
Butia capitata,butia capitata,AngLiArrc6138-00; AngLiArrc6138-01,Arecaceae,;Brazil;introduced;NA;United States,NO,YES,0,2,2,,"Cuba; United States (Contiguous) (ver.2.0, 2022)","Cuba; United States (Contiguous) (ver.2.0, 2022)",terrestrial
Corypha umbraculifera,corypha umbraculifera,AngNAParc11024-01,Arecaceae,;introduced,NO,YES,0,2,2,,Cuba; Seychelles,Cuba; Seychelles,terrestrial
Corypha utan,corypha utan,AngNAParc11025-01,Arecaceae,,NO,YES,0,2,2,,Cuba; Seychelles,Cuba; Seychelles,terrestrial
Pandanus dubius,pandanus dubius,AngNAPaPn35558-01,Pandanaceae,,NO,YES,0,2,2,,Cuba; Seychelles,Cuba; Seychelles,terrestrial
Terminalia muelleri,terminalia muelleri,AngMaMyCm47387-01,Combretaceae,Australia,NO,YES,0,2,2,,"Cuba; United States (Contiguous) (ver.2.0, 2022)","Cuba; United States (Contiguous) (ver.2.0, 2022)",terrestrial
Bonellia macrocarpa,bonellia macrocarpa,AngMaErPr5295-00; AngMaErPr5295-01; AngMaErPr5295-02; AngMaErPr5295-01,Primulaceae,NA,NO,YES,0,2,2,,"Seychelles; United States (Contiguous) (ver.2.0, 2022)","Seychelles; United States (Contiguous) (ver.2.0, 2022)",terrestrial
Cordia lutea,cordia lutea,AngMaBoCr10753-01,Cordiaceae,NA,NO,YES,0,2,2,,"Hawaii, United States (ver.2.0, 2022); Seychelles","Hawaii, United States (ver.2.0, 2022); Seychelles",terrestrial
Ilex paraguariensis,ilex paraguariensis,AngMaAqqf24678-00; AngMaAqqf24678-01; AngMaAqqf24678-02; AngMaAqqf24678-03; AngMaAqqf24678-04; AngMaAqqf24678-05; AngMaAqqf24678-06; AngMaAqqf24678-07; AngMaAqqf24678-08; AngMaAqqf24678-01,Aquifoliaceae,Argentina;Australia;Brazil;Egypt;France;Paraguay;United States;Uruguay,NO,YES,0,2,2,,"Hawaii, United States (ver.2.0, 2022); Seychelles","Hawaii, United States (ver.2.0, 2022); Seychelles",terrestrial
Sophora tomentosa,sophora tomentosa,AngMaFaFb44317-00; AngMaFaFb44317-01; AngMaFaFb44317-02; AngMaFaFb44317-03; AngMaFaFb44317-04; AngMaFaFb44317-05; AngMaFaFb44317-06; AngMaFaFb44317-07; AngMaFaFb44317-08; AngMaFaFb44317-01,Fabaceae,Australia;Brazil;Dominican Republic;Mexico;Seychelles;Taiwan;Tonga;United States,NO,YES,0,2,2,,"Anguilla; Hawaii, United States (ver.2.0, 2022)","Anguilla; Hawaii, United States (ver.2.0, 2022)",terrestrial
Euphorbia ingens,euphorbia ingens,AngMaMaph18874-00; AngMaMaph18874-01,Euphorbiaceae,NA,NO,YES,0,2,2,,"- Cook Islands; Hawaii, United States (ver.2.0, 2022)","- Cook Islands; Hawaii, United States (ver.2.0, 2022)",terrestrial
Abies homolepis,abies homolepis,GymPiPiPn0030-00; GymPiPiPn0030-01; GymPiPiPn0030-01,Pinaceae,NA,NO,YES,0,2,2,,"Belgium; United States (Contiguous) (ver.2.0, 2022)","Belgium; United States (Contiguous) (ver.2.0, 2022)",terrestrial
Tamarix canariensis,tamarix canariensis,AngMaCaTm46950-00; AngMaCaTm46950-01; AngMaCaTm46950-01,Tamaricaceae,NA,NO,YES,0,2,2,,"Belgium; United States (Contiguous) (ver.2.0, 2022)","Belgium; United States (Contiguous) (ver.2.0, 2022)",terrestrial
Osmanthus heterophyllus,osmanthus heterophyllus,AngMaLalc34759-00; AngMaLalc34759-01; AngMaLalc34759-02; AngMaLalc34759-03; AngMaLalc34759-04; AngMaLalc34759-05; AngMaLalc34759-01,Oleaceae,NA,NO,YES,0,2,2,,"Belgium; United States (Contiguous) (ver.2.0, 2022)","Belgium; United States (Contiguous) (ver.2.0, 2022)",
Acer japonicum,acer japonicum,AngMaSaSp0647-00; AngMaSaSp0647-01; AngMaSaSp0647-01,Sapindaceae,Japan;United States,NO,YES,0,2,2,,"Belgium; United States (Contiguous) (ver.2.0, 2022)","Belgium; United States (Contiguous) (ver.2.0, 2022)",terrestrial
Salix eleagnos,salix eleagnos,AngMaMaSl42269-00; AngMaMaSl42269-01; AngMaMaSl42269-02; AngMaMaSl42269-01,Salicaceae,NA,NO,YES,0,2,2,,"Belgium; United States (Contiguous) (ver.2.0, 2022)","Belgium; United States (Contiguous) (ver.2.0, 2022)",
Ilex crenata,ilex crenata,AngMaAqqf24494-00; AngMaAqqf24494-01; AngMaAqqf24494-02; AngMaAqqf24494-03; AngMaAqqf24494-04; AngMaAqqf24494-05; AngMaAqqf24494-06; AngMaAqqf24494-07; AngMaAqqf24494-08; AngMaAqqf24494-09; AngMaAqqf24494-10; AngMaAqqf24494-11; AngMaAqqf24494-12; AngMaAqqf24494-13; AngMaAqqf24494-14; AngMaAqqf24494-15; AngMaAqqf24494-01,Aquifoliaceae,NA,NO,YES,0,2,2,,"Belgium; United States (Contiguous) (ver.2.0, 2022)","Belgium; United States (Contiguous) (ver.2.0, 2022)",terrestrial
Pittosporum pentandrum,pittosporum pentandrum,AngMaApPt37439-00; AngMaApPt37439-01; AngMaApPt37439-01,Pittosporaceae,NA,NO,YES,0,2,2,,"Hawaii, United States (ver.2.0, 2022); United States (Contiguous) (ver.2.0, 2022)","Hawaii, United States (ver.2.0, 2022); United States (Contiguous) (ver.2.0, 2022)",
Tabebuia aurea,tabebuia aurea,AngMaLaBg46638-01,Bignoniaceae,Argentina;Brazil,NO,YES,0,2,2,,"Hawaii, United States (ver.2.0, 2022); United States (Contiguous) (ver.2.0, 2022)","Hawaii, United States (ver.2.0, 2022); United States (Contiguous) (ver.2.0, 2022)",
Albizia malacophylla,albizia malacophylla,AngMaFaFb1652-00; AngMaFaFb1652-01; AngMaFaFb1652-01,Fabaceae,NA,NO,YES,0,1,1,,Malawi,Malawi,Terrestrial
Cussonia spicata,cussonia spicata,AngMaAprl12470-01,Araliaceae,NA,NO,YES,0,1,1,,Malawi,Malawi,Terrestrial
Salvadora persica,salvadora persica,AngMaBrSl42379-00; AngMaBrSl42379-01; AngMaBrSl42379-01,Salvadoraceae,NA,NO,YES,0,1,1,,Qatar,Qatar,Terrestrial
Brachychiton diversifolius,brachychiton diversifolius,AngMaMaMl5461-00; AngMaMaMl5461-01; AngMaMaMl5461-01,Malvaceae,Australia,NO,YES,0,1,1,,Yemen,Yemen,terrestrial
Calpurnia aurea,calpurnia aurea,AngMaFaFb6683-00; AngMaFaFb6683-01; AngMaFaFb6683-01,Fabaceae,South Africa,NO,YES,0,1,1,,Yemen,Yemen,terrestrial
Christiana africana,christiana africana,AngMaMaMl8609-01,Malvaceae,Brazil,NO,YES,0,1,1,,Ecuador,Ecuador,Terrestrial
Entelea arborescens,entelea arborescens,AngMaMaMl16567-01,Malvaceae,NA,NO,YES,0,1,1,,Ecuador,Ecuador,Terrestrial
Manicaria saccifera,manicaria saccifera,AngNAParc29218-01,Arecaceae,,NO,YES,0,1,1,,Ecuador,Ecuador,Terrestrial
Morus celtidifolia,morus celtidifolia,AngMaRoMr31888-01,Moraceae,NA,NO,YES,0,1,1,,Ecuador,Ecuador,Terrestrial
Pittosporum cornifolium,pittosporum cornifolium,AngMaApPt37381-01,Pittosporaceae,NA,NO,YES,0,1,1,,Ecuador,Ecuador,Terrestrial
Polylepis racemosa,polylepis racemosa,AngMaRoRs38109-00; AngMaRoRs38109-01,Rosaceae,NA,NO,YES,0,1,1,,Ecuador,Ecuador,Terrestrial
Gardenia taitensis,gardenia taitensis,AngMaGeRb20881-00; AngMaGeRb20881-01,Rubiaceae,Tonga,NO,YES,0,1,1,,Marshall Islands,Marshall Islands,Terrestrial
Mammea odorata,mammea odorata,AngMaMaCl29149-01,Calophyllaceae,NA,NO,YES,0,1,1,,Marshall Islands,Marshall Islands,Terrestrial
Pometia pinnata,pometia pinnata,AngMaSaSp38343-00; AngMaSaSp38343-01; AngMaSaSp38343-02; AngMaSaSp38343-03; AngMaSaSp38343-04; AngMaSaSp38343-05; AngMaSaSp38343-06; AngMaSaSp38343-07; AngMaSaSp38343-01,Sapindaceae,Papua New Guinea,NO,YES,0,1,1,,Marshall Islands,Marshall Islands,Terrestrial
Abies amabilis,abies amabilis,AngPiPiPn0008-00; AngPiPiPn0008-01,Pinaceae,NA,NO,YES,0,1,1,,Norway,Norway,Terrestrial
Abies koreana,abies koreana,AngPiPiPn0032-00; AngPiPiPn0032-01,Pinaceae,NA,NO,YES,0,1,1,,Norway,Norway,Terrestrial
Abies magnifica,abies magnifica,AngPiPiPn0034-00; AngPiPiPn0034-01; AngPiPiPn0034-02; AngPiPiPn0034-01,Pinaceae,United States,NO,YES,0,1,1,,Norway,Norway,Terrestrial
Abies mariesii,abies mariesii,GymPiPiPn0035-01,Pinaceae,NA,NO,YES,0,1,1,,Norway,Norway,Terrestrial
Abies sachalinensis,abies sachalinensis,AngPiPiPn0045-00; AngPiPiPn0045-01; AngPiPiPn0045-02; AngPiPiPn0045-03; AngPiPiPn0045-01,Pinaceae,Japan,NO,YES,0,1,1,,Norway,Norway,Terrestrial
Acer pseudosieboldianum,acer pseudosieboldianum,AngMaSaSp0688-00; AngMaSaSp0688-01; AngMaSaSp0688-02; AngMaSaSp0688-03; AngMaSaSp0688-04; AngMaSaSp0688-05; AngMaSaSp0688-01,Sapindaceae,NA,NO,YES,0,1,1,,Norway,Norway,Terrestrial
Malus asiatica,malus asiatica,AngMaRoRs29101-00; AngMaRoRs29101-01; AngMaRoRs29101-01,Rosaceae,China;South Korea,NO,YES,0,1,1,,Norway,Norway,Terrestrial
Nothofagus antarctica,nothofagus antarctica,AngMaFaNt33689-01,Nothofagaceae,Argentina,NO,YES,0,1,1,,Norway,Norway,Terrestrial
Prunus sargentii,prunus sargentii,AngMaRoRs39245-00; AngMaRoRs39245-01; AngMaRoRs39245-02; AngMaRoRs39245-03; AngMaRoRs39245-01,Rosaceae,Japan,NO,YES,0,1,1,,Norway,Norway,Terrestrial
Pterocarya rhoifolia,pterocarya rhoifolia,AngMaFaJg40047-01,Juglandaceae,NA,NO,YES,0,1,1,,Norway,Norway,Terrestrial
Salix schwerinii,salix schwerinii,AngMaMaSl42351-00; AngMaMaSl42351-01; AngMaMaSl42351-01,Salicaceae,NA,NO,YES,0,1,1,,Norway,Norway,Terrestrial
Sorbus commixta,sorbus commixta,AngMaRoRs44334-00; AngMaRoRs44334-01; AngMaRoRs44334-02; AngMaRoRs44334-03; AngMaRoRs44334-01,Rosaceae,Japan;South Korea,NO,YES,0,1,1,,Norway,Norway,Terrestrial
Sorbus vilmorinii,sorbus vilmorinii,AngMaRoRs44396-01,Rosaceae,NA,NO,YES,0,1,1,,Norway,Norway,Terrestrial
Styrax americanus,styrax americanus,AngMaErSt45083-00; AngMaErSt45083-01; AngMaErSt45083-01,Styracaceae,NA,NO,YES,0,1,1,,Norway,Norway,Terrestrial
Tripterygium wilfordii,tripterygium wilfordii,AngMaCeCl48390-00; AngMaCeCl48390-01,Celastraceae,China;Taiwan,NO,YES,0,1,1,,Norway,Norway,Terrestrial
Tsuga diversifolia,tsuga diversifolia,AngPiPiPn48486-00; AngPiPiPn48486-01,Pinaceae,NA,NO,YES,0,1,1,,Norway,Norway,Terrestrial
Cycas rumphii,cycas rumphii,AngCyCyCY12614-01,CYCADACEAE,NA,NO,YES,0,1,1,,"Atoll Funafuti, Tuvalu","Atoll Funafuti, Tuvalu",Terrestrial
Gardenia tannaensis,gardenia tannaensis,AngMaGeRb20882-01,Rubiaceae,NA,NO,YES,0,1,1,,"Vava'u group, Tonga","Vava'u group, Tonga",Terrestrial
Maytenus magellanica,maytenus magellanica,AngMaCeCl29589-01,Celastraceae,Chile,NO,YES,0,1,1,,– Falkland Islands (Islas Malvinas),– Falkland Islands (Islas Malvinas),Terrestrial
Pinus echinata,pinus echinata,AngPiPiPn37030-00; AngPiPiPn37030-01,Pinaceae,NA,NO,YES,0,1,1,,– Falkland Islands (Islas Malvinas),– Falkland Islands (Islas Malvinas),Terrestrial
Handroanthus ochraceus,handroanthus ochraceus,AngMaLaBg22766-00; AngMaLaBg22766-01; AngMaLaBg22766-02; AngMaLaBg22766-03; AngMaLaBg22766-04; AngMaLaBg22766-01,Bignoniaceae,Brazil;Nicaragua;Paraguay;Venezuela,NO,YES,0,1,1,,"Kruger National Park, South Africa","Kruger National Park, South Africa",Terrestrial
Howea belmoreana,howea belmoreana,AngNAParc24098-01,Arecaceae,;introduced,NO,YES,0,1,1,,"Kruger National Park, South Africa","Kruger National Park, South Africa",Terrestrial
Calophyllum longifolium,calophyllum longifolium,AngMaMaCl6595-01,Calophyllaceae,Brazil;Ecuador;Mexico,NO,YES,0,1,1,,"Galápagos Islands, Ecuador","Galápagos Islands, Ecuador",Terrestrial
Cephalocereus senilis,cephalocereus senilis,AngMaCaCc8048-01,Cactaceae,NA,NO,YES,0,1,1,,"Galápagos Islands, Ecuador","Galápagos Islands, Ecuador",Terrestrial
Chionanthus pubescens,chionanthus pubescens,AngMaLalc8454-01,Oleaceae,NA,NO,YES,0,1,1,,"Galápagos Islands, Ecuador","Galápagos Islands, Ecuador",Terrestrial
Chrysophyllum argenteum,chrysophyllum argenteum,AngMaErSp8656-00; AngMaErSp8656-01; AngMaErSp8656-02; AngMaErSp8656-03; AngMaErSp8656-04; AngMaErSp8656-05; AngMaErSp8656-06; AngMaErSp8656-07; AngMaErSp8656-01,Sapotaceae,Brazil;Colombia;Dominica;Ecuador;French Guiana;Peru;Suriname;Venezuela,NO,YES,0,1,1,,"Galápagos Islands, Ecuador","Galápagos Islands, Ecuador",Terrestrial
Erythrina edulis,erythrina edulis,AngMaFaFb16784-01,Fabaceae,NA,NO,YES,0,1,1,,"Galápagos Islands, Ecuador","Galápagos Islands, Ecuador",Terrestrial
Erythrina smithiana,erythrina smithiana,AngMaFaFb16841-01,Fabaceae,NA,NO,YES,0,1,1,,"Galápagos Islands, Ecuador","Galápagos Islands, Ecuador",Terrestrial
Euphorbia laurifolia,euphorbia laurifolia,AngMaMaph18883-00; AngMaMaph18883-01,Euphorbiaceae,NA,NO,YES,0,1,1,,"Galápagos Islands, Ecuador","Galápagos Islands, Ecuador",Terrestrial
Heliotropium rufipilum,heliotropium rufipilum,AngMaBoHl23064-00; AngMaBoHl23064-01,Heliotropiaceae,NA,NO,YES,0,1,1,,"Galápagos Islands, Ecuador","Galápagos Islands, Ecuador",Terrestrial
Inga insignis,inga insignis,AngMaFaFb24955-01,Fabaceae,NA,NO,YES,0,1,1,,"Galápagos Islands, Ecuador","Galápagos Islands, Ecuador",Terrestrial
Inga spectabilis,inga spectabilis,AngMaFaFb25060-00; AngMaFaFb25060-01; AngMaFaFb25060-01,Fabaceae,NA,NO,YES,0,1,1,,"Galápagos Islands, Ecuador","Galápagos Islands, Ecuador",Terrestrial
Inga striata,inga striata,AngMaFaFb25070-01,Fabaceae,Bolivia;Brazil,NO,YES,0,1,1,,"Galápagos Islands, Ecuador","Galápagos Islands, Ecuador",Terrestrial
Juglans neotropica,juglans neotropica,AngMaFaJg25577-01,Juglandaceae,Chile;Colombia;Ecuador;Guatemala;Peru;United States,NO,YES,0,1,1,,"Galápagos Islands, Ecuador","Galápagos Islands, Ecuador",Terrestrial
Leucaena trichodes,leucaena trichodes,AngMaFaFb26595-00; AngMaFaFb26595-01,Fabaceae,NA,NO,YES,0,1,1,,"Galápagos Islands, Ecuador","Galápagos Islands, Ecuador",Terrestrial
Matisia cordata,matisia cordata,AngMaMaMl29502-01,Malvaceae,NA,NO,YES,0,1,1,,"Galápagos Islands, Ecuador","Galápagos Islands, Ecuador",Terrestrial
Phytelephas aequatorialis,phytelephas aequatorialis,AngNAParc36816-01,Arecaceae,;native,NO,YES,0,1,1,,"Galápagos Islands, Ecuador","Galápagos Islands, Ecuador",Terrestrial
Posoqueria latifolia,posoqueria latifolia,AngMaGeRb38460-00; AngMaGeRb38460-01; AngMaGeRb38460-02; AngMaGeRb38460-01,Rubiaceae,Bolivia;Brazil;Colombia;Costa Rica;Ecuador;Guyana;Mexico;Nicaragua;Panama;Venezuela,NO,YES,0,1,1,,"Galápagos Islands, Ecuador","Galápagos Islands, Ecuador",Terrestrial
Pritchardia lanigera,pritchardia lanigera,AngNAParc38889-01,Arecaceae,,NO,YES,0,1,1,,"Galápagos Islands, Ecuador","Galápagos Islands, Ecuador",Terrestrial
Urera baccifera,urera baccifera,AngMaRort48676-01,Urticaceae,Argentina;Brazil;Colombia;Costa Rica;Panama,NO,YES,0,1,1,,"Galápagos Islands, Ecuador","Galápagos Islands, Ecuador",Terrestrial
Dypsis leptocheilos,dypsis leptocheilos,AngNAParc15646-01,Arecaceae,,NO,YES,0,1,1,,"Mara Ecosystem (Kenya, Tanzania)","Mara Ecosystem (Kenya, Tanzania)",Terrestrial
Phytelephas tenuicaulis,phytelephas tenuicaulis,AngNAParc36818-01,Arecaceae,;native,NO,YES,0,1,1,,"Mara Ecosystem (Kenya, Tanzania)","Mara Ecosystem (Kenya, Tanzania)",Terrestrial
Widdringtonia nodiflora,widdringtonia nodiflora,GymPiPiCp50134-01,Cupressaceae,NA,NO,YES,0,1,1,,"Mara Ecosystem (Kenya, Tanzania)","Mara Ecosystem (Kenya, Tanzania)",Terrestrial
Agathis australis,agathis australis,AngPiPirc1279-00; AngPiPirc1279-01,Araucariaceae,NA,NO,YES,0,1,1,,"Garden Route National Park, South Africa","Garden Route National Park, South Africa",Terrestrial
Dais cotinifolia,dais cotinifolia,AngMaMaTh12976-01,Thymelaeaceae,NA,NO,YES,0,1,1,,"Garden Route National Park, South Africa","Garden Route National Park, South Africa",Terrestrial
Erythrina lysistemon,erythrina lysistemon,AngMaFaFb16812-01,Fabaceae,NA,NO,YES,0,1,1,,"Garden Route National Park, South Africa","Garden Route National Park, South Africa",Terrestrial
Eucalyptus muelleriana,eucalyptus muelleriana,AngMaMyMy17623-01,Myrtaceae,Australia,NO,YES,0,1,1,,"Garden Route National Park, South Africa","Garden Route National Park, South Africa",Terrestrial
Hydrangea macrocarpa,hydrangea macrocarpa,AngMaCoHy24221-00; AngMaCoHy24221-01,Hydrangeaceae,NA,NO,YES,0,1,1,,"Garden Route National Park, South Africa","Garden Route National Park, South Africa",Terrestrial
Podocarpus henkelii,podocarpus henkelii,GymPiPiPd37937-01,Podocarpaceae,NA,NO,YES,0,1,1,,"Garden Route National Park, South Africa","Garden Route National Park, South Africa",Terrestrial
Syzygium cordatum,syzygium cordatum,AngMaMyMy45934-00; AngMaMyMy45934-01; AngMaMyMy45934-01,Myrtaceae,NA,NO,YES,0,1,1,,"Garden Route National Park, South Africa","Garden Route National Park, South Africa",Terrestrial
Asimina triloba,asimina triloba,AngMaMann3682-00; AngMaMann3682-01,Annonaceae,Canada;United States,NO,YES,0,1,2,,- Japan,- Japan; - Sao Tome and Principe,Terrestrial
Cordia gerascanthus,cordia gerascanthus,AngMaBoCr10715-00; AngMaBoCr10715-01,Cordiaceae,NA,NO,YES,0,1,1,,- Sao Tome and Principe,- Sao Tome and Principe,Terrestrial
Corynanthe paniculata,corynanthe paniculata,AngMaGeRb11017-01,Rubiaceae,NA,NO,YES,0,1,1,,- Sao Tome and Principe,- Sao Tome and Principe,Terrestrial
Erythrina mitis,erythrina mitis,AngMaFaFb16820-01,Fabaceae,NA,NO,YES,0,1,1,,- Sao Tome and Principe,- Sao Tome and Principe,Terrestrial
Hevea guianensis,hevea guianensis,AngMaMaph23435-00; AngMaMaph23435-01; AngMaMaph23435-02; AngMaMaph23435-03; AngMaMaph23435-04; AngMaMaph23435-05; AngMaMaph23435-06; AngMaMaph23435-07; AngMaMaph23435-08,Euphorbiaceae,Brazil,NO,YES,0,1,1,,- Sao Tome and Principe,- Sao Tome and Principe,Terrestrial
Bridelia insulana,bridelia insulana,AngMaMaPh5676-00; AngMaMaPh5676-01,Phyllanthaceae,Australia;Papua New Guinea,NO,YES,0,1,1,,- Indonesia,- Indonesia,Terrestrial
Macaranga triloba,macaranga triloba,AngMaMaph28147-01,Euphorbiaceae,NA,NO,YES,0,1,1,,- Indonesia,- Indonesia,Terrestrial
Alnus fauriei,alnus fauriei,AngMaFaBt2036-00; AngMaFaBt2036-01,Betulaceae,NA,NO,YES,0,1,1,,- Japan,- Japan,Terrestrial
Alnus sieboldiana,alnus sieboldiana,AngMaFaBt2063-00; AngMaFaBt2063-01,Betulaceae,NA,NO,YES,0,1,1,,- Japan,- Japan,Terrestrial
Cercis chinensis,cercis chinensis,AngMaFaFb8087-00; AngMaFaFb8087-01; AngMaFaFb8087-01,Fabaceae,NA,NO,YES,0,1,1,,– Korea (Democratic People's Republic of),– Korea (Democratic People's Republic of),Terrestrial
Pinus tabuliformis,pinus tabuliformis,AngPiPiPn37098-00; AngPiPiPn37098-01; AngPiPiPn37098-02; AngPiPiPn37098-03; AngPiPiPn37098-01,Pinaceae,NA,NO,YES,0,1,1,,– Korea (Democratic People's Republic of),– Korea (Democratic People's Republic of),Terrestrial
Gyrocarpus americanus,gyrocarpus americanus,AngMaLaHr22625-00; AngMaLaHr22625-01; AngMaLaHr22625-02; AngMaLaHr22625-03; AngMaLaHr22625-04; AngMaLaHr22625-05; AngMaLaHr22625-06; AngMaLaHr22625-01,Hernandiaceae,Australia,NO,YES,0,1,1,,– British Indian Ocean Territory,– British Indian Ocean Territory,Terrestrial
Pipturus argenteus,pipturus argenteus,AngMaRort37281-00; AngMaRort37281-01; AngMaRort37281-02; AngMaRort37281-01,Urticaceae,Australia;French Polynesia;Indonesia;Micronesia (Federated States of);New Caledonia;Papua New Guinea;Philippines;Samoa;Tuvalu;Vanuatu,NO,YES,0,1,2,,– British Indian Ocean Territory,Singapore; – British Indian Ocean Territory,Terrestrial
Elaeis oleifera,elaeis oleifera,AngNAParc15828-01,Arecaceae,;native,NO,YES,0,1,1,,French Guiana,French Guiana,Terrestrial
Acacia leptocarpa,acacia leptocarpa,AngMaFaFb0323-01,Fabaceae,Australia;Papua New Guinea,NO,YES,0,1,1,,Montserrat,Montserrat,Terrestrial
Diospyros malabarica,diospyros malabarica,AngMaErbn14336-00; AngMaErbn14336-01; AngMaErbn14336-01,Ebenaceae,NA,NO,YES,0,1,1,,Montserrat,Montserrat,Terrestrial
Calodendrum capense,calodendrum capense,AngMaSaRt6502-01,Rutaceae,NA,NO,YES,0,1,1,,"– Saint Helena, Saint Helena, Ascension and Tristan da Cunha","– Saint Helena, Saint Helena, Ascension and Tristan da Cunha",Terrestrial
Diospyros dichrophylla,diospyros dichrophylla,AngMaErbn14145-01,Ebenaceae,NA,NO,YES,0,1,1,,"– Saint Helena, Saint Helena, Ascension and Tristan da Cunha","– Saint Helena, Saint Helena, Ascension and Tristan da Cunha",Terrestrial
Erythrina caffra,erythrina caffra,AngMaFaFb16771-01,Fabaceae,Australia,NO,YES,0,1,1,,"– Saint Helena, Saint Helena, Ascension and Tristan da Cunha","– Saint Helena, Saint Helena, Ascension and Tristan da Cunha",Terrestrial
Syncarpia hillii,syncarpia hillii,AngMaMyMy45684-01,Myrtaceae,Australia,NO,YES,0,1,1,,"– Saint Helena, Saint Helena, Ascension and Tristan da Cunha","– Saint Helena, Saint Helena, Ascension and Tristan da Cunha",Terrestrial
Ziziphus xylopyrus,ziziphus xylopyrus,AngMaRoRh50834-01,Rhamnaceae,NA,NO,YES,0,1,1,,Kuwait,Kuwait,Terrestrial
Tamarix dalmatica,tamarix dalmatica,AngMaCaTm46952-01,Tamaricaceae,NA,NO,YES,0,1,1,,Montenegro,Montenegro,Terrestrial
Copaifera officinalis,copaifera officinalis,AngMaFaFb10583-01,Fabaceae,NA,NO,YES,0,1,1,,Sierra Leone,Sierra Leone,Terrestrial
Prunus caroliniana,prunus caroliniana,AngMaRoRs39123-01,Rosaceae,United States,NO,YES,0,1,1,,Bermuda,Bermuda,Terrestrial
Albizia acle,albizia acle,AngMaFaFb1592-01,Fabaceae,NA,NO,YES,0,1,1,,Bangladesh,Bangladesh,Terrestrial
Albizia odoratissima,albizia odoratissima,AngMaFaFb1663-00; AngMaFaFb1663-01,Fabaceae,NA,NO,YES,0,1,1,,Bangladesh,Bangladesh,Terrestrial
Eucalyptus brassiana,eucalyptus brassiana,AngMaMyMy17293-01,Myrtaceae,Australia;Papua New Guinea,NO,YES,0,1,1,,Bangladesh,Bangladesh,Terrestrial
Pterocarpus macrocarpus,pterocarpus macrocarpus,AngMaFaFb40024-01,Fabaceae,NA,NO,YES,0,1,1,,Trinidad and Tobago,Trinidad and Tobago,Terrestrial
Ficus semicordata,ficus semicordata,AngMaRoMr19981-00; AngMaRoMr19981-01; AngMaRoMr19981-01,Moraceae,NA,NO,YES,0,1,1,,Iraq,Iraq,Terrestrial
Senegalia laeta,senegalia laeta,AngMaFaFb43308-01,Fabaceae,NA,NO,YES,0,1,1,,Iraq,Iraq,Terrestrial
Tecomella undulata,tecomella undulata,AngMaLaBg47212-01,Bignoniaceae,NA,NO,YES,0,1,1,,Iraq,Iraq,Terrestrial
Acalypha fruticosa,acalypha fruticosa,AngMaMaph0550-00; AngMaMaph0550-01; AngMaMaph0550-02; AngMaMaph0550-01,Euphorbiaceae,NA,NO,YES,0,1,1,,Maldives,Maldives,Terrestrial
Ficus amplissima,ficus amplissima,AngMaRoMr19466-01,Moraceae,NA,NO,YES,0,1,1,,Maldives,Maldives,Terrestrial
Pandanus amaryllifolius,pandanus amaryllifolius,AngNAPaPn35516-01,Pandanaceae,;introduced,NO,YES,0,1,2,,Maldives,Maldives; Singapore,Terrestrial
Senna auriculata,senna auriculata,AngMaFaFb43379-01,Fabaceae,NA,NO,YES,0,1,1,,Maldives,Maldives,Terrestrial
Suriana maritima,suriana maritima,AngMaFaSr45197-01,Surianaceae,Australia;Brazil;Mauritius;Mexico;Seychelles;Tonga;United States;Venezuela,NO,YES,0,1,1,,Maldives,Maldives,Terrestrial
Syzygium aqueum,syzygium aqueum,AngMaMyMy45790-01,Myrtaceae,Australia;Papua New Guinea,NO,YES,0,1,1,,Maldives,Maldives,Terrestrial
Alstonia venenata,alstonia venenata,AngMaGepc2208-01,Apocynaceae,NA,NO,YES,0,1,1,,Rwanda,Rwanda,Terrestrial
Brugmansia aurea,brugmansia aurea,AngMaSoSl5790-01,Solanaceae,NA,NO,YES,0,1,1,,Rwanda,Rwanda,Terrestrial
Canarium schweinfurthii,canarium schweinfurthii,AngMaSaBr7024-01,Burseraceae,NA,NO,YES,0,1,1,,Chad,Chad,Terrestrial
Commiphora kerstingii,commiphora kerstingii,AngMaSaBr10358-01,Burseraceae,NA,NO,YES,0,1,1,,Chad,Chad,Terrestrial
Crateva religiosa,crateva religiosa,AngMaBrCp11443-01,Capparaceae,Australia,NO,YES,0,1,1,,Chad,Chad,Terrestrial
Ficus polita,ficus polita,AngMaRoMr19899-00; AngMaRoMr19899-01; AngMaRoMr19899-01,Moraceae,NA,NO,YES,0,1,1,,Chad,Chad,Terrestrial
Terminalia neotaliala,terminalia neotaliala,AngMaMyCm47391-01,Combretaceae,NA,NO,YES,0,1,5,,Chad,"Chad; Comoros; Mwali (Mohéli), Comoros; Ndzuwani (Anjouan), Comoros; Ngazidja (Grande Comore), Comoros",Terrestrial
Inga affinis,inga affinis,AngMaFaFb24854-00; AngMaFaFb24854-02,Fabaceae,Argentina;Bolivia;Brazil;Paraguay,NO,YES,0,1,1,,Angola,Angola,Terrestrial
Millettia thonningii,millettia thonningii,AngMaFaFb31287-01,Fabaceae,NA,NO,YES,0,1,1,,Angola,Angola,Terrestrial
Mimosa scabrella,mimosa scabrella,AngMaFaFb31370-00; AngMaFaFb31370-01; AngMaFaFb31370-02; AngMaFaFb31370-01,Fabaceae,Brazil,NO,YES,0,1,1,,Angola,Angola,Terrestrial
Aesculus chinensis,aesculus chinensis,AngMaSaSp1206-00; AngMaSaSp1206-01; AngMaSaSp1206-01,Sapindaceae,NA,NO,YES,0,1,1,,Laos,Laos,Terrestrial
Aglaia malaccensis,aglaia malaccensis,AngMaSaMl1369-01,Meliaceae,NA,NO,YES,0,1,1,,Laos,Laos,Terrestrial
Apodytes dimidiata,apodytes dimidiata,AngMaMeMt2940-00; AngMaMeMt2940-01; AngMaMeMt2940-01,Metteniusaceae,South Africa,NO,YES,0,1,1,,Laos,Laos,Terrestrial
Bombax anceps,bombax anceps,AngMaMaMl5285-01,Malvaceae,NA,NO,YES,0,1,1,,Laos,Laos,Terrestrial
Casuarina junghuhniana,casuarina junghuhniana,AngMaFaCs7786-01,Casuarinaceae,NA,NO,YES,0,1,1,,Laos,Laos,Terrestrial
Croton tiglium,croton tiglium,AngMaMaph11925-00; AngMaMaph11925-01; AngMaMaph11925-01,Euphorbiaceae,NA,NO,YES,0,1,1,,Laos,Laos,Terrestrial
Decaspermum fruticosum,decaspermum fruticosum,AngMaMyMy13302-01,Myrtaceae,NA,NO,YES,0,1,1,,Laos,Laos,Terrestrial
Ficus asperifolia,ficus asperifolia,AngMaRoMr19484-01,Moraceae,NA,NO,YES,0,1,1,,Laos,Laos,Terrestrial
Magnolia montana,magnolia montana,AngMaMaMg28818-01,Magnoliaceae,NA,NO,YES,0,1,1,,Laos,Laos,Terrestrial
Morus cathayana,morus cathayana,AngMaRoMr31887-00; AngMaRoMr31887-01,Moraceae,NA,NO,YES,0,1,1,,Laos,Laos,Terrestrial
Livistona saribus,livistona saribus,AngNAParc27499-01,Arecaceae,;introduced,NO,YES,0,1,1,,Panama,Panama,Terrestrial
Annona mucosa,annona mucosa,AngMaMann2676-00; AngMaMann2676-01; AngMaMann2676-01,Annonaceae,Bolivia;Brazil;Colombia;Ecuador;Mexico,NO,YES,0,1,1,,Bolivia,Bolivia,Terrestrial
Cassia fastuosa,cassia fastuosa,AngMaFaFb7565-00; AngMaFaFb7565-01; AngMaFaFb7565-01,Fabaceae,Brazil,NO,YES,0,1,1,,Bolivia,Bolivia,Terrestrial
Cecropia strigosa,cecropia strigosa,AngMaRort7903-01,Urticaceae,NA,NO,YES,0,1,1,,Bolivia,Bolivia,Terrestrial
Coffea zanguebariae,coffea zanguebariae,AngMaGeRb10031-01,Rubiaceae,NA,NO,YES,0,1,1,,Eswatini (Swaziland),Eswatini (Swaziland),
Erythrina abyssinica,erythrina abyssinica,AngMaFaFb16756-00; AngMaFaFb16756-01,Fabaceae,NA,NO,YES,0,1,1,,Eswatini (Swaziland),Eswatini (Swaziland),
Macadamia ternifolia,macadamia ternifolia,AngMaPrPr27913-01,Proteaceae,Australia,NO,YES,0,1,1,,Eswatini (Swaziland),Eswatini (Swaziland),
Debregeasia longifolia,debregeasia longifolia,AngMaRort13284-01,Urticaceae,Indonesia;Malaysia;Papua New Guinea;Philippines,NO,YES,0,1,2,,Madagascar,Madagascar; Malaysia,Terrestrial
Horsfieldia parviflora,horsfieldia parviflora,AngMaMaMy24048-01,Myristicaceae,NA,NO,YES,0,1,2,,Malaysia,Malaysia; Singapore,Terrestrial
Betula ermanii,betula ermanii,AngMaFaBt5060-00; AngMaFaBt5060-01; AngMaFaBt5060-02; AngMaFaBt5060-03; AngMaFaBt5060-04; AngMaFaBt5060-05; AngMaFaBt5060-06; AngMaFaBt5060-07; AngMaFaBt5060-01,Betulaceae,Japan;South Korea,NO,YES,0,1,1,,Armenia,Armenia,Terrestrial
Cercis canadensis,cercis canadensis,AngMaFaFb8086-00; AngMaFaFb8086-01; AngMaFaFb8086-02; AngMaFaFb8086-03; AngMaFaFb8086-04; AngMaFaFb8086-01,Fabaceae,United States,NO,YES,0,1,1,,Armenia,Armenia,Terrestrial
Crataegus nigra,crataegus nigra,AngMaRoRs11369-01,Rosaceae,NA,NO,YES,0,1,1,,Armenia,Armenia,Terrestrial
Fraxinus sogdiana,fraxinus sogdiana,AngMaLalc20332-01,Oleaceae,NA,NO,YES,0,1,1,,Armenia,Armenia,Terrestrial
Fraxinus velutina,fraxinus velutina,AngMaLalc20336-00; AngMaLalc20336-01; AngMaLalc20336-02; AngMaLalc20336-03; AngMaLalc20336-04; AngMaLalc20336-05; AngMaLalc20336-01,Oleaceae,NA,NO,YES,0,1,1,,Armenia,Armenia,Terrestrial
Juglans microcarpa,juglans microcarpa,AngMaFaJg25575-00; AngMaFaJg25575-01; AngMaFaJg25575-01,Juglandaceae,Afghanistan;Germany;Mexico;United States,NO,YES,0,1,1,,Armenia,Armenia,Terrestrial
Juniperus excelsa,juniperus excelsa,AngPiPiCp25611-00; AngPiPiCp25611-01; AngPiPiCp25611-02; AngPiPiCp25611-03; AngPiPiCp25611-01,Cupressaceae,NA,NO,YES,0,1,1,,Armenia,Armenia,Terrestrial
Juniperus pseudosabina,juniperus pseudosabina,GymPiPiCp25630-00; GymPiPiCp25630-01,Cupressaceae,NA,NO,YES,0,1,1,,Armenia,Armenia,Terrestrial
Larix occidentalis,larix occidentalis,AngPiPiPn26221-00; AngPiPiPn26221-01,Pinaceae,NA,NO,YES,0,1,1,,Armenia,Armenia,Terrestrial
Parrotia persica,parrotia persica,AngMaSaHm35918-01,Hamamelidaceae,NA,NO,YES,0,1,1,,Armenia,Armenia,Terrestrial
Picea smithiana,picea smithiana,GymPiPiPn36855-01,Pinaceae,NA,NO,YES,0,1,1,,Armenia,Armenia,Terrestrial
Pinus bungeana,pinus bungeana,AngPiPiPn37014-00; AngPiPiPn37014-01,Pinaceae,NA,NO,YES,0,1,1,,Armenia,Armenia,Terrestrial
Prunus sibirica,prunus sibirica,AngMaRoRs39252-00; AngMaRoRs39252-01; AngMaRoRs39252-01,Rosaceae,Afghanistan;China;Germany;Russia;United States,NO,YES,0,1,1,,Armenia,Armenia,Terrestrial
Quercus serrata,quercus serrata,AngMaFaFg40764-00; AngMaFaFg40764-01; AngMaFaFg40764-02; AngMaFaFg40764-03; AngMaFaFg40764-04; AngMaFaFg40764-05; AngMaFaFg40764-01,Fagaceae,NA,NO,YES,0,1,1,,Armenia,Armenia,Terrestrial
Sorbus tianschanica,sorbus tianschanica,AngMaRoRs44392-00; AngMaRoRs44392-01; AngMaRoRs44392-01,Rosaceae,China,NO,YES,0,1,1,,Armenia,Armenia,Terrestrial
Syringa oblata,syringa oblata,AngMaLalc45732-00; AngMaLalc45732-01; AngMaLalc45732-02; AngMaLalc45732-03; AngMaLalc45732-04; AngMaLalc45732-05; AngMaLalc45732-01,Oleaceae,NA,NO,YES,0,1,1,,Armenia,Armenia,Terrestrial
Tilia dasystyla,tilia dasystyla,AngMaMaMl47777-00; AngMaMaMl47777-01; AngMaMaMl47777-01,Malvaceae,NA,NO,YES,0,1,1,,Armenia,Armenia,Terrestrial
Acacia ampliceps,acacia ampliceps,AngMaFaFb0115-01,Fabaceae,Australia;Timor-Leste,NO,YES,0,1,1,,Timor-Leste,Timor-Leste,Terrestrial
Acaciella glauca,acaciella glauca,AngMaFaFb0534-01,Fabaceae,China;New Caledonia,NO,YES,0,1,1,,Timor-Leste,Timor-Leste,Terrestrial
Schleichera oleosa,schleichera oleosa,AngMaSaSp42874-01,Sapindaceae,Indonesia;Timor-Leste,NO,YES,0,1,1,,Timor-Leste,Timor-Leste,Terrestrial
Senegalia chundra,senegalia chundra,AngMaFaFb43274-01,Fabaceae,NA,NO,YES,0,1,1,,Timor-Leste,Timor-Leste,Terrestrial
Senegalia rugata,senegalia rugata,AngMaFaFb43355-00; AngMaFaFb43355-01,Fabaceae,Australia,NO,YES,0,1,1,,Timor-Leste,Timor-Leste,Terrestrial
Azadirachta excelsa,azadirachta excelsa,AngMaSaMl4140-01,Meliaceae,NA,NO,YES,0,1,1,,Iran,Iran,terrestrial
Cordia crenata,cordia crenata,AngMaBoCr10687-00; AngMaBoCr10687-01; AngMaBoCr10687-02; AngMaBoCr10687-01,Cordiaceae,NA,NO,YES,0,1,1,,Iran,Iran,terrestrial
Corymbia papuana,corymbia papuana,AngMaMyMy10987-01,Myrtaceae,Australia;Papua New Guinea,NO,YES,0,1,1,,Iran,Iran,terrestrial
Eucalyptus kruseana,eucalyptus kruseana,AngMaMyMy17543-01,Myrtaceae,Australia,NO,YES,0,1,1,,Iran,Iran,terrestrial
Eucalyptus sargentii,eucalyptus sargentii,AngMaMyMy17783-00; AngMaMyMy17783-01; AngMaMyMy17783-01,Myrtaceae,Australia,NO,YES,0,1,1,,Iran,Iran,terrestrial
Eucalyptus socialis,eucalyptus socialis,AngMaMyMy17806-00; AngMaMyMy17806-01; AngMaMyMy17806-02; AngMaMyMy17806-03; AngMaMyMy17806-01,Myrtaceae,Australia,NO,YES,0,1,1,,Iran,Iran,terrestrial
Populus ciliata,populus ciliata,AngMaMaSl38368-00; AngMaMaSl38368-01; AngMaMaSl38368-01,Salicaceae,NA,NO,YES,0,1,1,,Iran,Iran,terrestrial
Ziziphus abyssinica,ziziphus abyssinica,AngMaRoRh50807-01,Rhamnaceae,NA,NO,YES,0,1,1,,Iran,Iran,terrestrial
Cola acuminata,cola acuminata,AngMaMaMl10045-00; AngMaMaMl10045-01,Malvaceae,NA,NO,YES,0,1,1,,Costa Rica,Costa Rica,Terrestrial
Dinizia excelsa,dinizia excelsa,AngMaFaFb13984-01,Fabaceae,Brazil,NO,YES,0,1,1,,Costa Rica,Costa Rica,Terrestrial
Nephelium ramboutan-ake,nephelium ramboutan-ake,AngMaSaSp33498-01,Sapindaceae,NA,NO,YES,0,1,1,,Costa Rica,Costa Rica,Terrestrial
Callitris rhomboidea,callitris rhomboidea,AngPiPiCp6493-00; AngPiPiCp6493-01,Cupressaceae,Australia;Romania;South Africa;United States,NO,YES,0,1,2,,India,India; Mauritius,Terrestrial
Acacia dietrichiana,acacia dietrichiana,AngMaFaFb0219-01,Fabaceae,Australia,NO,YES,0,1,1,,Algeria,Algeria,Terrestrial
Acacia pendula,acacia pendula,AngMaFaFb0402-01,Fabaceae,Australia,NO,YES,0,1,1,,Algeria,Algeria,Terrestrial
Aesculus californica,aesculus californica,AngMaSaSp1205-01,Sapindaceae,United States,NO,YES,0,1,1,,Algeria,Algeria,Terrestrial
Arbutus canariensis,arbutus canariensis,AngMaErrc3222-01,Ericaceae,NA,NO,YES,0,1,1,,Algeria,Algeria,Terrestrial
Daphniphyllum macropodum,daphniphyllum macropodum,AngMaSaDp13186-00; AngMaSaDp13186-01; AngMaSaDp13186-02; AngMaSaDp13186-01,Daphniphyllaceae,NA,NO,YES,0,1,1,,Georgia,Georgia,Terrestrial
Quercus acuta,quercus acuta,AngMaFaFg40450-00; AngMaFaFg40450-01; AngMaFaFg40450-01,Fagaceae,NA,NO,YES,0,1,1,,Georgia,Georgia,Terrestrial
Quercus falcata,quercus falcata,AngMaFaFg40567-00; AngMaFaFg40567-01; AngMaFaFg40567-02; AngMaFaFg40567-01,Fagaceae,NA,NO,YES,0,1,1,,Georgia,Georgia,Terrestrial
Acacia kempeana,acacia kempeana,AngMaFaFb0307-01,Fabaceae,Australia,NO,YES,0,1,1,,Libya,Libya,Terrestrial
Acacia macradenia,acacia macradenia,AngMaFaFb0344-01,Fabaceae,Australia,NO,YES,0,1,1,,Libya,Libya,Terrestrial
Aspidosperma cylindrocarpon,aspidosperma cylindrocarpon,AngMaGepc3699-01,Apocynaceae,Bolivia;Brazil,NO,YES,0,1,1,,Libya,Libya,Terrestrial
Bombax insigne,bombax insigne,AngMaMaMl5290-00; AngMaMaMl5290-01; AngMaMaMl5290-02; AngMaMaMl5290-03,Malvaceae,NA,NO,YES,0,1,1,,Libya,Libya,Terrestrial
Crataegus laciniata,crataegus laciniata,AngMaRoRs11354-00; AngMaRoRs11354-01; AngMaRoRs11354-02; AngMaRoRs11354-03; AngMaRoRs11354-01,Rosaceae,NA,NO,YES,0,1,1,,Libya,Libya,Terrestrial
Esenbeckia leiocarpa,esenbeckia leiocarpa,AngMaSaRt17189-01,Rutaceae,Brazil,NO,YES,0,1,1,,Libya,Libya,Terrestrial
Eucalyptus cosmophylla,eucalyptus cosmophylla,AngMaMyMy17368-01,Myrtaceae,Australia;United States,NO,YES,0,1,1,,Libya,Libya,Terrestrial
Eucalyptus platypus,eucalyptus platypus,AngMaMyMy17710-00; AngMaMyMy17710-01; AngMaMyMy17710-02; AngMaMyMy17710-01,Myrtaceae,Australia,NO,YES,0,1,1,,Libya,Libya,Terrestrial
Eucalyptus salubris,eucalyptus salubris,AngMaMyMy17782-01,Myrtaceae,Australia;South Africa,NO,YES,0,1,1,,Libya,Libya,Terrestrial
Genipa americana,genipa americana,AngMaGeRb21034-00; AngMaGeRb21034-01; AngMaGeRb21034-02; AngMaGeRb21034-03; AngMaGeRb21034-04; AngMaGeRb21034-01,Rubiaceae,Argentina;Bolivia;Brazil;Colombia;Costa Rica;Ecuador;Nicaragua;Paraguay;Peru;Suriname;Venezuela,NO,YES,0,1,1,,Libya,Libya,Terrestrial
Hibiscus arnottianus,hibiscus arnottianus,AngMaMaMl23484-00; AngMaMaMl23484-01; AngMaMaMl23484-02; AngMaMaMl23484-03; AngMaMaMl23484-01,Malvaceae,NA,NO,YES,0,1,1,,Libya,Libya,Terrestrial
Huberia semiserrata,huberia semiserrata,AngMaMyMl24111-01,Melastomataceae,Brazil,NO,YES,0,1,1,,Libya,Libya,Terrestrial
Inga sessilis,inga sessilis,AngMaFaFb25054-00; AngMaFaFb25054-01,Fabaceae,Brazil,NO,YES,0,1,1,,Libya,Libya,Terrestrial
Jacaranda cuspidifolia,jacaranda cuspidifolia,AngMaLaBg25439-01,Bignoniaceae,Bolivia;Brazil;Paraguay,NO,YES,0,1,1,,Libya,Libya,Terrestrial
Meryta denhamii,meryta denhamii,AngMaAprl30268-01,Araliaceae,NA,NO,YES,0,1,1,,Libya,Libya,Terrestrial
Miconia cinnamomifolia,miconia cinnamomifolia,AngMaMyMl30538-00; AngMaMyMl30538-01,Melastomataceae,Brazil,NO,YES,0,1,1,,Libya,Libya,Terrestrial
Nectandra grandiflora,nectandra grandiflora,AngMaLaLr33116-00; AngMaLaLr33116-01,Lauraceae,Brazil,NO,YES,0,1,1,,Libya,Libya,Terrestrial
Pinus jeffreyi,pinus jeffreyi,GymPiPiPn37046-00; GymPiPiPn37046-01; GymPiPiPn37046-01,Pinaceae,NA,NO,YES,0,1,1,,Libya,Libya,Terrestrial
Prunus angustifolia,prunus angustifolia,AngMaRoRs39105-00; AngMaRoRs39105-01; AngMaRoRs39105-02; AngMaRoRs39105-01,Rosaceae,Afghanistan;United States,NO,YES,0,1,1,,Libya,Libya,Terrestrial
Quercus agrifolia,quercus agrifolia,AngMaFaFg40456-00; AngMaFaFg40456-01; AngMaFaFg40456-02; AngMaFaFg40456-01,Fagaceae,NA,NO,YES,0,1,1,,Libya,Libya,Terrestrial
Streblorrhiza speciosa,streblorrhiza speciosa,AngMaFaFb44952-01,Fabaceae,NA,NO,YES,0,1,1,,Libya,Libya,Terrestrial
Ventilago viminalis,ventilago viminalis,AngMaRoRh49226-01,Rhamnaceae,Australia,NO,YES,0,1,1,,Libya,Libya,Terrestrial
Prunus maximowiczii,prunus maximowiczii,AngMaRoRs39193-01,Rosaceae,Japan,NO,YES,0,1,1,,Belarus,Belarus,Terrestrial
Baphia nitida,baphia nitida,AngMaFaFb4423-01,Fabaceae,NA,NO,YES,0,1,2,,India,India; Singapore,Terrestrial
Blumea balsamifera,blumea balsamifera,AngMaAsst5232-00; AngMaAsst5232-01,Asteraceae,Indonesia;Taiwan,NO,YES,0,1,2,,Democratic Republic of Congo,Democratic Republic of Congo; Singapore,Terrestrial
Flueggea virosa,flueggea virosa,AngMaMaPh20173-00; AngMaMaPh20173-01; AngMaMaPh20173-02; AngMaMaPh20173-01,Phyllanthaceae,Australia,NO,YES,0,1,3,,"Hawaii, United States (ver.2.0, 2022)","Hawaii, United States (ver.2.0, 2022); Singapore; Îles Éparses, France",Terrestrial
Acacia ligulata,acacia ligulata,AngMaFaFb0328-01,Fabaceae,Australia,NO,YES,0,1,1,,Cyprus,Cyprus,Terrestrial
Faidherbia albida,faidherbia albida,AngMaFaFb19265-01,Fabaceae,NA,NO,YES,0,1,1,,Cyprus,Cyprus,Terrestrial
Pyracantha atalantioides,pyracantha atalantioides,AngMaRoRs40230-01,Rosaceae,NA,NO,YES,0,1,1,,Argentina,Argentina,Terrestrial
Acacia heterophylla,acacia heterophylla,AngMaFaFb0283-01,Fabaceae,NA,NO,YES,0,1,1,,Madagascar,Madagascar,Terrestrial
Maesa lanceolata,maesa lanceolata,AngMaErPr28621-00; AngMaErPr28621-01; AngMaErPr28621-02; AngMaErPr28621-03; AngMaErPr28621-04; AngMaErPr28621-01,Primulaceae,NA,NO,YES,0,1,1,,Madagascar,Madagascar,Terrestrial
Pinus kesiya,pinus kesiya,AngPiPiPn37047-00; AngPiPiPn37047-01; AngPiPiPn37047-01,Pinaceae,NA,NO,YES,0,1,1,,Madagascar,Madagascar,Terrestrial
Pterocarpus dalbergioides,pterocarpus dalbergioides,AngMaFaFb40019-01,Fabaceae,NA,NO,YES,0,1,1,,Madagascar,Madagascar,Terrestrial
Solanum pubigerum,solanum pubigerum,AngMaSoSl44202-01,Solanaceae,NA,NO,YES,0,1,1,,Spain,Spain,Terrestrial
Betula alleghaniensis,betula alleghaniensis,AngMaFaBt5046-00; AngMaFaBt5046-01; AngMaFaBt5046-01,Betulaceae,Canada;United States,NO,YES,0,1,1,,Estonia,Estonia,Freshwater; Terrestrial
Crataegus chrysocarpa,crataegus chrysocarpa,AngMaRoRs11325-00; AngMaRoRs11325-01; AngMaRoRs11325-02; AngMaRoRs11325-03; AngMaRoRs11325-04; AngMaRoRs11325-05; AngMaRoRs11325-06; AngMaRoRs11325-07; AngMaRoRs11325-08; AngMaRoRs11325-09; AngMaRoRs11325-10; AngMaRoRs11325-11; AngMaRoRs11325-12; AngMaRoRs11325-13; AngMaRoRs11325-14; AngMaRoRs11325-15; AngMaRoRs11325-16; AngMaRoRs11325-17; AngMaRoRs11325-01,Rosaceae,Canada;United States,NO,YES,0,1,1,,Estonia,Estonia,Freshwater; Terrestrial
Sonneratia apetala,sonneratia apetala,AngMaMyLy44292-01,Lythraceae,NA,NO,YES,0,1,1,,China,China,Marine
Clitoria fairchildiana,clitoria fairchildiana,AngMaFaFb9474-01,Fabaceae,Brazil,NO,YES,0,1,1,,Brazil,Brazil,terrestrial
Dodecastigma integrifolium,dodecastigma integrifolium,AngMaMaph14931-01,Euphorbiaceae,NA,NO,YES,0,1,1,,Brazil,Brazil,terrestrial
Eugenia wullschlaegeliana,eugenia wullschlaegeliana,AngMaMyMy18662-01,Myrtaceae,NA,NO,YES,0,1,1,,Brazil,Brazil,terrestrial
Euterpe oleracea,euterpe oleracea,AngNAParc19152-01,Arecaceae,;native,NO,YES,0,1,1,,Brazil,Brazil,terrestrial
Mimosa caesalpiniifolia,mimosa caesalpiniifolia,AngMaFaFb31316-01,Fabaceae,Brazil,NO,YES,0,1,1,,Brazil,Brazil,terrestrial
Nectandra pichurim,nectandra pichurim,AngMaLaLr33149-01,Lauraceae,NA,NO,YES,0,1,1,,Brazil,Brazil,terrestrial
Pinus clausa,pinus clausa,AngPiPiPn37020-00; AngPiPiPn37020-01,Pinaceae,NA,NO,YES,0,1,1,,Brazil,Brazil,terrestrial
Pinus pseudostrobus,pinus pseudostrobus,GymPiPiPn37082-00; GymPiPiPn37082-01; GymPiPiPn37082-02; GymPiPiPn37082-03; GymPiPiPn37082-04; GymPiPiPn37082-05; GymPiPiPn37082-06; GymPiPiPn37082-07; GymPiPiPn37082-01,Pinaceae,NA,NO,YES,0,1,1,,Brazil,Brazil,terrestrial
Pleurothyrium trianae,pleurothyrium trianae,AngMaLaLr37823-00; AngMaLaLr37823-01,Lauraceae,NA,NO,YES,0,1,1,,Brazil,Brazil,terrestrial
Prosopis ruscifolia,prosopis ruscifolia,AngMaFaFb38937-01,Fabaceae,Argentina;Brazil;Paraguay,NO,YES,0,1,1,,Brazil,Brazil,terrestrial
Rhodostemonodaphne rufovirgata,rhodostemonodaphne rufovirgata,AngMaLaLr41570-01,Lauraceae,NA,NO,YES,0,1,1,,Brazil,Brazil,terrestrial
Senna macranthera,senna macranthera,AngMaFaFb43420-00; AngMaFaFb43420-01; AngMaFaFb43420-02; AngMaFaFb43420-03; AngMaFaFb43420-04; AngMaFaFb43420-05; AngMaFaFb43420-06; AngMaFaFb43420-07; AngMaFaFb43420-08; AngMaFaFb43420-01,Fabaceae,Brazil,NO,YES,0,1,1,,Brazil,Brazil,terrestrial
Simira erythroxylon,simira erythroxylon,AngMaGeRb43787-00; AngMaGeRb43787-01; AngMaGeRb43787-01,Rubiaceae,NA,NO,YES,0,1,1,,Brazil,Brazil,terrestrial
Acer pentaphyllum,acer pentaphyllum,AngMaSaSp0681-01,Sapindaceae,NA,NO,YES,0,1,1,,Mexico,Mexico,Terrestrial
Senna polyantha,senna polyantha,AngMaFaFb43440-01,Fabaceae,NA,NO,YES,0,1,1,,Mexico,Mexico,Terrestrial
Tamarix hohenackeri,tamarix hohenackeri,AngMaCaTm46960-01,Tamaricaceae,NA,NO,YES,0,1,1,,Mexico,Mexico,Terrestrial
Malus fusca,malus fusca,AngMaRoRs29109-01,Rosaceae,Afghanistan;Canada;United States,NO,YES,0,1,1,,Czechia,Czechia,Terrestrial
Salix melanopsis,salix melanopsis,AngMaMaSl42307-00; AngMaMaSl42307-01; AngMaMaSl42307-02; AngMaMaSl42307-03; AngMaMaSl42307-01,Salicaceae,NA,NO,YES,0,1,1,,Czechia,Czechia,Terrestrial
Carya laciniosa,carya laciniosa,AngMaFaJg7326-01,Juglandaceae,Canada;United States,NO,YES,0,1,1,,Poland,Poland,Terrestrial
Livistona mariae,livistona mariae,AngNAParc27495-01,Arecaceae,,NO,YES,0,1,1,,Turkey,Turkey,Terrestrial
Gymnocladus dioicus,gymnocladus dioicus,AngMaFaFb22501-00; AngMaFaFb22501-01,Fabaceae,NA,NO,YES,0,1,1,,Austria,Austria,Terrestrial
Anagyris foetida,anagyris foetida,AngMaFaFb2390-01,Fabaceae,Algeria;France;Portugal;Spain,NO,YES,0,1,1,,Australia,Australia,Terrestrial
Betula nigra,betula nigra,AngMaFaBt5071-00; AngMaFaBt5071-01,Betulaceae,United States,NO,YES,0,1,1,,Australia,Australia,Terrestrial
Bunchosia glandulifera,bunchosia glandulifera,AngMaMaMl5953-01,Malpighiaceae,NA,NO,YES,0,1,1,,Australia,Australia,Terrestrial
Calliandra riparia,calliandra riparia,AngMaFaFb6394-01,Fabaceae,NA,NO,YES,0,1,1,,Australia,Australia,Terrestrial
Casimiroa edulis,casimiroa edulis,AngMaSaRt7547-00; AngMaSaRt7547-01; AngMaSaRt7547-02; AngMaSaRt7547-03; AngMaSaRt7547-04; AngMaSaRt7547-05; AngMaSaRt7547-01,Rutaceae,Australia,NO,YES,0,1,1,,Australia,Australia,Terrestrial
Coprosma robusta,coprosma robusta,AngMaGeRb10638-01,Rubiaceae,Australia;New Zealand,NO,YES,0,1,1,,Australia,Australia,Terrestrial
Cordia sinensis,cordia sinensis,AngMaBoCr10803-01,Cordiaceae,NA,NO,YES,0,1,1,,Australia,Australia,Terrestrial
Crateva adansonii,crateva adansonii,AngMaBrCp11436-00; AngMaBrCp11436-01; AngMaBrCp11436-02; AngMaBrCp11436-01,Capparaceae,NA,NO,YES,0,1,1,,Australia,Australia,Terrestrial
Gossypium thurberi,gossypium thurberi,AngMaMaMl21708-01,Malvaceae,Mexico;United States,NO,YES,0,1,1,,Australia,Australia,Terrestrial
Homalanthus novoguineensis,homalanthus novoguineensis,AngMaMaph23742-01,Euphorbiaceae,Australia;Papua New Guinea,NO,YES,0,1,1,,Australia,Australia,Terrestrial
Miconia racemosa,miconia racemosa,AngMaMyMl30862-00; AngMaMyMl30862-01,Melastomataceae,Venezuela,NO,YES,0,1,1,,Australia,Australia,Terrestrial
Neonauclea purpurea,neonauclea purpurea,AngMaGeRb33434-01,Rubiaceae,NA,NO,YES,0,1,1,,Australia,Australia,Terrestrial
Parathesis crenulata,parathesis crenulata,AngMaErPr35761-01,Primulaceae,NA,NO,YES,0,1,1,,Australia,Australia,Terrestrial
Paulownia kawakamii,paulownia kawakamii,AngMaLaPl35945-01,Paulowniaceae,NA,NO,YES,0,1,1,,Australia,Australia,Terrestrial
Phillyrea latifolia,phillyrea latifolia,AngMaLalc36552-00; AngMaLalc36552-01; AngMaLalc36552-02; AngMaLalc36552-03; AngMaLalc36552-01,Oleaceae,NA,NO,YES,0,1,1,,Australia,Australia,Terrestrial
Pinus durangensis,pinus durangensis,GymPiPiPn37029-00; GymPiPiPn37029-01,Pinaceae,NA,NO,YES,0,1,1,,Australia,Australia,Terrestrial
Pinus palustris,pinus palustris,AngPiPiPn37072-00; AngPiPiPn37072-01,Pinaceae,NA,NO,YES,0,1,1,,Australia,Australia,Terrestrial
Pinus sabiniana,pinus sabiniana,GymPiPiPn37091-00; GymPiPiPn37091-01,Pinaceae,NA,NO,YES,0,1,1,,Australia,Australia,Terrestrial
Populus yunnanensis,populus yunnanensis,AngMaMaSl38408-01,Salicaceae,NA,NO,YES,0,1,1,,Australia,Australia,Terrestrial
Protea repens,protea repens,AngMaPrPr38964-01,Proteaceae,South Africa,NO,YES,0,1,1,,Australia,Australia,Terrestrial
Prunus munsoniana,prunus munsoniana,AngMaRoRs39201-01,Rosaceae,United States,NO,YES,0,1,1,,Australia,Australia,Terrestrial
Ziziphus mucronata,ziziphus mucronata,AngMaRoRh50820-00; AngMaRoRh50820-01; AngMaRoRh50820-02; AngMaRoRh50820-01,Rhamnaceae,NA,NO,YES,0,1,1,,Australia,Australia,Terrestrial
Betula populifolia,betula populifolia,AngMaFaBt5075-00; AngMaFaBt5075-01; AngMaFaBt5075-01,Betulaceae,Canada;United States,NO,YES,0,1,1,,Great Britain,Great Britain,Terrestrial
Betula utilis,betula utilis,AngMaFaBt5081-00; AngMaFaBt5081-01; AngMaFaBt5081-02; AngMaFaBt5081-03; AngMaFaBt5081-04; AngMaFaBt5081-05; AngMaFaBt5081-06; AngMaFaBt5081-01,Betulaceae,China;Nepal;Pakistan,NO,YES,0,1,1,,Great Britain,Great Britain,Terrestrial
Brachyglottis repanda,brachyglottis repanda,AngMaAsst5485-00; AngMaAsst5485-01,Asteraceae,New Zealand,NO,YES,0,1,1,,Great Britain,Great Britain,Terrestrial
Crataegus coccinioides,crataegus coccinioides,AngMaRoRs11327-01,Rosaceae,NA,NO,YES,0,1,1,,Great Britain,Great Britain,Terrestrial
Crataegus succulenta,crataegus succulenta,AngMaRoRs11405-00; AngMaRoRs11405-01; AngMaRoRs11405-02; AngMaRoRs11405-03; AngMaRoRs11405-04; AngMaRoRs11405-05; AngMaRoRs11405-06; AngMaRoRs11405-07; AngMaRoRs11405-08; AngMaRoRs11405-09; AngMaRoRs11405-01,Rosaceae,Canada;United States,NO,YES,0,1,1,,Great Britain,Great Britain,Terrestrial
Kalmia latifolia,kalmia latifolia,AngMaErrc25664-00; AngMaErrc25664-01; AngMaErrc25664-02; AngMaErrc25664-03; AngMaErrc25664-04; AngMaErrc25664-05; AngMaErrc25664-01,Ericaceae,NA,NO,YES,0,1,1,,Great Britain,Great Britain,Terrestrial
Leptospermum lanigerum,leptospermum lanigerum,AngMaMyMy26548-00; AngMaMyMy26548-01,Myrtaceae,Australia,NO,YES,0,1,1,,Great Britain,Great Britain,Terrestrial
Nothofagus alpina,nothofagus alpina,AngMaFaNt33688-01,Nothofagaceae,NA,NO,YES,0,1,1,,Great Britain,Great Britain,Terrestrial
Oemleria cerasiformis,oemleria cerasiformis,AngMaRoRs34258-01,Rosaceae,United States,NO,YES,0,1,1,,Great Britain,Great Britain,Terrestrial
Olearia avicenniifolia,olearia avicenniifolia,AngMaAsst34303-01,Asteraceae,NA,NO,YES,0,1,1,,Great Britain,Great Britain,Terrestrial
Acacia concurrens,acacia concurrens,AngMaFaFb0182-01,Fabaceae,Australia,NO,YES,0,1,1,,India,India,Terrestrial
Acacia linifolia,acacia linifolia,AngMaFaFb0331-01,Fabaceae,Australia,NO,YES,0,1,1,,India,India,Terrestrial
Acacia maidenii,acacia maidenii,AngMaFaFb0345-01,Fabaceae,Australia,NO,YES,0,1,1,,India,India,Terrestrial
Acacia pulchella,acacia pulchella,AngMaFaFb0427-00; AngMaFaFb0427-01; AngMaFaFb0427-02; AngMaFaFb0427-03; AngMaFaFb0427-04; AngMaFaFb0427-05,Fabaceae,Australia,NO,YES,0,1,1,,India,India,Terrestrial
Acacia richii,acacia richii,AngMaFaFb0444-01,Fabaceae,NA,NO,YES,0,1,1,,India,India,Terrestrial
Afzelia martabanica,afzelia martabanica,AngMaFaFb1252-01,Fabaceae,NA,NO,YES,0,1,1,,India,India,Terrestrial
Agonis flexuosa,agonis flexuosa,AngMaMyMy1427-00; AngMaMyMy1427-01; AngMaMyMy1427-02; AngMaMyMy1427-01,Myrtaceae,Australia,NO,YES,0,1,1,,India,India,Terrestrial
Aidia cochinchinensis,aidia cochinchinensis,AngMaGeRb1444-01,Rubiaceae,Taiwan,NO,YES,0,1,1,,India,India,Terrestrial
Aleurites rockinghamensis,aleurites rockinghamensis,AngMaMaph1784-00; AngMaMaph1784-01,Euphorbiaceae,Australia,NO,YES,0,1,1,,India,India,Terrestrial
Allocasuarina littoralis,allocasuarina littoralis,AngMaFaCs1863-01,Casuarinaceae,Australia,NO,YES,0,1,1,,India,India,Terrestrial
Allocasuarina torulosa,allocasuarina torulosa,AngMaFaCs1868-01,Casuarinaceae,Australia,NO,YES,0,1,1,,India,India,Terrestrial
Allocasuarina verticillata,allocasuarina verticillata,AngMaFaCs1869-00; AngMaFaCs1869-01,Casuarinaceae,Australia,NO,YES,0,1,1,,India,India,Terrestrial
Angophora floribunda,angophora floribunda,AngMaMyMy2466-01,Myrtaceae,Australia,NO,YES,0,1,1,,India,India,Terrestrial
Angophora subvelutina,angophora subvelutina,AngMaMyMy2472-01,Myrtaceae,Australia,NO,YES,0,1,1,,India,India,Terrestrial
Aphelandra pulcherrima,aphelandra pulcherrima,AngMaLacn2921-01,Acanthaceae,Brazil;Colombia;Ecuador,NO,YES,0,1,1,,India,India,Terrestrial
Aphelandra scabra,aphelandra scabra,AngMaLacn2922-00; AngMaLacn2922-01,Acanthaceae,Colombia;Mexico,NO,YES,0,1,1,,India,India,Terrestrial
Aphloia theiformis,aphloia theiformis,AngMaCrph2926-00; AngMaCrph2926-01; AngMaCrph2926-02; AngMaCrph2926-03; AngMaCrph2926-04; AngMaCrph2926-05; AngMaCrph2926-06; AngMaCrph2926-07; AngMaCrph2926-08; AngMaCrph2926-09; AngMaCrph2926-10; AngMaCrph2926-11; AngMaCrph2926-12; AngMaCrph2926-13; AngMaCrph2926-14; AngMaCrph2926-15; AngMaCrph2926-01,Aphloiaceae,Seychelles,NO,YES,0,1,1,,India,India,Terrestrial
Arfeuillea arborescens,arfeuillea arborescens,AngMaSaSp3560-01,Sapindaceae,NA,NO,YES,0,1,1,,India,India,Terrestrial
Ateleia herbert-smithii,ateleia herbert-smithii,AngMaFaFb3957-01,Fabaceae,NA,NO,YES,0,1,1,,India,India,Terrestrial
Attalea speciosa,attalea speciosa,AngNAParc4022-01,Arecaceae,,NO,YES,0,1,1,,India,India,Terrestrial
Banksia marginata,banksia marginata,AngMaPrPr4384-01,Proteaceae,Australia,NO,YES,0,1,1,,India,India,Terrestrial
Baphia massaiensis,baphia massaiensis,AngMaFaFb4420-00; AngMaFaFb4420-01; AngMaFaFb4420-02; AngMaFaFb4420-03; AngMaFaFb4420-04; AngMaFaFb4420-01,Fabaceae,NA,NO,YES,0,1,1,,India,India,Terrestrial
Bauhinia rufescens,bauhinia rufescens,AngMaFaFb4645-01,Fabaceae,NA,NO,YES,0,1,1,,India,India,Terrestrial
Berrya javanica,berrya javanica,AngMaMaMl5014-01,Malvaceae,Australia,NO,YES,0,1,1,,India,India,Terrestrial
Bolusanthus speciosus,bolusanthus speciosus,AngMaFaFb5283-01,Fabaceae,South Africa,NO,YES,0,1,1,,India,India,Terrestrial
Brachychiton discolor,brachychiton discolor,AngMaMaMl5460-01,Malvaceae,Australia;United Kingdom,NO,YES,0,1,1,,India,India,Terrestrial
Brunfelsia densifolia,brunfelsia densifolia,AngMaSoSl5855-01,Solanaceae,NA,NO,YES,0,1,1,,India,India,Terrestrial
Brya ebenus,brya ebenus,AngMaFaFb5871-01,Fabaceae,NA,NO,YES,0,1,1,,India,India,Terrestrial
Bursera penicillata,bursera penicillata,AngMaSaBr6101-01,Burseraceae,NA,NO,YES,0,1,1,,India,India,Terrestrial
Butia yatay,butia yatay,AngNAParc6144-01,Arecaceae,;Argentina;Brazil,NO,YES,0,1,1,,India,India,Terrestrial
Callaeum macropterum,callaeum macropterum,AngMaMaMl6349-00; AngMaMaMl6349-01; AngMaMaMl6349-01,Malpighiaceae,NA,NO,YES,0,1,1,,India,India,Terrestrial
Calliandra tergemina,calliandra tergemina,AngMaFaFb6399-00; AngMaFaFb6399-01; AngMaFaFb6399-01,Fabaceae,NA,NO,YES,0,1,1,,India,India,Terrestrial
Calycophyllum spruceanum,calycophyllum spruceanum,AngMaGeRb6707-01,Rubiaceae,Bolivia;Brazil;Ecuador;Peru,NO,YES,0,1,1,,India,India,Terrestrial
Canarium vulgare,canarium vulgare,AngMaSaBr7038-01,Burseraceae,NA,NO,YES,0,1,1,,India,India,Terrestrial
Carissa bispinosa,carissa bispinosa,AngMaGepc7240-00; AngMaGepc7240-01; AngMaGepc7240-02; AngMaGepc7240-03; AngMaGepc7240-04; AngMaGepc7240-01,Apocynaceae,NA,NO,YES,0,1,1,,India,India,Terrestrial
Carpentaria acuminata,carpentaria acuminata,AngNAParc7257-01,Arecaceae,;Australia;introduced,NO,YES,0,1,1,,India,India,Terrestrial
Cereus fernambucensis,cereus fernambucensis,AngMaCaCc8100-00; AngMaCaCc8100-01; AngMaCaCc8100-01,Cactaceae,Brazil,NO,YES,0,1,1,,India,India,Terrestrial
Chimonanthus praecox,chimonanthus praecox,AngMaLaCl8371-00; AngMaLaCl8371-01; AngMaLaCl8371-02; AngMaLaCl8371-01,Calycanthaceae,China;Japan,NO,YES,0,1,1,,India,India,Terrestrial
Cinchona calisaya,cinchona calisaya,AngMaGeRb8726-00; AngMaGeRb8726-01; AngMaGeRb8726-02; AngMaGeRb8726-03; AngMaGeRb8726-04; AngMaGeRb8726-01,Rubiaceae,India;Indonesia;Peru;Taiwan,NO,YES,0,1,1,,India,India,Terrestrial
Cinnamomum cassia,cinnamomum cassia,AngMaLaLr8782-01,Lauraceae,NA,NO,YES,0,1,1,,India,India,Terrestrial
Colea colei,colea colei,AngMaLaBg10148-01,Bignoniaceae,NA,NO,YES,0,1,1,,India,India,Terrestrial
Colletia spinosissima,colletia spinosissima,AngMaRoRh10174-01,Rhamnaceae,NA,NO,YES,0,1,1,,India,India,Terrestrial
Colvillea racemosa,colvillea racemosa,AngMaFaFb10226-01,Fabaceae,NA,NO,YES,0,1,1,,India,India,Terrestrial
Commiphora gileadensis,commiphora gileadensis,AngMaSaBr10343-01,Burseraceae,NA,NO,YES,0,1,1,,India,India,Terrestrial
Cordia dentata,cordia dentata,AngMaBoCr10692-01,Cordiaceae,NA,NO,YES,0,1,1,,India,India,Terrestrial
Corymbia dichromophloia,corymbia dichromophloia,AngMaMyMy10950-01,Myrtaceae,Australia,NO,YES,0,1,1,,India,India,Terrestrial
Cryosophila nana,cryosophila nana,AngNAParc12003-01,Arecaceae,,NO,YES,0,1,1,,India,India,Terrestrial
Cuphea melvilla,cuphea melvilla,AngMaMyLy12437-01,Lythraceae,Argentina;Brazil;Peru,NO,YES,0,1,1,,India,India,Terrestrial
Cytisus proliferus,cytisus proliferus,AngMaFaFb12855-00; AngMaFaFb12855-01; AngMaFaFb12855-02; AngMaFaFb12855-03; AngMaFaFb12855-04; AngMaFaFb12855-05; AngMaFaFb12855-01,Fabaceae,NA,NO,YES,0,1,1,,India,India,Terrestrial
Dalbergia cultrata,dalbergia cultrata,AngMaFaFb13013-00; AngMaFaFb13013-01,Fabaceae,NA,NO,YES,0,1,1,,India,India,Terrestrial
Daphnopsis anomala,daphnopsis anomala,AngMaMaTh13199-01,Thymelaeaceae,NA,NO,YES,0,1,1,,India,India,Terrestrial
Delonix elata,delonix elata,AngMaFaFb13414-01,Fabaceae,NA,NO,YES,0,1,1,,India,India,Terrestrial
Dicoma incana,dicoma incana,AngMaAsst13782-01,Asteraceae,NA,NO,YES,0,1,1,,India,India,Terrestrial
Dombeya burgessiae,dombeya burgessiae,AngMaMaMl15009-01,Malvaceae,NA,NO,YES,0,1,1,,India,India,Terrestrial
Dombeya mollis,dombeya mollis,AngMaMaMl15065-00; AngMaMaMl15065-01; AngMaMaMl15065-01,Malvaceae,NA,NO,YES,0,1,1,,India,India,Terrestrial
Dombeya platanifolia,dombeya platanifolia,AngMaMaMl15073-01,Malvaceae,NA,NO,YES,0,1,1,,India,India,Terrestrial
Dombeya spectabilis,dombeya spectabilis,AngMaMaMl15101-00; AngMaMaMl15101-01; AngMaMaMl15101-01,Malvaceae,NA,NO,YES,0,1,1,,India,India,Terrestrial
Dombeya tiliacea,dombeya tiliacea,AngMaMaMl15107-01,Malvaceae,NA,NO,YES,0,1,1,,India,India,Terrestrial
Duabanga grandiflora,duabanga grandiflora,AngMaMyLy15422-01,Lythraceae,NA,NO,YES,0,1,1,,India,India,Terrestrial
Duboisia myoporoides,duboisia myoporoides,AngMaSoSl15433-01,Solanaceae,Australia,NO,YES,0,1,1,,India,India,Terrestrial
Erythrina herbacea,erythrina herbacea,AngMaFaFb16802-01,Fabaceae,NA,NO,YES,0,1,1,,India,India,Terrestrial
Eucalyptus baxteri,eucalyptus baxteri,AngMaMyMy17276-01,Myrtaceae,Australia,NO,YES,0,1,1,,India,India,Terrestrial
Eucalyptus bigalerita,eucalyptus bigalerita,AngMaMyMy17283-01,Myrtaceae,Australia;Papua New Guinea,NO,YES,0,1,1,,India,India,Terrestrial
Eucalyptus bosistoana,eucalyptus bosistoana,AngMaMyMy17288-01,Myrtaceae,Australia;Sri Lanka,NO,YES,0,1,1,,India,India,Terrestrial
Eucalyptus brownii,eucalyptus brownii,AngMaMyMy17301-01,Myrtaceae,Australia,NO,YES,0,1,1,,India,India,Terrestrial
Eucalyptus cypellocarpa,eucalyptus cypellocarpa,AngMaMyMy17386-00; AngMaMyMy17386-01,Myrtaceae,Australia,NO,YES,0,1,1,,India,India,Terrestrial
Eucalyptus elata,eucalyptus elata,AngMaMyMy17432-01,Myrtaceae,Australia;France;India,NO,YES,0,1,1,,India,India,Terrestrial
Eucalyptus eugenioides,eucalyptus eugenioides,AngMaMyMy17442-01,Myrtaceae,Australia;United States,NO,YES,0,1,1,,India,India,Terrestrial
Eucalyptus longifolia,eucalyptus longifolia,AngMaMyMy17574-01,Myrtaceae,Australia,NO,YES,0,1,1,,India,India,Terrestrial
Eucalyptus macarthurii,eucalyptus macarthurii,AngMaMyMy17583-01,Myrtaceae,Australia,NO,YES,0,1,1,,India,India,Terrestrial
Eucalyptus megacornuta,eucalyptus megacornuta,AngMaMyMy17597-01,Myrtaceae,Australia,NO,YES,0,1,1,,India,India,Terrestrial
Eucalyptus moluccana,eucalyptus moluccana,AngMaMyMy17617-01,Myrtaceae,Australia,NO,YES,0,1,1,,India,India,Terrestrial
Eucalyptus nova-anglica,eucalyptus nova-anglica,AngMaMyMy17640-01,Myrtaceae,Australia,NO,YES,0,1,1,,India,India,Terrestrial
Eucalyptus piperita,eucalyptus piperita,AngMaMyMy17703-00; AngMaMyMy17703-01; AngMaMyMy17703-02; AngMaMyMy17703-01,Myrtaceae,Australia,NO,YES,0,1,1,,India,India,Terrestrial
Eucalyptus propinqua,eucalyptus propinqua,AngMaMyMy17722-01,Myrtaceae,Australia,NO,YES,0,1,1,,India,India,Terrestrial
Eucalyptus racemosa,eucalyptus racemosa,AngMaMyMy17743-00; AngMaMyMy17743-01,Myrtaceae,Australia,NO,YES,0,1,1,,India,India,Terrestrial
Eucalyptus rummeryi,eucalyptus rummeryi,AngMaMyMy17776-01,Myrtaceae,Australia,NO,YES,0,1,1,,India,India,Terrestrial
Eucalyptus siderophloia,eucalyptus siderophloia,AngMaMyMy17798-01,Myrtaceae,Australia,NO,YES,0,1,1,,India,India,Terrestrial
Eucalyptus whitei,eucalyptus whitei,AngMaMyMy17892-01,Myrtaceae,Australia,NO,YES,0,1,1,,India,India,Terrestrial
Euphorbia lacei,euphorbia lacei,AngMaMaph18881-01,Euphorbiaceae,NA,NO,YES,0,1,1,,India,India,Terrestrial
Euterpe edulis,euterpe edulis,AngNAParc19150-01,Arecaceae,;introduced,NO,YES,0,1,1,,India,India,Terrestrial
Garcinia madruno,garcinia madruno,AngMaMaCl20658-00; AngMaMaCl20658-01,Clusiaceae,Bolivia;Brazil,NO,YES,0,1,1,,India,India,Terrestrial
Gardenia thunbergia,gardenia thunbergia,AngMaGeRb20886-01,Rubiaceae,NA,NO,YES,0,1,1,,India,India,Terrestrial
Gardenia volkensii,gardenia volkensii,AngMaGeRb20893-00; AngMaGeRb20893-01; AngMaGeRb20893-02; AngMaGeRb20893-03; AngMaGeRb20893-04,Rubiaceae,NA,NO,YES,0,1,1,,India,India,Terrestrial
Geijera parviflora,geijera parviflora,AngMaSaRt20947-01,Rutaceae,Australia,NO,YES,0,1,1,,India,India,Terrestrial
Grevillea hilliana,grevillea hilliana,AngMaPrPr21792-01,Proteaceae,Australia,NO,YES,0,1,1,,India,India,Terrestrial
Gustavia gracillima,gustavia gracillima,AngMaErLc22438-01,Lecythidaceae,NA,NO,YES,0,1,1,,India,India,Terrestrial
Gyrinops walla,gyrinops walla,AngMaMaTh22624-01,Thymelaeaceae,NA,NO,YES,0,1,1,,India,India,Terrestrial
Handroanthus chrysanthus,handroanthus chrysanthus,AngMaLaBg22756-00; AngMaLaBg22756-01; AngMaLaBg22756-02; AngMaLaBg22756-01,Bignoniaceae,Australia;Panama,NO,YES,0,1,1,,India,India,Terrestrial
Handroanthus serratifolius,handroanthus serratifolius,AngMaLaBg22771-01,Bignoniaceae,Brazil;Venezuela,NO,YES,0,1,1,,India,India,Terrestrial
Hibiscus brackenridgei,hibiscus brackenridgei,AngMaMaMl23488-00; AngMaMaMl23488-01; AngMaMaMl23488-01,Malvaceae,NA,NO,YES,0,1,1,,India,India,Terrestrial
Holarrhena floribunda,holarrhena floribunda,AngMaGepc23710-00; AngMaGepc23710-01,Apocynaceae,NA,NO,YES,0,1,1,,India,India,Terrestrial
Homalium ceylanicum,homalium ceylanicum,AngMaMaSl23772-00; AngMaMaSl23772-01; AngMaMaSl23772-02; AngMaMaSl23772-01,Salicaceae,NA,NO,YES,0,1,1,,India,India,Terrestrial
Hyophorbe amaricaulis,hyophorbe amaricaulis,AngNAParc24351-01,Arecaceae,,NO,YES,0,1,1,,India,India,Terrestrial
Hyophorbe verschaffeltii,hyophorbe verschaffeltii,AngNAParc24354-01,Arecaceae,;introduced,NO,YES,0,1,1,,India,India,Terrestrial
Ilex opaca,ilex opaca,AngMaAqqf24671-00; AngMaAqqf24671-01; AngMaAqqf24671-02; AngMaAqqf24671-03; AngMaAqqf24671-04; AngMaAqqf24671-05; AngMaAqqf24671-06; AngMaAqqf24671-07; AngMaAqqf24671-01,Aquifoliaceae,Afghanistan;Brazil;Mexico;United States,NO,YES,0,1,1,,India,India,Terrestrial
Ipomoea arborescens,ipomoea arborescens,AngMaSoCn25119-00; AngMaSoCn25119-01; AngMaSoCn25119-01,Convolvulaceae,NA,NO,YES,0,1,1,,India,India,Terrestrial
Ipomoea wolcottiana,ipomoea wolcottiana,AngMaSoCn25126-00; AngMaSoCn25126-01; AngMaSoCn25126-01,Convolvulaceae,NA,NO,YES,0,1,1,,India,India,Terrestrial
Jacquinia arborea,jacquinia arborea,AngMaErPr25485-01,Primulaceae,NA,NO,YES,0,1,1,,India,India,Terrestrial
Jacquinia armillaris,jacquinia armillaris,AngMaErPr25486-01,Primulaceae,Brazil,NO,YES,0,1,1,,India,India,Terrestrial
Jatropha hernandiifolia,jatropha hernandiifolia,AngMaMaph25519-00; AngMaMaph25519-01; AngMaMaph25519-02; AngMaMaph25519-03; AngMaMaph25519-04; AngMaMaph25519-05,Euphorbiaceae,NA,NO,YES,0,1,1,,India,India,Terrestrial
Joannesia princeps,joannesia princeps,AngMaMaph25545-01,Euphorbiaceae,Brazil,NO,YES,0,1,1,,India,India,Terrestrial
Juniperus deppeana,juniperus deppeana,AngPiPiCp25608-00; AngPiPiCp25608-01; AngPiPiCp25608-02; AngPiPiCp25608-03; AngPiPiCp25608-04; AngPiPiCp25608-05; AngPiPiCp25608-06; AngPiPiCp25608-01,Cupressaceae,United States,NO,YES,0,1,1,,India,India,Terrestrial
Juniperus oxycedrus,juniperus oxycedrus,AngPiPiCp25624-00; AngPiPiCp25624-01; AngPiPiCp25624-02; AngPiPiCp25624-03; AngPiPiCp25624-04; AngPiPiCp25624-05; AngPiPiCp25624-06; AngPiPiCp25624-07; AngPiPiCp25624-08; AngPiPiCp25624-09; AngPiPiCp25624-10,Cupressaceae,Croatia;Italy;Portugal;Spain,NO,YES,0,1,1,,India,India,Terrestrial
Juniperus phoenicea,juniperus phoenicea,AngPiPiCp25625-00; AngPiPiCp25625-01; AngPiPiCp25625-02; AngPiPiCp25625-03; AngPiPiCp25625-04; AngPiPiCp25625-05; AngPiPiCp25625-06,Cupressaceae,Croatia;Greece;Italy;Spain,NO,YES,0,1,1,,India,India,Terrestrial
Juniperus scopulorum,juniperus scopulorum,AngPiPiCp25636-00; AngPiPiCp25636-01; AngPiPiCp25636-02; AngPiPiCp25636-03; AngPiPiCp25636-01,Cupressaceae,United States,NO,YES,0,1,1,,India,India,Terrestrial
Khaya grandifoliola,khaya grandifoliola,AngMaSaMl25749-01,Meliaceae,NA,NO,YES,0,1,1,,India,India,Terrestrial
Lafoensia vandelliana,lafoensia vandelliana,AngMaMyLy26127-00; AngMaMyLy26127-01; AngMaMyLy26127-02; AngMaMyLy26127-03; AngMaMyLy26127-04; AngMaMyLy26127-05; AngMaMyLy26127-06; AngMaMyLy26127-07,Lythraceae,Bolivia;Brazil,NO,YES,0,1,1,,India,India,Terrestrial
Lagerstroemia duperreana,lagerstroemia duperreana,AngMaMyLy26134-00; AngMaMyLy26134-01; AngMaMyLy26134-01,Lythraceae,NA,NO,YES,0,1,1,,India,India,Terrestrial
Lepisanthes fruticosa,lepisanthes fruticosa,AngMaSaSp26433-01,Sapindaceae,NA,NO,YES,0,1,1,,India,India,Terrestrial
Leptospermum trinervium,leptospermum trinervium,AngMaMyMy26556-01,Myrtaceae,Australia,NO,YES,0,1,1,,India,India,Terrestrial
Liquidambar formosana,liquidambar formosana,AngMaSalt26948-00; AngMaSalt26948-01,Altingiaceae,NA,NO,YES,0,1,1,,India,India,Terrestrial
Lonchocarpus cultratus,lonchocarpus cultratus,AngMaFaFb27544-01,Fabaceae,Brazil,NO,YES,0,1,1,,India,India,Terrestrial
Lonchocarpus sericeus,lonchocarpus sericeus,AngMaFaFb27620-00; AngMaFaFb27620-01; AngMaFaFb27620-01,Fabaceae,Brazil;Venezuela,NO,YES,0,1,1,,India,India,Terrestrial
Luehea candida,luehea candida,AngMaMaMl27728-01,Malvaceae,NA,NO,YES,0,1,1,,India,India,Terrestrial
Manihot dichotoma,manihot dichotoma,AngMaMaph29228-00; AngMaMaph29228-01,Euphorbiaceae,Afghanistan;Argentina;Brazil;Haiti,NO,YES,0,1,1,,India,India,Terrestrial
Manilkara kauki,manilkara kauki,AngMaErSp29275-01,Sapotaceae,Australia,NO,YES,0,1,1,,India,India,Terrestrial
Melicope denhamii,melicope denhamii,AngMaSaRt29789-00; AngMaSaRt29789-01,Rutaceae,NA,NO,YES,0,1,1,,India,India,Terrestrial
Millettia brandisiana,millettia brandisiana,AngMaFaFb31213-01,Fabaceae,NA,NO,YES,0,1,1,,India,India,Terrestrial
Millettia peguensis,millettia peguensis,AngMaFaFb31267-01,Fabaceae,NA,NO,YES,0,1,1,,India,India,Terrestrial
Nauclea orientalis,nauclea orientalis,AngMaGeRb33049-01,Rubiaceae,Australia;Indonesia;Timor-Leste,NO,YES,0,1,1,,India,India,Terrestrial
Oncoba spinosa,oncoba spinosa,AngMaMaSl34363-00; AngMaMaSl34363-01,Salicaceae,NA,NO,YES,0,1,1,,India,India,Terrestrial
Ormocarpum trachycarpum,ormocarpum trachycarpum,AngMaFaFb34581-01,Fabaceae,NA,NO,YES,0,1,1,,India,India,Terrestrial
Parapiptadenia rigida,parapiptadenia rigida,AngMaFaFb35721-01,Fabaceae,Argentina;Bolivia;Brazil;Paraguay,NO,YES,0,1,1,,India,India,Terrestrial
Parinari excelsa,parinari excelsa,AngMaMaCh35827-00; AngMaMaCh35827-01,Chrysobalanaceae,Brazil,NO,YES,0,1,1,,India,India,Terrestrial
Peltophorum africanum,peltophorum africanum,AngMaFaFb36169-01,Fabaceae,NA,NO,YES,0,1,1,,India,India,Terrestrial
Phyllanthus arbuscula,phyllanthus arbuscula,AngMaMaPh36657-01,Phyllanthaceae,NA,NO,YES,0,1,1,,India,India,Terrestrial
Phyllarthron bojeranum,phyllarthron bojeranum,AngMaLaBg36780-01,Bignoniaceae,NA,NO,YES,0,1,1,,India,India,Terrestrial
Phyllarthron comorense,phyllarthron comorense,AngMaLaBg36782-01,Bignoniaceae,NA,NO,YES,0,1,1,,India,India,Terrestrial
Pinus hartwegii,pinus hartwegii,GymPiPiPn37040-00; GymPiPiPn37040-01; GymPiPiPn37040-01,Pinaceae,NA,NO,YES,0,1,1,,India,India,Terrestrial
Pittosporum bicolor,pittosporum bicolor,AngMaApPt37367-01,Pittosporaceae,Australia,NO,YES,0,1,1,,India,India,Terrestrial
Pittosporum umbellatum,pittosporum umbellatum,AngMaApPt37469-01,Pittosporaceae,New Zealand,NO,YES,0,1,1,,India,India,Terrestrial
Podocarpus latifolius,podocarpus latifolius,GymPiPiPd37943-00; GymPiPiPd37943-01,Podocarpaceae,NA,NO,YES,0,1,1,,India,India,Terrestrial
Polyscias australiana,polyscias australiana,AngMaAprl38159-00; AngMaAprl38159-01,Araliaceae,Australia,NO,YES,0,1,1,,India,India,Terrestrial
Portlandia grandiflora,portlandia grandiflora,AngMaGeRb38443-01,Rubiaceae,NA,NO,YES,0,1,1,,India,India,Terrestrial
Pseudobombax ellipticum,pseudobombax ellipticum,AngMaMaMl39306-00; AngMaMaMl39306-01,Malvaceae,NA,NO,YES,0,1,1,,India,India,Terrestrial
Pterocarpus rotundifolius,pterocarpus rotundifolius,AngMaFaFb40033-00; AngMaFaFb40033-01; AngMaFaFb40033-02; AngMaFaFb40033-01,Fabaceae,NA,NO,YES,0,1,1,,India,India,Terrestrial
Pterocymbium tinctorium,pterocymbium tinctorium,AngMaMaMl40058-00; AngMaMaMl40058-01,Malvaceae,NA,NO,YES,0,1,1,,India,India,Terrestrial
Quercus baloot,quercus baloot,AngMaFaFg40477-01,Fagaceae,NA,NO,YES,0,1,1,,India,India,Terrestrial
Quercus coccifera,quercus coccifera,AngMaFaFg40518-00; AngMaFaFg40518-01; AngMaFaFg40518-02; AngMaFaFg40518-03; AngMaFaFg40518-04; AngMaFaFg40518-05; AngMaFaFg40518-06; AngMaFaFg40518-07; AngMaFaFg40518-01,Fagaceae,NA,NO,YES,0,1,1,,India,India,Terrestrial
Quillaja saponaria,quillaja saponaria,AngMaFaQl40861-01,Quillajaceae,Chile,NO,YES,0,1,1,,India,India,Terrestrial
Sannantha virgata,sannantha virgata,AngMaMyMy42417-01,Myrtaceae,NA,NO,YES,0,1,1,,India,India,Terrestrial
Searsia tomentosa,searsia tomentosa,AngMaSanc43159-01,Anacardiaceae,NA,NO,YES,0,1,1,,India,India,Terrestrial
Senegalia burkei,senegalia burkei,AngMaFaFb43268-01,Fabaceae,NA,NO,YES,0,1,1,,India,India,Terrestrial
Senegalia mellifera,senegalia mellifera,AngMaFaFb43322-00; AngMaFaFb43322-01; AngMaFaFb43322-01,Fabaceae,NA,NO,YES,0,1,1,,India,India,Terrestrial
Senna fruticosa,senna fruticosa,AngMaFaFb43403-01,Fabaceae,NA,NO,YES,0,1,1,,India,India,Terrestrial
Simarouba glauca,simarouba glauca,AngMaSaSm43777-00; AngMaSaSm43777-01; AngMaSaSm43777-01,Simaroubaceae,Dominican Republic,NO,YES,0,1,1,,India,India,Terrestrial
Solanum albidum,solanum albidum,AngMaSoSl44069-00; AngMaSoSl44069-01; AngMaSoSl44069-01,Solanaceae,Bolivia;Brazil;Ecuador;Peru,NO,YES,0,1,1,,India,India,Terrestrial
Solanum asperolanatum,solanum asperolanatum,AngMaSoSl44079-00; AngMaSoSl44079-01; AngMaSoSl44079-02; AngMaSoSl44079-01,Solanaceae,Afghanistan;Bolivia;Brazil;Colombia;Ecuador;Egypt;France;Guatemala;India;Mexico;Panama;Peru;South Africa;Venezuela;Zambia,NO,YES,0,1,1,,India,India,Terrestrial
Solanum grandiflorum,solanum grandiflorum,AngMaSoSl44139-01,Solanaceae,Colombia;Ecuador,NO,YES,0,1,1,,India,India,Terrestrial
Stenocarpus salignus,stenocarpus salignus,AngMaPrPr44656-01,Proteaceae,Australia,NO,YES,0,1,1,,India,India,Terrestrial
Steriphoma paradoxum,steriphoma paradoxum,AngMaBrCp44895-00; AngMaBrCp44895-01,Capparaceae,NA,NO,YES,0,1,1,,India,India,Terrestrial
Stewartia pseudocamellia,stewartia pseudocamellia,AngMaErTh44915-00; AngMaErTh44915-01,Theaceae,Japan;South Korea,NO,YES,0,1,1,,India,India,Terrestrial
Tabernaemontana africana,tabernaemontana africana,AngMaGepc46699-01,Apocynaceae,NA,NO,YES,0,1,1,,India,India,Terrestrial
Tabernaemontana citrifolia,tabernaemontana citrifolia,AngMaGepc46723-01,Apocynaceae,NA,NO,YES,0,1,1,,India,India,Terrestrial
Tabernaemontana dichotoma,tabernaemontana dichotoma,AngMaGepc46736-01,Apocynaceae,NA,NO,YES,0,1,1,,India,India,Terrestrial
Terminalia oliveri,terminalia oliveri,AngMaMyCm47398-01,Combretaceae,NA,NO,YES,0,1,1,,India,India,Terrestrial
Terminalia sericea,terminalia sericea,AngMaMyCm47444-01,Combretaceae,NA,NO,YES,0,1,1,,India,India,Terrestrial
Tetradenia riparia,tetradenia riparia,AngMaLaLm47615-01,Lamiaceae,NA,NO,YES,0,1,1,,India,India,Terrestrial
Vachellia caven,vachellia caven,AngMaFaFb48912-00; AngMaFaFb48912-01; AngMaFaFb48912-02; AngMaFaFb48912-03; AngMaFaFb48912-04; AngMaFaFb48912-01,Fabaceae,Argentina;Brazil,NO,YES,0,1,1,,India,India,Terrestrial
Vachellia robusta,vachellia robusta,AngMaFaFb48997-00; AngMaFaFb48997-01; AngMaFaFb48997-02; AngMaFaFb48997-01,Fabaceae,NA,NO,YES,0,1,1,,India,India,Terrestrial
Vachellia tortilis,vachellia tortilis,AngMaFaFb49013-00; AngMaFaFb49013-01; AngMaFaFb49013-02; AngMaFaFb49013-03; AngMaFaFb49013-04; AngMaFaFb49013-05; AngMaFaFb49013-01,Fabaceae,NA,NO,YES,0,1,1,,India,India,Terrestrial
Virgilia oroboides,virgilia oroboides,AngMaFaFb49484-00; AngMaFaFb49484-01; AngMaFaFb49484-01,Fabaceae,Australia,NO,YES,0,1,1,,India,India,Terrestrial
Vitex megapotamica,vitex megapotamica,AngMaLaLm49678-00; AngMaLaLm49678-01,Lamiaceae,Argentina;Brazil,NO,YES,0,1,1,,India,India,Terrestrial
Volkameria glabra,volkameria glabra,AngMaLaLm49878-00; AngMaLaLm49878-01; AngMaLaLm49878-02; AngMaLaLm49878-03; AngMaLaLm49878-01,Lamiaceae,NA,NO,YES,0,1,1,,India,India,Terrestrial
Wrightia antidysenterica,wrightia antidysenterica,AngMaGepc50199-01,Apocynaceae,NA,NO,YES,0,1,1,,India,India,Terrestrial
Agathis dammara,agathis dammara,AngPiPirc1281-00; AngPiPirc1281-01,Araucariaceae,NA,NO,YES,0,1,1,,Democratic Republic of Congo,Democratic Republic of Congo,Terrestrial
Bellucia pentamera,bellucia pentamera,AngMaMyMl4912-01,Melastomataceae,Brazil;Colombia;Ecuador;Mexico;Peru;Venezuela,NO,YES,0,1,1,,Democratic Republic of Congo,Democratic Republic of Congo,Terrestrial
Ciliosemina pedunculata,ciliosemina pedunculata,AngMaGeRb8720-01,Rubiaceae,Colombia,NO,YES,0,1,1,,Democratic Republic of Congo,Democratic Republic of Congo,Terrestrial
Dyera costulata,dyera costulata,AngMaGepc15628-01,Apocynaceae,NA,NO,YES,0,1,1,,Democratic Republic of Congo,Democratic Republic of Congo,Terrestrial
Haematoxylum brasiletto,haematoxylum brasiletto,AngMaFaFb22643-01,Fabaceae,NA,NO,YES,0,1,1,,Democratic Republic of Congo,Democratic Republic of Congo,Terrestrial
Massularia acuminata,massularia acuminata,AngMaGeRb29424-01,Rubiaceae,NA,NO,YES,0,1,1,,Democratic Republic of Congo,Democratic Republic of Congo,Terrestrial
Napoleonaea heudelotii,napoleonaea heudelotii,AngMaErLc33033-01,Lecythidaceae,NA,NO,YES,0,1,1,,Democratic Republic of Congo,Democratic Republic of Congo,Terrestrial
Napoleonaea imperialis,napoleonaea imperialis,AngMaErLc33034-01,Lecythidaceae,NA,NO,YES,0,1,1,,Democratic Republic of Congo,Democratic Republic of Congo,Terrestrial
Osmanthus fragrans,osmanthus fragrans,AngMaLalc34755-00; AngMaLalc34755-01; AngMaLalc34755-02; AngMaLalc34755-01,Oleaceae,NA,NO,YES,0,1,1,,Democratic Republic of Congo,Democratic Republic of Congo,Terrestrial
Palaquium gutta,palaquium gutta,AngMaErSp35159-00; AngMaErSp35159-01; AngMaErSp35159-01,Sapotaceae,NA,NO,YES,0,1,1,,Democratic Republic of Congo,Democratic Republic of Congo,Terrestrial
Rondeletia purdiei,rondeletia purdiei,AngMaGeRb41856-00; AngMaGeRb41856-01,Rubiaceae,Colombia,NO,YES,0,1,1,,Democratic Republic of Congo,Democratic Republic of Congo,Terrestrial
Terminalia chebula,terminalia chebula,AngMaMyCm47300-00; AngMaMyCm47300-01,Combretaceae,NA,NO,YES,0,1,1,,Democratic Republic of Congo,Democratic Republic of Congo,Terrestrial
Dendrosenecio adnivalis,dendrosenecio adnivalis,AngMaAsst13552-00; AngMaAsst13552-01; AngMaAsst13552-02; AngMaAsst13552-03; AngMaAsst13552-04,Asteraceae,NA,NO,YES,0,1,1,,Portugal,Portugal,Terrestrial
Eucalyptus dalrympleana,eucalyptus dalrympleana,AngMaMyMy17387-00; AngMaMyMy17387-01; AngMaMyMy17387-01,Myrtaceae,Australia,NO,YES,0,1,1,,Portugal,Portugal,Terrestrial
Metrosideros robusta,metrosideros robusta,AngMaMyMy30343-01,Myrtaceae,NA,NO,YES,0,1,1,,Portugal,Portugal,Terrestrial
Podocarpus totara,podocarpus totara,GymPiPiPd37991-00; GymPiPiPd37991-01; GymPiPiPd37991-01,Podocarpaceae,NA,NO,YES,0,1,1,,Portugal,Portugal,Terrestrial
Quercus imbricaria,quercus imbricaria,AngMaFaFg40616-01,Fagaceae,NA,NO,YES,0,1,1,,Portugal,Portugal,Terrestrial
Eucalyptus urophylla,eucalyptus urophylla,AngMaMyMy17871-01,Myrtaceae,NA,NO,YES,0,1,1,,Congo,Congo,Terrestrial
Crataegus ambigua,crataegus ambigua,AngMaRoRs11308-00; AngMaRoRs11308-01; AngMaRoRs11308-01,Rosaceae,NA,NO,YES,0,1,1,,Russian Federation,Russian Federation,terrestrial
Crataegus chlorosarca,crataegus chlorosarca,AngMaRoRs11324-00; AngMaRoRs11324-01; AngMaRoRs11324-01,Rosaceae,Russia,NO,YES,0,1,1,,Russian Federation,Russian Federation,terrestrial
Crataegus dahurica,crataegus dahurica,AngMaRoRs11333-00; AngMaRoRs11333-01,Rosaceae,NA,NO,YES,0,1,1,,Russian Federation,Russian Federation,terrestrial
Crataegus pentagyna,crataegus pentagyna,AngMaRoRs11377-00; AngMaRoRs11377-01; AngMaRoRs11377-01,Rosaceae,NA,NO,YES,0,1,1,,Russian Federation,Russian Federation,terrestrial
Crataegus pinnatifida,crataegus pinnatifida,AngMaRoRs11380-00; AngMaRoRs11380-01; AngMaRoRs11380-02; AngMaRoRs11380-03; AngMaRoRs11380-04; AngMaRoRs11380-05; AngMaRoRs11380-06,Rosaceae,NA,NO,YES,0,1,1,,Russian Federation,Russian Federation,terrestrial
Crataegus rivularis,crataegus rivularis,AngMaRoRs11391-00; AngMaRoRs11391-01,Rosaceae,NA,NO,YES,0,1,1,,Russian Federation,Russian Federation,terrestrial
Fraxinus mandshurica,fraxinus mandshurica,AngMaLalc20314-00; AngMaLalc20314-01; AngMaLalc20314-01,Oleaceae,NA,NO,YES,0,1,1,,Russian Federation,Russian Federation,terrestrial
Acacia adunca,acacia adunca,AngMaFaFb0108-01,Fabaceae,Australia,NO,YES,0,1,1,,South Africa,South Africa,terrestrial
Acacia fimbriata,acacia fimbriata,AngMaFaFb0253-00; AngMaFaFb0253-01,Fabaceae,Australia;New Zealand,NO,YES,0,1,1,,South Africa,South Africa,terrestrial
Acacia viscidula,acacia viscidula,AngMaFaFb0523-01,Fabaceae,Australia,NO,YES,0,1,1,,South Africa,South Africa,terrestrial
Melaleuca huegelii,melaleuca huegelii,AngMaMyMy29675-00; AngMaMyMy29675-01; AngMaMyMy29675-01,Myrtaceae,Australia,NO,YES,0,1,1,,South Africa,South Africa,terrestrial
Melaleuca incana,melaleuca incana,AngMaMyMy29677-00; AngMaMyMy29677-01; AngMaMyMy29677-01,Myrtaceae,Australia,NO,YES,0,1,1,,South Africa,South Africa,terrestrial
Tecoma fulva,tecoma fulva,AngMaLaBg47210-00; AngMaLaBg47210-01; AngMaLaBg47210-02; AngMaLaBg47210-03; AngMaLaBg47210-04; AngMaLaBg47210-05; AngMaLaBg47210-06; AngMaLaBg47210-07,Bignoniaceae,NA,NO,YES,0,1,1,,South Africa,South Africa,terrestrial
Banksia serrata,banksia serrata,AngMaPrPr4391-01,Proteaceae,Australia,NO,YES,0,1,1,,South Africa,South Africa,terrestrial
Bauhinia forficata,bauhinia forficata,AngMaFaFb4595-00; AngMaFaFb4595-01; AngMaFaFb4595-02; AngMaFaFb4595-01,Fabaceae,Argentina;Brazil;Paraguay;Portugal,NO,YES,0,1,1,,South Africa,South Africa,terrestrial
Castanea dentata,castanea dentata,AngMaFaFg7645-00; AngMaFaFg7645-01,Fagaceae,United States,NO,YES,0,1,1,,South Africa,South Africa,terrestrial
Cornus florida,cornus florida,AngMaCoCr10864-00; AngMaCoCr10864-01; AngMaCoCr10864-02; AngMaCoCr10864-03; AngMaCoCr10864-01,Cornaceae,NA,NO,YES,0,1,1,,South Africa,South Africa,terrestrial
Eucalyptus cloeziana,eucalyptus cloeziana,AngMaMyMy17346-01,Myrtaceae,Australia,NO,YES,0,1,1,,South Africa,South Africa,terrestrial
Eucalyptus exserta,eucalyptus exserta,AngMaMyMy17448-00; AngMaMyMy17448-01,Myrtaceae,Australia,NO,YES,0,1,1,,South Africa,South Africa,terrestrial
Eucalyptus fastigata,eucalyptus fastigata,AngMaMyMy17456-01,Myrtaceae,Australia,NO,YES,0,1,1,,South Africa,South Africa,terrestrial
Juniperus pinchotii,juniperus pinchotii,GymPiPiCp25626-01,Cupressaceae,United States,NO,YES,0,1,1,,South Africa,South Africa,terrestrial
Kunzea ericoides,kunzea ericoides,AngMaMyMy25999-01,Myrtaceae,Australia,NO,YES,0,1,1,,South Africa,South Africa,terrestrial
Melaleuca cuticularis,melaleuca cuticularis,AngMaMyMy29657-01,Myrtaceae,Australia,NO,YES,0,1,1,,South Africa,South Africa,terrestrial
Melaleuca decora,melaleuca decora,AngMaMyMy29660-01,Myrtaceae,Australia,NO,YES,0,1,1,,South Africa,South Africa,terrestrial
Melaleuca decussata,melaleuca decussata,AngMaMyMy29661-01,Myrtaceae,Australia,NO,YES,0,1,1,,South Africa,South Africa,terrestrial
Melaleuca lanceolata,melaleuca lanceolata,AngMaMyMy29678-00; AngMaMyMy29678-01; AngMaMyMy29678-01,Myrtaceae,Australia,NO,YES,0,1,1,,South Africa,South Africa,terrestrial
Melaleuca nodosa,melaleuca nodosa,AngMaMyMy29687-01,Myrtaceae,Australia,NO,YES,0,1,1,,South Africa,South Africa,terrestrial
Melaleuca rhaphiophylla,melaleuca rhaphiophylla,AngMaMyMy29693-01,Myrtaceae,Australia,NO,YES,0,1,1,,South Africa,South Africa,terrestrial
Melaleuca squarrosa,melaleuca squarrosa,AngMaMyMy29701-01,Myrtaceae,Australia,NO,YES,0,1,1,,South Africa,South Africa,terrestrial
Melaleuca teretifolia,melaleuca teretifolia,AngMaMyMy29709-01,Myrtaceae,Australia,NO,YES,0,1,1,,South Africa,South Africa,terrestrial
Stenocereus pruinosus,stenocereus pruinosus,AngMaCaCc44674-01,Cactaceae,NA,NO,YES,0,1,1,,South Africa,South Africa,terrestrial
Pachira insignis,pachira insignis,AngMaMaMl35055-01,Malvaceae,Brazil,NO,YES,0,1,1,,Dominican Republic,Dominican Republic,Terrestrial
Acer circinatum,acer circinatum,AngMaSaSp0621-00; AngMaSaSp0621-01,Sapindaceae,United States,NO,YES,0,1,1,,Denmark,Denmark,Terrestrial
Betula lenta,betula lenta,AngMaFaBt5066-00; AngMaFaBt5066-01; AngMaFaBt5066-01,Betulaceae,Canada;United States,NO,YES,0,1,1,,Denmark,Denmark,Terrestrial
Crataegus punctata,crataegus punctata,AngMaRoRs11385-00; AngMaRoRs11385-01; AngMaRoRs11385-02; AngMaRoRs11385-03; AngMaRoRs11385-04; AngMaRoRs11385-05; AngMaRoRs11385-06; AngMaRoRs11385-07; AngMaRoRs11385-01,Rosaceae,Canada;United States,NO,YES,0,1,1,,Denmark,Denmark,Terrestrial
Salix lucida,salix lucida,AngMaMaSl42302-00; AngMaMaSl42302-01; AngMaMaSl42302-02; AngMaMaSl42302-03; AngMaMaSl42302-04; AngMaMaSl42302-05; AngMaMaSl42302-06; AngMaMaSl42302-07; AngMaMaSl42302-08; AngMaMaSl42302-09; AngMaMaSl42302-10; AngMaMaSl42302-11; AngMaMaSl42302-12; AngMaMaSl42302-13; AngMaMaSl42302-01,Salicaceae,NA,NO,YES,0,1,1,,Denmark,Denmark,Terrestrial
Miconia nervosa,miconia nervosa,AngMaMyMl30781-00; AngMaMyMl30781-01,Melastomataceae,Brazil;Colombia;Costa Rica;Ecuador;Panama;Peru,NO,YES,0,1,1,,Guatemala,Guatemala,Terrestrial
Pinus aristata,pinus aristata,AngPiPiPn37005-00; AngPiPiPn37005-01,Pinaceae,NA,NO,YES,0,1,1,,Iceland,Iceland,Terrestrial
Abies firma,abies firma,AngPiPiPn0022-00; AngPiPiPn0022-01,Pinaceae,NA,NO,YES,0,1,2,,"United States (Contiguous) (ver.2.0, 2022)","Slovakia; United States (Contiguous) (ver.2.0, 2022)",Terrestrial
Ostrya carpinifolia,ostrya carpinifolia,AngMaFaBt34809-00; AngMaFaBt34809-01,Betulaceae,NA,NO,YES,0,1,2,,Belgium,Belgium; Slovakia,Terrestrial
Tetradium daniellii,tetradium daniellii,AngMaSaRt47617-00; AngMaSaRt47617-01; AngMaSaRt47617-02; AngMaSaRt47617-03; AngMaSaRt47617-04; AngMaSaRt47617-01,Rutaceae,NA,NO,YES,0,1,2,,"United States (Contiguous) (ver.2.0, 2022)","Slovakia; United States (Contiguous) (ver.2.0, 2022)",Terrestrial
Magnolia campbellii,magnolia campbellii,AngMaMaMg28692-00; AngMaMaMg28692-01,Magnoliaceae,NA,NO,YES,0,1,1,,Ireland,Ireland,terrestrial
Magnolia delavayi,magnolia delavayi,AngMaMaMg28724-01,Magnoliaceae,NA,NO,YES,0,1,1,,Ireland,Ireland,terrestrial
Nothofagus cunninghamii,nothofagus cunninghamii,AngMaFaNt33698-01,Nothofagaceae,Australia,NO,YES,0,1,1,,Ireland,Ireland,terrestrial
Nothofagus dombeyi,nothofagus dombeyi,AngMaFaNt33700-01,Nothofagaceae,NA,NO,YES,0,1,1,,Ireland,Ireland,terrestrial
Picea breweriana,picea breweriana,AngPiPiPn36828-00; AngPiPiPn36828-01,Pinaceae,NA,NO,YES,0,1,1,,Ireland,Ireland,terrestrial
Podocarpus salignus,podocarpus salignus,GymPiPiPd37980-01,Podocarpaceae,NA,NO,YES,0,1,1,,Ireland,Ireland,terrestrial
Trochodendron aralioides,trochodendron aralioides,AngMaTrTr48474-00; AngMaTrTr48474-01,Trochodendraceae,NA,NO,YES,0,1,1,,Ireland,Ireland,terrestrial
Zelkova carpinifolia,zelkova carpinifolia,AngMaRolm50786-01,Ulmaceae,NA,NO,YES,0,1,1,,Ireland,Ireland,terrestrial
Fraxinus chinensis,fraxinus chinensis,AngMaLalc20297-00; AngMaLalc20297-01; AngMaLalc20297-02; AngMaLalc20297-03; AngMaLalc20297-04; AngMaLalc20297-05,Oleaceae,NA,NO,YES,0,1,1,,Colombia,Colombia,Terrestrial
Pinus virginiana,pinus virginiana,AngPiPiPn37108-00; AngPiPiPn37108-01,Pinaceae,NA,NO,YES,0,1,1,,Canada,Canada,Terrestrial
Ailanthus excelsa,ailanthus excelsa,AngMaSaSm1465-01,Simaroubaceae,NA,NO,YES,0,1,1,,Afghanistan,Afghanistan,Terrestrial
Cercis griffithii,cercis griffithii,AngMaFaFb8091-01,Fabaceae,NA,NO,YES,0,1,1,,Afghanistan,Afghanistan,Terrestrial
Syringa emodi,syringa emodi,AngMaLalc45730-00; AngMaLalc45730-01,Oleaceae,NA,NO,YES,0,1,1,,Afghanistan,Afghanistan,Terrestrial
Ulmus wallichiana,ulmus wallichiana,AngMaRolm48616-00; AngMaRolm48616-01; AngMaRolm48616-02; AngMaRolm48616-03,Ulmaceae,NA,NO,YES,0,1,1,,Afghanistan,Afghanistan,Terrestrial
Acer spicatum,acer spicatum,AngMaSaSp0705-00; AngMaSaSp0705-01,Sapindaceae,Canada;United States,NO,YES,0,1,1,,Sweden,Sweden,Terrestrial
Larix laricina,larix laricina,AngPiPiPn26218-00; AngPiPiPn26218-01; AngPiPiPn26218-02; AngPiPiPn26218-03; AngPiPiPn26218-01,Pinaceae,NA,NO,YES,0,1,1,,Sweden,Sweden,Terrestrial
Sorbus graeca,sorbus graeca,AngMaRoRs44349-01,Rosaceae,NA,NO,YES,0,1,1,,Sweden,Sweden,Terrestrial
Arenga tremula,arenga tremula,AngNAParc3557-01,Arecaceae,;Taiwan,NO,YES,0,1,2,,"Pohnpei, Federated States of Micronesia","Federated States of Micronesia; Pohnpei, Federated States of Micronesia",Terrestrial
Celtis tournefortii,celtis tournefortii,AngMaRoCn8007-00; AngMaRoCn8007-01,Cannabaceae,NA,NO,YES,0,1,1,,Bulgaria,Bulgaria,Terrestrial
Eucalyptus acaciiformis,eucalyptus acaciiformis,AngMaMyMy17214-01,Myrtaceae,Australia,NO,YES,0,1,1,,France,France,Terrestrial
Eucalyptus aggregata,eucalyptus aggregata,AngMaMyMy17222-01,Myrtaceae,Australia,NO,YES,0,1,1,,France,France,Terrestrial
Eucalyptus amplifolia,eucalyptus amplifolia,AngMaMyMy17232-00; AngMaMyMy17232-01; AngMaMyMy17232-02; AngMaMyMy17232-03,Myrtaceae,Australia;Sri Lanka;United States,NO,YES,0,1,1,,France,France,Terrestrial
Eucalyptus angulosa,eucalyptus angulosa,AngMaMyMy17237-00; AngMaMyMy17237-01,Myrtaceae,Australia,NO,YES,0,1,1,,France,France,Terrestrial
Eucalyptus brookeriana,eucalyptus brookeriana,AngMaMyMy17299-01,Myrtaceae,Australia,NO,YES,0,1,1,,France,France,Terrestrial
Eucalyptus burdettiana,eucalyptus burdettiana,AngMaMyMy17304-01,Myrtaceae,Australia,NO,YES,0,1,1,,France,France,Terrestrial
Eucalyptus chapmaniana,eucalyptus chapmaniana,AngMaMyMy17338-01,Myrtaceae,Australia,NO,YES,0,1,1,,France,France,Terrestrial
Eucalyptus chloroclada,eucalyptus chloroclada,AngMaMyMy17340-00; AngMaMyMy17340-01,Myrtaceae,Australia,NO,YES,0,1,1,,France,France,Terrestrial
Eucalyptus coccifera,eucalyptus coccifera,AngMaMyMy17348-00; AngMaMyMy17348-01,Myrtaceae,Australia;Canada;United Kingdom,NO,YES,0,1,1,,France,France,Terrestrial
Eucalyptus cordata,eucalyptus cordata,AngMaMyMy17363-00; AngMaMyMy17363-01; AngMaMyMy17363-01,Myrtaceae,Australia;United Kingdom,NO,YES,0,1,1,,France,France,Terrestrial
Eucalyptus crenulata,eucalyptus crenulata,AngMaMyMy17371-01,Myrtaceae,Australia,NO,YES,0,1,1,,France,France,Terrestrial
Eucalyptus curtisii,eucalyptus curtisii,AngMaMyMy17381-01,Myrtaceae,Australia,NO,YES,0,1,1,,France,France,Terrestrial
Eucalyptus denticulata,eucalyptus denticulata,AngMaMyMy17402-01,Myrtaceae,Australia,NO,YES,0,1,1,,France,France,Terrestrial
Eucalyptus elliptica,eucalyptus elliptica,AngMaMyMy17434-00; AngMaMyMy17434-01,Myrtaceae,Australia,NO,YES,0,1,1,,France,France,Terrestrial
Eucalyptus gregsoniana,eucalyptus gregsoniana,AngMaMyMy17497-00; AngMaMyMy17497-01,Myrtaceae,Australia,NO,YES,0,1,1,,France,France,Terrestrial
Eucalyptus kitsoniana,eucalyptus kitsoniana,AngMaMyMy17539-01,Myrtaceae,Australia,NO,YES,0,1,1,,France,France,Terrestrial
Eucalyptus kybeanensis,eucalyptus kybeanensis,AngMaMyMy17545-01,Myrtaceae,Australia,NO,YES,0,1,1,,France,France,Terrestrial
Eucalyptus laevopinea,eucalyptus laevopinea,AngMaMyMy17549-01,Myrtaceae,Australia,NO,YES,0,1,1,,France,France,Terrestrial
Eucalyptus mannifera,eucalyptus mannifera,AngMaMyMy17591-00; AngMaMyMy17591-01; AngMaMyMy17591-02; AngMaMyMy17591-03; AngMaMyMy17591-01,Myrtaceae,Australia,NO,YES,0,1,1,,France,France,Terrestrial
Eucalyptus moorei,eucalyptus moorei,AngMaMyMy17620-00; AngMaMyMy17620-01; AngMaMyMy17620-02; AngMaMyMy17620-01,Myrtaceae,Australia,NO,YES,0,1,1,,France,France,Terrestrial
Eucalyptus morrisbyi,eucalyptus morrisbyi,AngMaMyMy17621-01,Myrtaceae,Australia,NO,YES,0,1,1,,France,France,Terrestrial
Eucalyptus neglecta,eucalyptus neglecta,AngMaMyMy17628-01,Myrtaceae,Australia,NO,YES,0,1,1,,France,France,Terrestrial
Eucalyptus parvula,eucalyptus parvula,AngMaMyMy17682-01,Myrtaceae,Australia,NO,YES,0,1,1,,France,France,Terrestrial
Eucalyptus perriniana,eucalyptus perriniana,AngMaMyMy17691-01,Myrtaceae,Australia,NO,YES,0,1,1,,France,France,Terrestrial
Eucalyptus polybractea,eucalyptus polybractea,AngMaMyMy17714-00; AngMaMyMy17714-01; AngMaMyMy17714-01,Myrtaceae,Australia,NO,YES,0,1,1,,France,France,Terrestrial
Eucalyptus radiata,eucalyptus radiata,AngMaMyMy17744-00; AngMaMyMy17744-01; AngMaMyMy17744-01,Myrtaceae,Australia,NO,YES,0,1,1,,France,France,Terrestrial
Eucalyptus rodwayi,eucalyptus rodwayi,AngMaMyMy17766-01,Myrtaceae,Australia,NO,YES,0,1,1,,France,France,Terrestrial
Eucalyptus rubida,eucalyptus rubida,AngMaMyMy17770-00; AngMaMyMy17770-01; AngMaMyMy17770-02; AngMaMyMy17770-03,Myrtaceae,Australia,NO,YES,0,1,1,,France,France,Terrestrial
Eucalyptus scoparia,eucalyptus scoparia,AngMaMyMy17786-01,Myrtaceae,Australia,NO,YES,0,1,1,,France,France,Terrestrial
Eucalyptus serraensis,eucalyptus serraensis,AngMaMyMy17793-01,Myrtaceae,Australia,NO,YES,0,1,1,,France,France,Terrestrial
Eucalyptus stellulata,eucalyptus stellulata,AngMaMyMy17817-01,Myrtaceae,Australia;United Kingdom,NO,YES,0,1,1,,France,France,Terrestrial
Eucalyptus subcrenulata,eucalyptus subcrenulata,AngMaMyMy17827-01,Myrtaceae,Australia,NO,YES,0,1,1,,France,France,Terrestrial
Eucalyptus vernicosa,eucalyptus vernicosa,AngMaMyMy17876-01,Myrtaceae,Australia,NO,YES,0,1,1,,France,France,Terrestrial
Eucalyptus verrucata,eucalyptus verrucata,AngMaMyMy17877-01,Myrtaceae,Australia;United States,NO,YES,0,1,1,,France,France,Terrestrial
Hakea dactyloides,hakea dactyloides,AngMaPrPr22655-00; AngMaPrPr22655-01,Proteaceae,Australia,NO,YES,0,1,1,,France,France,Terrestrial
Hakea lissosperma,hakea lissosperma,AngMaPrPr22665-01,Proteaceae,Australia,NO,YES,0,1,1,,France,France,Terrestrial
Quercus ithaburensis,quercus ithaburensis,AngMaFaFg40622-00; AngMaFaFg40622-01; AngMaFaFg40622-02; AngMaFaFg40622-01,Fagaceae,NA,NO,YES,0,1,1,,France,France,Terrestrial
Rhamnus persicifolia,rhamnus persicifolia,AngMaRoRh41194-01,Rhamnaceae,NA,NO,YES,0,1,1,,France,France,Terrestrial
Umbellularia californica,umbellularia californica,AngMaLaLr48617-00; AngMaLaLr48617-01; AngMaLaLr48617-01,Lauraceae,NA,NO,YES,0,1,1,,France,France,Terrestrial
Prosopis koelziana,prosopis koelziana,AngMaFaFb38926-00; AngMaFaFb38926-01,Fabaceae,NA,NO,YES,0,1,1,,Saudi Arabia,Saudi Arabia,Terrestrial
Cinnamomum glanduliferum,cinnamomum glanduliferum,AngMaLaLr8809-01,Lauraceae,NA,NO,YES,0,1,1,,Italy,Italy,Terrestrial
Citrus trifoliata,citrus trifoliata,AngMaSaRt9018-01,Rutaceae,Australia,NO,YES,0,1,1,,Italy,Italy,Terrestrial
Euonymus lucidus,euonymus lucidus,AngMaCeCl18760-01,Celastraceae,NA,NO,YES,0,1,1,,Italy,Italy,Terrestrial
Ficus watkinsiana,ficus watkinsiana,AngMaRoMr20093-01,Moraceae,Australia,NO,YES,0,1,1,,Italy,Italy,Terrestrial
Quercus shumardii,quercus shumardii,AngMaFaFg40767-00; AngMaFaFg40767-01; AngMaFaFg40767-01,Fagaceae,NA,NO,YES,0,1,1,,Italy,Italy,Terrestrial
Rhus chinensis,rhus chinensis,AngMaSanc41608-00; AngMaSanc41608-01; AngMaSanc41608-02; AngMaSanc41608-01,Anacardiaceae,NA,NO,YES,0,1,1,,Italy,Italy,Terrestrial
Tamarix hampeana,tamarix hampeana,AngMaCaTm46958-01,Tamaricaceae,NA,NO,YES,0,1,1,,Italy,Italy,Terrestrial
Thujopsis dolabrata,thujopsis dolabrata,AngPiPiCp47751-00; AngPiPiCp47751-01; AngPiPiCp47751-02; AngPiPiCp47751-01,Cupressaceae,United States,NO,YES,0,1,1,,Italy,Italy,Terrestrial
Zanthoxylum armatum,zanthoxylum armatum,AngMaSaRt50653-00; AngMaSaRt50653-01; AngMaSaRt50653-02; AngMaSaRt50653-03; AngMaSaRt50653-04; AngMaSaRt50653-01,Rutaceae,NA,NO,YES,0,1,1,,Italy,Italy,Terrestrial
Pinus heldreichii,pinus heldreichii,AngPiPiPn37041-00; AngPiPiPn37041-01,Pinaceae,NA,NO,YES,0,1,1,,- Croatia,- Croatia,terrestrial
Tamarix tetrandra,tamarix tetrandra,AngMaCaTm46980-01,Tamaricaceae,NA,NO,YES,0,1,1,,- Croatia,- Croatia,terrestrial
Viburnum prunifolium,viburnum prunifolium,AngMaDiVb49435-00; AngMaDiVb49435-01; AngMaDiVb49435-01,Viburnaceae,NA,NO,YES,0,1,1,,- Croatia,- Croatia,terrestrial
Atalantia buxifolia,atalantia buxifolia,AngMaSaRt3921-01,Rutaceae,Taiwan,NO,YES,0,1,1,,Cuba,Cuba,terrestrial
Cavanillesia platanifolia,cavanillesia platanifolia,AngMaMaMl7837-01,Malvaceae,Colombia;Ecuador,NO,YES,0,1,1,,Cuba,Cuba,terrestrial
Ficus auriculata,ficus auriculata,AngMaRoMr19492-01,Moraceae,NA,NO,YES,0,1,1,,Cuba,Cuba,terrestrial
Ficus retusa,ficus retusa,AngMaRoMr19935-01,Moraceae,NA,NO,YES,0,1,1,,Cuba,Cuba,terrestrial
Garcinia dulcis,garcinia dulcis,AngMaMaCl20603-00; AngMaMaCl20603-01,Clusiaceae,NA,NO,YES,0,1,1,,Cuba,Cuba,terrestrial
Inga acreana,inga acreana,AngMaFaFb24850-01,Fabaceae,Bolivia;Brazil,NO,YES,0,1,1,,Cuba,Cuba,terrestrial
Inga mucuna,inga mucuna,AngMaFaFb25002-01,Fabaceae,NA,NO,YES,0,1,1,,Cuba,Cuba,terrestrial
Rauvolfia serpentina,rauvolfia serpentina,AngMaGepc41035-01,Apocynaceae,NA,NO,YES,0,1,1,,Cuba,Cuba,terrestrial
Acrocomia aculeata,acrocomia aculeata,AngNAParc0806-01,Arecaceae,;Argentina;Brazil;Colombia;Puerto Rico,NO,YES,0,1,1,,Seychelles,Seychelles,terrestrial
Adansonia madagascariensis,adansonia madagascariensis,AngMaMaMl0982-01,Malvaceae,NA,NO,YES,0,1,1,,Seychelles,Seychelles,terrestrial
Adenanthera microsperma,adenanthera microsperma,AngMaFaFb1002-00; AngMaFaFb1002-01,Fabaceae,NA,NO,YES,0,1,1,,Seychelles,Seychelles,terrestrial
Agathis robusta,agathis robusta,AngPiPirc1293-00; AngPiPirc1293-01; AngPiPirc1293-01,Araucariaceae,Australia,NO,YES,0,1,1,,Seychelles,Seychelles,terrestrial
Amherstia nobilis,amherstia nobilis,AngMaFaFb2280-01,Fabaceae,NA,NO,YES,0,1,1,,Seychelles,Seychelles,terrestrial
Annona macroprophyllata,annona macroprophyllata,AngMaMann2669-01,Annonaceae,NA,NO,YES,0,1,1,,Seychelles,Seychelles,terrestrial
Artocarpus hirsutus,artocarpus hirsutus,AngMaRoMr3616-01,Moraceae,India,NO,YES,0,1,1,,Seychelles,Seychelles,terrestrial
Artocarpus odoratissimus,artocarpus odoratissimus,AngMaRoMr3630-01,Moraceae,Afghanistan;Malaysia,NO,YES,0,1,1,,Seychelles,Seychelles,terrestrial
Berrya cordifolia,berrya cordifolia,AngMaMaMl5013-01,Malvaceae,Christmas Island;Taiwan,NO,YES,0,1,1,,Seychelles,Seychelles,terrestrial
Brahea edulis,brahea edulis,AngNAParc5543-01,Arecaceae,;introduced,NO,YES,0,1,1,,Seychelles,Seychelles,terrestrial
Cassia roxburghii,cassia roxburghii,AngMaFaFb7580-01,Fabaceae,NA,NO,YES,0,1,1,,Seychelles,Seychelles,terrestrial
Cassipourea gummiflua,cassipourea gummiflua,AngMaMaRh7614-00; AngMaMaRh7614-01; AngMaMaRh7614-02; AngMaMaRh7614-01,Rhizophoraceae,NA,NO,YES,0,1,1,,Seychelles,Seychelles,terrestrial
Diospyros nigra,diospyros nigra,AngMaErbn14396-01,Ebenaceae,NA,NO,YES,0,1,1,,Seychelles,Seychelles,terrestrial
Dipteryx odorata,dipteryx odorata,AngMaFaFb14806-01,Fabaceae,Brazil,NO,YES,0,1,1,,Seychelles,Seychelles,terrestrial
Dipteryx punctata,dipteryx punctata,AngMaFaFb14809-01,Fabaceae,Brazil,NO,YES,0,1,1,,Seychelles,Seychelles,terrestrial
Erythroxylum novogranatense,erythroxylum novogranatense,AngMaMary17000-00; AngMaMary17000-01; AngMaMary17000-02; AngMaMary17000-03; AngMaMary17000-04; AngMaMary17000-05,Erythroxylaceae,NA,NO,YES,0,1,1,,Seychelles,Seychelles,terrestrial
Euclinia longiflora,euclinia longiflora,AngMaGeRb17920-01,Rubiaceae,NA,NO,YES,0,1,1,,Seychelles,Seychelles,terrestrial
Excoecaria cochinchinensis,excoecaria cochinchinensis,AngMaMaph19170-00; AngMaMaph19170-01; AngMaMaph19170-01,Euphorbiaceae,NA,NO,YES,0,1,1,,Seychelles,Seychelles,terrestrial
Hydnocarpus pentandrus,hydnocarpus pentandrus,AngMaMach24209-01,Achariaceae,NA,NO,YES,0,1,1,,Seychelles,Seychelles,terrestrial
Ixora hookeri,ixora hookeri,AngMaGeRb25318-01,Rubiaceae,NA,NO,YES,0,1,1,,Seychelles,Seychelles,terrestrial
Jubaea chilensis,jubaea chilensis,AngNAParc25564-01,Arecaceae,;introduced,NO,YES,0,1,1,,Seychelles,Seychelles,terrestrial
Karomia speciosa,karomia speciosa,AngMaLaLm25682-01,Lamiaceae,NA,NO,YES,0,1,1,,Seychelles,Seychelles,terrestrial
Kopsia arborea,kopsia arborea,AngMaGepc25956-01,Apocynaceae,Australia,NO,YES,0,1,1,,Seychelles,Seychelles,terrestrial
Kopsia fruticosa,kopsia fruticosa,AngMaGepc25960-01,Apocynaceae,NA,NO,YES,0,1,1,,Seychelles,Seychelles,terrestrial
Latania loddigesii,latania loddigesii,AngNAParc26300-01,Arecaceae,;introduced,NO,YES,0,1,1,,Seychelles,Seychelles,terrestrial
Latania verschaffeltii,latania verschaffeltii,AngNAParc26302-01,Arecaceae,;introduced,NO,YES,0,1,1,,Seychelles,Seychelles,terrestrial
Lysidice rhodostegia,lysidice rhodostegia,AngMaFaFb27851-01,Fabaceae,NA,NO,YES,0,1,1,,Seychelles,Seychelles,terrestrial
Memecylon umbellatum,memecylon umbellatum,AngMaMyMl30166-00; AngMaMyMl30166-01; AngMaMyMl30166-02; AngMaMyMl30166-01,Melastomataceae,NA,NO,YES,0,1,1,,Seychelles,Seychelles,terrestrial
Parinari curatellifolia,parinari curatellifolia,AngMaMaCh35825-00; AngMaMaCh35825-01,Chrysobalanaceae,NA,NO,YES,0,1,1,,Seychelles,Seychelles,terrestrial
Peltogyne recifensis,peltogyne recifensis,AngMaFaFb36166-01,Fabaceae,Brazil,NO,YES,0,1,1,,Seychelles,Seychelles,terrestrial
Phoenix loureiroi,phoenix loureiroi,AngNAParc36604-00; AngNAParc36604-01; AngNAParc36604-02; AngNAParc36604-03,Arecaceae,;introduced;native,NO,YES,0,1,1,,Seychelles,Seychelles,terrestrial
Phoenix rupicola,phoenix rupicola,AngNAParc36608-01,Arecaceae,,NO,YES,0,1,1,,Seychelles,Seychelles,terrestrial
Rogiera amoena,rogiera amoena,AngMaGeRb41798-01,Rubiaceae,NA,NO,YES,0,1,1,,Seychelles,Seychelles,terrestrial
Rosenbergiodendron formosum,rosenbergiodendron formosum,AngMaGeRb41863-00; AngMaGeRb41863-01; AngMaGeRb41863-02; AngMaGeRb41863-03; AngMaGeRb41863-01,Rubiaceae,Colombia;Ecuador,NO,YES,0,1,1,,Seychelles,Seychelles,terrestrial
Sapindus rarak,sapindus rarak,AngMaSaSp42453-01,Sapindaceae,NA,NO,YES,0,1,1,,Seychelles,Seychelles,terrestrial
Saraca indica,saraca indica,AngMaFaFb42498-01,Fabaceae,NA,NO,YES,0,1,1,,Seychelles,Seychelles,terrestrial
Shorea selanica,shorea selanica,AngMaMaDp43682-01,Dipterocarpaceae,NA,NO,YES,0,1,1,,Seychelles,Seychelles,terrestrial
Solandra longiflora,solandra longiflora,AngMaSoSl44062-01,Solanaceae,NA,NO,YES,0,1,1,,Seychelles,Seychelles,terrestrial
Sorindeia grandifolia,sorindeia grandifolia,AngMaSanc44406-01,Anacardiaceae,NA,NO,YES,0,1,1,,Seychelles,Seychelles,terrestrial
Terminalia bellirica,terminalia bellirica,AngMaMyCm47277-00; AngMaMyCm47277-01,Combretaceae,NA,NO,YES,0,1,1,,Seychelles,Seychelles,terrestrial
Vangueria infausta,vangueria infausta,AngMaGeRb49045-00; AngMaGeRb49045-01; AngMaGeRb49045-02; AngMaGeRb49045-01,Rubiaceae,NA,NO,YES,0,1,1,,Seychelles,Seychelles,terrestrial
Flueggea flexuosa,flueggea flexuosa,AngMaMaPh20169-01,Phyllanthaceae,Philippines,NO,YES,0,1,1,,American Samoa,American Samoa,terrestrial
Sabal causiarum,sabal causiarum,AngNAParc42151-01,Arecaceae,,NO,YES,0,1,1,,Saint Barthelemy,Saint Barthelemy,Terrestrial
Terminalia buceras,terminalia buceras,AngMaMyCm47285-01,Combretaceae,NA,NO,YES,0,1,1,,Anguilla,Anguilla,terrestrial
Ficus lyrata,ficus lyrata,AngMaRoMr19789-01,Moraceae,NA,NO,YES,0,1,1,,"Tenerife, Islas Canarias, Spain","Tenerife, Islas Canarias, Spain",
Oreocereus pseudofossulatus,oreocereus pseudofossulatus,AngMaCaCc34448-00; AngMaCaCc34448-01; AngMaCaCc34448-01,Cactaceae,NA,NO,YES,0,1,1,,"Tenerife, Islas Canarias, Spain","Tenerife, Islas Canarias, Spain",
Ormosia monosperma,ormosia monosperma,AngMaFaFb34648-01,Fabaceae,NA,NO,YES,0,1,1,,- Cook Islands,- Cook Islands,terrestrial
Quercus pyrenaica,quercus pyrenaica,AngMaFaFg40734-00; AngMaFaFg40734-01; AngMaFaFg40734-01,Fagaceae,NA,NO,YES,0,1,1,,Belgium,Belgium,
Fagus orientalis,fagus orientalis,AngMaFaFg19262-00; AngMaFaFg19262-01; AngMaFaFg19262-01,Fagaceae,NA,NO,YES,0,1,1,,Belgium,Belgium,
Clethra alnifolia,clethra alnifolia,AngMaErCl9367-00; AngMaErCl9367-01; AngMaErCl9367-01,Clethraceae,NA,NO,YES,0,1,1,,Belgium,Belgium,terrestrial
Mahonia bealei,mahonia bealei,AngMaRaBr28939-01,Berberidaceae,NA,NO,YES,0,1,1,,Belgium,Belgium,terrestrial
Sassafras albidum,sassafras albidum,AngMaLaLr42581-00; AngMaLaLr42581-01; AngMaLaLr42581-02; AngMaLaLr42581-01,Lauraceae,NA,NO,YES,0,1,1,,Belgium,Belgium,
Fraxinus latifolia,fraxinus latifolia,AngMaLalc20311-00; AngMaLalc20311-01; AngMaLalc20311-01,Oleaceae,NA,NO,YES,0,1,1,,Belgium,Belgium,terrestrial
Acer pensylvanicum,acer pensylvanicum,AngMaSaSp0680-00; AngMaSaSp0680-01,Sapindaceae,Canada;United States,NO,YES,0,1,1,,Belgium,Belgium,terrestrial
Pterostyrax hispidus,pterostyrax hispidus,AngMaErSt40116-01,Styracaceae,NA,NO,YES,0,1,1,,Belgium,Belgium,terrestrial
Acer cissifolium,acer cissifolium,AngMaSaSp0622-01,Sapindaceae,Japan,NO,YES,0,1,1,,Belgium,Belgium,terrestrial
Euonymus oxyphyllus,euonymus oxyphyllus,AngMaCeCl18769-00; AngMaCeCl18769-01; AngMaCeCl18769-01,Celastraceae,Japan;South Korea;Taiwan,NO,YES,0,1,1,,Belgium,Belgium,
Salix exigua,salix exigua,AngMaMaSl42274-00; AngMaMaSl42274-01; AngMaMaSl42274-02; AngMaMaSl42274-03; AngMaMaSl42274-04; AngMaMaSl42274-05; AngMaMaSl42274-06; AngMaMaSl42274-07; AngMaMaSl42274-08; AngMaMaSl42274-09; AngMaMaSl42274-10; AngMaMaSl42274-11; AngMaMaSl42274-12; AngMaMaSl42274-13; AngMaMaSl42274-14,Salicaceae,NA,NO,YES,0,1,1,,Belgium,Belgium,
Salix irrorata,salix irrorata,AngMaMaSl42290-01,Salicaceae,NA,NO,YES,0,1,1,,Belgium,Belgium,terrestrial
Salix interior,salix interior,AngMaMaSl42289-00; AngMaMaSl42289-01; AngMaMaSl42289-02; AngMaMaSl42289-03; AngMaMaSl42289-04; AngMaMaSl42289-01,Salicaceae,NA,NO,YES,0,1,1,,Belgium,Belgium,
Acer davidii,acer davidii,AngMaSaSp0628-00; AngMaSaSp0628-01; AngMaSaSp0628-02; AngMaSaSp0628-03; AngMaSaSp0628-04; AngMaSaSp0628-05; AngMaSaSp0628-06; AngMaSaSp0628-01,Sapindaceae,China,NO,YES,0,1,1,,Belgium,Belgium,
Salix rorida,salix rorida,AngMaMaSl42348-00; AngMaMaSl42348-01; AngMaMaSl42348-01,Salicaceae,NA,NO,YES,0,1,1,,Belgium,Belgium,
Davidia involucrata,davidia involucrata,AngMaCoNy13277-00; AngMaCoNy13277-01,Nyssaceae,NA,NO,YES,0,1,1,,Belgium,Belgium,
Cratoxylum sumatranum,cratoxylum sumatranum,AngMaMaHy11452-00; AngMaMaHy11452-01; AngMaMaHy11452-01,Hypericaceae,NA,NO,YES,0,1,1,,Belgium,Belgium,
Salix gmelinii,salix gmelinii,AngMaMaSl42281-00; AngMaMaSl42281-01,Salicaceae,NA,NO,YES,0,1,1,,Belgium,Belgium,terrestrial
Acacia parramattensis,acacia parramattensis,AngMaFaFb0397-01,Fabaceae,Australia,NO,YES,0,1,1,,"Hawaii, United States (ver.2.0, 2022)","Hawaii, United States (ver.2.0, 2022)",
Albizia adianthifolia,albizia adianthifolia,AngMaFaFb1593-00; AngMaFaFb1593-01; AngMaFaFb1593-01,Fabaceae,NA,NO,YES,0,1,1,,"Hawaii, United States (ver.2.0, 2022)","Hawaii, United States (ver.2.0, 2022)",
Albizia saponaria,albizia saponaria,AngMaFaFb1678-00; AngMaFaFb1678-01; AngMaFaFb1678-01,Fabaceae,NA,NO,YES,0,1,1,,"Hawaii, United States (ver.2.0, 2022)","Hawaii, United States (ver.2.0, 2022)",
Alnus nepalensis,alnus nepalensis,AngMaFaBt2053-01,Betulaceae,NA,NO,YES,0,1,1,,"Hawaii, United States (ver.2.0, 2022)","Hawaii, United States (ver.2.0, 2022)",
Angophora costata,angophora costata,AngMaMyMy2465-00; AngMaMyMy2465-01,Myrtaceae,Australia;United Kingdom;United States,NO,YES,0,1,1,,"Hawaii, United States (ver.2.0, 2022)","Hawaii, United States (ver.2.0, 2022)",
Archontophoenix alexandrae,archontophoenix alexandrae,AngNAParc3333-01,Arecaceae,;Australia;introduced,NO,YES,0,1,1,,"Hawaii, United States (ver.2.0, 2022)","Hawaii, United States (ver.2.0, 2022)",
Atractocarpus fitzalanii,atractocarpus fitzalanii,AngMaGeRb3991-00; AngMaGeRb3991-01; AngMaGeRb3991-01,Rubiaceae,Australia,NO,YES,0,1,1,,"Hawaii, United States (ver.2.0, 2022)","Hawaii, United States (ver.2.0, 2022)",
Bruguiera sexangula,bruguiera sexangula,AngMaMaRh5800-01,Rhizophoraceae,Australia,NO,YES,0,1,1,,"Hawaii, United States (ver.2.0, 2022)","Hawaii, United States (ver.2.0, 2022)",
Callicarpa macrophylla,callicarpa macrophylla,AngMaLaLm6442-01,Lamiaceae,NA,NO,YES,0,1,1,,"Hawaii, United States (ver.2.0, 2022)","Hawaii, United States (ver.2.0, 2022)",Introduced Vegetation; Forest
Capparidastrum mollicellum,capparidastrum mollicellum,AngMaBrCp7080-01,Capparaceae,NA,NO,YES,0,1,1,,"Hawaii, United States (ver.2.0, 2022)","Hawaii, United States (ver.2.0, 2022)",
Catalpa longissima,catalpa longissima,AngMaLaBg7797-01,Bignoniaceae,NA,NO,YES,0,1,1,,"Hawaii, United States (ver.2.0, 2022)","Hawaii, United States (ver.2.0, 2022)",
Clethra mexicana,clethra mexicana,AngMaErCl9401-01,Clethraceae,NA,NO,YES,0,1,1,,"Hawaii, United States (ver.2.0, 2022)","Hawaii, United States (ver.2.0, 2022)",
Corymbia calophylla,corymbia calophylla,AngMaMyMy10936-00; AngMaMyMy10936-01,Myrtaceae,Australia,NO,YES,0,1,1,,"Hawaii, United States (ver.2.0, 2022)","Hawaii, United States (ver.2.0, 2022)",
Corymbia gummifera,corymbia gummifera,AngMaMyMy10965-01,Myrtaceae,Australia,NO,YES,0,1,1,,"Hawaii, United States (ver.2.0, 2022)","Hawaii, United States (ver.2.0, 2022)",
Corynocarpus laevigatus,corynocarpus laevigatus,AngMaCuCr11021-01,Corynocarpaceae,New Zealand,NO,YES,0,1,1,,"Hawaii, United States (ver.2.0, 2022)","Hawaii, United States (ver.2.0, 2022)",
Croton guatemalensis,croton guatemalensis,AngMaMaph11729-01,Euphorbiaceae,NA,NO,YES,0,1,1,,"Hawaii, United States (ver.2.0, 2022)","Hawaii, United States (ver.2.0, 2022)",
Cyclophyllum barbatum,cyclophyllum barbatum,AngMaGeRb12617-00; AngMaGeRb12617-01; AngMaGeRb12617-02; AngMaGeRb12617-03; AngMaGeRb12617-04; AngMaGeRb12617-05; AngMaGeRb12617-06; AngMaGeRb12617-07; AngMaGeRb12617-01,Rubiaceae,Tonga,NO,YES,0,1,1,,"Hawaii, United States (ver.2.0, 2022)","Hawaii, United States (ver.2.0, 2022)",
Elaeocarpus argenteus,elaeocarpus argenteus,AngMaOxlc15846-01,Elaeocarpaceae,NA,NO,YES,0,1,1,,"Hawaii, United States (ver.2.0, 2022)","Hawaii, United States (ver.2.0, 2022)",
Eucalyptus deanei,eucalyptus deanei,AngMaMyMy17391-01,Myrtaceae,Australia,NO,YES,0,1,1,,"Hawaii, United States (ver.2.0, 2022)","Hawaii, United States (ver.2.0, 2022)",
Eucalyptus goniocalyx,eucalyptus goniocalyx,AngMaMyMy17492-00; AngMaMyMy17492-01; AngMaMyMy17492-02; AngMaMyMy17492-03; AngMaMyMy17492-04; AngMaMyMy17492-01,Myrtaceae,Argentina;Australia,NO,YES,0,1,1,,"Hawaii, United States (ver.2.0, 2022)","Hawaii, United States (ver.2.0, 2022)",
Euphorbia antiquorum,euphorbia antiquorum,AngMaMaph18799-01,Euphorbiaceae,NA,NO,YES,0,1,1,,"Hawaii, United States (ver.2.0, 2022)","Hawaii, United States (ver.2.0, 2022)",Shrubland
Ficus nota,ficus nota,AngMaRoMr19849-01,Moraceae,NA,NO,YES,0,1,1,,"Hawaii, United States (ver.2.0, 2022)","Hawaii, United States (ver.2.0, 2022)",
Ficus platypoda,ficus platypoda,AngMaRoMr19896-00; AngMaRoMr19896-01,Moraceae,Australia,NO,YES,0,1,1,,"Hawaii, United States (ver.2.0, 2022)","Hawaii, United States (ver.2.0, 2022)",
Fitchia speciosa,fitchia speciosa,AngMaAsst20125-01,Asteraceae,NA,NO,YES,0,1,1,,"Hawaii, United States (ver.2.0, 2022)","Hawaii, United States (ver.2.0, 2022)",
Flacourtia zippelii,flacourtia zippelii,AngMaMaSl20145-00; AngMaMaSl20145-01,Salicaceae,NA,NO,YES,0,1,1,,"Hawaii, United States (ver.2.0, 2022)","Hawaii, United States (ver.2.0, 2022)",Forest; Artificial -Terrestrial
Flindersia brayleyana,flindersia brayleyana,AngMaSaRt20157-01,Rutaceae,Australia,NO,YES,0,1,1,,"Hawaii, United States (ver.2.0, 2022)","Hawaii, United States (ver.2.0, 2022)",
Grewia truncata,grewia truncata,AngMaMaMl21927-01,Malvaceae,NA,NO,YES,0,1,1,,"Hawaii, United States (ver.2.0, 2022)","Hawaii, United States (ver.2.0, 2022)",
Heliocarpus americanus,heliocarpus americanus,AngMaMaMl23052-00; AngMaMaMl23052-01; AngMaMaMl23052-01,Malvaceae,Brazil,NO,YES,0,1,1,,"Hawaii, United States (ver.2.0, 2022)","Hawaii, United States (ver.2.0, 2022)",
Heritiera littoralis,heritiera littoralis,AngMaMaMl23319-00; AngMaMaMl23319-01,Malvaceae,Australia;New Caledonia;Papua New Guinea;Timor-Leste;Vanuatu,NO,YES,0,1,1,,"Hawaii, United States (ver.2.0, 2022)","Hawaii, United States (ver.2.0, 2022)",
Heteromeles arbutifolia,heteromeles arbutifolia,AngMaRoRs23385-00; AngMaRoRs23385-01; AngMaRoRs23385-02; AngMaRoRs23385-01,Rosaceae,Mexico;United States,NO,YES,0,1,1,,"Hawaii, United States (ver.2.0, 2022)","Hawaii, United States (ver.2.0, 2022)",
Homalanthus populneus,homalanthus populneus,AngMaMaph23746-01,Euphorbiaceae,NA,NO,YES,0,1,1,,"Hawaii, United States (ver.2.0, 2022)","Hawaii, United States (ver.2.0, 2022)",
Ilex cassine,ilex cassine,AngMaAqqf24465-00; AngMaAqqf24465-01; AngMaAqqf24465-02; AngMaAqqf24465-03; AngMaAqqf24465-04; AngMaAqqf24465-01,Aquifoliaceae,Afghanistan;Bahamas;Cuba;United States,NO,YES,0,1,1,,"Hawaii, United States (ver.2.0, 2022)","Hawaii, United States (ver.2.0, 2022)",
Inga feuillei,inga feuillei,AngMaFaFb24929-01,Fabaceae,NA,NO,YES,0,1,1,,"Hawaii, United States (ver.2.0, 2022)","Hawaii, United States (ver.2.0, 2022)",
Inga sertulifera,inga sertulifera,AngMaFaFb25053-00; AngMaFaFb25053-01; AngMaFaFb25053-02; AngMaFaFb25053-03; AngMaFaFb25053-04,Fabaceae,Brazil;Peru,NO,YES,0,1,1,,"Hawaii, United States (ver.2.0, 2022)","Hawaii, United States (ver.2.0, 2022)",
Leptospermum morrisonii,leptospermum morrisonii,AngMaMyMy26550-01,Myrtaceae,Australia,NO,YES,0,1,1,,"Hawaii, United States (ver.2.0, 2022)","Hawaii, United States (ver.2.0, 2022)",
Lophostemon confertus,lophostemon confertus,AngMaMyMy27663-00; AngMaMyMy27663-01,Myrtaceae,Australia,NO,YES,0,1,1,,"Hawaii, United States (ver.2.0, 2022)","Hawaii, United States (ver.2.0, 2022)",
Macadamia tetraphylla,macadamia tetraphylla,AngMaPrPr27914-01,Proteaceae,Australia,NO,YES,0,1,1,,"Hawaii, United States (ver.2.0, 2022)","Hawaii, United States (ver.2.0, 2022)",
Macaranga mappa,macaranga mappa,AngMaMaph28051-01,Euphorbiaceae,NA,NO,YES,0,1,1,,"Hawaii, United States (ver.2.0, 2022)","Hawaii, United States (ver.2.0, 2022)",
Majidea zanguebarica,majidea zanguebarica,AngMaSaSp28948-00; AngMaSaSp28948-01; AngMaSaSp28948-01,Sapindaceae,NA,NO,YES,0,1,1,,"Hawaii, United States (ver.2.0, 2022)","Hawaii, United States (ver.2.0, 2022)",
Mallotus philippensis,mallotus philippensis,AngMaMaph29022-00; AngMaMaph29022-01; AngMaMaph29022-01,Euphorbiaceae,Australia;Timor-Leste,NO,YES,0,1,1,,"Hawaii, United States (ver.2.0, 2022)","Hawaii, United States (ver.2.0, 2022)",
Melastoma sanguineum,melastoma sanguineum,AngMaMyMl29752-00; AngMaMyMl29752-01; AngMaMyMl29752-02; AngMaMyMl29752-03; AngMaMyMl29752-01,Melastomataceae,NA,NO,YES,0,1,1,,"Hawaii, United States (ver.2.0, 2022)","Hawaii, United States (ver.2.0, 2022)",
Melicope elleryana,melicope elleryana,AngMaSaRt29790-00; AngMaSaRt29790-01; AngMaSaRt29790-01,Rutaceae,Australia;Malaysia;Papua New Guinea;Solomon Islands,NO,YES,0,1,1,,"Hawaii, United States (ver.2.0, 2022)","Hawaii, United States (ver.2.0, 2022)",
Moringa stenopetala,moringa stenopetala,AngMaBrMr31862-01,Moringaceae,NA,NO,YES,0,1,1,,"Hawaii, United States (ver.2.0, 2022)","Hawaii, United States (ver.2.0, 2022)",
Myrciaria floribunda,myrciaria floribunda,AngMaMyMy32671-00; AngMaMyMy32671-01; AngMaMyMy32671-02; AngMaMyMy32671-01,Myrtaceae,Brazil;Mexico;Paraguay,NO,YES,0,1,1,,"Hawaii, United States (ver.2.0, 2022)","Hawaii, United States (ver.2.0, 2022)",
Parkia timoriana,parkia timoriana,AngMaFaFb35885-01,Fabaceae,NA,NO,YES,0,1,1,,"Hawaii, United States (ver.2.0, 2022)","Hawaii, United States (ver.2.0, 2022)",
Piscidia piscipula,piscidia piscipula,AngMaFaFb37299-01,Fabaceae,NA,NO,YES,0,1,1,,"Hawaii, United States (ver.2.0, 2022)","Hawaii, United States (ver.2.0, 2022)",
Pittosporum senacia,pittosporum senacia,AngMaApPt37456-00; AngMaApPt37456-01; AngMaApPt37456-02; AngMaApPt37456-01,Pittosporaceae,NA,NO,YES,0,1,1,,"Hawaii, United States (ver.2.0, 2022)","Hawaii, United States (ver.2.0, 2022)",
Platymiscium stipulare,platymiscium stipulare,AngMaFaFb37659-01,Fabaceae,Brazil;Ecuador,NO,YES,0,1,1,,"Hawaii, United States (ver.2.0, 2022)","Hawaii, United States (ver.2.0, 2022)",
Podocarpus elatus,podocarpus elatus,AngPiPiPd37928-00; AngPiPiPd37928-01,Podocarpaceae,NA,NO,YES,0,1,1,,"Hawaii, United States (ver.2.0, 2022)","Hawaii, United States (ver.2.0, 2022)",
Rauvolfia vomitoria,rauvolfia vomitoria,AngMaGepc41042-01,Apocynaceae,NA,NO,YES,0,1,1,,"Hawaii, United States (ver.2.0, 2022)","Hawaii, United States (ver.2.0, 2022)",
Syzygium grande,syzygium grande,AngMaMyMy46070-01,Myrtaceae,NA,NO,YES,0,1,1,,"Hawaii, United States (ver.2.0, 2022)","Hawaii, United States (ver.2.0, 2022)",
Syzygium syzygioides,syzygium syzygioides,AngMaMyMy46525-01,Myrtaceae,NA,NO,YES,0,1,1,,"Hawaii, United States (ver.2.0, 2022)","Hawaii, United States (ver.2.0, 2022)",
Tabernaemontana litoralis,tabernaemontana litoralis,AngMaGepc46758-01,Apocynaceae,NA,NO,YES,0,1,1,,"Hawaii, United States (ver.2.0, 2022)","Hawaii, United States (ver.2.0, 2022)",
Tecoma castanifolia,tecoma castanifolia,AngMaLaBg47209-01,Bignoniaceae,NA,NO,YES,0,1,1,,"Hawaii, United States (ver.2.0, 2022)","Hawaii, United States (ver.2.0, 2022)",
Terminalia myriocarpa,terminalia myriocarpa,AngMaMyCm47388-00; AngMaMyCm47388-01; AngMaMyCm47388-01,Combretaceae,NA,NO,YES,0,1,1,,"Hawaii, United States (ver.2.0, 2022)","Hawaii, United States (ver.2.0, 2022)",
Acacia redolens,acacia redolens,AngMaFaFb0436-01,Fabaceae,Australia,NO,YES,0,1,1,,"United States (Contiguous) (ver.2.0, 2022)","United States (Contiguous) (ver.2.0, 2022)",
Acrocomia totai,acrocomia totai,AngNAParc0810-01,Arecaceae,;Brazil,NO,YES,0,1,1,,"United States (Contiguous) (ver.2.0, 2022)","United States (Contiguous) (ver.2.0, 2022)",
Albizia lebbekoides,albizia lebbekoides,AngMaFaFb1647-01,Fabaceae,NA,NO,YES,0,1,1,,"United States (Contiguous) (ver.2.0, 2022)","United States (Contiguous) (ver.2.0, 2022)",
Argyrocytisus battandieri,argyrocytisus battandieri,AngMaFaFb3576-01,Fabaceae,Morocco,NO,YES,0,1,1,,"United States (Contiguous) (ver.2.0, 2022)","United States (Contiguous) (ver.2.0, 2022)",
Avicennia marina,avicennia marina,AngMaLacn4101-00; AngMaLacn4101-01; AngMaLacn4101-02; AngMaLacn4101-03; AngMaLacn4101-04; AngMaLacn4101-05; AngMaLacn4101-06; AngMaLacn4101-07; AngMaLacn4101-08; AngMaLacn4101-09,Acanthaceae,Australia;Japan;Papua New Guinea;Seychelles;Taiwan,NO,YES,0,1,1,,"United States (Contiguous) (ver.2.0, 2022)","United States (Contiguous) (ver.2.0, 2022)",
Bruguiera gymnorhiza,bruguiera gymnorhiza,AngMaMaRh5798-01,Rhizophoraceae,Australia;Japan;Papua New Guinea;Seychelles;Thailand;Tonga,NO,YES,0,1,1,,"United States (Contiguous) (ver.2.0, 2022)","United States (Contiguous) (ver.2.0, 2022)",
Buddleja officinalis,buddleja officinalis,AngMaLaSc5921-01,Scrophulariaceae,NA,NO,YES,0,1,1,,"United States (Contiguous) (ver.2.0, 2022)","United States (Contiguous) (ver.2.0, 2022)",
Buddleja saligna,buddleja saligna,AngMaLaSc5928-01,Scrophulariaceae,Australia;South Africa,NO,YES,0,1,1,,"United States (Contiguous) (ver.2.0, 2022)","United States (Contiguous) (ver.2.0, 2022)",
Calophyllum brasiliense,calophyllum brasiliense,AngMaMaCl6532-00; AngMaMaCl6532-01; AngMaMaCl6532-02; AngMaMaCl6532-03; AngMaMaCl6532-04; AngMaMaCl6532-01,Calophyllaceae,Argentina;Bolivia;Brazil;Colombia;Costa Rica;Ecuador;Guyana;Mexico;Nicaragua;Paraguay;Suriname;Venezuela,NO,YES,0,1,1,,"United States (Contiguous) (ver.2.0, 2022)","United States (Contiguous) (ver.2.0, 2022)",
Camellia sasanqua,camellia sasanqua,AngMaErTh6816-00; AngMaErTh6816-01; AngMaErTh6816-01,Theaceae,Taiwan;United Kingdom,NO,YES,0,1,1,,"United States (Contiguous) (ver.2.0, 2022)","United States (Contiguous) (ver.2.0, 2022)",
Casearia nitida,casearia nitida,AngMaMaSl7484-01,Salicaceae,NA,NO,YES,0,1,1,,"United States (Contiguous) (ver.2.0, 2022)","United States (Contiguous) (ver.2.0, 2022)",
Cassia afrofistula,cassia afrofistula,AngMaFaFb7557-00; AngMaFaFb7557-01,Fabaceae,NA,NO,YES,0,1,1,,"United States (Contiguous) (ver.2.0, 2022)","United States (Contiguous) (ver.2.0, 2022)",
Cecropia palmata,cecropia palmata,AngMaRort7889-01,Urticaceae,Brazil,NO,YES,0,1,1,,"United States (Contiguous) (ver.2.0, 2022)","United States (Contiguous) (ver.2.0, 2022)",
Citrus japonica,citrus japonica,AngMaSaRt9014-00; AngMaSaRt9014-01; AngMaSaRt9014-02; AngMaSaRt9014-01,Rutaceae,NA,NO,YES,0,1,1,,"United States (Contiguous) (ver.2.0, 2022)","United States (Contiguous) (ver.2.0, 2022)",
Cleyera japonica,cleyera japonica,AngMaErPn9441-00; AngMaErPn9441-01; AngMaErPn9441-02; AngMaErPn9441-03; AngMaErPn9441-04; AngMaErPn9441-05; AngMaErPn9441-06; AngMaErPn9441-07; AngMaErPn9441-08; AngMaErPn9441-09,Pentaphylacaceae,NA,NO,YES,0,1,1,,"United States (Contiguous) (ver.2.0, 2022)","United States (Contiguous) (ver.2.0, 2022)",
Cocculus laurifolius,cocculus laurifolius,AngMaRaMn9888-01,Menispermaceae,NA,NO,YES,0,1,1,,"United States (Contiguous) (ver.2.0, 2022)","United States (Contiguous) (ver.2.0, 2022)",
Cojoba graciliflora,cojoba graciliflora,AngMaFaFb10040-01,Fabaceae,NA,NO,YES,0,1,1,,"United States (Contiguous) (ver.2.0, 2022)","United States (Contiguous) (ver.2.0, 2022)",
Cornutia pyramidata,cornutia pyramidata,AngMaLaLm10891-00; AngMaLaLm10891-01; AngMaLaLm10891-02; AngMaLaLm10891-03; AngMaLaLm10891-04; AngMaLaLm10891-05; AngMaLaLm10891-06; AngMaLaLm10891-07; AngMaLaLm10891-08; AngMaLaLm10891-09; AngMaLaLm10891-01,Lamiaceae,NA,NO,YES,0,1,1,,"United States (Contiguous) (ver.2.0, 2022)","United States (Contiguous) (ver.2.0, 2022)",
Corylus heterophylla,corylus heterophylla,AngMaFaBt10915-00; AngMaFaBt10915-01; AngMaFaBt10915-02; AngMaFaBt10915-03; AngMaFaBt10915-04; AngMaFaBt10915-05; AngMaFaBt10915-01,Betulaceae,Afghanistan;Canada;China;Japan;Russia;United States,NO,YES,0,1,1,,"United States (Contiguous) (ver.2.0, 2022)","United States (Contiguous) (ver.2.0, 2022)",
Diospyros ebenum,diospyros ebenum,AngMaErbn14160-01,Ebenaceae,NA,NO,YES,0,1,1,,"United States (Contiguous) (ver.2.0, 2022)","United States (Contiguous) (ver.2.0, 2022)",
Diospyros maritima,diospyros maritima,AngMaErbn14347-01,Ebenaceae,Australia,NO,YES,0,1,1,,"United States (Contiguous) (ver.2.0, 2022)","United States (Contiguous) (ver.2.0, 2022)",
Eucommia ulmoides,eucommia ulmoides,AngMaGacm17922-01,Eucommiaceae,NA,NO,YES,0,1,1,,"United States (Contiguous) (ver.2.0, 2022)","United States (Contiguous) (ver.2.0, 2022)",
Euonymus maackii,euonymus maackii,AngMaCeCl18762-00; AngMaCeCl18762-01; AngMaCeCl18762-02; AngMaCeCl18762-03; AngMaCeCl18762-04; AngMaCeCl18762-01,Celastraceae,NA,NO,YES,0,1,1,,"United States (Contiguous) (ver.2.0, 2022)","United States (Contiguous) (ver.2.0, 2022)",
Ficus thonningii,ficus thonningii,AngMaRoMr20033-01,Moraceae,NA,NO,YES,0,1,1,,"United States (Contiguous) (ver.2.0, 2022)","United States (Contiguous) (ver.2.0, 2022)",
Firmiana simplex,firmiana simplex,AngMaMaMl20119-00; AngMaMaMl20119-01; AngMaMaMl20119-01,Malvaceae,NA,NO,YES,0,1,1,,"United States (Contiguous) (ver.2.0, 2022)","United States (Contiguous) (ver.2.0, 2022)",
Flueggea acidoton,flueggea acidoton,AngMaMaPh20168-01,Phyllanthaceae,NA,NO,YES,0,1,1,,"United States (Contiguous) (ver.2.0, 2022)","United States (Contiguous) (ver.2.0, 2022)",
Genista maderensis,genista maderensis,AngMaFaFb21038-01,Fabaceae,NA,NO,YES,0,1,1,,"United States (Contiguous) (ver.2.0, 2022)","United States (Contiguous) (ver.2.0, 2022)",
Grewia biloba,grewia biloba,AngMaMaMl21819-00; AngMaMaMl21819-01; AngMaMaMl21819-02; AngMaMaMl21819-03; AngMaMaMl21819-04,Malvaceae,NA,NO,YES,0,1,1,,"United States (Contiguous) (ver.2.0, 2022)","United States (Contiguous) (ver.2.0, 2022)",
Harpullia arborea,harpullia arborea,AngMaSaSp22810-01,Sapindaceae,Australia;Indonesia;Papua New Guinea;Philippines;Timor-Leste;Vanuatu,NO,YES,0,1,1,,"United States (Contiguous) (ver.2.0, 2022)","United States (Contiguous) (ver.2.0, 2022)",
Idesia polycarpa,idesia polycarpa,AngMaMaSl24422-00; AngMaMaSl24422-01; AngMaMaSl24422-02; AngMaMaSl24422-01,Salicaceae,NA,NO,YES,0,1,1,,"United States (Contiguous) (ver.2.0, 2022)","United States (Contiguous) (ver.2.0, 2022)",
Ilex rotunda,ilex rotunda,AngMaAqqf24714-00; AngMaAqqf24714-01,Aquifoliaceae,NA,NO,YES,0,1,1,,"United States (Contiguous) (ver.2.0, 2022)","United States (Contiguous) (ver.2.0, 2022)",
Koelreuteria bipinnata,koelreuteria bipinnata,AngMaSaSp25928-00; AngMaSaSp25928-01; AngMaSaSp25928-01,Sapindaceae,NA,NO,YES,0,1,1,,"United States (Contiguous) (ver.2.0, 2022)","United States (Contiguous) (ver.2.0, 2022)",
Leucaena esculenta,leucaena esculenta,AngMaFaFb26579-01,Fabaceae,NA,NO,YES,0,1,1,,"United States (Contiguous) (ver.2.0, 2022)","United States (Contiguous) (ver.2.0, 2022)",
Lonchocarpus punctatus,lonchocarpus punctatus,AngMaFaFb27606-01,Fabaceae,NA,NO,YES,0,1,1,,"United States (Contiguous) (ver.2.0, 2022)","United States (Contiguous) (ver.2.0, 2022)",
Loropetalum chinense,loropetalum chinense,AngMaSaHm27668-00; AngMaSaHm27668-01,Hamamelidaceae,NA,NO,YES,0,1,1,,"United States (Contiguous) (ver.2.0, 2022)","United States (Contiguous) (ver.2.0, 2022)",
Lumnitzera racemosa,lumnitzera racemosa,AngMaMyCm27765-00; AngMaMyCm27765-01; AngMaMyCm27765-01,Combretaceae,Australia;Timor-Leste,NO,YES,0,1,1,,"United States (Contiguous) (ver.2.0, 2022)","United States (Contiguous) (ver.2.0, 2022)",
Lysiloma sabicu,lysiloma sabicu,AngMaFaFb27857-01,Fabaceae,NA,NO,YES,0,1,1,,"United States (Contiguous) (ver.2.0, 2022)","United States (Contiguous) (ver.2.0, 2022)",
Maclura tricuspidata,maclura tricuspidata,AngMaRoMr28342-01,Moraceae,NA,NO,YES,0,1,1,,"United States (Contiguous) (ver.2.0, 2022)","United States (Contiguous) (ver.2.0, 2022)",
Malus coronaria,malus coronaria,AngMaRoRs29103-00; AngMaRoRs29103-01; AngMaRoRs29103-02; AngMaRoRs29103-03; AngMaRoRs29103-04; AngMaRoRs29103-01,Rosaceae,Afghanistan;Canada;United Kingdom;United States,NO,YES,0,1,1,,"United States (Contiguous) (ver.2.0, 2022)","United States (Contiguous) (ver.2.0, 2022)",
Malus floribunda,malus floribunda,AngMaRoRs29108-00; AngMaRoRs29108-01,Rosaceae,NA,NO,YES,0,1,1,,"United States (Contiguous) (ver.2.0, 2022)","United States (Contiguous) (ver.2.0, 2022)",
Malus halliana,malus halliana,AngMaRoRs29110-01,Rosaceae,China,NO,YES,0,1,1,,"United States (Contiguous) (ver.2.0, 2022)","United States (Contiguous) (ver.2.0, 2022)",
Malus spectabilis,malus spectabilis,AngMaRoRs29124-00; AngMaRoRs29124-01; AngMaRoRs29124-01,Rosaceae,Afghanistan;China,NO,YES,0,1,1,,"United States (Contiguous) (ver.2.0, 2022)","United States (Contiguous) (ver.2.0, 2022)",
Morella rubra,morella rubra,AngMaFaMy31827-00; AngMaFaMy31827-01; AngMaFaMy31827-01,Myricaceae,NA,NO,YES,0,1,1,,"United States (Contiguous) (ver.2.0, 2022)","United States (Contiguous) (ver.2.0, 2022)",
Phellodendron chinense,phellodendron chinense,AngMaSaRt36522-00; AngMaSaRt36522-01; AngMaSaRt36522-02; AngMaSaRt36522-03; AngMaSaRt36522-01,Rutaceae,NA,NO,YES,0,1,1,,"United States (Contiguous) (ver.2.0, 2022)","United States (Contiguous) (ver.2.0, 2022)",
Pistacia atlantica,pistacia atlantica,AngMaSanc37319-00; AngMaSanc37319-01; AngMaSanc37319-02; AngMaSanc37319-01,Anacardiaceae,Afghanistan;Algeria;Armenia;Azerbaijan;France;Georgia;Greece;India;Iran;Israel;Jordan;Libya;Morocco;Pakistan;Panama;South Africa;Spain;Tunisia;Turkey;Ukraine;United States,NO,YES,0,1,1,,"United States (Contiguous) (ver.2.0, 2022)","United States (Contiguous) (ver.2.0, 2022)",
Pouteria dominigensis,pouteria dominigensis,AngMaErSp38587-00; AngMaErSp38587-01; AngMaErSp38587-01,Sapotaceae,NA,NO,YES,0,1,1,,"United States (Contiguous) (ver.2.0, 2022)","United States (Contiguous) (ver.2.0, 2022)",
Premna odorata,premna odorata,AngMaLaLm38818-00; AngMaLaLm38818-01; AngMaLaLm38818-01,Lamiaceae,Australia,NO,YES,0,1,1,,"United States (Contiguous) (ver.2.0, 2022)","United States (Contiguous) (ver.2.0, 2022)",
Prosopis laevigata,prosopis laevigata,AngMaFaFb38928-01,Fabaceae,NA,NO,YES,0,1,1,,"United States (Contiguous) (ver.2.0, 2022)","United States (Contiguous) (ver.2.0, 2022)",
Prunus mume,prunus mume,AngMaRoRs39200-00; AngMaRoRs39200-01; AngMaRoRs39200-02; AngMaRoRs39200-03; AngMaRoRs39200-04; AngMaRoRs39200-05; AngMaRoRs39200-01,Rosaceae,Brazil;Canada;China;Myanmar (Burma);Taiwan;United States,NO,YES,0,1,1,,"United States (Contiguous) (ver.2.0, 2022)","United States (Contiguous) (ver.2.0, 2022)",
Psychotria punctata,psychotria punctata,AngMaGeRb39857-00; AngMaGeRb39857-01; AngMaGeRb39857-02; AngMaGeRb39857-03; AngMaGeRb39857-04; AngMaGeRb39857-05; AngMaGeRb39857-06; AngMaGeRb39857-07; AngMaGeRb39857-08; AngMaGeRb39857-09; AngMaGeRb39857-01,Rubiaceae,NA,NO,YES,0,1,1,,"United States (Contiguous) (ver.2.0, 2022)","United States (Contiguous) (ver.2.0, 2022)",
Pyrus cordata,pyrus cordata,AngMaRoRs40302-00; AngMaRoRs40302-01; AngMaRoRs40302-01,Rosaceae,Afghanistan;Algeria;France;Morocco;Netherlands;Portugal;United Kingdom,NO,YES,0,1,1,,"United States (Contiguous) (ver.2.0, 2022)","United States (Contiguous) (ver.2.0, 2022)",
Pyrus pyrifolia,pyrus pyrifolia,AngMaRoRs40323-00; AngMaRoRs40323-01; AngMaRoRs40323-02; AngMaRoRs40323-01,Rosaceae,Afghanistan;Azerbaijan;China;Japan;Russia;South Korea;Taiwan;Thailand;United Kingdom;United States,NO,YES,0,1,1,,"United States (Contiguous) (ver.2.0, 2022)","United States (Contiguous) (ver.2.0, 2022)",
Quadrella incana,quadrella incana,AngMaBrCp40349-01,Capparaceae,NA,NO,YES,0,1,1,,"United States (Contiguous) (ver.2.0, 2022)","United States (Contiguous) (ver.2.0, 2022)",
Rhamnus arguta,rhamnus arguta,AngMaRoRh41177-00; AngMaRoRh41177-01; AngMaRoRh41177-02; AngMaRoRh41177-01,Rhamnaceae,NA,NO,YES,0,1,1,,"United States (Contiguous) (ver.2.0, 2022)","United States (Contiguous) (ver.2.0, 2022)",
Rhamnus utilis,rhamnus utilis,AngMaRoRh41205-00; AngMaRoRh41205-01; AngMaRoRh41205-02; AngMaRoRh41205-03; AngMaRoRh41205-01,Rhamnaceae,NA,NO,YES,0,1,1,,"United States (Contiguous) (ver.2.0, 2022)","United States (Contiguous) (ver.2.0, 2022)",
Schinus polygama,schinus polygama,AngMaSanc42814-00; AngMaSanc42814-01; AngMaSanc42814-02; AngMaSanc42814-03; AngMaSanc42814-04; AngMaSanc42814-01,Anacardiaceae,NA,NO,YES,0,1,1,,"United States (Contiguous) (ver.2.0, 2022)","United States (Contiguous) (ver.2.0, 2022)",
Senna atomaria,senna atomaria,AngMaFaFb43378-00; AngMaFaFb43378-01,Fabaceae,NA,NO,YES,0,1,1,,"United States (Contiguous) (ver.2.0, 2022)","United States (Contiguous) (ver.2.0, 2022)",
Solanum umbellatum,solanum umbellatum,AngMaSoSl44248-01,Solanaceae,NA,NO,YES,0,1,1,,"United States (Contiguous) (ver.2.0, 2022)","United States (Contiguous) (ver.2.0, 2022)",
Sorbus alnifolia,sorbus alnifolia,AngMaRoRs44324-00; AngMaRoRs44324-01; AngMaRoRs44324-02; AngMaRoRs44324-03; AngMaRoRs44324-04; AngMaRoRs44324-01,Rosaceae,China;Japan;Taiwan,NO,YES,0,1,1,,"United States (Contiguous) (ver.2.0, 2022)","United States (Contiguous) (ver.2.0, 2022)",
Strychnos spinosa,strychnos spinosa,AngMaGeLg45016-00; AngMaGeLg45016-01; AngMaGeLg45016-02; AngMaGeLg45016-01,Loganiaceae,NA,NO,YES,0,1,1,,"United States (Contiguous) (ver.2.0, 2022)","United States (Contiguous) (ver.2.0, 2022)",
Styrax japonicus,styrax japonicus,AngMaErSt45117-00; AngMaErSt45117-01; AngMaErSt45117-02; AngMaErSt45117-03; AngMaErSt45117-01,Styracaceae,Japan;Taiwan,NO,YES,0,1,1,,"United States (Contiguous) (ver.2.0, 2022)","United States (Contiguous) (ver.2.0, 2022)",
Symplocos paniculata,symplocos paniculata,AngMaErSy45599-00; AngMaErSy45599-01; AngMaErSy45599-01,Symplocaceae,NA,NO,YES,0,1,1,,"United States (Contiguous) (ver.2.0, 2022)","United States (Contiguous) (ver.2.0, 2022)",
Syzygium nervosum,syzygium nervosum,AngMaMyMy46269-00; AngMaMyMy46269-01,Myrtaceae,Australia,NO,YES,0,1,1,,"United States (Contiguous) (ver.2.0, 2022)","United States (Contiguous) (ver.2.0, 2022)",
Tabernaemontana alba,tabernaemontana alba,AngMaGepc46700-01,Apocynaceae,NA,NO,YES,0,1,1,,"United States (Contiguous) (ver.2.0, 2022)","United States (Contiguous) (ver.2.0, 2022)",
Tamarix aralensis,tamarix aralensis,AngMaCaTm46945-01,Tamaricaceae,NA,NO,YES,0,1,1,,"United States (Contiguous) (ver.2.0, 2022)","United States (Contiguous) (ver.2.0, 2022)",
Tamarix tetragyna,tamarix tetragyna,AngMaCaTm46979-01,Tamaricaceae,NA,NO,YES,0,1,1,,"United States (Contiguous) (ver.2.0, 2022)","United States (Contiguous) (ver.2.0, 2022)",
Tara spinosa,tara spinosa,AngMaFaFb47101-01,Fabaceae,NA,NO,YES,0,1,1,,"United States (Contiguous) (ver.2.0, 2022)","United States (Contiguous) (ver.2.0, 2022)",
Triplaris melaenodendron,triplaris melaenodendron,AngMaCaPl48376-00; AngMaCaPl48376-01; AngMaCaPl48376-02; AngMaCaPl48376-03; AngMaCaPl48376-01,Polygonaceae,NA,NO,YES,0,1,1,,"United States (Contiguous) (ver.2.0, 2022)","United States (Contiguous) (ver.2.0, 2022)",
Vallesia glabra,vallesia glabra,AngMaGepc49029-00; AngMaGepc49029-01,Apocynaceae,NA,NO,YES,0,1,1,,"United States (Contiguous) (ver.2.0, 2022)","United States (Contiguous) (ver.2.0, 2022)",
Vitex glabrata,vitex glabrata,AngMaLaLm49648-00; AngMaLaLm49648-01,Lamiaceae,Australia;Papua New Guinea,NO,YES,0,1,1,,"United States (Contiguous) (ver.2.0, 2022)","United States (Contiguous) (ver.2.0, 2022)",
Wedelia fruticosa,wedelia fruticosa,AngMaAsst49975-00; AngMaAsst49975-01,Asteraceae,NA,NO,YES,0,1,1,,"United States (Contiguous) (ver.2.0, 2022)","United States (Contiguous) (ver.2.0, 2022)",
Rhododendron arboreum,rhododendron arboreum,AngMaErrc41309-00; AngMaErrc41309-01; AngMaErrc41309-02; AngMaErrc41309-03; AngMaErrc41309-04; AngMaErrc41309-05; AngMaErrc41309-06; AngMaErrc41309-07; AngMaErrc41309-01,Ericaceae,NA,NO,NO,0,0,1,,,Jamaica,Terrestrial
Brownea rosa-de-monte,brownea rosa-de-monte,AngMaFaFb5744-01,Fabaceae,NA,NO,NO,0,0,1,,,Costa Rica,Terrestrial
Archidendron clypearia,archidendron clypearia,AngMaFaFb3248-00; AngMaFaFb3248-01; AngMaFaFb3248-02; AngMaFaFb3248-03; AngMaFaFb3248-04; AngMaFaFb3248-05; AngMaFaFb3248-06; AngMaFaFb3248-01,Fabaceae,NA,NO,NO,0,0,1,,,Mauritius,Terrestrial
Boehmeria virgata,boehmeria virgata,AngMaRort5281-00; AngMaRort5281-01; AngMaRort5281-02; AngMaRort5281-03; AngMaRort5281-04; AngMaRort5281-05; AngMaRort5281-06; AngMaRort5281-07; AngMaRort5281-08; AngMaRort5281-09; AngMaRort5281-10; AngMaRort5281-11; AngMaRort5281-12; AngMaRort5281-13; AngMaRort5281-14; AngMaRort5281-15; AngMaRort5281-16; AngMaRort5281-17; AngMaRort5281-18; AngMaRort5281-19; AngMaRort5281-01,Urticaceae,Australia;Brazil;Fiji;Indonesia;New Caledonia;Papua New Guinea;Philippines;Samoa;Vanuatu,NO,NO,0,0,1,,,Mauritius,Terrestrial
Elaeagnus conferta,elaeagnus conferta,AngMaRolg15789-00; AngMaRolg15789-01; AngMaRolg15789-02; AngMaRolg15789-03; AngMaRolg15789-04; AngMaRolg15789-01,Elaeagnaceae,NA,NO,NO,0,0,1,,,Mauritius,Terrestrial
Elaeocarpus serratus,elaeocarpus serratus,AngMaOxlc16156-01,Elaeocarpaceae,NA,NO,NO,0,0,1,,,Mauritius,Terrestrial
Ficus trichopoda,ficus trichopoda,AngMaRoMr20048-01,Moraceae,NA,NO,NO,0,0,1,,,Mauritius,Terrestrial
Gustavia superba,gustavia superba,AngMaErLc22464-01,Lecythidaceae,NA,NO,NO,0,0,1,,,Mauritius,Terrestrial
Helicteres isora,helicteres isora,AngMaMaMl23038-00; AngMaMaMl23038-01,Malvaceae,Australia;Timor-Leste,NO,NO,0,0,1,,,Mauritius,Terrestrial
Pemphis acidula,pemphis acidula,AngMaMyLy36177-00; AngMaMyLy36177-01,Lythraceae,Australia;Papua New Guinea,NO,NO,0,0,1,,,Mauritius,Terrestrial
Polyscias neraudiana,polyscias neraudiana,AngMaAprl38239-01,Araliaceae,NA,NO,NO,0,0,1,,,Mauritius,Terrestrial
Pterygota alata,pterygota alata,AngMaMaMl40118-01,Malvaceae,NA,NO,NO,0,0,1,,,Mauritius,Terrestrial
Antidesma madagascariense,antidesma madagascariense,AngMaMaPh2828-00; AngMaMaPh2828-01; AngMaMaPh2828-02; AngMaMaPh2828-01,Phyllanthaceae,NA,NO,NO,0,0,1,,,Comoros,Terrestrial
Azima tetracantha,azima tetracantha,AngMaBrSl4150-00; AngMaBrSl4150-01,Salvadoraceae,NA,NO,NO,0,0,1,,,Comoros,Terrestrial
Barringtonia racemosa,barringtonia racemosa,AngMaErLc4492-00; AngMaErLc4492-01,Lecythidaceae,Australia;Seychelles;Taiwan;Timor-Leste,NO,NO,0,0,1,,,Comoros,Terrestrial
Cordia subcordata,cordia subcordata,AngMaBoCr10812-01,Cordiaceae,Australia;Solomon Islands;Vanuatu,NO,NO,0,0,1,,,Comoros,Terrestrial
Senna singueana,senna singueana,AngMaFaFb43457-00; AngMaFaFb43457-01,Fabaceae,NA,NO,NO,0,0,4,,,"Comoros; Mwali (Mohéli), Comoros; Ndzuwani (Anjouan), Comoros; Ngazidja (Grande Comore), Comoros",Terrestrial
Vasconcellea cauliflora,vasconcellea cauliflora,AngMaBrCr49112-01,Caricaceae,Afghanistan;Costa Rica;Guatemala;Mexico;Panama;Venezuela,NO,NO,0,0,1,,,Comoros,Terrestrial
Arenga westerhoutii,arenga westerhoutii,AngNAParc3558-01,Arecaceae,,NO,NO,0,0,1,,,Singapore,Terrestrial
Artocarpus integer,artocarpus integer,AngMaRoMr3619-00; AngMaRoMr3619-01,Moraceae,Brazil;India;Indonesia;Malaysia;Sri Lanka;United States,NO,NO,0,0,1,,,Singapore,Terrestrial
Dalbergia latifolia,dalbergia latifolia,AngMaFaFb13054-01,Fabaceae,NA,NO,NO,0,0,1,,,Singapore,Terrestrial
Limahlania crenulata,limahlania crenulata,AngMaGeGn26844-01,Gentianaceae,NA,NO,NO,0,0,1,,,Singapore,Terrestrial
Metroxylon sagu,metroxylon sagu,AngNAParc30353-01,Arecaceae,,NO,NO,0,0,1,,,Singapore,Terrestrial
Amelanchier canadensis,amelanchier canadensis,AngMaRoRs2266-00; AngMaRoRs2266-01; AngMaRoRs2266-02; AngMaRoRs2266-03; AngMaRoRs2266-04; AngMaRoRs2266-01,Rosaceae,Canada;United Kingdom;United States,NO,NO,0,0,1,,,Slovakia,Terrestrial
Cornus alternifolia,cornus alternifolia,AngMaCoCr10854-00; AngMaCoCr10854-01,Cornaceae,NA,NO,NO,0,0,1,,,Slovakia,Terrestrial
Toxicodendron vernicifluum,toxicodendron vernicifluum,AngMaSanc48053-01,Anacardiaceae,China,NO,NO,0,0,1,,,Slovakia,Terrestrial
