taxon_id,cluster_id,cluster_size,total_occurrences,clustering_method,representative_lat,representative_lon,representative_year,centroid_a00,centroid_a01,centroid_a02,centroid_a03,centroid_a04,centroid_a05,centroid_a06,centroid_a07,centroid_a08,centroid_a09,centroid_a10,centroid_a11,centroid_a12,centroid_a13,centroid_a14,centroid_a15,centroid_a16,centroid_a17,centroid_a18,centroid_a19,centroid_a20,centroid_a21,centroid_a22,centroid_a23,centroid_a24,centroid_a25,centroid_a26,centroid_a27,centroid_a28,centroid_a29,centroid_a30,centroid_a31,centroid_a32,centroid_a33,centroid_a34,centroid_a35,centroid_a36,centroid_a37,centroid_a38,centroid_a39,centroid_a40,centroid_a41,centroid_a42,centroid_a43,centroid_a44,centroid_a45,centroid_a46,centroid_a47,centroid_a48,centroid_a49,centroid_a50,centroid_a51,centroid_a52,centroid_a53,centroid_a54,centroid_a55,centroid_a56,centroid_a57,centroid_a58,centroid_a59,centroid_a60,centroid_a61,centroid_a62,centroid_a63
AngMaFaFbCx09116-00,0,33,175,kmeans,-33.72167866666666,151.16469600000002,2021,0.10265515594235314,-0.06474153297682707,0.006116062586650824,0.016385306350704273,-0.14515256369927648,-0.1324450968741626,0.11795929304579819,0.26115829576037186,0.011531229247492225,0.12340242098027562,0.05614064520638912,-0.018844034345764427,-0.02422751156315167,0.22835226544569104,0.0040562487621311205,0.053214031899153,-0.0813989957242552,-0.0031428471566879793,-0.04874582037211792,0.2376484568872112,-0.0008686635676255078,0.034038190439574505,-0.04288513741800937,0.05334078967296958,-0.08177926904570501,0.20394952990108697,-0.08012396164645297,0.03786515675789029,-0.043205760022369005,-0.04962939661901597,-0.10196917269581625,-0.14448522130183025,-0.21638484032947697,-0.16326960493050455,-0.052887817040066155,-0.10409982174688054,-0.13188400731653324,0.05695338622674261,0.005357380028660305,0.021725909615182948,-0.22752274766115596,-0.0633975277573893,0.009199259026248633,0.03771789405007398,0.28174338541120547,-0.03795463283352554,-0.09450724080481865,-0.002702923118148036,-0.11461885288874905,0.051182179348269255,-0.07858422751156313,-0.12474083394498617,-0.11833770228233893,0.1642053755548565,-0.10507660223923196,-0.2619132501485442,-0.027931448277469018,-0.012280591380937404,-0.06827956613423738,0.05687509466056175,0.08881618957743521,-0.0880798760383535,0.046818356576142,-0.03000803886617034
AngMaFaFbCx09116-00,1,47,175,kmeans,-33.81243204255319,150.94783306382976,2022,0.11831390545371254,0.05327443618248298,-0.006839922452084715,-0.04964244521337944,-0.11150015951311684,-0.09033514114865801,0.09240570320744065,0.2640568684712099,0.06161558156846381,0.1463698904676597,0.10380033865861736,-0.04230386021742863,0.03685260169983717,0.2602128477590452,0.012995329128731171,0.10079265748852728,-0.04652089621831209,0.0015103847129172912,-0.08894647721416474,0.1849422889723265,-0.06491382201608215,0.025687010724189545,0.0002748533706348529,0.11454841427601492,-0.0748334110448518,0.1479509517615974,-0.10741924137197638,0.06372148191775664,-0.02529828952857735,-0.03793892692663213,-0.13520822596873538,-0.05538818948522251,-0.16028008867293264,-0.1526247678879645,-0.14220389866417982,-0.2328191284857706,-0.10676221093360161,0.09029325873027556,0.02551817222508526,0.07168568553829538,-0.17749376262812172,-0.02930591343754855,0.00782939458637021,-0.03464461295573712,0.26642715158654195,-0.05157165411012129,-0.12059126195325853,-0.03434358307361324,-0.08617831112419934,0.007089908136804976,-0.13103176356065996,-0.13553412353677388,-0.06759822326928266,0.14786718692483247,-0.11695272685628272,-0.1803247523456608,-0.027943426014544304,-0.06465336572676625,-0.0512758595302952,-0.008786146081294424,-0.016847202794342597,-0.07981741883236394,0.16059420681080108,-0.06534966093237458
AngMaFaFbCx09116-00,2,32,175,kmeans,-33.552304500000005,151.0307806875,2023,0.057574009996155306,0.023906189926951177,0.05423490965013453,0.025351787773933095,-0.15614763552479813,-0.0424605920799692,0.11896193771626293,0.30550749711649366,0.009955786236063052,0.08325836216839674,0.13481545559400226,-0.08253940792003073,0.01577277970011534,0.22563821607074203,0.05077470203767782,0.026237985390234517,-0.004248366013071894,0.0055113417916186,-0.10881776239907723,0.13121876201460975,-0.011810841983852351,0.0023817762399077243,-0.07454825067281812,0.0630219146482122,-0.10444636678200689,0.14884275278738943,-0.05764129181084196,0.044025374855824674,-0.059878892733564004,-0.056366782006920385,-0.1248846597462514,-0.09639369473279505,-0.14343713956170703,-0.19300653594771242,-0.07215494040753553,-0.06996155324875046,-0.16893118031526333,0.09826605151864665,-0.09500384467512493,0.06600922722029985,-0.16949442522106878,-0.07750672818146864,-0.0362379853902345,0.0483813917723952,0.31136293733179543,-0.05806036139946172,-0.046831987697039584,-0.035109573241061114,-0.10897539407920027,-0.0320549788542868,-0.031051518646674353,-0.08792387543252593,-0.15949826989619376,0.17041906958861974,-0.06876970396001536,-0.26195117262591305,-0.006785851595540184,-0.03848712033833139,0.016437908496732018,0.012191464821222603,0.07248942714340635,-0.04533833141099576,0.14350442137639366,-0.05255478662053055
AngMaFaFbCx09116-00,3,46,175,kmeans,-33.457582673913045,150.9454795869565,2019,0.05077913177206089,0.0028818347458335475,-0.05521354662922282,-0.0534523511024188,-0.09949751767714757,-0.1188519465757317,0.0823776808251007,0.31505207027397486,0.01143372950203099,0.07313307590725972,0.10176955351620612,0.0007462012938167506,0.03237015863463884,0.26679237082727375,0.07010280326964544,0.09401467662938999,-0.09848252344416022,-0.06193337010848667,-0.08636277017200739,0.1767988900590074,-0.01738996706952175,-0.05351520318272235,-0.047053474416194424,0.0754198218076659,-0.050139912742590616,0.14689600989585944,-0.15616869765809133,0.08904668772879992,-0.06822392725206021,-0.0760470053323972,-0.10739815789913576,-0.12192902395399757,-0.14559483810574525,-0.14825067281814683,-0.1418277251224445,-0.099030807548936,-0.17998963609314142,0.14914932383865737,0.022928973806061195,-0.032212359794727766,-0.18065426341039398,-0.07823345535997857,0.05159085970278986,0.048596693579392516,0.25512595490028916,-0.05051435066780334,-0.07684803503669153,0.009529445196663482,-0.12128579308961433,-0.01930494960132391,-0.03252394563963691,-0.11491767380438958,-0.017149256974742153,0.12416227872223055,-0.11348678601875528,-0.16747404844290656,-0.14502916938301322,-0.07058422345920462,0.006578071979004743,-0.019339718837236498,0.10478110425755977,-0.06192267188205202,0.1390033933436972,-0.12617354529194452
AngMaFaFbCx09116-00,4,17,175,kmeans,-34.063984176470576,150.5200941764706,2020,0.13439174977949653,-0.07494673994165137,0.08005608702535222,0.009545649863174785,-0.1122355655064794,-0.17870773684329555,0.1487319356808467,0.1062650111947893,-0.009393672117059049,0.06896533007666733,0.052613248298165854,-0.07213153312074538,-0.062944116516272,0.09680982427573101,-0.05304023339439578,-0.05615577718976862,0.042589954090055865,0.03747336997082566,-0.005384354433815033,0.1985553067824592,0.011271682836917922,0.09024945156840126,-0.18307528778524093,0.030276138136915653,-0.05332609629780397,0.2182110952800959,-0.006079109844629909,-0.02168577696361128,-0.0018743922020942189,-0.058504195219033384,-0.05621367347400319,-0.13943958206119814,-0.20172874686206665,-0.12890969536603566,0.04791641223963633,-0.10496234479951146,-0.20846280842210008,-0.004005699165479297,-0.017788633331071765,0.013175023181129432,-0.24076893502499036,-0.044652509215912406,-0.05027206730443039,0.03901485853857112,0.2640758079471696,-0.05820023972680189,-0.10727819616889428,0.0006621887509329002,-0.11755478662053052,0.012860212135603954,-0.012219734491259016,-0.038291154985638995,-0.2314223036388719,0.12856231766062826,-0.039463554741389024,-0.30097745211117893,0.08658027455503539,-0.015697130063097895,-0.02907479023904832,0.02984915304068568,0.09715720198113843,-0.04069746929913832,-0.07906099464007055,0.033120293099938934
AngMaFaFbCx09133-00,0,13,40,kmeans,-29.393370307692308,145.91995946153847,2023,-0.23245024103155593,0.1272362700736403,0.06102741549108326,0.04564871499127553,-0.28361162866353173,0.06093277733416137,0.06427350427350424,0.29202022890604207,-0.06826723449560815,-0.021374027740809716,-0.0629012509981368,0.047035163990181254,0.009473279507881585,0.10267293644456271,-0.09407032798036255,-0.14725224026262085,-0.06703220654777745,0.06051163753585894,-0.14183420577884243,0.09207346286931059,0.045743353148197406,-0.03532369207109688,-0.07858752550794071,-0.08586046786738825,0.006993759796527954,-0.06427823618135034,-0.07113003874249546,0.07317895483985445,0.10056250554520449,-0.12413687043444827,-0.20005559991719157,-0.2151361902226954,-0.11948540502173717,-0.19549877266140242,0.0021151628072043245,0.05436015733593584,-0.15886434211693723,-0.03734894862922543,0.05006831691952797,-0.0042965723242539815,-0.034732203590335034,0.06654482003962969,0.13785467128027679,0.12323307603584416,0.12113684086002423,-0.10289533611332916,-0.08543459616123975,-0.10902315677402179,-0.04449412947682839,-0.10209564368733914,0.0952958921125011,-0.13010380622837364,-0.03093248158992101,0.12496495430751484,-0.038484606512288126,-0.20034897820364944,-0.0484310768047792,-0.09801673912400553,-0.05405731523378579,-0.11870464022713156,0.2962978735989117,0.142913080767752,0.19413598320172712,0.08475793333924819
AngMaFaFbCx09133-00,1,6,40,kmeans,-26.884400499999998,145.93593683333333,2022,-0.13874663590926567,0.1684685377418941,0.18637959759067024,0.14319620658721005,-0.23380750993207738,0.043870306292451575,0.08928873510188387,0.30100217864923745,-0.07569396386005381,0.013543508906830697,0.013943355119825696,-0.0029732154299628305,-0.04623862616942199,0.13251313597334358,-0.06364731513520436,-0.12962194027937968,-0.005925925925925918,0.10124311162373442,-0.08500320389593743,0.049129821863385846,0.05594771241830062,0.05910547225426115,-0.13070870178136612,-0.07980520312700239,-0.08941176470588233,-0.06082788671023959,0.02773292323465334,0.10241189286171984,-0.009944892989875664,-0.12515186466743555,-0.18343713956170699,-0.18882993720363958,-0.06652825836216837,-0.22886582083813914,0.06263232090221706,0.120558759451493,-0.15704728950403687,0.009196462898885035,-0.1198923490965013,0.11212097911059844,-0.12837113930539534,0.08067666282199154,0.03588363449955145,0.1179033704985262,0.09799307958477507,-0.10408304498269892,-0.07515058310906059,-0.09981801871075226,-0.013994617454825067,-0.08900166602588742,0.1986518005895168,-0.04681276432141482,-0.13797770088427525,0.07647315135204405,-0.002491349480968852,-0.20266051518646672,0.013707548378828618,-0.01546072023580676,-0.005505574778931162,-0.01429193899782134,0.20927335640138406,0.101038062283737,0.11616045110854797,0.03003972830962453
AngMaFaFbCx09133-00,2,6,40,kmeans,-20.545893,139.64538266666668,2020,-0.10818403178264767,0.2345866974240676,0.049724464949378405,0.1284839164423939,-0.16865308214789182,0.1752351659618095,0.03380238369857745,0.2503549916698705,-0.16167115212097913,-0.09106241189286168,-0.059249006792259376,-0.009391259771882602,-0.16132256824298344,-0.01194412405485068,-0.11722670767653462,-0.1568217352300397,0.03439702678457,0.09132897603485834,-0.058151992823273074,-0.046535947712418244,0.17580930411380238,0.024339356657695762,-0.17900807381776235,0.004849416890939345,-0.024165064718697934,0.005587594514930197,0.0794668717160066,0.14733820325515823,0.07425861848007173,-0.06672305523516593,-0.16610021786492374,-0.14687684224016395,0.06941945405613224,-0.21396898628732539,0.018556965269768036,0.1296116878123798,-0.048750480584390604,-0.02173523003972832,-0.09477380494681527,0.04037421504549531,-0.12938613353838266,0.0864693066769191,0.1219325900294758,0.1429091375112136,0.09261053440984235,-0.11728822247853386,-0.17658849160579262,-0.10750736896065612,0.028358323721645474,-0.07104959630911184,0.17283608868383954,0.01623990772779698,-0.14163783160322949,0.1042060745866974,0.05627579136229651,-0.10927079328463407,-0.0031680123029603838,-0.0768524926310393,3.075740099962865e-05,0.0057311290529283646,0.30703062924516206,0.10061771113674227,0.0686915288991413,-0.04825836216839671
AngMaFaFbCx09133-00,3,9,40,kmeans,-29.672780000000003,142.24034833333334,2024,-0.2716698705626041,0.18567217736767908,0.12842240164039467,0.04346362510145669,-0.3087291212781409,0.04438634713144514,0.06043487547524451,0.24778845743090266,-0.1418873083002264,0.008229313511897133,-0.14289205006621386,0.027244222307659438,-0.07157588961510528,0.059423298731257165,-0.041994104831475046,-0.12324148831645947,-0.04964244521337943,0.021960784313725466,-0.10526549617668415,0.1186620530565167,0.09955145456875558,-0.07874578153701565,-0.11013200051262331,-0.12069204152249129,0.0121115810158486,-0.03237729078559526,0.007197231833910037,0.061610491691229834,0.01811952667777348,-0.19010807808962363,-0.19217907642359772,-0.20969712503737878,-0.039383143235507664,-0.20049040967149387,0.10377547097270273,0.06453586227519327,-0.08254602930496813,-0.03146140373360672,-0.029636464607629552,-0.011933871587850782,-0.04391473364945103,0.09170489982485365,0.11259259259259255,0.1542517835020718,0.07118629586911018,-0.08752189328890596,-0.0662924516211713,-0.10627023794267158,-0.024783630227690173,-0.09322226494083469,0.18150967576573113,-0.07391345209107605,0.002139348113973252,0.05384595668332691,0.055274467085309024,-0.23716006664103545,0.02293135118971332,0.005208253235934881,-0.07829467298902128,-0.031748472809603114,0.2624153103507198,0.10447263872869407,0.09562817719680461,0.10817036182664783
AngMaFaFbCx09133-00,4,6,40,kmeans,-27.448591000000004,145.96655750000002,2022,-0.08261437908496731,0.14493912597718825,0.05189798795335125,0.0593310265282583,-0.2178546712802768,0.04480328078943992,0.13724977572728436,0.33999231064975005,-0.03905164680251187,0.01240548506984493,0.042968089196462875,-0.04420863770344737,0.04809432269639881,0.1960066641035499,-0.09280533128283991,-0.13356914007433038,-0.019110598487761102,0.0318134051006023,-0.13073945918236574,0.09513264129181082,-0.023344867358708117,-0.035299243880558745,-0.09243624247084452,-0.03438677431757016,-0.07629885941304623,0.038251954376521805,-0.01121619889785979,0.09370754837882861,0.0486274509803921,-0.10992695117262585,-0.19842624631551964,-0.18737408688965776,-0.150639497629117,-0.2757811098295527,0.02164295783672944,0.03807766243752396,-0.2447468922209406,0.029270793284634083,-0.03881584006151475,0.07394079200307571,-0.04587978982442648,0.030685633730616405,0.07806228373702417,0.10321158528770982,0.21338459566833268,-0.07368448032807891,-0.12112264513648593,-0.04335768294245801,-0.060674099705241555,-0.10490324234268866,0.06154555940023064,-0.13169293861335385,-0.11063437139561702,0.185036524413687,-0.06074586697424061,-0.1562783544790465,-0.02525182622068433,-0.1072920671536588,-0.06798410867615015,-0.08436755094194538,0.21512751505831085,0.15808278867102393,0.1832833525567089,0.033433294886582025
AngMaFaFbCx09144-00,0,26,135,kmeans,-30.53133519230769,152.90444730769232,2017,0.11169905066098834,0.033859166592730555,-0.15794162008694876,-0.06735397628131187,-0.07638245645166056,-0.02300653594771236,0.006577351906071616,0.27733475290568715,0.027927720107650864,0.03985449383373253,0.0187099636234584,0.1070996362345843,-0.05884600597403362,0.3548079141158726,-0.029704551503859415,0.15571289149143816,-0.17245674740484424,-0.12055718214887762,0.02864697010025726,0.17916659273060653,0.07291160204655009,-0.15254961109632387,0.10618637802028803,0.1333333333333333,-0.04503593292520623,0.15316239316239313,-0.1150847307248691,0.020299884659746213,-0.20242865170200805,-0.10866116582379555,-0.08346848845118737,-0.07995741282938511,-0.16845828527489423,-0.180238369857747,-0.054450063585011636,-0.07728151894241855,-0.09249460266761303,0.028897761216100278,-0.018636619051843925,-0.1547262887055274,-0.22570254044302487,-0.1066098837725135,0.13393665158371038,0.03390648567119151,0.16677845798953062,0.08227841362789456,-0.1117369059237571,0.0718469227811788,-0.08540383876024012,-0.01731168485493742,-0.09174459527400701,-0.14473723124242152,0.02012243811551766,0.08552213645639248,-0.009213024576346353,-0.036416762783544734,-0.17846390441546148,0.031173808890071823,-0.016107414308106326,0.006653062431609111,0.19882057196936087,-0.0790772779700115,0.1686404637269689,-0.2198326087599444
AngMaFaFbCx09144-00,1,16,135,kmeans,-30.531471875,152.9145533125,2019,0.04993464052287579,0.011034217608612049,-0.11207227989234905,-0.021514801999231038,-0.07221068819684733,0.004502114571318716,0.09559015763168009,0.3377470203767782,-0.017066512879661627,0.06768935024990383,0.012895040369088798,0.06224529027297191,-0.016428296808919635,0.33402153018069974,0.011822376009227212,0.1455017301038062,-0.1684582852748942,-0.10923490965013452,0.0028719723183390777,0.19023068050749709,0.08672049211841595,-0.07645905420991922,0.05647827758554398,0.1229411764705882,-0.0749327181853133,0.18462514417531714,-0.11258746635909263,0.02569011918492884,-0.12935409457900804,-0.060092272202998814,-0.08661668589004226,-0.08449442522106877,-0.1348558246828143,-0.18262206843521722,-0.08224144559784693,-0.0697347174163783,-0.11481737793156474,0.08012302960399843,-0.06976163014225295,-0.12828911956939634,-0.20776239907727792,-0.10918108419838521,0.07524413687043438,0.05651287966166854,0.2581314878892733,0.07458285274894268,-0.11201460976547478,0.05772395232602841,-0.08784313725490193,-0.028389081122645092,-0.09550173010380619,-0.12725874663590925,-0.06653979238754322,0.1120915032679738,-0.026812764321414807,-0.12752787389465586,-0.13749711649365626,0.04828143021914645,0.02041522491349479,-0.010103806228373674,0.10743175701653207,-0.09034217608612069,0.15595540176855052,-0.23451749327181848
AngMaFaFbCx09144-00,2,38,135,kmeans,-30.53152502631579,152.91666728947368,2017,0.051107468787308485,0.03346567109816059,-0.16853760699326165,-0.07718812602440353,-0.11532244683219003,-0.032873186426273265,0.023429045508812384,0.29724114207086344,0.06767437625204875,0.030626277342722406,0.005669074647402822,0.061547178210809565,-0.052051235354823006,0.3500078917015722,-0.004318986624577588,0.18751330459944554,-0.14839150933851347,-0.1356692769987251,0.0139622412432465,0.0945353001881867,0.06887715251219165,-0.1640162690463182,0.10425949533580199,0.10000364232380256,-0.047041016613043524,0.22462939355308684,-0.11791901900078915,0.026410894595196147,-0.18582812278678237,-0.06594063012201783,-0.10437281207632688,-0.07947064894069078,-0.17329691009530745,-0.17654910054837203,-0.05243651227260764,-0.1199571015196584,-0.11726178190574471,0.09077318440276004,-0.008435621926789275,-0.1352775248386248,-0.15533296910095304,-0.11796434569699908,0.11033165381735767,0.03771504886784432,0.1913531232926607,0.020005261134381468,-0.12970396001537865,0.13232157672150385,-0.059365021550415786,-0.04690341771383472,-0.05836621542321775,-0.11088852465650861,0.004293085655314752,0.11495983326251033,-0.002225864546024796,-0.04031162103644345,-0.14419878993909221,0.04852546591391971,0.007678018575851389,0.009819704971771988,0.2058884234808474,-0.11434630405309695,0.17493838402233958,-0.17728404055120495
AngMaFaFbCx09144-00,3,14,135,kmeans,-30.534300499999997,152.90336914285717,2017,0.0763354753666172,-0.008532981820179017,-0.12555171088043057,-0.11499752842313393,-0.062499038831218726,-0.06762234305486897,-0.03573131213269619,0.2571450541000714,0.010598121601581786,0.06701158894930517,-0.04440929312901627,0.1322436425550612,-0.03544131378041407,0.34806393145493486,-0.0851189103092217,0.15777667929917058,-0.1664502663810622,-0.03186906135003018,-0.027510298236941802,0.16731586752347993,0.0313417916186082,-0.06742901082001423,0.032699511177019774,0.18234744878343487,-0.07691107815675287,-0.008849343659032255,-0.12428626352501781,0.09915746690833191,-0.1564672927994727,-0.22396660625034326,-0.029237106607348767,-0.10642500137309824,-0.15158125995496233,-0.10117427363102101,-0.09286538144669629,-0.09352446861097377,-0.03738342395781839,0.058351183610699145,-0.02736529906080077,-0.13267424616905582,-0.22590871642774754,-0.07356291536222327,0.21224364255506123,0.03573131213269617,0.14063601911352774,0.17053221288515402,-0.1508738397319712,0.09573021365408907,-0.15571593343219636,0.02419728675784033,-0.14650628879002578,-0.12309111880046134,0.09669248091393418,0.016130059867084042,-0.011270390509144822,0.07854561432416103,-0.1687482836271763,0.011788872411709735,-0.029944526830339914,0.07801395067831049,0.16756632064590538,-0.08452133794694346,0.18717196682594603,-0.2041412643488768
AngMaFaFbCx09144-00,4,41,135,kmeans,-30.53214014634146,152.90601419512197,2017,0.10602751287028439,-0.012580527189354929,-0.16287919280576885,-0.11100871147119773,-0.06593336521600507,-0.052709183147194756,-0.011494265807709944,0.25613563263660316,0.03044232518449748,0.07695201657898927,-0.00461661087199107,0.12643692388480973,-0.04596656070366927,0.36143997149314044,-0.06676756594555561,0.1647381401149651,-0.16929323618495695,-0.08589116756219461,0.012868596506034238,0.13963409945518135,0.0561585131422248,-0.11851201695407955,0.06758676306486246,0.1403437702197091,-0.07298356166952669,0.08046586209806725,-0.1285809397886366,0.08003675884509706,-0.16604645492821707,-0.14607514933280819,-0.08488292495381698,-0.12011590288913268,-0.19729147326075336,-0.14971652553895778,-0.08245384045535953,-0.09715737849420014,-0.07425436745716935,0.037698071098357995,0.016538479571646905,-0.1279822957399124,-0.19972355848125953,-0.07804577976575608,0.17304263838486134,0.03473785879727305,0.14844872047336388,0.10991794900647965,-0.11993435920518372,0.08301047439540135,-0.12313612963119248,-0.015611256458585326,-0.10448814245927923,-0.1344008402021736,0.06409992404422311,0.042412205436933186,-0.013498748136270285,0.026043266661040246,-0.1822083438827468,0.0377145750696261,-0.025657673877776815,0.03188717285096724,0.21627404094110145,-0.10034264494894081,0.1973619902288988,-0.19431175626635155
AngMaFaFbCx09154-00,0,4,24,kmeans,-27.55459875,150.36817075,2022,0.07044982698961937,0.07963091118800458,0.0417685505574779,0.019038831218762,-0.18534409842368318,-0.02485198000768936,0.14729719338715874,0.30320645905420995,0.07523260284505956,0.09245674740484423,0.11949250288350631,-0.059700115340253726,0.04267589388696652,0.21328719723183392,-0.018023836985774675,-0.09636293733179543,-0.0436139946174548,0.07443291041906955,-0.09776239907727793,0.14256055363321798,-0.09742406766628217,0.02528258362168395,-0.07600153787004994,0.06006920415224913,-0.12632064590542094,0.021099577085736274,-0.07838523644752014,0.07760092272202995,0.028312187620146076,-0.03683198769703955,-0.21245674740484427,-0.097516339869281,-0.21747020376778164,-0.2354017685505575,-0.04758169934640522,-0.03598615916955015,-0.20143021914648207,0.01928489042675893,-0.04362937331795464,0.09070357554786615,-0.18337562475970778,-0.016147635524798174,-0.018408304498269905,0.013779315647827757,0.21527104959630908,-0.050565167243367924,-0.09710111495578619,-0.1277970011534025,-0.14091503267973854,-0.05516339869281045,0.037970011534025336,-0.1303652441368704,-0.15647827758554397,0.14512879661668582,-0.1004844290657439,-0.1866512879661668,-0.02555940023068049,-0.10743560169165703,0.012056901191849281,-0.12589004229142636,0.015870818915801638,0.11566320645905416,0.18901960784313723,-0.08602845059592462
AngMaFaFbCx09154-00,1,7,24,kmeans,-27.666195428571427,150.3489165714286,2023,0.07984621299500189,0.02124897017630581,-0.04846487614653702,0.0006678749931345145,-0.13012138188608777,-0.06420387762948315,0.14805734058329212,0.32511451639479316,0.02925468226506285,0.042120063711759186,0.13525347393859505,-0.06981930026912722,0.05157576756192668,0.24595375405063985,-0.018480804086340424,-0.04916790245509964,-0.05770967210413572,-0.008295710441039154,-0.06472235953204808,0.1124929971988795,-0.025484703685395724,-0.0014939309056956139,-0.11442631954742678,0.04908881199538636,-0.13617619596858352,0.09318613719997798,-0.10939089361234687,0.15054429614983245,0.05414181358818032,-0.05304333498105121,-0.17483385511067168,-0.1572757730543197,-0.23505684626791895,-0.18589773164167622,-0.0832295271049596,-0.02473773823254788,-0.2450310320206514,0.10534849233811167,-0.009367825561597182,-0.0017839292579776758,-0.13240621738891634,-0.012698412698412688,0.04907123633767231,0.07220958971824018,0.22367660789806118,-0.08980282309002027,-0.13143076838578563,-0.07797440544845385,-0.14685340802987856,-0.06597023122974675,0.024816828692261192,-0.09775580820563518,-0.07183171307738777,0.19023013126819355,-0.11086724886032842,-0.11753721096281647,-0.11955841159993406,-0.11978689515021691,-0.009517218652166731,-0.07049596309111876,0.13090349865436368,0.06452902729719333,0.17145054100071397,-0.1445422090404789
AngMaFaFbCx09154-00,2,5,24,kmeans,-26.255337599999997,152.3199336,2022,0.10424298346789695,0.04211303344867359,0.016891964628988856,-0.03813917723952325,-0.14673740868896576,-0.04934717416378315,0.12346020761245671,0.3239861591695502,-0.0340299884659746,0.13023913879277196,0.07044675124951937,0.01221683967704728,0.0416209150326797,0.22561168781237984,-0.034079200307574,0.04470895809304113,-0.11354402153018067,0.0232402921953095,-0.06513187235678582,0.15933564013840829,-0.03806535947712415,0.03801614763552478,-0.11397462514417528,0.08345098039215683,-0.16081199538638985,0.11944944252210685,-0.10224990388312181,0.15032987312572083,-0.03788081507112648,-0.04047673971549401,-0.07230449826989618,-0.06601768550557474,-0.1547343329488658,-0.14351403306420607,-0.09943252595155705,0.018109957708573578,-0.10997616301422525,0.08859361783929257,-0.06658362168396768,0.10677739331026527,-0.18781699346405226,-0.03620761245674736,0.002349865436370613,0.056433679354094546,0.2543514033064206,-0.028567474048442877,-0.11302729719338714,-0.0384713571703191,-0.0929734717416378,-0.02185005767012689,-0.056618223760092276,-0.07715186466743558,-0.1589173394848135,0.18320338331410993,-0.10090888119953859,-0.23536793540945788,-0.024667435601691663,-0.05677816224529024,0.014173010380622839,0.04338023836985775,0.04650519031141865,-0.0796616685890042,0.09764859669357936,-0.18800153787004997
AngMaFaFbCx09154-00,3,7,24,kmeans,-26.338292285714285,150.2743727142857,2022,-0.012505080463557963,0.08998736749601796,0.05009062448508815,0.008295710441039113,-0.1662305706596364,-0.006555720327346637,0.13020926017465806,0.3074421925632998,-0.003383314109957708,0.009499642994452677,0.07104080848025482,-0.10258911407700327,0.01942110177404295,0.20246278903718345,-0.05143516230021415,-0.06241116054264842,0.005307848629647935,0.051883341571922856,-0.084670731037513,0.04173339924204976,0.029404075355632428,0.054229691876750676,-0.13726588674685558,0.01243477783270168,-0.19086285494589988,0.03117921678475309,-0.02567803592025042,0.18321744384028119,0.001388476959411196,-0.09042675893886963,-0.11143845773603558,-0.14662492447959571,-0.1225374855824683,-0.20464217059372766,0.012610534409842382,0.041619157466908294,-0.24622617674520786,0.1175987257648157,-0.14729279947273025,0.07992530345471519,-0.17919261822376004,-0.006195419344208256,0.026811665842807697,0.13593013676058655,0.20125885648376993,-0.06191025429779753,-0.10553303674410935,-0.03478222661613663,-0.08682374910748612,-0.12767836546383257,0.0722886801779535,-0.02566924809139339,-0.16456088317680012,0.20716427747569616,-0.041021585104630075,-0.1621881693854012,-0.008383588729609487,-0.06795628055143622,0.05985390234525176,-0.028569231614214298,0.1294535068929532,-0.023111989893996814,0.15296094908551655,-0.1429867633327841
AngMaFaFbCx09154-00,4,1,24,kmeans,-29.742366,149.542896,2020,-0.22145328719723179,0.1537870049980776,0.19986159169550166,0.186082276047674,-0.17279507881584,-0.059115724721261,0.0482276047673971,0.3014225297962323,-0.01039600153787,0.027128027681660904,0.01777777777777769,-0.0088581314878892,-0.07972318339100339,0.1663360246059207,-0.0553633217993079,-0.2141330257593233,-0.1417301038062283,0.0935640138408304,-0.0842137639369473,0.0711111111111111,0.06698961937716258,0.0984236831987697,-0.186082276047674,-0.1417301038062283,-0.05536332179930789,-0.032541330257593204,0.04822760476739711,-0.022206843521722388,0.012056901191849198,-0.1301653210303729,-0.1793771626297577,-0.2069357939254133,-0.0711111111111111,-0.1998615916955017,0.1301653210303729,0.1358861976163014,-0.02977316416762779,0.0984236831987697,-0.1085121107266436,0.0517339484813533,-0.1998615916955017,0.010396001537870004,0.1137408688965782,0.0482276047673971,0.06698961937716258,-0.17937716262975772,-0.0797231833910034,-0.0325413302575932,0.03844675124951939,0.07972318339100341,0.2599000384467512,-0.024605920799692406,-0.0711111111111111,0.0629911572472126,-0.017777777777777705,-0.1793771626297577,-0.0517339484813533,-0.0797231833910034,0.02220684352172239,-0.0553633217993079,0.16,0.19986159169550172,0.09842368319876968,0.1358861976163014
AngMaFaFbCx09174-00,0,229,2060,kmeans,-34.134948956331876,22.843838973799127,2022,-0.013371276415352499,0.06901880197236865,0.01768456539221562,-0.015034593681637384,-0.21782713736235138,-0.10884869608430749,0.012354804752622843,0.2836227248841141,0.07297992542337592,0.04432504125890443,0.23241017479001191,-0.035895901643472686,0.01803216431704968,0.09217173777636747,0.13568338680621658,0.08101042763196549,-0.03284514353733614,0.13223963238861772,-0.19086431318824298,0.15347943098808148,-0.13078100629754424,-0.01760317244459217,-0.02956927886318495,0.012143935234852563,-0.05600291456594623,0.10744943580651711,-0.07065337651457532,0.08102949990682115,-0.16366295126664412,-0.02857483433479565,-0.030497641988553266,0.04544842511026157,-0.046589806742116296,-0.06939084564384873,-0.03915833513814805,-0.03717428130598072,-0.08289509073601181,0.10466085432374848,-0.08446089763930228,0.172571852612952,-0.06141111329367775,-0.14973374365586628,-0.07810687525288387,0.0061595389076085985,0.3188151013466436,-0.14520904791405387,0.03391668303591664,-0.0500093850366587,-0.0833533625797266,0.001742829848781699,0.11551190422225911,-0.0940252405440299,-0.04741313804398373,0.07905377340592881,-0.09341573361941743,-0.2791931218929904,0.05751069877390117,-0.03786544980180613,-0.003081918442520419,-0.008269845826848587,0.024443403528035063,-0.010929756610238928,0.05439090440525897,-0.026228138656781308
AngMaFaFbCx09174-00,1,451,2060,kmeans,-33.99356070953437,37.943652133037695,2023,-0.045049703721321555,-0.024697579218635843,0.1319934427403412,0.014821793766852415,-0.2301349216700723,-0.05545757175092982,0.022911876806720237,0.2887690305025101,-0.03341795028519645,0.14209373675995327,0.10002770553027956,-0.048953915899649696,-0.007499349985635756,0.12457906774726757,0.03550631643466481,0.01076509034986543,-0.010662111025010829,0.06666445022424428,-0.09995732495859087,0.16127667083528335,-0.04125556348359958,0.058867483169955936,-0.06501828138759523,-0.012280045795110356,-0.12309616546936152,0.07021621395830188,-0.08236245482932965,0.08550161928168507,-0.13929747299989512,-0.10048354248877499,-0.05086673980926659,-0.08061958090483701,-0.08737243308261958,-0.16956793864887373,0.0348049658539995,0.037039958194485974,-0.09106495796005457,0.10024334832841876,-0.14930037994937984,0.18352511527631787,-0.10510424525446888,-0.07996937899545711,-0.07418371409256713,0.05750733770313478,0.2275649396317807,-0.033212673617771075,0.002108552825068978,-0.06356443155497926,-0.0740609572814822,-0.015331234532854912,0.0915146570779957,0.04019303508543106,-0.1010909159107319,0.0730259809675794,-0.05070715595485618,-0.32306578315861795,0.08556545282344925,0.0577913151261113,-0.03815568121079134,0.10519344853719059,0.05544174976194553,-0.09626193575556387,0.0829946524064171,-0.021611200195046927
AngMaFaFbCx09174-00,2,426,2060,kmeans,33.09315043192488,-112.4593865375587,2022,0.09463662405033813,-0.21478412961428703,0.05998025317095444,0.09604366684536281,-0.019063234978240556,-0.041193545999823084,0.0030361742413986537,0.11690498237405983,0.010264163476308305,-0.11043870811695752,0.08130249651181468,0.01777070213153841,-0.21176383947669097,-0.1778267296976786,0.0924340764566896,-0.006176894766007291,-0.01622012479851556,0.09013550223550706,-0.11415111197751673,0.04178226864712559,0.07429659592825436,0.08573546108123814,-0.062279693797798956,0.0035955834971381495,-0.006542084752523851,0.19762323266782542,-0.04018014017721602,0.08415210473400439,0.173752890275138,0.1049878612956735,0.06180013826390354,-0.04512168487021061,0.01176766610169798,0.01739063884782486,0.012900780306599304,0.07973776788631311,0.02867398418448666,-0.00302678818006075,-0.21371787304630036,0.11484293689859262,0.1250230590256907,-0.2498581080227359,0.04616945811740881,-0.0328672431874342,0.09493495639994004,0.11460034331324355,-0.03175679993068753,0.0682280018699922,0.029590641374841412,-0.036417051585432104,-0.07784091709039319,0.0903877706840814,0.004848117282446442,0.06176230521666458,-0.11739623438439167,-0.28944707073660725,0.14157631680123026,-0.06467140662764229,-0.13552418445054537,0.05254851420454031,0.16561113186874674,-0.05749309131735173,0.05813336510154091,0.05225740190212141
AngMaFaFbCx09174-00,3,568,2060,kmeans,-34.21568900704226,31.238197896126763,2024,-0.05128796616685889,-0.007441449929875291,0.10133902995056071,0.04473534014544783,-0.2305622431242588,-0.11329077115518947,0.07315994390023335,0.3071854270567658,0.04429401476138645,0.1536570441487835,0.15137742255145636,-0.003719371206090838,0.06336999312290499,0.14790920068662647,0.06506251658354584,-0.015714216092402155,-0.11654455761868401,0.15417872865799176,-0.11441731511715428,0.12074153494593085,-0.11658224626497932,0.0804195569418046,-0.05517227935084553,0.0035791217895608934,-0.10922245506874384,0.03866454397279484,-0.1331655755370361,0.05388880766335807,-0.07314196598274766,-0.13271970152324938,-0.11992624721802556,-0.0919249909298157,-0.1599095689090328,-0.14575033437843513,-0.019025293630293864,0.04399239729031627,-0.08827417407172752,0.10473425713837037,-0.0824396900433744,0.149691072231157,-0.061067303474828194,-0.13902464382604734,-0.06465584742596289,-0.016344417910771028,0.23558609635513966,-0.11013423872725008,-0.009689447720540853,-0.10204796638346028,-0.09302965814881596,0.026378586784064614,0.13085519653870936,-0.042467956528095895,-0.047171023062635695,0.0712220110358421,-0.1381621369895652,-0.2809557537458507,0.009833704263257368,0.01697624423975609,-0.07304200442949892,-0.030243839043488138,0.055168380525366705,0.024958223001987315,0.1357636012151339,0.05201260620238154
AngMaFaFbCx09174-00,4,386,2060,kmeans,-34.09193253367876,23.19425096373057,2023,0.022450193528595012,-0.046576904458827104,0.042020665626811504,-0.06729480291557849,-0.20669132836513654,-0.14827282452145743,0.004828752592167612,0.29091847894293343,0.050127551579404475,0.15466319251463662,0.12262593303093865,0.03537515463363033,0.05280376419591505,0.13645369556946013,0.07372039052337379,0.10123615269535627,-0.11027691621197902,0.1345915182084212,-0.16183556344411174,0.17927724091770203,-0.15888970563334545,0.07212323677820205,-0.050735368819883914,0.07510415483881246,-0.12874984312530252,0.03960804234321989,-0.164424125436012,0.14833402059391265,-0.052326626068490964,-0.08577075775957033,-0.08936841748789323,-0.06694515660576937,-0.11439298954367885,-0.06220134543708774,-0.055814005374576904,-0.06616761588308999,0.004304601856998019,0.0994667256316323,-0.03972900020518214,0.19187375122760675,-0.09735609859101621,-0.06645256009545945,-0.00016175524359900856,0.005763267615285471,0.24671913751785382,-0.057001751020432534,-0.08504612614120113,-0.048839246762405045,-0.1094976224768074,0.024401774526736406,0.04389543280483989,-0.03336524612893006,0.025013097792200296,0.022227401577312827,-0.13923540766504708,-0.24067092569019882,0.03373337875229333,-0.020719173374927524,-0.09532451647732137,0.06707711063700089,0.011421354481038565,-0.06661829945835895,0.06581796957328087,-0.043062751871042006
AngMaFaFbCx09182-00,0,368,933,kmeans,-34.94020303532609,147.69096379347826,2019,0.07883155308159066,-0.005943199104023536,-0.015173093960516845,-0.023185229761128655,-0.12723952326028448,-0.11250271634655563,0.13438192668371693,0.30142002239941157,0.04275546194607422,0.1002554201561272,0.10716981762867121,-0.039535128629456885,0.04282650485599182,0.2909486317971348,0.04103003861391102,0.09310933921735783,-0.09559901710044627,-0.02680306905370842,-0.06718536348895907,0.18914832087992908,-0.03611470504655398,-0.026140949133276498,-0.007624325092355786,0.06487521521822706,-0.06886431640004677,0.1470466208648847,-0.12623656453203613,0.051281614094913296,-0.06588318874011664,-0.06642077461845775,-0.14039733881617433,-0.137487922705314,-0.19808100563328485,-0.1670979389198134,-0.10385286595456591,-0.15627534560286174,-0.14990254584357182,0.11028567607776271,0.01826538287949446,0.002541330257593224,-0.18044548083513026,-0.061837587549938955,-0.001490396670177016,0.014921518479514562,0.25826137104458147,-0.04279624893435634,-0.10016749410761744,-0.0035762165053574643,-0.13508199187603426,-0.003127559634254387,-0.07823011216421775,-0.14245457432759973,-0.03790983401033046,0.1222977784464169,-0.11256540126707115,-0.16672985306654625,-0.0885813148788927,-0.0272985306654631,-0.048008625445062916,-0.026748742122594968,0.06560821088878857,-0.05063353559667683,0.1307766243752403,-0.061621617103789494
AngMaFaFbCx09182-00,1,244,933,kmeans,-34.68345100409836,136.49723568442624,2021,0.02646069292390694,0.045202286636287406,0.08217116997875973,0.030253937640629995,-0.16490580545943864,-0.09287827506444554,0.1601918555914812,0.3137829712405695,0.060468798255399844,0.05539382709046328,0.1588816407308664,-0.09814888346852721,0.0497722817831729,0.21204933789652147,0.0585235186970963,-0.004295951746175808,-0.05049936657401628,0.07099312370399782,-0.09959725452379597,0.11659576077296875,-0.06515703291924288,0.009571854456986903,-0.0811705460068952,0.04170980896376549,-0.08635392440486318,0.04878527174289837,-0.06724828407737249,0.0399054588084028,-0.07770025400066807,-0.09746969954809305,-0.15653399386112526,-0.12171485116065067,-0.17282407144792986,-0.17497330787023901,-0.061680690276753554,-0.0709525340190721,-0.1464674998897019,0.07087942216423693,-0.09294004197628902,0.10096898418641001,-0.1462441305676883,-0.04731597557055607,-0.07238250105570994,0.020618299393045526,0.27070874379967347,-0.09401251725376741,-0.042928507950914185,-0.09391520285388341,-0.14687818682600007,-0.030179817346417837,0.03291621759600656,-0.10316662569881695,-0.10706323545168625,0.12005218673776162,-0.0980034160883897,-0.2033467581825401,-0.023921442572528838,-0.030346714063317366,-0.02946458171825462,-0.044022412565154614,0.06306149589376088,0.013854444381416975,0.14124126281820987,-0.026331612683646248
AngMaFaFbCx09182-00,2,36,933,kmeans,-27.430824194444448,32.82993258333333,2023,0.15160322952710495,0.06153018069973082,-0.10285274894271429,-0.0025596992609680028,0.0014951514374813152,-0.050129437395873375,0.08990388312187617,0.23175359904310305,0.0332060318680849,-0.05019095219787257,0.11195523089410052,-0.1775573497372805,-0.013053099235336832,0.04201119227647484,0.09060446836686739,-0.02091845016873851,-0.07642701525054463,0.05152548165235592,-0.10833269255414579,-0.053355547011833024,0.03590243068905118,-0.061800162330727486,-0.12297150668546283,0.10889999572813873,-0.15473023196206587,0.0402323892519971,0.04576359519842793,0.19962236746550466,0.009789397240377619,-0.08454355162544316,-0.09947626981075651,-0.11703361954803704,-0.0027989234909650404,-0.1890930838566363,-0.008894015122388844,-0.09720705711478488,-0.0011995386389850315,-0.024178734674697756,-0.08604041180742446,0.13110342176086118,-0.20190525011747618,0.03666623948054165,-0.09758468964928017,0.14154897688923063,0.20943397838438205,-0.164155666623948,-0.1531872356785851,-0.062247853389721886,-0.1400880003417489,-0.14648724849416886,0.02493399974368833,-0.01853133410226835,-0.10164808407022936,0.22485539749668929,-0.02295698235721299,-0.1396129693707548,-0.008311333247896105,-0.10072707078474087,-0.08876927677389035,-0.0037917040454526,0.11168866675210386,0.002971506685462852,-0.01849886795676875,-0.20292366183946342
AngMaFaFbCx09182-00,3,63,933,kmeans,4.734460111111111,-74.09570771428571,2022,0.09392529124939733,-0.15510615575206116,0.04809090520739884,-0.009335603522454716,0.07162080518481898,-0.06979488963341324,-0.0076922795261895605,-0.10162050005187248,0.06927836058170542,0.05929636342554448,0.14514466352989996,-0.1748455722158144,-0.07982473163557359,-0.03174261425703177,0.003261260931387802,-0.14007018057767762,-0.08752970469233443,-0.12581534574614156,0.00838065945332378,-0.07435381995935623,-0.04270396611803759,-0.019793119862324,0.01890261987147799,-0.050957690265648684,-0.11978201302307413,0.06957128821027317,0.0660668973471741,-0.038724056071230195,-0.02785448820050894,-0.010755326095579821,-0.08021432538156871,-0.15480639314549346,-0.1997942183409311,-0.08952844754459516,0.0179701335872039,-0.19733069698467617,0.07833373000616359,-0.2143351458230351,-0.2029304968174634,0.023273100089709085,-0.022833708646857447,-0.12075062704820487,-0.2842247487230186,0.10389264202412987,-0.12703880680812626,-0.007843625467616223,-0.09578440526537409,0.12772523388440346,-0.08386322720809457,0.010685023464723553,-0.08434753422065991,-0.03980593544607383,0.010686976315580687,0.2594167078596144,0.15242293867438034,-0.18469965764083407,0.11914050151651068,-0.03235580942616696,-0.2306473090325454,-0.2514773926999993,0.002485979141111788,0.05842050981612683,-0.08993756979916151,-0.13480920036860058
AngMaFaFbCx09182-00,4,222,933,kmeans,-34.3290617027027,148.9818953108108,2022,0.09104190695886195,-0.05363896768741058,0.07878217317663683,0.008254621403410326,-0.13765460962692794,-0.13128090027744005,0.12524663071375872,0.23811742538386133,0.01926438549275919,0.09685838087222168,0.07387124148369821,-0.060714001198430234,-0.0012979069034432522,0.2071134109888435,0.007160378371451032,0.04060919050538426,-0.024730335872204377,0.027038803509391734,-0.04733730270062447,0.1891876651738243,-0.02727987503074006,0.04650740706104025,-0.08304082629342144,0.06663798746843727,-0.10182861061753792,0.18230216375545094,-0.06165279466317526,0.019064878026815724,-0.05107446546892912,-0.06749115897904821,-0.10613824897561919,-0.1443713609803575,-0.20448268337541692,-0.1514386358677016,-0.03668942298700082,-0.11518480418134394,-0.12873884264887722,0.049357038699599225,-0.055782010384086485,0.05314989730214642,-0.2045577757688484,-0.0653486704697777,-0.04097966478589314,0.034279539054625545,0.29572354361281694,-0.03689280976478206,-0.09886897277900736,-0.0069292822233998665,-0.12290269508262584,0.014084950001905017,-0.07524784299870801,-0.09800222367696414,-0.1598977524237039,0.1541943327410455,-0.08073568378066645,-0.2682740872360249,0.029089019815663385,-0.013220694743186084,-0.06815646095922909,0.033144286154666754,0.061078102323777035,-0.06809106684539207,0.04635389714974489,-0.007469060756258007
AngMaFaFbCx09196-00,0,8,53,kmeans,-35.67054374999999,137.06629875,2017,-0.17514801999231064,0.04020761245674735,0.1810765090349865,-0.008012302960399814,-0.2876662821991542,-0.043121876201460935,0.05659361783929254,0.3707881584006151,0.09455594002306802,0.12782775855440212,0.07903883121876197,-0.08459054209919256,0.06524413687043441,0.18789696270665127,0.04840445982314489,-0.0004152249134948098,-0.021314878892733542,0.03536332179930791,-0.07119569396386002,0.1081968473663975,-0.10367550941945403,-0.0003075740099961646,-0.10988081507112644,-0.17556324490580538,-0.04858900422914261,0.07307958477508647,0.03796232218377546,0.08451364859669352,-0.2266512879661669,-0.15802383698577466,-0.0786697424067666,-0.06934256055363316,-0.12843521722414453,-0.14585928489042674,0.025036524413687,0.04338331410995766,-0.12053056516724334,0.17389465590157624,-0.1313879277201076,0.1842137639369473,-0.049926951172625855,-0.08845828527489423,-0.04193002691272582,-0.09044213763936944,0.17559400230680505,-0.10473663975394076,0.00982698961937712,-0.0976855055747789,-0.1393079584775086,-0.09894655901576313,0.17714725105728563,0.030703575547866166,0.015186466743560131,-0.007835447904652043,-0.0010918877354863382,-0.24520569011918492,0.12692810457516338,0.10555171088043057,0.016478277585544016,0.04481353325643977,0.12891964628988847,-0.05826220684352169,0.17086505190311416,0.034763552479815406
AngMaFaFbCx09196-00,1,11,53,kmeans,-35.55853809090909,138.1994508181818,2019,-0.04380413127817967,-0.024426968648421914,0.12177693893956867,-0.03985599944077448,-0.2568187060920625,-0.07614414036559364,0.09531998182517212,0.32336094509104885,0.055665303554576856,0.10390409283142844,0.1630198175526895,-0.012023347663486079,0.07304043899199604,0.2687525776799133,0.01079864387822866,0.018739645590856658,-0.041757366048023464,-0.016715249379609227,-0.11109573241061127,0.1774925727866904,-0.1068120652895739,0.012207892069483771,0.0192597252804865,-0.06304148753975737,-0.10097934360910135,0.10175666701618256,-0.13304533221488235,0.041522491349480925,-0.14544336094509103,-0.09005767012687424,-0.13621614064520635,-0.15267973856209147,-0.2263241410646255,-0.13068540072000276,-0.022849952815350696,-0.06879032539932192,-0.17976862046066194,0.1438048303100206,-0.03726678550207958,0.0428087099367376,-0.08637796651637478,-0.14498479605746034,-0.029801125441263843,-0.05057635175282232,0.24939778406906438,-0.04724896019013662,-0.029594212016357323,-0.0010401593792597266,-0.14183635664604516,-0.04793680752158259,0.0343699975533885,-0.08884974310579843,-0.004272482611582964,0.05394848135332561,-0.08988990248505815,-0.24765859284890424,0.026216490161126822,0.024013141798608917,-0.049497046590472174,-0.04814372094648912,0.08122190765789379,-0.015993848519800055,0.15182412358882943,0.10055992450456117
AngMaFaFbCx09196-00,2,4,53,kmeans,-35.674005,137.068555,2017,-0.15327950788158398,0.13910034602076124,0.11000384467512495,-0.030680507497116448,-0.2641138023836986,-0.073756247597078,0.11143406382160706,0.3238754325259515,-0.0018146866589772853,-0.01868512110726643,0.05502499038831214,-0.03164936562860432,-0.013702422145328727,0.13047289504036907,0.05071895424836594,0.0036908881199538765,-0.003137254901960776,0.07658592848904264,-0.12552095347943099,0.29013456362937334,-0.07143406382160701,-0.1250134563629373,-0.06469819300269125,-0.11088043060361401,0.07303344867358705,0.0251749327181853,0.08012302960399842,0.07523260284505956,-0.33725490196078434,-0.12312187620146092,0.02345251826220683,-0.012487504805843874,-0.008304498269896222,-0.07141868512110723,-0.0034602076124567276,0.043383314109957674,-0.15443291041906956,0.09047289504036905,-0.06537485582468278,0.14465205690119184,-0.1724567474048442,-0.12862745098039213,-0.10732795078815836,-0.09050365244136868,0.20922722029988466,-0.027343329488658183,0.13717800845828523,-0.17496347558631292,-0.18366782006920418,-0.03324875048058437,0.1503114186851211,-0.06912725874663588,-0.0422760476739715,-0.037247212610534375,0.03609381007304878,-0.23649365628604382,0.05919261822376005,0.02898885044213762,0.08221453287197228,-0.026697424067666252,0.08078431372549018,-0.03612456747404837,0.04667435601691652,-0.02891195693963857
AngMaFaFbCx09196-00,3,20,53,kmeans,-35.67013000000001,137.07042849999996,2017,-0.10965936178392924,0.025073433294886552,0.11036678200692038,0.03076355247981543,-0.2586328335255671,0.012549019607843118,0.0489473279507881,0.3475863129565551,0.01134332948865821,0.17129719338715876,0.08202691272587462,-0.030222222222222192,0.06942560553633213,0.15847443291041907,0.06539331026528256,-0.044465974625144136,-0.010583621683967703,0.06216993464052285,-0.12243291041906956,0.24069204152249135,-0.05217685505574773,-0.03276893502499035,-0.06326182237600916,-0.10616224529027292,-0.04560707420222989,0.07695809304113799,0.023969242599000396,0.07828066128412145,-0.22968396770472888,-0.12223298731257204,-0.11328258362168393,-0.06996078431372545,-0.10108727412533636,-0.18949942329873123,0.03872049211841595,0.0827743175701653,-0.0901314878892733,0.11196001537870047,-0.1697224144559784,0.14287427912341405,-0.10776163014225296,-0.14439061899269506,-0.11033910034602072,-0.06231141868512108,0.2640461361014994,-0.02789388696655129,0.10762322183775469,-0.11591541714725102,-0.11884352172241443,-0.024522875816993438,0.13853748558246826,-0.01989081122645133,-0.020389081122645102,0.00861207227989233,0.011804690503652439,-0.3072110726643598,0.09235832372164549,0.08963629373317951,0.022886582083813917,0.0011041906958862008,0.10242829680891961,-0.09412687427912339,0.1846828143021914,-6.151480199922954e-05
AngMaFaFbCx09196-00,4,10,53,kmeans,-35.9805127,138.40719289999998,2017,-0.10917647058823526,-0.004668973471741625,0.13172164552095345,0.05338254517493267,-0.24989773164167625,-0.1460545943867743,0.12231603229527101,0.3313433294886582,0.05343790849673199,0.09109111880046133,0.0866620530565167,-0.006009996155324899,0.0782529796232218,0.21059592464436755,0.0020545943867743,-0.042063821607074184,-0.10309880815071122,0.09218608227604763,-0.05957708573625523,0.18547943098808145,-0.06677431757016529,0.04051364859669355,-0.03245520953479429,-0.07950173010380616,-0.06003844675124952,0.06628835063437137,-0.07138792772010766,-0.009067281814686665,-0.14615916955017297,-0.13667973856209148,-0.13492041522491346,-0.16999615532487505,-0.2064498269896194,-0.13753479430988078,0.02606997308727408,0.024027681660899615,-0.1704698193002691,0.11763475586312956,-0.06854594386774313,0.05527104959630906,-0.11308881199538634,-0.13811918492887348,-0.0795263360246059,-0.0336301422529796,0.21881430219146478,-0.11781930026912721,0.011294117647058809,-0.047753940792003055,-0.132078431372549,0.00922722029988464,0.09974009996155324,-0.0830757400999615,-0.03802845059592462,0.05128489042675891,-0.10990234525182616,-0.27593694732795077,0.0017039600153787027,0.041842368319876935,-0.07362091503267972,-0.07440215301806993,0.08952249134948093,-0.017888504421376378,0.1011426374471357,0.1191664744329104
AngMaFaFbCx09227-00,0,138,271,kmeans,-33.67561499275362,150.2691785869565,2018,0.09070402130730093,-0.049360279491165546,-0.1073295109461801,-0.1584032897046286,-0.0606634014788069,-0.14090678613019514,0.047131036557845604,0.2428533061420078,0.0882706205528531,0.07696348673029879,0.0920907789088923,-0.1122872473797703,0.045680089597646314,0.2951444539168323,0.08188511664967205,0.13442499818910228,-0.09984966763062139,-0.09684836935626759,-0.07925246142787887,0.06882971432392221,-0.05729880926510981,-0.1207820849283163,-0.042220104864907,0.08096194886024885,-0.09725222740417563,0.12594620798020825,-0.1759916197226261,0.09870896923702699,-0.026142899330803604,-0.13169605892939726,-0.16206119162640897,-0.20059352868740554,-0.23757328563707383,-0.12058461349871004,-0.06610300386139106,-0.25225749293749894,-0.07386189258312016,0.19298307785745727,0.05703447392028706,-0.02410176687895956,-0.15970579877304714,-0.023408610957881278,0.013210526609052184,0.07103221169115552,0.133587861970591,0.004163838880252325,-0.22254896388791376,0.12851333656508923,-0.1583319681950643,-0.0685208030356217,-0.05254478489321271,-0.0901356780279602,0.1390096339757841,0.15355922192690658,-0.06254985540678329,-0.030842541051657874,-0.1364518663390335,-0.05084465840897309,-0.08878012358680323,-0.05710668694872086,0.14212326362770167,-0.07004797485916789,0.19006914843231978,-0.16268525483509683
AngMaFaFbCx09227-00,1,14,271,kmeans,-33.82358778571428,150.10079171428575,2018,0.0687471851485692,0.11437359257428456,-0.08514527379579281,-0.09071236337672323,-0.1088328664799253,-0.1254770143351458,0.08719283791948147,0.28447080793101553,0.1235349041577415,0.043381117152743405,0.13405832921403854,-0.17665732959850602,0.027461965178228118,0.20202339759433185,0.16821222606689729,0.1254418630197177,-0.020282309002032164,-0.009011918492887329,-0.10269017410885921,0.052063492063492034,-0.07476684791563679,-0.10944362058548907,-0.03147800296589221,0.10675893886966548,-0.04466414016587022,0.21578074367001698,-0.1383116383808425,0.05425605536332175,-0.023476684791563646,-0.06329433734278021,-0.15300488822980168,-0.04360520678859778,-0.08057999670456416,-0.11773933102652821,-0.050877135167792555,-0.2824715768660406,-0.11801175372109625,0.140578898225957,-0.022843961113857267,0.031684516944032466,-0.15659471631789967,-0.04650519031141864,-0.11406601856428843,0.04443126270115886,0.2727654198934476,-0.1506365683528313,-0.13861481847641013,0.0625254023177898,-0.1376877025319932,-0.11729554566924807,0.021965178228153984,-0.1462426539243148,0.003998462129950003,0.17809853353105942,-0.10712802768166088,-0.18925028835063434,-0.026635909265667015,-0.10335365518756517,0.009359037732740105,-0.15882682484758603,0.05179546328335252,-0.029448014499917574,0.09497446037238422,-0.1540462459493601
AngMaFaFbCx09227-00,2,30,271,kmeans,-33.676269233333336,150.26878843333333,2018,0.13093835704216322,-0.010227861079072122,-0.11676329616814042,-0.1426794822504165,-0.05241471229014476,-0.08951428937588105,0.0773958733820325,0.26003537101114954,0.05902550301166216,0.07841496860181978,0.13366346277072916,-0.11512495194156089,0.038192490067922524,0.32073612713059074,0.10345149301550685,0.10540971421248235,-0.10532769447648338,-0.10604536716647442,-0.04348891452005635,0.1196462898885044,-0.05205792643854922,-0.129837242086377,0.001724464949378465,0.08846443675509415,-0.09185595283865178,0.1316355247981545,-0.1516503908753043,0.08843983083429446,-0.0388937588107138,-0.13225272331154678,-0.1588209662950147,-0.14651390490836852,-0.20154504677688068,-0.1750444700756119,-0.05502499038831215,-0.2063760092272203,-0.12895963091118795,0.16296296296296295,0.010523132128668428,-0.06219966679482243,-0.17853851082916822,-0.051182365756760204,-0.011978982442650221,0.07068050749711645,0.16500525438933739,0.011388440343457651,-0.1921824939125977,0.05697500961168778,-0.14809483531974876,-0.05450621555811863,-0.06591105984877607,-0.09625426118159679,0.0837811098295527,0.16040599769319486,-0.06474637959759061,-0.07147814942970648,-0.15026630783032163,-0.06548865820838135,-0.06333769063180826,-0.08953274381648078,0.10552249134948095,-0.039070101243111575,0.18824554658464693,-0.21115775983596052
AngMaFaFbCx09227-00,3,5,271,kmeans,-33.824990400000004,150.2343768,2022,0.13265051903114183,0.08295886197616298,-0.05100807381776237,-0.0870926566705113,-0.059583237216455184,-0.06376624375240288,0.08023990772779696,0.20389696270665122,0.10052748942714337,0.12956247597078044,0.10952095347943096,-0.10852441368704341,0.047009611687812355,0.3291410995770857,-0.021050365244136837,0.1559400230680507,-0.08083044982698959,-0.0622775855440215,-0.07637677816224527,0.13621837754709726,-0.04494271434063817,-0.04468435217224137,0.0491749327181853,0.11141560938100728,-0.09003306420607456,0.09831295655517103,-0.1376455209534794,0.04774778931180309,-0.05697500961168776,-0.09838677431757015,-0.1823544790465205,-0.06424605920799688,-0.19099115724721258,-0.13987235678585158,-0.10178239138792769,-0.31296270665128795,-0.08410303729334867,0.10671587850826603,-0.012745866974240683,0.003494040753556308,-0.22029680891964631,-0.020041522491349478,-0.006385236447520204,-0.028887351018838887,0.19441138023836985,0.012918108419838537,-0.21896808919646288,0.01438216070742019,-0.15795770857362545,-0.0448688965782391,-0.1416316801230296,-0.16914109957708567,0.049507112648981125,0.12668358323721643,-0.056704344482891154,-0.07888658208381391,-0.04549634755863126,-0.001771626297577879,-0.13113725490196076,-0.05337024221453282,0.0013164167627835038,-0.0628681276432141,0.20574240676662822,-0.09521261053440981
AngMaFaFbCx09227-00,4,84,271,kmeans,-33.67343267857144,150.2692055,2018,0.09806264989655991,-0.01730982589114071,-0.12602185972428184,-0.17713260467585723,-0.054169641712894255,-0.1125486534483074,0.060484429065743896,0.23229893264495338,0.09372658867468552,0.09258490324234266,0.11057432123176066,-0.12585489097599822,0.03446220318192632,0.29773090935720686,0.09412423793046629,0.12935903773274013,-0.09154427784185566,-0.06963109426777242,-0.09655187565222165,0.09187967997656576,-0.08338990498160043,-0.11033192361912082,-0.033165998425513946,0.09899196279819115,-0.0788136431043005,0.10831511689643177,-0.19937826110836487,0.09803335713370312,0.002935134838248997,-0.14694787719009172,-0.1666743560169165,-0.16189304479961913,-0.21129309240035882,-0.08624228776477909,-0.07783380018674133,-0.2728035004851614,-0.06564288460482229,0.19972098643378916,0.05587081891580155,-0.034801266911993506,-0.17012724043865904,-0.038372054704234576,9.007524578457521e-05,0.0575727284377803,0.14817451163471923,-0.0005814613427070304,-0.2225546950806466,0.1340832280624668,-0.14076930118452607,-0.054260449277750256,-0.03818091942659413,-0.10149576170337415,0.15320261437908494,0.14283151168964314,-0.05240841434613056,-0.03283132860987527,-0.1375082843594954,-0.06764504494608299,-0.06140568645758954,-0.0731220592812288,0.10311272221306822,-0.050190219878801144,0.19448051115871182,-0.1686201277896779
AngMaFaFbCx09228-00,0,87,488,kmeans,-35.23412287356321,149.05499831034484,2023,0.10045155046467537,-0.06799153287639145,0.03351708228930515,0.005873602990892093,-0.11996446989884524,-0.1403223340271425,0.13268530671227244,0.24873050595040813,0.031712648097327704,0.09866762120669766,0.043862882092210315,-0.04619125270121569,-0.005580170314688868,0.2415035773155329,-0.004162501601947949,0.08767768364952468,-0.0682439556845952,0.006567235413435145,-0.03788887563138843,0.22508690291532435,0.002659984886449515,0.034120917242263134,-0.044280758505791294,0.07032768121898293,-0.09010716479514949,0.19538515248335075,-0.07729794464551651,0.02105503188428852,-0.046905390057758484,-0.0662846738875852,-0.10773575150141189,-0.1627384692890002,-0.22472842010367364,-0.15166156252900073,-0.05847017283361391,-0.17119427983048074,-0.12292425106170479,0.05995289168180228,0.006735517285570966,0.006464710743436427,-0.22131328799268185,-0.06886829557155291,-0.012253465731570955,0.027359238489175222,0.28496131019457593,-0.02077856880863681,-0.11842235744872656,0.021292606292009693,-0.1459399788763826,0.02521258401940897,-0.11684347753074631,-0.14791552320725448,-0.12237910264398748,0.1419613146137427,-0.08811394379703646,-0.22940566625568415,-0.016080110655936918,0.0010068629660563776,-0.09196392192216074,0.03342940601978902,0.07087000136994168,-0.09367431624441525,0.05358504907484742,-0.018327875662322628
AngMaFaFbCx09228-00,1,115,488,kmeans,-35.70003391304348,148.7397218086957,2022,0.09703451849623053,0.026685656018588147,0.007270514684987371,-0.05089948681945069,-0.12567848486368116,-0.07823024589204818,0.12234919679721842,0.2745341423867074,0.0542351938217742,0.12386353074904297,0.12164364876385333,-0.04630727312237766,0.049694866522909206,0.30169854403824614,0.038691205723551135,0.09832472460424917,-0.06211604232485831,-0.036844156929609,-0.08856205807131033,0.19704153920732828,-0.06022834027046452,-0.026496297410694872,0.015607107634187508,0.08490059007405175,-0.07989595974792302,0.1390635708673921,-0.12001805325710843,0.032909884158266865,-0.08708677264597225,-0.05586667335305816,-0.14709847383113517,-0.09606311953596439,-0.1819233405212042,-0.15834712401584672,-0.10768246326663652,-0.2010426758938869,-0.12392076626046834,0.10496297410694881,-0.0032870300720458795,0.027658659712819472,-0.18573939789044344,-0.05777095765842565,-0.022410109823980735,-0.004092606522574933,0.27186386506861904,-0.01913912709158684,-0.1025146849873794,-0.01974946090968355,-0.1269055714357354,-0.009565819166541298,-0.10794082543503332,-0.15331414338966615,-0.036502348595021966,0.09970907510489271,-0.09571649699948179,-0.16700359393544287,-0.051865536666499484,-0.018908045400598424,-0.05439299266168526,-0.032742456914564615,0.01680584390618993,-0.05132206676361931,0.14707868211223105,-0.0433353058188322
AngMaFaFbCx09228-00,2,76,488,kmeans,-35.07912143421052,149.04965440789474,2017,0.00038446751249515687,0.02424492604059167,0.08581072057305891,0.05296748214249579,-0.16082802161112122,-0.0776179202331087,0.15905947105364332,0.3311042311661507,0.03052186406038162,0.042534247961310404,0.14269005847953214,-0.07964386167263598,0.04520690422711911,0.20973067038993098,0.06038568162042935,-0.01224549262429429,-0.04931949250288348,0.05857908901434669,-0.09870292802363459,0.12319796029867053,-0.033837188126024376,-0.005584087092009129,-0.08554604504340434,0.04594993828284666,-0.06999089419049351,0.08220401060320928,-0.055074364110969456,0.025408041441550795,-0.09458710212671237,-0.09948724174912481,-0.16267751269754543,-0.1329577692790222,-0.17367085533903961,-0.18286569942734573,-0.06712640887108196,-0.06520649952447438,-0.14488354681397841,0.06883587284242901,-0.08686051923349315,0.07014710941135997,-0.1504174507780408,-0.05117141180517611,-0.06302838989052788,0.038759181691252316,0.2957769279022238,-0.08082235577409495,-0.027836257309941506,-0.07127784860074057,-0.14791557902830893,-0.032700783099617534,0.020386491025718836,-0.11463202412027759,-0.12403812298913368,0.12052449462757235,-0.07718165078208786,-0.20466136506202065,-0.044014650235739264,-0.021810234929885253,-0.028932192071875168,-0.04489852081183349,0.09671583803800154,0.009272546996094602,0.13750743641109692,-0.030491106659382018
AngMaFaFbCx09228-00,3,136,488,kmeans,-32.52825967647059,151.7579425147059,2017,0.07011963724359406,-0.024851980007689338,-0.07841056607187274,-0.05958839360426984,-0.129960422461949,-0.08983241739602413,0.10515412624103848,0.31812153696542056,-0.0011660673496618756,0.10594793857566093,0.04725648506230634,0.029252549924237294,0.020880656760974267,0.3164307845398828,0.02413867969333061,0.13377569713006304,-0.14692493837211928,-0.0664703620779338,-0.04036230409118662,0.16314494425221066,0.009272451771942924,-0.05706447746341902,0.004740710586426047,0.08083632991835715,-0.07188049845082205,0.15665377569713004,-0.13830246285365352,0.08742203225003958,-0.08714476332632243,-0.05524391071307412,-0.09868195490422232,-0.14153379921749548,-0.17776556528032203,-0.16698328697107442,-0.11855802067078272,-0.10045774249722954,-0.13613406608318065,0.12625913110342174,0.030746545446321535,-0.05290499129294157,-0.18093267295384127,-0.07079946626862968,0.05821109528009587,0.03346540923174342,0.24391930705384804,0.0012940724155867788,-0.11030011081710653,0.043606757581925476,-0.08964199289865886,0.011940656308659536,-0.09262319922201864,-0.12503833367256934,-0.030980844471583318,0.11271592373973806,-0.09308682181061578,-0.11858923038650289,-0.14586561729651487,-0.009543840604292461,-0.00685392496098787,0.017986747178686917,0.12064454847683014,-0.09153040685709113,0.14294954429291898,-0.11873578035597163
AngMaFaFbCx09228-00,4,74,488,kmeans,-37.24748062162162,152.25507394594595,2024,0.08083793135696248,-0.05704084707544912,0.13511393746687864,-0.033724243274416275,-0.15588598979602436,-0.137269449380176,0.13428930660764568,0.1879933913151906,0.02954206801957665,0.09200453048203909,0.10013695356255907,-0.052672464852395615,0.023928426696592744,0.17512682232405413,0.010323680081465544,0.019256626869083613,0.022275839853694523,0.06013653792200506,-0.02860853933518292,0.19795297027130934,-0.05308228643868778,0.08382139925392518,-0.09897897897897895,0.051041491318307895,-0.10171139998129615,0.15076363560792622,-0.04323077402662174,-0.021693111796918,-0.08270498872574997,-0.08476656587383227,-0.09788002535407378,-0.1526714257510105,-0.19964047092074774,-0.12978958196951274,0.03826386940573788,-0.11139083720398596,-0.15155085881729477,0.03190789405322276,-0.08461194758772611,0.06337520911915372,-0.18807402558267608,-0.062250485779897516,-0.08280307989650545,0.035324459407504366,0.2822789571578499,-0.005918721489655742,-0.08319710714174379,-0.002390764466889031,-0.11581574654239012,-0.01991998919334559,-0.027505429304737247,-0.06878269272732938,-0.14888410902251734,0.07916622504857795,-0.05912486881345009,-0.29017529640367,0.08281388655091076,0.013863275039745607,-0.059262861477394325,0.025738125668921495,0.056322620198052696,-0.026892775128069223,0.01323565780313181,0.03941020605380465
AngMaFaFbCx09246-00,0,8,91,kmeans,-32.481366,149.128017,2024,0.00894271434063822,0.056839677047289455,0.1013071895424836,0.05317185697808531,-0.16110726643598614,-0.04951172625913107,0.18455209534794306,0.32466743560169165,0.060884275278738936,0.04346020761245674,0.15337946943483274,-0.10331410995770854,0.05201845444059973,0.2321337946943483,0.009557862360630505,-0.09597078046905033,-0.035624759707804675,0.09437139561707031,-0.11473279507881581,0.11840061514801994,-0.057116493656286016,0.05813917723952324,-0.0954863514033064,0.011795463283352584,-0.09777777777777774,0.011787773933102638,-0.04385236447520184,0.058831218762014574,-0.03364090734332946,-0.09936947327950788,-0.18563629373317952,-0.13426374471357166,-0.22269896193771627,-0.19101883890811225,-0.053533256439830805,-0.09001922337562474,-0.2202076124567474,0.045520953479430984,-0.09867743175701649,0.07961553248750475,-0.1440599769319492,-0.007435601691657046,-0.049996155324875016,0.021722414455978438,0.25474817377931563,-0.10238369857747016,-0.05618608227604765,-0.1513494809688581,-0.16693579392541325,-0.08559784698192999,0.04959630911188005,-0.12372164552095347,-0.1282122260668973,0.136716647443291,-0.09182622068435212,-0.1661899269511726,-0.03959246443675507,-0.052149173394848106,-0.023191080353710078,-0.06500576701268738,0.06545943867743173,0.0723414071510957,0.19920799692425986,-0.018400615148019987
AngMaFaFbCx09246-00,1,29,91,kmeans,-32.33380672413793,149.2234945172414,2022,0.11190603083694595,0.05991329594718209,-0.01851171300163064,0.0015272640496360977,-0.11176815283246494,-0.11406753370719482,0.1666605682164684,0.2590642856195893,0.11241087645335344,0.11807023823728272,0.17309628922562936,-0.09891155921462566,0.06464993570112286,0.2681663551154065,0.012612655609911289,-0.006518447811849525,-0.049317901602831754,-0.007161171432738055,-0.10383062217449518,0.14745734399236365,-0.10375425897201337,-0.016787177345583243,-0.010883877553726008,0.06464145090084711,-0.06740749579074358,0.11256572405838601,-0.10229275212451441,0.032369513052009136,0.005782391387927709,-0.032736480663935585,-0.1759302125177319,-0.11047209959034321,-0.23513290644181944,-0.2158278646144056,-0.1369404340505641,-0.2249787217118084,-0.20111309973617572,0.09753914277002211,0.06710628538095424,0.05607392382240249,-0.12849805777618686,-0.03408344270771183,-0.05696907025149474,-0.039749168091847906,0.2417277174561508,-0.10982513356931684,-0.11116361081281731,-0.08433891474101471,-0.1428607034429728,-0.011755690782059944,-0.07780349732861362,-0.15450609182144795,-0.08457648914873586,0.16128332604170806,-0.12065810232138827,-0.11666812499171401,-0.07473624202892783,-0.10249002373092574,-0.05520211059406854,-0.1306107730448501,-0.01484627928250408,0.03869705285765418,0.17112357316151608,-0.0006045420196475887
AngMaFaFbCx09246-00,2,19,91,kmeans,-35.1158607368421,142.98979557894737,2019,-0.17509702745907443,0.11315485946700657,0.1831101398247637,0.059983407191565974,-0.24944252210688195,-0.04339707399987856,0.1514332544163176,0.3331220785527833,0.004215382747526267,0.035759525688500333,0.08794674113195326,-0.01700074869989273,0.006255084076974435,0.19044658936846148,-0.003732977195005975,-0.09798660434245936,-0.04726926890467226,0.054832351929419834,-0.08496165442441163,0.11834476618304698,-0.040557680244440356,0.018684311701976958,-0.08507173354377869,-0.1456152491956535,-0.02040348853679757,-0.06565571946012663,-0.022715150043505522,0.03326331977579473,-0.09037495700034398,-0.17747020376778158,-0.14246180618790344,-0.16703858839717514,-0.12478115704486126,-0.16080940528946355,0.044335984135656294,0.019079301483235174,-0.21289625447702298,0.053912867520589214,-0.08703373196543836,0.04567959691616583,-0.09545154697585945,-0.003091928205750825,0.01835083672271798,0.02168558651530786,0.16368117525648027,-0.10458811388332417,-0.015414314332544154,-0.11957829984418945,-0.07815617475060198,-0.06049171371334909,0.176706125174528,-0.07085533903964059,-0.07577976082073694,0.04250672818146867,-0.022096764402355383,-0.24196685485339645,0.003927234464477217,0.01654424411663529,0.010544932111131347,-0.04862583216981321,0.1280543920354519,0.06730366862947447,0.12196442663752805,0.13344179364212144
AngMaFaFbCx09246-00,3,24,91,kmeans,-34.50924375,146.73828266666666,2021,-0.03084967320261437,0.026315519671921042,0.07659361783929255,0.08636678200692038,-0.1839266948609509,-0.07242599000384464,0.1858618480071767,0.3190106369345123,0.010413943355119817,0.053676790977829,0.11826733307702161,-0.06572343970267841,0.05002434960912468,0.30716903754966035,-0.05352044085608096,-0.048153274381648056,-0.06188132769447645,0.0114315007048571,-0.10314494425221066,0.17860822760476736,-0.04745866974240673,0.006548763296168136,-0.016316801230296035,-0.03168012302960396,-0.05276688453159039,0.08291938997821346,-0.05976419325900292,0.002511854414968581,-0.04305523516596177,-0.07872869409201586,-0.18138151992823268,-0.18879149045239008,-0.25460976547481734,-0.23140330642060747,-0.01819043957452262,-0.1252390106369345,-0.19249775727284374,0.067676534666154,-0.006048955529924391,0.06213251313597331,-0.1680456234781494,-0.04167115212097907,-0.007604767397154939,0.00710752274766115,0.2575932333717801,-0.07852877098551837,-0.07494553376906316,-0.0409996155324875,-0.11699602716903752,-0.05057285659361783,-0.005318467256183498,-0.14025118544149684,-0.07946687171600662,0.10509547609893627,-0.08039984621299498,-0.14793028322440085,-0.044536716647443284,-0.0257977700884275,-0.08592848904267586,-0.0651800589516852,0.09412021017557347,0.02190439574522618,0.13500192233756245,0.06428296808919642
AngMaFaFbCx09246-00,4,11,91,kmeans,-34.50820663636364,143.20006700000002,2024,-0.04536437034706929,0.0697745622313096,0.08840795498234941,0.06685540526370971,-0.20384886931599733,-0.11204082345950855,0.1739191220160078,0.31263500052427384,0.029655726818356556,0.10681765754430111,0.1315577924574464,0.029974485337807104,0.07534444793960364,0.19922966691132782,0.008494634930621102,-0.06084932368669391,-0.10597881933522071,0.08492398028730205,-0.1453706616336374,0.13017091328510008,-0.09004648561741982,0.006576491559190519,-0.05949599804271082,0.005150466603753817,-0.033821956590122645,0.014830659536541863,-0.12168746286393343,0.024018734053336113,0.008567334242074724,-0.11389185977421268,-0.1983069448813393,-0.19702072629408265,-0.1748474363007235,-0.19963790150641356,-0.05012897137464608,-0.014400055922547252,-0.18056272063192477,0.07166474432910415,0.006705113417916186,0.05968613470343568,-0.08367131522840862,-0.05626367481038759,-0.024231239732969805,-0.012381251966027046,0.25188074516794245,-0.12585369263569954,-0.09935758973821254,-0.10033623431547305,-0.07239173744364052,0.007543951626996601,0.08827933312362375,-0.12980741672783191,-0.0495865226661074,0.07963370731536817,-0.13682010415574425,-0.21786305966236763,-0.07942120163573446,-0.03872077173115232,-0.09837335290622486,-0.08666317150746213,0.08518681625948057,0.1349243298032225,0.1373122225717381,0.11546887560728386
AngMaFaFbCx09278-00,0,2,17,kmeans,-27.186844999999998,132.53535599999998,2023,-0.2849980776624375,0.22529796232218371,0.11004998077662434,-0.038446751249519344,-0.26801999231064977,0.13081122645136478,0.04075355632449055,0.2326797385620915,-0.0632372164552095,-0.04976547481737789,-0.130718954248366,0.06905036524413685,-0.034663590926566706,0.01599384851980004,-0.09897731641676275,-0.15403306420607452,-0.048473663975394,0.08652056901191844,-0.14775855440215296,0.0434602076124567,0.040015378700499746,-0.03598615916955015,-0.08027681660899649,-0.09411764705882349,0.017839292579777052,-0.1196462898885044,-0.0665897731641676,0.08196847366397536,0.1085736255286428,-0.21791618608227603,-0.17620915032679735,-0.1685505574778931,-0.026851211072664298,-0.1281045751633987,0.0842752787389465,0.04066128412149169,-0.0967320261437908,-0.09362552864282964,0.08519800076893498,-0.007381776239907751,0.022452902729719316,0.07541714725105725,0.17682429834678964,0.16639753940792001,0.0521645520953479,-0.06323721645520948,-0.14139177239523254,-0.1206305267204921,-0.03189542483660125,-0.12219915417147251,0.09636293733179548,-0.06782006920415226,0.0539484813533256,0.0913187235678585,0.010549788542868095,-0.2074894271434064,0.0167320261437908,-0.07938485198000765,-0.04656670511341785,-0.08907343329488654,0.27712418300653596,0.19297193387158784,0.15434063821607072,0.1537870049980776
AngMaFaFbCx09278-00,1,2,17,kmeans,-27.128203499999998,136.097946,2019,-0.1982314494425221,0.18568242983467895,0.0581007304882737,-0.017993079584775085,-0.2640522875816994,0.07480199923106494,-0.017500961168781193,0.2642983467896962,-0.13237985390234522,-0.044290657439446414,0.043337178008458245,-0.0084275278738946,-0.08873510188389079,0.09943867743175695,-0.13142637447135716,-0.0915647827758554,0.0711111111111111,0.13954632833525565,-0.0497654748173779,0.1088196847366397,-0.0016301422529796557,0.0405997693194925,-0.10854286812764316,-0.028788927335640146,-0.11466359092656667,-0.09996155324875045,-0.18829680891964629,0.1663360246059207,0.0509650134563629,-0.1876201460976547,-0.13560938100730485,-0.164398308342945,-0.07360246059207996,-0.1896193771626297,0.12256824298346783,0.06422145328719721,-0.1728565936178392,-0.03300269127258745,-0.0967320261437908,0.01688581314878895,-0.09205690119184926,0.053917723952326,0.1381007304882737,0.20484429065743948,0.1630142252979623,-0.14594386774317566,-0.142714340638216,-0.04838139177239519,-0.08381391772395229,-0.10734332948865818,0.12653594771241833,-0.051334102268358245,0.04041522491349474,0.030296039984621253,0.019284890426758947,-0.11226451364859664,0.020915032679738498,-0.12007689350249899,-0.054409842368319895,-0.07560169165705495,0.2404306036139946,0.03844675124951935,0.05982314494425215,-0.03100346020761245
AngMaFaFbCx09278-00,2,7,17,kmeans,-21.459519857142855,132.44394928571427,2024,-0.20629428241884987,0.24205195803811722,0.00933267424616907,0.008866919316746318,-0.23465260614049543,0.2197045092546822,-0.0006327236777063788,0.22982808809798427,-0.09250068654912943,-0.1225462734113253,-0.1306838029329378,0.00446421705937277,-0.14028889987367493,-0.025326522765969098,-0.09588400065908712,-0.17568627450980387,0.00934146207502605,0.036170703575547816,-0.10764211566979731,0.0063623880924919135,0.1365013456362937,-0.04999395836766073,-0.0820607458669742,-0.006283297632778587,0.03742736310210353,-0.07099686933596966,0.03743615093096059,0.05944966221782826,0.11003240511891027,-0.05570604712473222,-0.23789531498874056,-0.1332234854726204,0.014666886362388068,-0.19758554402153017,0.1114736090514637,0.0814192343604108,0.021468665897731637,-0.11615752183226226,0.0038666446970945095,0.022865930685999875,-0.07655077717361451,0.10017246114131922,0.179183830394903,0.19168891085846101,0.025185917504256604,-0.09054100071401106,-0.17890261987147799,-0.09311583456912172,0.03854341736694673,-0.1225814247267534,0.1326786400834844,-0.003365738452243623,0.003374526281100673,0.11983962212335912,0.02164442247487227,-0.07460866699621019,0.016266271214368085,-0.11788872411709778,-0.06384357664634475,-0.08592739056406873,0.30483220739276107,0.21118910309221728,0.11522601197341678,0.03315647827758548
AngMaFaFbCx09278-00,3,5,17,kmeans,-22.667853,134.27797059999997,2018,-0.16259592464436753,0.24758477508650514,0.022071510957324084,0.08680968858131483,-0.1771011149557862,0.13151864667435598,0.03337793156478274,0.2624467512495194,-0.06569780853517876,-0.07015148019992305,-0.017076509034986573,-0.015366397539407897,-0.0898854286812764,-0.0019069588619761851,-0.08714186851211068,-0.18282199154171472,0.04005843906189921,0.13353633217993074,-0.11123106497500959,0.011269511726259132,0.0911895424836601,0.03300884275278735,-0.15949557862360628,-0.010199154171472519,-0.051155709342560515,-0.060592079969242596,0.01492349096501347,0.13078046905036522,0.08883967704728948,-0.10380007689350246,-0.18957631680123027,-0.1908681276432141,0.026611303344867356,-0.23216916570549787,0.11370396001537866,0.10073663975394076,-0.0634832756632064,-0.073116493656286,-0.06587004998077658,0.08320492118415992,-0.073436370626682,0.08861822376009222,0.14742637447135712,0.20665282583621683,0.07992003075740096,-0.14357554786620527,-0.15472202998846596,-0.10162245290272967,-0.029477893118031534,-0.12192233756247592,0.15956939638600537,-0.05213994617454822,-0.013434832756632036,0.10478431372549016,0.01910649750096116,-0.11104652056901193,-0.012106113033448636,-0.11981853133410222,-0.06793694732795076,-0.07143098808150708,0.2823529411764706,0.1754156093810073,0.09868204536716646,-0.00095963091118801
AngMaFaFbCx09278-00,4,1,17,kmeans,-23.705246,133.885821,2024,-0.1663360246059207,0.3368550557477893,0.05173394848135329,-0.1537870049980776,-0.3014225297962323,0.07111111111111108,0.1085121107266436,0.2364628988850442,-0.0888273740868896,-0.186082276047674,0.09356401384083042,-0.0415840061514801,-0.055363321799307905,0.0448442906574394,0.0384467512495194,-0.008858131487889196,0.1190926566705113,0.1358861976163014,-0.022206843521722395,0.1998615916955017,0.007443291041906903,-0.0797231833910034,-0.1537870049980776,-0.003014225297962303,-0.0629911572472126,-0.07535563244905802,-0.1663360246059207,0.1137408688965782,0.017777777777777698,-0.0669896193771626,0.017777777777777684,-0.1085121107266436,-0.0246059207996924,-0.2519646289888504,0.07535563244905802,0.0669896193771626,-0.17937716262975767,-0.12456747404844289,-0.13016532103037293,0.1663360246059207,-0.1358861976163014,0.09356401384083042,0.038446751249519406,0.1663360246059207,0.1190926566705113,-0.186082276047674,-0.09842368319876971,-0.0384467512495194,-0.10340638216070737,-0.1929104190695886,0.12456747404844291,0.035432525951557,0.024605920799692396,0.029773164167627802,0.0888273740868896,-0.0711111111111111,0.0448442906574394,-0.1190926566705113,0.0415840061514801,-0.0629911572472126,0.0797231833910034,-0.10851211072664362,-0.013840830449826903,-0.2069357939254133
AngMaFaFbCx09283-00,0,4,44,kmeans,-14.0537525,136.702295,2018,-0.02740484429065744,0.116478277585544,-0.1851441753171857,0.0899653979238754,-0.18703575547866202,0.07678585159554012,0.06829680891964625,0.28204536716647444,-0.10202229911572469,0.022483660130718897,-0.039215686274509776,0.0646059207996924,0.004752018454440579,0.020684352172241446,-0.12003075740099958,0.01345636293733178,9.227220299887207e-05,0.07184928873510187,0.036462898885044205,-0.06552864282968086,0.22700499807766236,0.10706651287966162,-0.14857362552864276,0.1640599769319492,-0.02219146482122255,0.26262206843521724,0.015178777393310226,0.2071510957324106,0.05497885428681272,0.0054748173779315505,-0.06865051903114185,-0.043890811226451325,-0.03598615916955014,-0.16262975778546715,-0.14752787389465588,0.11955401768550555,-0.18076124567474047,0.11249519415609377,-0.06232987312572082,0.13130334486735867,-0.1050519031141868,-0.04559784698193002,0.041045751633986875,0.06966551326412915,0.17946943483275657,-0.10852748942714337,-0.036816608996539775,0.011257208765859249,-0.024144559784698164,0.03526336024605918,0.03341791618608227,-0.00725874663590925,-0.18523644752018448,0.33647058823529413,-0.07100346020761242,-0.10431372549019602,0.021191849288735097,-0.08862745098039213,0.007812379853902346,-0.03218762014609761,0.17387158785082657,-0.02532871972318341,0.015347943098808142,-0.26817377931564784
AngMaFaFbCx09283-00,1,8,44,kmeans,-13.801103875,136.669726375,2021,0.024021530180699694,0.0464129181084198,-0.17229527104959624,0.03763936947327948,-0.2067435601691657,0.15873125720876585,0.11477893118031524,0.25564782775855444,-0.14216070742022294,0.06292964244521333,-0.062452902729719276,0.13298731257208762,-0.04030757400999613,0.09560169165705495,-0.16471357170319104,0.08316801230296038,-0.08715878508266048,-0.03778546712802767,0.0247750865051903,0.020353710111495532,0.2368319876970396,0.11547097270280658,-0.09832372164552092,0.20790465205690117,-0.01459438677431756,0.2631833910034602,-0.047896962706651225,0.16631295655517106,0.052541330257593194,0.07600922722029986,-0.08722798923490963,-0.016370626682045347,-0.14924259900038445,-0.1245828527489427,-0.13143406382160705,0.07475586312956552,-0.1065743944636678,0.06965782391387924,-0.006981930026912733,0.06485198000768931,-0.1645905420991926,-0.03538638985005761,0.06175317185697805,-0.0012456747404844346,0.10146097654748171,-0.07298731257208761,-0.06337562475970779,-0.03973087274125334,-0.06071510957324101,0.016847366397539365,-0.07287197231833906,-0.06846597462514413,-0.13933871587850824,0.3104036908881199,-0.04736639753940786,-0.056278354479046486,-0.025274894271434013,-0.06112264513648592,-0.03380238369857741,0.11002691272587464,0.17863898500576697,-0.045121107266435964,0.0895655517108804,-0.30825067281814683
AngMaFaFbCx09283-00,2,12,44,kmeans,-13.909089083333335,136.63520325,2021,0.028189158016147613,0.11340253748558243,-0.12744841727540687,0.06980904780212734,-0.1885992566961425,0.12539792387543247,0.12228117390747145,0.22580033320517745,-0.11027040881712158,0.022657952069716762,-0.03232602845059589,0.0823426887094707,-0.024898116109188725,0.061965910547225375,-0.15349993592208122,0.0022247853389721836,-1.537870049983514e-05,0.021689093938228876,-0.02688709470716387,-0.06761501986415476,0.25825964372677174,0.12845315904139432,-0.17860310137126742,0.19831859541202096,-0.019095219787261287,0.2325823401255927,-0.0003844675124952089,0.20981161091887734,0.08824298346789694,0.03328976034858385,-0.10847622709214402,-0.015250544662309361,-0.10696911444316283,-0.151516083557606,-0.17934640522875814,0.13018582596437264,-0.15600153787004994,0.11377162629757782,-0.04068691528899138,0.10996283480712542,-0.1044367550941945,-0.05545046776880684,0.05129309240035879,0.047376650006407756,0.12172241445597844,-0.09497372805331279,-0.06305779828271174,-0.055783672946302654,-0.0031475073689606406,0.02602076124567472,-0.007351018838908097,-0.01591695501730101,-0.16711521209791103,0.3252236319364347,-0.05058567217736761,-0.07784185569652693,-0.03859028578751757,-0.08579264385492755,-0.03511469947456104,0.06173523003972827,0.17911572472126103,0.015676022042804064,0.08909393822888628,-0.2737818787645777
AngMaFaFbCx09283-00,3,5,44,kmeans,-14.1024318,132.9749732,2023,0.037536332179930756,0.12359554017685503,-0.08922106881968471,0.045742406766628156,-0.13498808150711264,0.20493041138023832,0.08879046520569009,0.2649073433294886,-0.13822376009227216,-0.09038985005767008,-0.06793694732795073,0.0007381776239907406,-0.0571472510572856,0.048756632064590494,-0.11557400999615527,-0.044905805459438675,0.029920799692425948,0.06439369473279502,-0.042592848904267525,-0.1384206074586698,0.2116355247981545,0.027829296424452112,-0.18925643983083426,0.19094194540561318,-0.0252456747404844,0.1513018069973087,0.0349404075355632,0.21560938100730487,0.08530872741253362,-0.007332564398308313,-0.113679354094579,-0.08855670895809299,0.037327181853133384,-0.20705882352941177,-0.17054363706266815,0.16783698577470202,-0.16690196078431369,0.030535947712418257,-0.08970088427527872,0.05036831987697038,-0.10581776239907724,0.03174163783160323,0.051327950788158355,0.11846520569011917,0.1709496347558631,-0.05062668204536712,-0.12136870434448285,-0.07945251826220681,-0.03587543252595152,-0.009830065359477128,0.025171856978085314,0.04667743175701652,-0.19078200692041525,0.21250903498654364,-0.02839523260284501,-0.03177854671280275,-0.01674432910419068,-0.07603229527104956,0.06521799307958473,0.03458362168396766,0.259838523644752,0.06257285659361782,0.10525182622068432,-0.2568858131487889
AngMaFaFbCx09283-00,4,15,44,kmeans,-13.970479933333333,136.0423808,2022,0.052008714596949876,0.03138485198000768,-0.16844803280789433,0.05204972446494934,-0.15645674740484428,0.12291887735486347,0.15436114315007046,0.26851621171344353,-0.12062232474689219,0.09517980264001022,-0.013582468281430199,0.09762399077277964,-0.000943226963988214,0.11256388568499293,-0.14322286300140966,0.049650647186979355,-0.06701422529796228,-0.04346225810585671,0.021374343201332795,0.001898756888376249,0.1959738562091503,0.08597718826092526,-0.1360953479430988,0.1804311162373446,-0.04444649493784438,0.2851006023324362,-0.01442317057541971,0.19152428553120593,0.1032546456491093,0.054510316544918606,-0.0697249775727284,-0.02912520825323589,-0.17786389850057668,-0.12053620402409328,-0.15783057798282707,0.07192310649750092,-0.1500058951685249,0.1447238241701909,0.05355068563373057,0.08165474817377927,-0.09308419838523642,-0.04134204793028319,0.05512136357811094,0.02266205305651671,0.12290657439446363,-0.062478533897218975,-0.08915955401768547,0.00048391644239396264,-0.02684916057926437,0.03145456875560679,-0.08079354094579005,-0.049966423170575376,-0.1496942201717288,0.3303672946302704,-0.09719748814558501,-0.036314238113546046,-0.0726120722798923,-0.07886197616301419,-0.02511034217608609,0.06840445982314491,0.1698710752274766,-0.03292682301678839,0.06500884275278736,-0.2935855440215302
AngMaFaFbCx09346-00,0,12,68,kmeans,-29.832015249999998,150.27190591666667,2019,-0.04882224785338972,0.09761886453927973,0.0094886582083814,0.02490324234268867,-0.17824939125977185,-0.0029885941304626656,0.06715365884916055,0.33380494681532746,0.02025374855824682,-0.009801358451877457,0.15579136229655258,-0.07274125336409071,0.028814558503139798,0.1313956170703575,0.014112520825323605,-0.05380494681532742,0.0142714340638216,0.018285274894271418,-0.07114699474561062,0.07604254773804944,-0.043260284505959215,-0.004572600281942836,-0.12990900935537608,0.011856978085351785,-0.09901832628476225,0.06573881840317827,-0.08563885684992947,0.1302217095988722,-0.0019120850954761001,-0.10512879661668585,-0.15092144047161343,-0.13155965654235546,-0.1112546456491093,-0.18419069588619758,-0.010590798410867606,0.014076637190824033,-0.2279482250416506,0.07076765346661537,-0.07844162501601946,0.033300012815583736,-0.1449032423426887,0.0002768166089965156,0.056014353453799785,0.12820709983339734,0.21991541714725105,-0.14003332051774958,-0.0806048955529924,-0.06254517493271816,-0.12602845059592466,-0.16109701396898624,0.12222478533897214,-0.08025118544149684,-0.08287581699346401,0.18888119953863897,-0.06648724849416884,-0.19813405100602327,-0.03375112136357809,-0.14528770985518386,0.03302832244008712,-0.09686018198128923,0.164957067794438,0.02056132256824296,0.16328078943995897,-0.11934384211200816
AngMaFaFbCx09346-00,1,14,68,kmeans,-30.546778999999997,151.36501992857143,2022,0.1487515790629977,0.07650244411490084,-0.025954852529246984,-0.05646619432086559,-0.08313725490196074,-0.1205558301752073,0.15622123359147577,0.2514066018564288,0.11613115834569118,0.035388586807271916,0.19429010820014278,-0.1657604218157851,0.057323007634426285,0.20392156862745098,0.061716922062942776,0.012294172570989156,-0.07650244411490081,0.033464052287581675,-0.06335145823035093,0.15958697204371944,-0.09203053770527814,-0.011358268797715142,-0.03272148074916239,0.1084110506947877,-0.08187620146097652,0.04789366727082987,-0.07601911352776401,0.089723732630307,-0.013629922557258208,-0.08756192673147688,-0.13992420497610805,-0.07065853792497385,-0.18723787554237378,-0.13126819355193056,-0.09465370461910247,-0.2167649805020047,-0.13476574943702968,0.022123359147580617,-0.011037513044433442,0.07051353874883286,-0.2163914977755808,0.026679848409952203,-0.06649750096116876,0.005430878233646429,0.22290327895864226,-0.1010951831713077,-0.10679848409952211,-0.15161201735596197,-0.22096116878123795,-0.09327401548854833,-0.02387213709013014,-0.12024386225078264,-0.04217718459932991,0.1966188828472565,-0.10390728840555824,-0.1652243642555061,-0.04578898225957045,-0.13155379798978414,-0.04964244521337943,-0.11692206294282417,-0.017478991596638654,0.02456198165540721,0.10952710495963086,-0.18729499642994452
AngMaFaFbCx09346-00,2,16,68,kmeans,-28.924586562499996,151.68000156250002,2024,0.06945790080738175,0.0022029988465974565,-0.07439061899269508,-0.041476355247981524,-0.09477508650519026,-0.11704344482891194,0.12240292195309493,0.32159938485198,0.04861591695501726,0.04599384851980003,0.08789696270665125,-0.07049980776624373,0.061968473663975385,0.23074202229911572,0.030161476355247942,0.059965397923875396,-0.11594771241830065,0.016128412149173384,-0.07559784698192999,0.09625913110342173,0.00825067281814687,0.005309496347558625,-0.08071510957324105,0.11733948481353322,-0.1430142252979623,0.07022299115724719,-0.11944252210688196,0.1683506343713956,0.015590157631680132,-0.09657054978854283,-0.15668204536716643,-0.15635140330642058,-0.17935793925413301,-0.14868512110726642,-0.08532103037293345,-0.1355632449058054,-0.1311495578623606,0.11496732026143787,-0.0059284890426759,0.006947327950788146,-0.1828104575163398,-0.016389850057670113,0.023060361399461722,0.08108419838523642,0.21278738946559014,-0.0844444444444444,-0.15207996924259895,-0.025247981545559402,-0.17875048058439058,-0.08757016532103033,-0.012237600922722039,-0.08848519800076893,-0.02428296808919644,0.15609765474817378,-0.0955555555555555,-0.10671280276816607,-0.1119415609381007,-0.09008842752787385,-0.05658208381391769,-0.03848135332564395,0.07849288735101881,-0.040288350634371375,0.1339407920030757,-0.20923490965013455
AngMaFaFbCx09346-00,3,13,68,kmeans,-30.363546307692307,151.37886230769232,2024,0.06541389406441306,0.08755922278413622,-0.04450359329252061,-0.021180019519119846,-0.0908999497234791,-0.09931328187383548,0.11613048235885604,0.31496998195960135,0.08812705172566761,0.009336054180344848,0.16705527459852718,-0.18435512968384937,0.030710081921154556,0.2179989944695827,0.10504362227545613,0.06397066217135419,-0.030454558897465463,-0.0057398042173128425,-0.102786502232869,0.06503534143672549,-0.012350279478307132,-0.0602987016827847,-0.03224322006328925,0.0818903971845148,-0.07852601070594149,0.12931830952592194,-0.05661254547067694,0.08598822937923281,-0.04917871824446217,-0.06580664241563892,-0.15383432407653858,-0.06519149439564662,-0.11296010410197259,-0.15964510691154288,-0.07284772129062783,-0.2262656374767101,-0.1094632242037086,0.11110519622630345,-0.06497382663472626,0.025954514535829393,-0.18137875964865582,-0.060355484576937846,-0.06918049270990446,0.047839588324017385,0.26935912223109454,-0.13683731109336641,-0.08496140537663024,0.009766657794339474,-0.16411675982610235,-0.1079395498772661,-0.00996539792387545,-0.129819891757608,-0.07282406175139737,0.2121077692011948,-0.04015970188980566,-0.15009138497027769,-0.030076006269777855,-0.10786857125957466,-0.014086889657823898,-0.09498358619465883,0.06011415727678701,-0.03888208677136011,0.13031674208144794,-0.15851418093632624
AngMaFaFbCx09346-00,4,13,68,kmeans,-30.415673846153847,151.42719984615385,2023,0.0792168692514713,0.070008576582971,-0.018752550794073272,-0.01526986661934758,-0.10984650873924226,-0.10950581137432346,0.17929198828852805,0.3281814686658977,0.11736077839884065,-0.060450122733859746,0.16364356904149285,-0.2218034483778428,0.05039481856090848,0.13816224529027293,0.13263537692603433,-0.019651613284831244,-0.07602283145535738,0.07240292195309495,-0.033724307219116886,0.01888977612161004,-0.010604205483098211,-0.004429065743944615,-0.08025315706976603,0.08489989057463102,-0.10286221275840651,0.02366900304616565,-0.01800017744654423,0.11831189187590568,-0.02278413627894596,-0.09856090852630642,-0.13806760713335103,-0.11555318960163247,-0.13844615976103863,-0.16040221216691802,-0.030180108242391937,-0.15428858722976366,-0.14584213172448462,0.04672758998018513,-0.06799278384053468,0.09392837074497969,-0.1471765297370833,0.014153136367669225,-0.0783982491940969,0.10200573743826337,0.24980687901103124,-0.16270665128796616,-0.04897524620708009,-0.13359595421879156,-0.16941649661372843,-0.11192854819152392,0.046079318605270134,-0.07811906663117733,-0.10040635258628337,0.22428769999704254,-0.09136840860024248,-0.18064058202466504,-0.0514453021027415,-0.13269689172803356,-0.0204229142637447,-0.05877502735634221,0.05889332505249458,0.02682045367166469,0.10978499393724303,-0.1965681838346198
AngMaFaFbCx09349-00,0,2,28,kmeans,-33.9423545,137.6462645,2020,-0.2074894271434064,0.025221068819684708,0.11653979238754325,0.16329104190695878,-0.2599000384467512,-0.09464052287581695,0.08750480584390614,0.3016685890042291,-0.06228373702422138,0.06705113417916185,0.08135332564398305,0.034048442906574404,-0.001445597846981908,0.1650134563629373,-0.0547481737793156,-0.15384851980007688,-0.08587466359092649,0.17731641676278354,-0.09377931564782777,0.18396001537870044,-0.012518262206843501,0.08907343329488654,-0.0437985390234525,-0.09381007304882734,-0.036570549788542794,0.05118031526336025,-0.06117647058823525,0.0007074202229911467,-0.05327181853133403,-0.15763168012302958,-0.20352172241445599,-0.2112725874663591,-0.13201076509034987,-0.17285659361783923,0.09897731641676275,0.037647058823529346,-0.11924644367550935,0.050349865436370544,-0.03075740099961545,0.02377547097270275,-0.12512110726643594,-0.08027681660899649,0.03014225297962315,0.022945021145713153,0.19297193387158784,-0.15876970396001536,-0.0033217993079584507,-0.018700499807766252,-0.04038446751249515,0.0341099577085736,0.20207612456747404,-0.1167550941945405,-0.06705113417916185,0.0373087274125336,-0.04653594771241824,-0.24879661668589004,-0.05474817377931561,-0.0061514801999231,-0.08196847366397536,-0.1137408688965782,0.18568242983467903,0.08126105344098418,0.0883660130718954,0.179438677431757
AngMaFaFbCx09349-00,1,12,28,kmeans,-33.88155141666667,139.70782025000003,2017,-0.17926438549275917,0.12122516980648465,0.1225887479174676,-0.0037421504549532136,-0.2770524157375368,-0.003829296424452136,0.11302832244008712,0.2930821478918365,0.003111623734461097,0.05344611047033188,0.04739202870690756,0.04009227220299879,0.0335409457900807,0.14478021273869024,-0.04391644239395101,-0.13100089709086246,-0.08544918621043186,0.08578751762142761,-0.17608099448929898,0.12702293989491217,-0.06236575676022038,0.004992951428937584,-0.04943739587338199,-0.10829680891964626,-0.014819941048314732,-0.11124951941560934,-0.12666410354991667,0.019705241573753654,0.05090862488786361,-0.14699474561066253,-0.1932538767140843,-0.17770088427527872,-0.15899525823401253,-0.18958861976163013,-0.003772907855952825,0.037549660387030594,-0.18413430731769828,0.010841983852364474,0.02698449314366265,0.022637447135717012,-0.03965141612200433,-0.016250160194796855,0.06804049724464946,0.030162757913622953,0.15814942970652307,-0.10580033320517744,-0.08945790080738172,-0.15184416250160193,-0.06612328591567344,-0.07985133922850182,0.11857490708701778,-0.13407663719082402,-0.0002973215429962744,0.05486607714981414,-0.08728950403690885,-0.24011790337049851,-0.04913494809688576,-0.04200435729847492,-0.06257593233371778,-0.0994284249647571,0.22694348327566316,0.16507497116493652,0.18991669870562602,0.1719748814558503
AngMaFaFbCx09349-00,2,8,28,kmeans,-33.980104,140.550634375,2020,-0.22635140330642062,0.17353325643983078,0.17512495194156089,-0.016078431372548996,-0.30310649750096114,0.03895424836601301,0.11267204921184157,0.29960784313725486,-0.022737408688965746,0.026897347174163748,-0.008342945021145715,0.023990772779700076,0.0023068050749711633,0.13409457900807376,-0.024867358708189142,-0.12465205690119184,-0.06278354479046516,0.09797770088427525,-0.17106497500961163,0.10758169934640519,-0.022137639369473234,0.0012072279892349168,-0.05071895424836597,-0.15348712033833134,-0.009404075355632436,-0.1562860438292964,-0.05924644367550938,0.013194925028835059,0.016124567474048425,-0.1812302960399846,-0.1556939638600538,-0.15124183006535943,-0.10298346789696268,-0.1786543637062668,0.06632833525567088,0.02577470203767779,-0.18648212226066893,-0.007666282199154164,-0.006043829296424455,0.03836985774702036,-0.028888888888888888,0.021999231064974985,0.06225297962322178,0.08002306805074967,0.11156478277585541,-0.0694117647058823,-0.061261053440984176,-0.15604767397154937,-0.05543252595155704,-0.10559015763168009,0.12589773164167628,-0.1214302191464821,-0.02705882352941173,0.05863129565551705,-0.04406766628219911,-0.29215686274509806,0.018577470203767737,-0.016847366397539417,-0.024044598231449422,-0.05417916186082272,0.20897347174163783,0.13307958477508647,0.1832218377547097,0.2002768166089965
AngMaFaFbCx09349-00,3,5,28,kmeans,-34.4330664,139.0186074,2021,-0.22129334871203382,0.1501453287197232,0.21474817377931565,0.0950526720492118,-0.25721799307958476,-0.0300930411380238,0.10932410611303339,0.3302606689734717,-0.011564782775855445,0.040390618992695096,0.043429450211457096,-0.03950480584390614,-0.017138023836985775,0.15707189542483657,-0.020915032679738516,-0.11888350634371396,-0.047046520569011874,0.1362060745866974,-0.09038985005767013,0.09472049211841596,-0.04394617454825066,0.0682445213379469,-0.09478200692041519,-0.1612795078815839,-0.06562399077277965,-0.10665436370626682,0.03538331410995764,0.022317570165321016,-0.09283813917723949,-0.22006305267204915,-0.11238754325259512,-0.18374471357170313,-0.08222068435217218,-0.1571088043060361,0.11750557477893112,0.04965474817377928,-0.18550403690888118,0.08107650903498652,-0.11439292579777002,0.11519261822376008,-0.09187850826605148,-0.005573241061130345,0.01969703960015376,0.0450903498654363,0.09104190695886194,-0.0796370626682045,-0.019586312956555142,-0.1261053440984236,-0.06614071510957321,-0.04794463667820062,0.1973763936947328,-0.06718646674356013,-0.08076893502499036,0.037400999615532456,-0.01705190311418684,-0.29393002691272585,0.03426374471357169,0.05460053825451745,-0.00760322952710496,-0.014000768935024988,0.10922568242983463,0.08887658592848897,0.14202537485582462,0.14889042675893885
AngMaFaFbCx09349-00,4,1,28,kmeans,-34.638175,140.033631,2022,-0.05536332179930789,0.1476970396001538,0.1663360246059207,0.0797231833910034,-0.1998615916955017,-0.1245674740484429,0.1929104190695886,0.292871972318339,-0.1417301038062283,0.0669896193771626,-0.08421376393694731,0.0297731641676278,0.09356401384083042,0.1476970396001538,-0.1476970396001538,-0.051733948481353306,-0.015747789311803102,0.2599000384467512,0.0325413302575932,0.22145328719723179,0.003936947327950701,0.20693579392541334,-0.0246059207996924,0.044844290657439397,-0.0088581314878892,-0.0246059207996924,-0.0271280276816609,-0.0517339484813533,0.0629911572472126,-0.2519646289888504,-0.05911572472126099,-0.07535563244905799,-0.0842137639369473,-0.1137408688965782,0.1663360246059207,-0.07972318339100341,-0.1537870049980776,0.0517339484813533,-0.059115724721261,-0.186082276047674,-0.1793771626297577,-0.0842137639369473,-0.013840830449826896,0.0384467512495194,0.2288965782391388,0.06299115724721259,-0.1417301038062283,0.059115724721260976,-0.029773164167627805,0.08882737408688958,-0.012056901191849184,-0.0797231833910034,-0.11909265667051129,0.0669896193771626,-0.0797231833910034,-0.3014225297962323,0.0384467512495194,-0.12456747404844289,-0.0061514801999231,-0.17279507881584,-0.017777777777777684,0.029773164167627805,0.09842368319876968,0.05536332179930791
AngMaFaFbCx09400-00,0,796,2799,kmeans,-36.363286592964826,142.0651610540201,2017,-0.09009770111611498,0.016904051205663045,0.14474572014242681,0.07167772735264169,-0.21303511019148025,-0.08877590567215157,0.15520045440582378,0.33710590630971077,0.012304660557690403,0.07422039068854457,0.11606568018871749,-0.015761776974066794,0.07606714850685566,0.24803795988786687,-0.014942300893162463,-0.05764702018357837,-0.06954627037532914,0.06347469759408342,-0.08414784418053355,0.17770142523459276,-0.06675376111623087,0.027258244316546186,-0.0321192274328196,-0.04944113106864577,-0.04537875845973424,0.05841456417033261,-0.07596382527786952,0.009035411583098105,-0.0926194988784754,-0.13049051485802712,-0.18273234685538414,-0.17055844389189312,-0.21777646401944362,-0.17981348495650104,0.002602323420253903,-0.05285435250068101,-0.18880585163418012,0.07120021483812755,-0.06399695517186081,0.048631314975492584,-0.13189121308194177,-0.07292000177743771,-0.02906203450934021,0.0008456739676854109,0.25320783077247055,-0.07186234903854138,-0.020230950987154123,-0.054666334363088,-0.12494320893201107,-0.035456560001081903,0.0837885699160933,-0.10978900654753966,-0.06106109169453569,0.05405883705339459,-0.07894706133512619,-0.21932283485864534,-0.02587995726421418,0.008354189246888034,-0.06357268850983094,-0.0757034692880009,0.08542381264260554,0.039933771123978196,0.13471347510331352,0.09003850471117597
AngMaFaFbCx09400-00,1,498,2799,kmeans,-37.20448958433735,140.80269295983936,2021,0.05707931302294912,-0.046743714573789175,0.11134982065902979,-0.004152743229743273,-0.16993377585698424,-0.1247262020013927,0.1364472422562221,0.24847557859272537,0.052689898386317255,0.09286524027675482,0.12541422900367324,-0.05181312717228002,0.0345216621966528,0.22934558688425366,0.01341109150172392,0.046126466650917367,-0.026028049143903546,0.03754712815120534,-0.04367674465644197,0.22892696506904198,-0.06261465701328957,0.04881718338173916,-0.02765275635413625,0.039910012985428796,-0.08299372036396255,0.1784327004287816,-0.07841506742077882,-0.018525713773973218,-0.09273109353986492,-0.07934569496749008,-0.1256828930485494,-0.1444760356304109,-0.23657468783245245,-0.13950185980368995,0.010437752548062297,-0.1456307351667338,-0.16094384458248215,0.06591088691559778,-0.034610969830880606,0.044409857808782205,-0.1789549586272811,-0.09126387904559409,-0.05839854612606517,0.020377581066287433,0.2902252300242878,-0.021163315314313758,-0.08861145466139835,0.01734099797884347,-0.15056686569422634,-0.015267899741989846,-0.04530478700654211,-0.11180154682551813,-0.0882415011835114,0.08865530557447009,-0.08640902711190782,-0.2755826072455913,0.05358050425461937,0.017133107593773775,-0.08855302795186897,-0.012907361858043483,0.04314460456203898,-0.02123866477057787,0.05621662351057439,0.04649086156235859
AngMaFaFbCx09400-00,2,1005,2799,kmeans,-36.64344817810945,139.17809241094525,2023,0.029898030034372535,0.0213787502319238,0.04853487273360224,-0.048303870880124535,-0.17225056570281996,-0.08553244542378455,0.15951302311969562,0.2988195049359125,0.05973466768426224,0.09970735327591183,0.13130967997383322,-0.028150152734979447,0.07032323197545524,0.3030966505419844,0.032520152027253175,0.0705470111954644,-0.0866277761519201,-0.022055719097706365,-0.10303686488740454,0.21379552066656338,-0.05924016212669827,-0.02263493757663047,0.03850832726027684,0.031935669595123166,-0.05974746031472775,0.1221575016115118,-0.15389583417017177,0.0271864820457497,-0.08856442126162722,-0.07490060654053834,-0.1510612565775505,-0.1332496915652418,-0.21224369501971113,-0.15332971436550424,-0.06410050478097781,-0.17525334496299738,-0.15790268189999634,0.11656712209808318,0.028857052683525827,-0.0017241895099664954,-0.15683636412325147,-0.08823499572495075,-0.027246099376244483,-0.011569801894028495,0.2610346039888982,-0.0444046893559882,-0.08525217051994924,-0.014099253826981965,-0.15501583202786529,-0.0351719602678648,-0.04689092790564667,-0.1498646865633386,0.005035399702754963,0.06636841169010767,-0.10174321778267445,-0.16706771410154148,-0.06101270655564926,0.0031707973014588704,-0.06689939766756373,-0.07234122352482109,0.04445022867209508,-0.018711578593001918,0.14140073947831008,0.004040879799388296
AngMaFaFbCx09400-00,3,100,2799,kmeans,35.81329948,-53.25263149000001,2022,0.08789603998462128,-0.1473248750480584,-0.014134256055363316,0.10070465205690113,-0.01990680507497114,0.05177393310265281,0.032197462514417484,0.13414901960784315,0.021034371395617084,-0.03515816993464052,0.045703037293348694,-0.02944344482891195,-0.19975517108804308,-0.08926782006920404,0.0753488658208381,-0.02091257208765861,-0.04255901576316798,0.07025851595540174,-0.1530875816993464,0.09452549019607842,0.03137008842752784,0.019273202614379082,0.03408596693579393,0.011599846212995008,0.017227220299884653,0.19444828911956938,-0.005251518646674313,0.09265420991926179,0.23123967704728954,0.10988758169934637,0.08791264898116108,-0.012162706651287936,0.10778008458285276,0.03040184544405991,-0.03314109957708572,0.05503114186851207,0.03464944252210686,0.011076970396001525,-0.1776012302960399,0.16079784698193,0.16737562475970777,-0.20753371780084579,0.08192049211841598,-0.062307727797001125,0.07338838908112261,0.11464083044982695,-0.04504421376393692,0.013234294502114587,0.05534794309880814,0.015212610534409851,-0.12986205305651669,0.10145636293733176,0.03285505574778928,0.05057623990772779,-0.05134517493271815,-0.25322137639369474,0.11208612072279892,-0.037989081122645124,-0.08893625528642826,-0.008329719338715878,0.1589265667051134,-0.07387374086889656,0.08415594002306806,0.03689411764705882
AngMaFaFbCx09400-00,4,400,2799,kmeans,-34.59707917,55.306806022500005,2021,-0.036114878892733564,-0.005065128796616691,0.132316647443291,0.009811918492887341,-0.24839092656670508,-0.13371180315263356,0.11132210688196845,0.30890119184928866,0.08323444828911954,0.09857070357554784,0.1584119953863898,-0.017781007304882735,0.048548096885813116,0.18134240676662822,0.07717954632833524,0.01732364475201845,-0.09966705113417915,0.13448796616685887,-0.09601768550557474,0.15364628988850437,-0.14824144559784697,0.06021899269511724,-0.017018992695117245,-0.02516247597078046,-0.08811657054978851,0.022467512495194145,-0.13709327181853131,0.044988235294117614,-0.10031557093425603,-0.13208935024990384,-0.1050998846597462,-0.08640322952710491,-0.1686886582083814,-0.1086269896193771,-0.028800153787004977,-0.011819454056132274,-0.10647335640138406,0.07790126874279121,-0.06749281045751632,0.12308804306036135,-0.09017993079584773,-0.12014994232987308,-0.08478462129950014,-0.025598615916955,0.24392079969242597,-0.10122506728181466,-0.006729104190695889,-0.0921491733948481,-0.14607458669742407,0.016621607074202238,0.11737285659361783,-0.05990880430603613,-0.048044290657439426,0.054562399077277945,-0.13261730103806227,-0.2519083429450211,0.02252672049211841,0.007602921953094962,-0.04930011534025372,-0.07512664359861589,0.03318154555940021,-0.010606843521722406,0.1175570934256055,0.0439269511726259
AngMaFaFbCx09422-00,0,16,212,kmeans,-34.767357000000004,149.34919200000002,2019,0.004894271434063825,-0.02956170703575546,-0.004336793540945773,-0.09196847366397537,-0.12906574394463666,-0.17419454056132255,0.09850442137639367,0.2684505959246444,0.07430603613994613,0.04896962706651285,0.11256439830834289,-0.11737024221453282,0.08190311418685119,0.22741637831603229,0.05399077277970007,0.0764628988850442,-0.028719723183391,0.03856209150326797,-0.12183391003460203,0.1144290657439446,-0.09492887351018836,0.04978085351787772,-0.13784698193002687,0.0708381391772395,-0.07380238369857746,0.0014763552479815367,-0.14764705882352938,0.1368627450980392,0.007846981930026913,-0.15067281814686656,-0.13654363706266817,-0.18901576316801225,-0.1687120338331411,-0.06542868127643212,-0.13416378316032296,-0.24670511341791615,-0.10628219915417145,0.1289888504421376,0.0022722029988465897,0.03133025759323336,-0.1908535178777393,0.03130718954248362,0.023006535947712396,0.02701653210303727,0.22154555940023068,-0.07544790465205686,-0.108158400615148,0.03921568627450982,-0.20970396001537872,-0.09945021145713184,0.04531718569780853,-0.11869281045751631,0.0617224144559784,0.07094579008073815,-0.06454440599769318,-0.06284890426758935,-0.05099192618223758,-0.11960784313725487,-0.04663975394079197,-0.010680507497116482,0.08247212610534406,-0.07196847366397537,0.12887351018838905,-0.08189926951172624
AngMaFaFbCx09422-00,1,45,212,kmeans,-35.15500086666667,148.84329297777776,2022,0.04518603955743515,0.082556965269768,0.1176053654577299,0.028027510786449654,-0.1309827843991627,-0.05346456491093168,0.1692873681062839,0.2831348626596608,0.08174223589217819,0.03564030928275447,0.16549122132513133,-0.18459771882609252,0.04809227220299882,0.20334606347985812,0.06083813917723949,-0.009009867999487362,0.0011892861719851322,0.05682464009568967,-0.07522576786705965,0.09936144218035796,-0.06642641718996964,-0.004639583066342008,-0.03391242684437607,0.042043316673074434,-0.07660780041864239,0.03665872100474174,-0.014386261694220167,0.014786791405015154,-0.1388676150198641,-0.08541945405613222,-0.1687897817078901,-0.0808372848049895,-0.1625111709171686,-0.18900627963603742,-0.03588090050835148,-0.1743507198086206,-0.10563731897987949,0.021556153616130547,-0.13331624588833352,0.13811986842667348,-0.18758597120765513,0.006953906617113065,-0.13500175146311244,0.01162493058225468,0.28979486522277753,-0.09160510914605491,-0.05906377888846168,-0.12336315092485794,-0.16466555598274163,-0.08921970182408473,-0.0036895211243538895,-0.11077175445341532,-0.1487468922209406,0.1317947797855525,-0.02958451877483017,-0.1771339228501858,0.03902909137511209,-0.0065848178051176876,-0.05844316288606943,-0.05401546413772478,0.019311546840958607,-0.009158870519885523,0.12171592122687852,-0.027908582169251142
AngMaFaFbCx09422-00,2,79,212,kmeans,-33.365944632911386,150.04135145569617,2023,0.1039724740727763,0.057950058156794576,-0.012304517736605666,-0.05272908667065731,-0.08800510027788724,-0.10275619406362692,0.16286472096905275,0.26351928907576927,0.10935696591865833,0.05960239245859672,0.17784630059519463,-0.17803240233795178,0.08425036135079493,0.24958268241523468,0.05391344127623745,0.0356575611133011,-0.036704091415667744,0.009315209826794957,-0.08095503676774751,0.1328743083234783,-0.07817519065208606,-0.010105558232228109,-0.0388501014702232,0.08902515585534285,-0.08817562865304968,0.06569625119841928,-0.08849021067846347,0.0816410436102959,-0.009481844860058694,-0.08439519366942605,-0.1611072664359861,-0.11356099650085894,-0.21585310421016257,-0.15899863246365806,-0.10392731130675154,-0.26280135682965167,-0.1430180213063135,0.08688303914268608,-0.01095820010804023,0.0803017339971481,-0.17380111836246037,0.015247105543632192,-0.06727772667766531,0.01025194788761867,0.23922405695959198,-0.08990427245606603,-0.11531689369716608,-0.10014999099664684,-0.19349753502791034,-0.08504460309812678,-0.06297402654285837,-0.1323860832493831,-0.03468111096511077,0.1663640566675913,-0.08004321609507539,-0.10964740922430025,-0.05027160926420702,-0.0962667717868979,-0.07552226748232176,-0.08027681660899652,0.024403467020960773,0.00030368066809746685,0.14790260805240435,-0.11302760866073902
AngMaFaFbCx09422-00,3,29,212,kmeans,-34.91653555172414,149.06074096551728,2019,-0.026977422476766242,0.041842792559890735,0.04623791910273234,0.028954380941017356,-0.13499741478741598,-0.09659945113948212,0.15897758156677133,0.3090036988426202,0.08975009611687809,-0.027509843694069905,0.18719166368372903,-0.12567898288456691,0.069861724270506,0.1791777698232775,0.08760132044704289,-0.057009373052804596,-0.045230349069986325,0.024684405202243166,-0.08174680825677123,0.11134179161860822,-0.02946559015763167,0.014752946479470742,-0.09675005634437678,0.019483222633204705,-0.06458842089912366,0.02859801932943562,-0.06787628100597912,0.06882021503665695,-0.06697052857654215,-0.13532407959803255,-0.16017181720558404,-0.14678916597064784,-0.17807262458736028,-0.1553948746503334,-0.05278182131540916,-0.10592848904267586,-0.18714711848228133,0.03943098808150708,-0.07510533084092322,0.04129128054196661,-0.13626377122857256,-0.003663312519057653,-0.03616009757520315,0.04692094552493069,0.24584072438982352,-0.13964920653859916,0.0023311988757639956,-0.13349348393853822,-0.21578756181309577,-0.12477747285526783,0.0874443516419414,-0.1357504408118893,-0.062802370441077,0.12619867690145697,-0.05443635736918157,-0.17090296835434643,-0.079320155377905,-0.08871707168330478,-0.04643731190921262,-0.08898434289199111,0.12467989765209664,0.04829548316960315,0.1483673388219385,-0.06994869347333252
AngMaFaFbCx09422-00,4,43,212,kmeans,-34.212055395348834,149.9531581395349,2022,0.13336552131112359,0.07148735280705987,-0.0431519183140652,-0.046676859526300234,-0.09646236241874767,-0.06781220103180349,0.1280752483391897,0.238255411603766,0.0675346691344116,0.10420035227953467,0.12264907057214128,-0.08709065386300437,0.03513639655588634,0.2888363151918314,0.010809438230376521,0.08810493280759632,-0.07985193530216463,-0.05472671512745541,-0.07887914308450235,0.17468630133311874,-0.04416619725865721,-0.05312160796831272,0.017237019750900806,0.10618456228820755,-0.0811766494103341,0.12715538746278263,-0.12146312241266771,0.0464308003183033,-0.05386836905304755,-0.06257342882433409,-0.17073361766047046,-0.07016263869889038,-0.19035970065180652,-0.15832050284774188,-0.08534678075516566,-0.23125702994376043,-0.1204602880824012,0.07576763856477381,-0.008982591668678416,0.013473172214622282,-0.22720706704934593,-0.027920567223697467,-0.025375571113078144,-0.00017166921488156323,0.23426267178097868,-0.016847902863835938,-0.15004604669044996,-0.04942356696440544,-0.16238334093327256,-0.050254732079790386,-0.10393998730363095,-0.15697719124129356,-0.010224332322988479,0.1320551129708609,-0.07841992793469416,-0.16227175594359947,-0.054859758768988645,-0.030271004890784384,-0.07567178991979825,-0.06978639700294159,0.010221471169407123,-0.02676180002324685,0.15227774648391046,-0.10794274116395301
AngMaFaFbCx09441-00,0,5,23,kmeans,-37.0751932,148.82796539999998,2019,0.07562629757785462,0.04680046136101498,-0.06869973087274123,-0.07275970780469046,-0.1389742406766628,-0.11928950403690887,0.11305190311418682,0.2869419454056132,0.07550326797385616,0.06567320261437908,0.1226605151864667,-0.044499807766243724,0.03764705882352938,0.34928104575163393,0.06456593617839285,0.12966089965397923,-0.10613763936947324,-0.04656670511341788,-0.0649227220299884,0.16941176470588235,-0.037819300269127235,-0.07058208381391766,0.04417993079584775,0.07512187620146094,-0.039972318339100324,0.17626451364859666,-0.1502683583237216,0.04996232218377545,-0.10728181468665893,-0.06670665128796611,-0.12804921184159937,-0.1030865051903114,-0.17772856593617833,-0.13992156862745095,-0.10060130718954247,-0.2009073433294886,-0.18029988465974622,0.17852825836216837,0.0719969242599,-0.04029219530949636,-0.18138254517493266,-0.0731410995770857,0.03362399077277966,0.012942714340638213,0.24022760476739718,-0.028481353325643964,-0.11951095732410608,0.05677816224529024,-0.09225990003844674,0.011700115340253697,-0.07139407920030755,-0.14715570934256053,0.029588619761630162,0.07782852748942712,-0.07504805843906184,-0.09373625528642826,-0.13771933871587846,0.004416762783544788,-0.00878431372549019,-0.04040292195309492,0.08031372549019604,-0.023978469819300248,0.16136562860438294,-0.0395048058439062
AngMaFaFbCx09441-00,1,8,23,kmeans,-37.148773750000004,148.33303875000001,2018,0.06259900038446746,0.16493656286043823,-0.01710111495578622,-0.022783544790465203,-0.04145328719723179,-0.12394463667820066,0.02562860438292961,0.27557862360630525,0.06575163398692806,-0.11700884275278736,0.21231064975009611,-0.12103806228373701,-0.04512110726643593,0.1590926566705113,0.13028835063437136,0.021976163014225284,0.08656670511341785,-0.023029603998462107,-0.20729719338715874,0.2513956170703575,-0.11537870049980772,-0.17676278354479044,0.013840830449826964,0.08665128796616683,0.09743175701653208,0.07988465974625142,-0.00016916570549786042,-0.002276047673971564,-0.26538254517493276,-0.07547866205305648,0.05903114186851205,-0.014294502114571301,0.02918108419838519,-0.11379469434832752,-0.1329104190695886,-0.22625913110342177,-0.08019223375624757,0.10672049211841597,0.0033986928104575154,0.11236447520184542,-0.23201845444059976,-0.05478662053056512,-0.07488658208381387,0.058054594386774266,0.28485966935793916,-0.014163783160322952,0.0011610918877354784,-0.02109957708573625,-0.08057670126874276,-0.06988850442137638,-0.0733640907343329,-0.19537101114955785,-0.021960784313725445,0.1289965397923875,-0.03782391387927716,-0.17620146097654746,-0.08485966935793922,-0.195755478662053,0.0335101883890811,-0.09359477124183004,0.02642829680891963,0.019331026528258355,-0.030080738177623953,-0.09803921568627448
AngMaFaFbCx09441-00,2,5,23,kmeans,-37.5778954,148.36686219999999,2023,0.06112110726643594,-0.004453671664744349,0.06477508650519033,-0.0650703575547866,-0.15794540561322562,-0.05077431757016531,0.10667896962706648,0.32674202229911575,0.08471818531334101,0.07430988081507109,0.12793848519800075,-0.09398231449442515,0.09720569011918491,0.317440984236832,0.09582775855440209,0.17508342945021146,0.033808535178777355,-0.04568089196462897,-0.11136639753940791,0.04926105344098422,-0.09997385620915025,-0.043134179161860776,-0.024199923106497517,0.04067358708189154,-0.06760476739715493,0.08781853133410222,-0.08672356785851593,0.03534640522875809,-0.08637908496732022,-0.017138023836985768,-0.14228373702422145,-0.11789926951172622,-0.19339023452518259,-0.09255517108804302,-0.19155709342560553,-0.23236601307189542,-0.10211457131872353,0.15338100730488272,-0.00562245290272971,0.08394309880815068,-0.11542637447135715,0.006729719338715887,-0.04938408304498264,-0.01967243367935408,0.31675201845444056,-0.016326028450595918,-0.1130149942329873,0.07314109957708571,-0.09018069973087271,-0.04596386005382544,-0.11566013071895424,-0.15095732410611298,-0.05095886197616299,0.047071126489811585,-0.05131564782775853,-0.055720107650903475,-0.0038754325259515807,-0.025245674740484454,0.014296039984621284,0.0369826989619377,0.08678508266051514,-0.09176778162245287,0.21872202998846596,0.023683198769703963
AngMaFaFbCx09441-00,3,1,23,kmeans,-36.170245,150.107883,2022,0.048227604767397084,-0.05911572472126098,0.0246059207996924,-0.0005536332179930763,-0.1793771626297577,-0.048227604767397105,-0.007443291041906899,0.1998615916955017,0.007443291041906899,0.2069357939254133,0.0039369473279507045,0.07535563244905796,-0.019930795847750794,0.2679584775086506,-0.0711111111111111,0.0711111111111111,-0.0669896193771626,0.013840830449826903,-0.0935640138408304,0.23646289888504418,0.0030142252979622995,0.059115724721261,-0.0030142252979622995,0.1537870049980776,-0.1476970396001538,0.16,-0.1137408688965782,0.0842137639369473,-0.05173394848135329,-0.012056901191849195,-0.1476970396001538,-0.1085121107266436,-0.1998615916955017,-0.2141330257593233,-0.1537870049980776,-0.1998615916955017,-0.03543252595155699,0.0629911572472126,-0.008858131487889206,0.0415840061514801,-0.2519646289888504,-0.0030142252979622995,0.055363321799307905,0.0448442906574394,0.2844444444444444,0.12456747404844291,-0.0629911572472126,-0.0384467512495194,-0.11374086889657818,0.03844675124951939,-0.23646289888504424,-0.1417301038062283,-0.08421376393694728,0.0797231833910034,-0.0384467512495194,-0.2141330257593233,-0.0842137639369473,-0.035432525951557006,-0.1476970396001538,0.041584006151480106,0.02220684352172239,-0.18608227604767397,0.19291041906958864,-0.0888273740868896
AngMaFaFbCx09441-00,4,4,23,kmeans,-37.10546,148.327875,2018,0.09502499038831216,0.13777777777777775,-0.07347943098808148,-0.04608996539792381,-0.06123798539023449,-0.09785467128027678,0.04104575163398687,0.28499807766243745,0.09857747020376775,-0.062145328719723156,0.22185313341022683,-0.13771626297577852,-0.007535563244905799,0.17294886582083807,0.16316801230296038,0.06488273740868893,0.10246828143021913,-0.09946943483275658,-0.2742483660130719,0.10762014609765473,-0.1178777393310265,-0.2567012687427912,-0.014363706266820448,0.000169165705497909,0.08258362168396768,0.14785082660515184,-0.035355632449058025,0.04373702422145323,-0.2221914648212226,0.03660130718954248,-0.04412149173394845,-0.03881584006151478,-0.01008842752787392,-0.10997308727412533,-0.16993464052287577,-0.2639907727797001,-0.09536332179930795,0.13880815071126484,0.021960784313725473,0.14057670126874275,-0.11138792772010761,-0.04415224913494805,-0.10006920415224911,0.047304882737408654,0.3213379469434833,-0.10985005767012684,0.025267204921184137,0.021237985390234478,-0.08573625528642827,-0.13765474817377932,-0.0028758169934640365,-0.18611303344867358,-0.011887735486351376,0.09397923875432523,-0.04095347943098803,-0.14352941176470582,-0.05139561707035751,-0.1368550557477893,0.035078815840061436,-0.0589004229142637,0.08947327950788155,-0.01657823913879275,0.006059207996924287,-0.03144944252210682
AngMaFaFbCx09471-00,0,23,203,kmeans,-30.869712000000003,140.21474930434783,2024,-0.19857780452334386,0.28459421961452946,0.03462748441234974,-0.06292429333199603,-0.33679354094579,0.06314895608712366,0.06463868411814849,0.23550540761914313,-0.05958109757116828,-0.09517409691924504,0.1154739815789913,-0.030401684970663416,-0.08168898249837016,0.061011985356802516,0.04220182872808113,-0.01967136385671064,0.09094027380773276,0.12032562726710458,-0.1630142252979623,0.16504421376393694,-0.015694298179629893,-0.10997509319158179,-0.09573307925045547,-0.07188405797101445,-0.0013506510873744146,-0.04696788860471718,-0.1454611102753121,0.05005967604433074,-0.0008959764639018472,-0.09418183641743141,-0.02339969576918579,-0.0722852414623138,0.014025374855824665,-0.1979733547297862,0.11392541330257591,0.019994985206358742,-0.11598214733463715,-0.09038931514634836,-0.055012954883573176,0.05326646941811675,-0.13576851712552024,0.009104190695886208,0.02613844173645586,0.14085017468197847,0.175820002340237,-0.21429884826906034,-0.048299817795831035,-0.027542583956003515,-0.09658358825201006,-0.12860605452752283,0.15241763201444258,-0.07852765658693142,0.03856710629690919,0.01342359961887566,0.10710796850709592,-0.13397923875432524,0.04488173444996068,-0.07519248449592963,0.034715744780435584,-0.07140263778145528,0.16438894739481466,0.016665162228574268,-0.006929776173043821,-0.0033191247513498293
AngMaFaFbCx09471-00,1,59,203,kmeans,-29.15890986440678,141.01511903389832,2024,-0.287855909395995,0.20776467981675886,0.13905577385490583,-0.05888426224594189,-0.2934224776650441,0.09049452948344507,0.0709922520021634,0.24094930893593727,-0.09325122671202077,-0.043099981102444264,-0.14992721182856655,0.032510051544712225,-0.09014525052294095,0.016644445747724126,-0.033185671742941084,-0.15370359509706172,-0.04535621892492453,0.04215015085462563,-0.12844394919815713,0.06105083442483003,0.07211307254706467,-0.08543363373930493,-0.10071119973413091,-0.1317647058823529,0.06521403110928646,-0.1594150880691259,-0.017469161144018915,0.05274008041235765,0.053452192442280964,-0.19561394248626665,-0.16624218846727787,-0.144528505985312,-0.021930548224607212,-0.12114141236421448,0.06258349135599733,0.030461295851009044,-0.09127753992923188,-0.06482617506956251,0.06760476739715489,-0.03454316788197498,0.006999133318997229,0.07655673502368707,0.13370919919978624,0.1606850038120931,0.014960608370965502,-0.07812484116278612,-0.08716126131409689,-0.1772825314904958,-0.022307978026704173,-0.12116852058204469,0.14967385425423074,-0.04267980372607663,-0.013441505548713331,0.06453841091105764,0.038080790308812104,-0.2503589883942942,0.028769117484148836,-0.03148306713845389,0.012806547677229718,-0.06374393160388114,0.2211978443753706,0.15155996064095295,0.12374067340462272,0.14640210088688177
AngMaFaFbCx09471-00,2,36,203,kmeans,-30.62435602777778,138.05502025,2024,-0.1967499679610406,0.1968319876970396,0.048637703447392,-0.056691016275791324,-0.31109402366611133,-0.022167542398222884,0.05359477124183004,0.26294160365671326,-0.06069289589474133,-0.02028450595924644,0.0494203084283822,0.023995899013200046,-0.01603314964329959,0.07825878935452174,-0.02372249989320345,-0.042219659105472235,-0.009257977700884268,0.18636080140117048,-0.1609073433294886,0.19205775556409926,-0.06460762954419237,0.003091118800461353,-0.11558289546755518,-0.0007740612584903189,-0.033067623563586626,-0.13656798667179282,-0.19058994403861756,0.1119313084711008,0.07208680422059888,-0.18235550429322053,-0.09622452902729717,-0.1710624118928617,-0.0706053227391174,-0.15427399718057155,0.061518219488230996,0.0145106582938186,-0.07613311119654831,-0.04001879618949975,-0.02904694775513688,0.060484429065743923,-0.14335511982570806,0.0355811867230552,0.08485283437993932,0.1399342133367508,0.16339356657695758,-0.13051219616386855,-0.10518860267418512,-0.06840104233414497,-0.1271716006664103,-0.0919099491648511,0.13507796146781154,-0.0910931692938613,0.10107736340723647,-0.010524157375368423,0.020971421248237837,-0.13031398180187106,-0.008803451663889955,-0.08618565508992262,-0.04868213080439145,-0.07814088598402322,0.16771498141740354,0.052015891323849775,0.052781408859840215,0.021352471271733085
AngMaFaFbCx09471-00,3,50,203,kmeans,-28.47075496,136.96408834,2024,-0.23665851595540174,0.2163758554402153,0.10440169165705493,0.028159015763167993,-0.2764056901191849,0.0664273740868896,0.05572010765090346,0.25500222991157245,-0.0626872741253364,-0.03595048058439059,-0.036761245674740456,0.002373241061130321,-0.06744975009611684,0.056746174548250636,-0.04232833525567087,-0.14799108035371006,-0.0097439446366782,0.08547358708189154,-0.12935209534794306,0.08436262975778543,0.05512833525567087,-0.0034706651287966152,-0.11079184928873506,-0.09881614763552478,-0.046694655901576274,-0.10255378700499804,-0.03700976547481735,0.05873310265282581,0.052452441368704326,-0.1606705113417916,-0.16085013456362934,-0.18879261822376006,-0.035120030757400986,-0.19758677431757013,0.12535363321799306,0.06804890426758935,-0.09788358323721642,-0.04567966166858897,-0.033658439061899255,0.03844059976931947,-0.07486843521722411,0.072636678200692,0.11800999615532484,0.17280246059207993,0.07392848904267585,-0.12849088811995382,-0.11086197616301419,-0.1036844290657439,-0.028326336024605908,-0.12590480584390618,0.17640107650903497,-0.070797385620915,0.000893194925028833,0.07240661284121488,0.03212795078815838,-0.20282168396770472,0.0067912341407150995,-0.057468358323721616,-0.053460053825451714,-0.06292964244521335,0.2577027297193387,0.1310302191464821,0.10210841983852362,0.09275816993464048
AngMaFaFbCx09471-00,4,35,203,kmeans,-29.859613285714282,140.02911571428572,2024,-0.24693096061954192,0.15812467732190913,0.07902015708244078,-0.0028507716812215186,-0.2879455154610864,0.04375284231339592,0.08075838963036192,0.28047937606415113,-0.06324951941560936,-0.020862305706596345,-0.06639028944911295,0.035720766738067754,0.0021038062283737224,0.07956148734003402,-0.06580326248146313,-0.14205173834239573,-0.060672927994727247,0.08918943263579937,-0.15682759378261105,0.10219014664689402,0.01870049980776623,-0.03854165980117535,-0.06346745757126376,-0.06830076344263193,0.007423957818421469,-0.09469588619761629,-0.10328862525402313,0.07289328280331736,0.08787828857033006,-0.17115878508266047,-0.18360762344153345,-0.1984713571703191,-0.09960476739715492,-0.17171593343219638,0.04264909100895259,0.04156467292799469,-0.14248234195639037,-0.03768572527050032,0.03892305157357058,-0.0167513593672763,-0.02584676223430548,0.03304399406821549,0.11025913110342173,0.13966144889328277,0.11989059153072991,-0.09855550063162516,-0.09616872631405501,-0.12307002801120444,-0.05148437414181356,-0.10624485088152903,0.10616751798758718,-0.11133827648706539,9.139342011315298e-05,0.11947053331136374,-0.028395232602845037,-0.21124183006535946,-0.04699379359586969,-0.08474103366836927,-0.05095710441039157,-0.11529982973581587,0.2560105453946284,0.14672862086010874,0.1736633163069149,0.12397868951502167
AngMaFaFbCx09472-00,0,3,18,kmeans,-18.428837666666666,136.14591066666665,2018,-0.13149814174035626,0.20841214917339482,0.0021325131359732977,0.07484300909906444,-0.1585236447520184,0.2192592592592592,-0.013820325515827195,0.19539151608355756,-0.08936050237088297,-0.1148481353325644,-0.01724464949378443,-0.009514289375881075,-0.15544790465205688,-0.047202358067409925,-0.16211200820197358,-0.17017044726387287,0.04974496988337815,0.08607971293092398,-0.08936050237088297,-0.08798667179290011,0.12559272074843006,0.035924644367550905,-0.18876842240164032,0.011974881455850295,-0.019233628091759568,-0.02684095860566446,0.012159425861848032,0.15505831090606176,0.12116365500448543,-0.03703191080353707,-0.16719723183391,-0.12829937203639624,0.030716391131616002,-0.21677816224529028,-0.04642317057541969,0.15530437011405862,-0.08349609124695624,-0.031516083557605996,-0.049334871203383264,0.05786492374727663,-0.1100294758426246,0.05712674612328586,0.23414584134307315,0.15813405100602324,0.07588876073305133,-0.1365423555042932,-0.2245905420991926,-0.11829296424452129,0.021837754709727007,-0.09305139049083683,0.15829809047802124,0.012097911059848768,-0.07927207484300906,0.1284634115083942,-0.004777649621940272,-0.02878892733564009,-0.008550557477893067,-0.13256439830834288,-0.006971677559912862,-0.08245033961296933,0.34337562475970773,0.1649211841599385,0.08033833141099574,-0.017695758041778767
AngMaFaFbCx09472-00,1,5,18,kmeans,-16.786288,134.77527800000001,2020,-0.07007766243752397,0.20365090349865436,0.007800076893502476,0.09264129181084194,-0.16376470588235292,0.23385467128027676,0.02753402537485576,0.24648981161091887,-0.12306651287966164,-0.11404844290657438,-0.028653594771241825,-0.056458285274894215,-0.1285905420991926,0.020915032679738495,-0.16802153018069965,-0.12870126874279117,0.09726720492118412,0.03657670126874273,-0.0566920415224913,-0.1219100346020761,0.18237908496732022,0.004859669357939241,-0.19816378316032296,0.06356939638600534,-0.025614763552479783,0.07960015378700494,0.042691272587466314,0.18314186851211067,0.0503806228373702,0.01951249519415604,-0.16391234140715105,-0.11223990772779696,0.003567858515955433,-0.23497424067666284,-0.0766474432910419,0.1961830065359477,-0.1470203767781622,0.003001922337562481,-0.134877354863514,0.11666897347174161,-0.1564444444444444,0.018392925797770056,0.13950326797385618,0.15549711649365625,0.09385928489042675,-0.04424144559784694,-0.12520722798923486,-0.07450672818146861,0.0017716262975778427,-0.09353940792003072,0.1174686658977316,0.06326182237600919,-0.13584928873510185,0.17192156862745095,0.0002829680891964781,-0.07576163014225294,0.0167566320645905,-0.0962214532871972,0.09259207996924257,-0.0285428681276432,0.276558246828143,0.09687351018838901,0.10560861207227987,-0.12551480199923104
AngMaFaFbCx09472-00,2,4,18,kmeans,-16.684055,134.8728825,2022,-0.04532103037293345,0.16515186466743562,-0.060115340253748525,0.148158400615148,-0.13787004998077657,0.18499038831218756,0.0352018454440599,0.31892349096501343,-0.131441753171857,-0.09919261822376003,-0.021484044598231458,-0.02491349480968855,-0.07487889273356398,-0.002137639369473282,-0.13942329873125717,-0.13540945790080736,0.08133794694348323,0.14420607458669737,-0.0563629373317954,-0.10742022299115724,0.1636908881199539,0.03898500576701265,-0.15284890426758935,0.11672433679354093,-0.03595540176855052,0.06268358323721644,0.06451364859669353,0.15367935409457897,0.10423683198769702,0.0,-0.14471357170319105,-0.16655132641291803,0.03958477508650517,-0.2665282583621683,-0.06745098039215683,0.15349480968858123,-0.17902345251826218,0.012133794694348304,-0.06572856593617835,0.0968858131487889,-0.07850826605151863,0.045643983083429415,0.0676662821991541,0.17527104959630907,0.15720107650903492,-0.07269511726259126,-0.13771626297577852,-0.07483275663206453,0.022176086120722745,-0.03612456747404837,0.11180315263360242,0.027697039600153725,-0.20572087658592844,0.18818915801614758,-0.07072664359861588,-0.0577316416762783,-0.0250672818146866,-0.10560553633217988,0.03624759707804684,-0.06208381391772392,0.2723567858515955,0.13790080738177624,0.0743252595155709,-0.1443598615916955
AngMaFaFbCx09472-00,3,1,18,kmeans,-16.59248,135.02721,2022,-0.0669896193771626,0.059115724721261004,-0.1476970396001538,0.10340638216070741,-0.1301653210303729,-0.0246059207996924,0.0271280276816609,0.4035986159169549,-0.23646289888504424,-0.0629911572472126,-0.0984236831987697,0.0271280276816609,0.0015378700499806969,0.055363321799307905,-0.1358861976163014,0.010396001537869995,-0.0669896193771626,0.0448442906574394,0.008858131487889193,-0.0199307958477508,0.1301653210303729,-0.05536332179930789,-0.05173394848135329,0.17279507881584,-0.0325413302575932,0.17279507881584,0.0177777777777777,0.22889657823913884,0.059115724721261,-0.003936947327950701,-0.1476970396001538,-0.2069357939254133,0.0138408304498269,-0.2441522491349481,-0.0711111111111111,0.006151480199923097,-0.059115724721261004,0.12456747404844289,-0.015747789311803095,0.0669896193771626,-0.1417301038062283,0.04158400615148009,0.075355632449058,0.17279507881584,0.2141330257593233,-0.0888273740868896,-0.2069357939254133,-0.022206843521722402,0.0669896193771626,0.015747789311803095,0.01039600153787,0.0199307958477508,-0.1358861976163014,0.2679584775086506,-0.1137408688965782,-0.0482276047673971,-0.044844290657439397,-0.1537870049980776,-0.0271280276816609,-0.012056901191849198,0.2364628988850442,-0.022206843521722405,-0.019930795847750808,-0.1998615916955017
AngMaFaFbCx09472-00,4,5,18,kmeans,-18.0274734,134.21421720000004,2021,-0.06193310265282578,0.19490349865436365,-0.011786236063052659,0.11888350634371395,-0.1410042291426374,0.20987620146097652,0.010309880815071074,0.24342637447135718,-0.1211718569780853,-0.12353402537485579,-0.04715724721261051,-0.021333333333333298,-0.14534717416378312,-0.03847135717031906,-0.1621776239907727,-0.13614455978469814,0.03446059207996921,0.10974240676662818,-0.07881276432141479,-0.10322183775470971,0.15980315263360245,0.0015870818915801569,-0.16319876970395997,0.09912495194156093,-0.0038016147635524574,0.06483660130718952,0.04870742022299113,0.16329719338715876,0.08543175701653206,-0.0047366397539407995,-0.19284890426758938,-0.1472295271049596,0.034620530565167174,-0.24382006920415222,-0.05103267973856206,0.14148404459823138,-0.047846212995001886,-0.03021607074202224,-0.08274971164936558,0.07605690119184924,-0.11766551326412913,0.07119723183391,0.1458762014609765,0.15130180699730866,0.1290703575547866,-0.10718339100346018,-0.2095317185697808,-0.10706036139946169,0.03490349865436366,-0.05822991157247209,0.12364475201845442,0.0270788158400615,-0.13632910419069585,0.15515263360246057,-0.010482122260668948,-0.019217224144559758,-0.021419454056132214,-0.1165090349865436,-0.03277508650519029,-0.028358323721645498,0.33881122645136486,0.14470742022299116,0.10733102652825832,-0.09815301806997304
AngMaFaFbCx09478-00,0,4,18,kmeans,-33.6614855,150.71826125,2022,0.10143790849673201,0.04895040369088807,0.04227604767397153,0.006412918108419825,-0.12219915417147248,-0.10952710495963087,0.15418685121107262,0.250718954248366,0.02176086120722795,0.21440984236831986,0.061868512110726595,-0.0658054594386774,0.05594771241830061,0.29113417916186074,-0.0488427527873894,0.021607074202229872,-0.08416762783544787,-0.008858131487889255,-0.0655747789311803,0.15260284505959243,-0.08347558631295651,0.018331410995770823,-0.014671280276816606,0.08971933871587848,-0.04399846212994995,0.1828066128412149,-0.1376547481737793,0.07057285659361778,0.011241830065359476,-0.03263360246059205,-0.14660515186466738,-0.08810457516339865,-0.18120722798923486,-0.22148404459823143,-0.2047827758554402,-0.20432141484044594,-0.16207612456747406,0.09044213763936944,0.08121491733948479,0.05113417916186078,-0.16735101883890807,-0.03561707035755472,-0.01525567089580928,-0.08452133794694344,0.290795847750865,-0.10486735870818913,-0.133517877739331,-0.08019992310649746,-0.0846136101499423,0.07169550173010376,-0.15186466743560167,-0.13457900807381773,-0.11024990388312185,0.15517108804306035,-0.13720876585928485,-0.15535563244905803,-0.06954248366013067,-0.05282583621683963,-0.05405613225682425,-0.032356785851595495,-0.026236063052672065,-0.0402768166089965,0.18788158400615146,0.04138408304498268
AngMaFaFbCx09478-00,1,5,18,kmeans,-33.4969312,150.67108580000001,2017,0.10405843906189924,0.055424836601307176,-0.09613533256439827,-0.047538638985005745,-0.0948681276432141,-0.06417224144559786,0.06622683583237213,0.2773702422145328,0.05004844290657434,0.06707574009996149,0.06899500192233754,0.030720492118415953,-0.016104575163398707,0.3234940407535563,-0.005868512110726629,0.17705190311418684,-0.14599923106497498,-0.0626835832372164,-0.034189926951172574,0.20125182622068435,0.014738946559015753,-0.050614379084967284,0.04694809688581315,0.11887120338331406,-0.07501114955786232,0.1542545174932718,-0.15927412533640906,0.06710034602076123,-0.10313571703191077,-0.0791326412918108,-0.15618608227604763,-0.08375855440215299,-0.16495809304113804,-0.16498269896193768,-0.08961476355247977,-0.1721184159938485,-0.11931410995770853,0.09436370626682042,0.01181084198385235,-0.059017301038062214,-0.2538346789696271,-0.06375394079200304,0.07707804690503652,0.023178777393310243,0.19345174932718184,-0.0025713187235678614,-0.13436063052672045,-0.0008366013071895578,-0.1247274125336409,-0.025614763552479762,-0.0871910803537101,-0.15641983852364472,0.016793540945790053,0.10504267589388691,-0.08696962706651287,-0.1408442906574394,-0.1466143790849673,0.009165705497885422,-0.04993771626297576,-0.0070126874279122925,0.08336485966935792,-0.08569011918492885,0.16121799307958476,-0.18373241061130333
AngMaFaFbCx09478-00,2,1,18,kmeans,-33.087811,149.989026,2017,0.0984236831987697,0.02977316416762779,-0.0711111111111111,-0.0888273740868896,-0.0797231833910034,-0.048227604767397105,0.0935640138408304,0.2844444444444444,0.0935640138408304,-0.017777777777777694,0.1929104190695886,-0.1301653210303729,0.1034063821607074,0.3014225297962323,0.09842368319876971,0.1034063821607074,-0.0325413302575932,-0.13016532103037287,-0.1663360246059207,0.051733948481353285,0.012056901191849202,-0.186082276047674,-0.0711111111111111,0.008858131487889206,-0.05536332179930789,0.1034063821607074,-0.1034063821607074,0.09842368319876971,-0.03543252595155699,0.024605920799692392,-0.16,-0.16,-0.2364628988850442,-0.1301653210303729,-0.1358861976163014,-0.1998615916955017,-0.16,0.17279507881584,0.029773164167627805,0.059115724721261,-0.1537870049980776,-0.0246059207996924,-0.015747789311803095,0.0415840061514801,0.1929104190695886,-0.1245674740484429,-0.0629911572472126,0.0448442906574394,-0.13016532103037293,-0.186082276047674,0.017777777777777712,-0.1245674740484429,0.012056901191849202,0.1476970396001538,-0.0384467512495194,-0.0711111111111111,-0.11909265667051129,-0.0669896193771626,0.02220684352172239,-0.0199307958477508,0.1663360246059207,-0.0448442906574394,0.26795847750865065,-0.1663360246059207
AngMaFaFbCx09478-00,3,6,18,kmeans,-33.667420666666665,150.61344066666666,2023,0.14136101499423298,0.08353710111495574,-0.05106753812636161,0.01206715365884915,-0.11172113289760346,-0.059351531462258085,0.15415609381007306,0.28922209406638477,0.0786774317570165,0.0650621555811867,0.11192618223760088,-0.08642829680891961,0.01163655004485456,0.27578110982955273,0.00484941689093938,0.1346661540433166,-0.07178777393310262,-0.05175445341535303,-0.04365500448545427,0.17363578110982952,-0.020402409329744933,-0.02481097013968985,0.02388824810970136,0.09434320133282066,-0.09691657054978851,0.172159425861848,-0.11187491990260155,0.06329873125720872,-0.023180827886710248,-0.047971293092400315,-0.13571190567730357,-0.049283608868383934,-0.17007817506087394,-0.14763552479815453,-0.13439958990131995,-0.21132384980135843,-0.18180699730872737,0.0823273100089709,-0.020197359989747518,-0.008530052543893366,-0.20905805459438676,-0.06369857747020373,-0.018679994873766467,0.014466230936819126,0.2866897347174163,-0.05628604382929638,-0.12634115083942069,-0.045100602332436235,-0.13650134563629368,-0.024482891195693947,-0.1077431757016532,-0.16864282968089192,-0.1024836601307189,0.18096629501473785,-0.10521081635268481,-0.21422529796232218,-0.036078431372548965,-0.036478277585543964,-0.01941817249775725,-0.038426246315519635,0.021263616557734177,-0.08210175573497369,0.12057926438549274,-0.11524798154555936
AngMaFaFbCx09478-00,4,2,18,kmeans,-33.2070775,151.1504445,2024,0.04705882352941175,-0.11527873894655893,0.10248366013071894,0.05911572472126099,-0.15812379853902345,-0.10396001537870045,0.1622145328719723,0.3016685890042291,0.040138408304498205,0.14434448289119564,0.09971549404075354,0.013871587850826601,0.0,0.22640522875816987,0.034755863129565516,-0.002706651287966145,-0.1036524413687043,0.10457516339869274,-0.08910419069588615,0.17500961168781237,-0.0227912341407151,0.1301653210303729,-0.14139177239523254,0.06622068435217221,-0.08652056901191844,0.0741253364090734,-0.11472510572856591,0.05917723952326024,-0.037062668204536686,-0.09940792003075737,-0.1547712418300653,-0.14326797385620907,-0.28865820838139167,-0.12063052672049208,-0.1537870049980776,-0.0370626682045367,-0.14474432910419066,0.037647058823529346,-0.06535947712418295,0.04730488273740865,-0.18949634755863126,-0.039984621299500145,-0.046658977316416744,0.00922722029988465,0.2821376393694732,-0.05342560553633215,-0.0466589773164167,-0.1246289888504421,-0.18036139946174545,0.0339869281045751,-0.007227989234909596,-0.10153018069973085,-0.11595540176855053,0.1123567858515955,-0.16033833141099574,-0.22945021145713185,-0.05917723952326025,0.01934640522875815,-0.0535486351403306,-0.003198769703959995,0.06782006920415225,-0.03850826605151855,0.1245674740484429,-0.039861591695501755
AngMaFaFbCx09492-00,0,5,59,kmeans,-35.6666342,146.765542,2023,0.08048596693579388,-0.08389388696655131,0.09854671280276814,0.00644675124951942,-0.14213610149942327,-0.13791618608227604,0.14168089196462894,0.16852595155709338,0.0017593233371780148,0.10543637062668204,0.10254517493271816,-0.0915094194540561,-0.0025590157631680127,0.17868819684736637,0.0010334486735870951,0.0019684736639754147,0.014013071895424847,0.0642460592079969,-0.030412918108419798,0.21923875432525947,-0.01226605151864665,0.05647058823529411,-0.06208073817762396,0.049740868896578194,-0.13156785851595537,0.17687966166858898,-0.04549634755863126,-0.031790849673202566,-0.06204382929642441,-0.06908112264513645,-0.1236939638600538,-0.18312956555171084,-0.2057054978854287,-0.15158477508650514,0.047710880430603606,-0.1467743175701653,-0.1194863514033064,0.015760092272203007,-0.05749173394848132,0.026697424067666238,-0.22494732795078815,-0.09916186082276046,-0.11654594386774315,0.024975009611687762,0.2632464436755094,-0.017494809688581303,-0.09224759707804689,0.025799307958477513,-0.13246597462514415,-0.030708189158016146,-0.050011534025374865,-0.08624375240292194,-0.14921030372933483,0.10847520184544404,-0.0337962322183775,-0.2774071510957324,0.05372702806612843,0.01610457516339866,-0.07172625913110342,-0.021677816224529023,0.06150249903883118,-0.06995463283352552,0.012955017301038079,0.023068050749711654
AngMaFaFbCx09492-00,1,21,59,kmeans,-33.508199714285716,149.27692504761905,2024,0.04196188279233261,0.05032203731165666,-0.01960564618004064,-0.034817377931564746,-0.11575035242855308,-0.11483934750370732,0.15764193259002945,0.32851833543875064,0.10196810750443966,0.030944874681898882,0.1577385987074568,-0.1306750151040808,0.07090313249482795,0.2967737683308617,0.0752384613976309,0.07434210285421354,-0.04512843045715015,-0.059754306951538765,-0.08840262902546636,0.10950806466377397,-0.06018198128924769,-0.06345984145292101,-0.022534922465718303,0.060887936874095994,-0.058857948408121384,0.1503949030592629,-0.11524651690741654,0.07000970322769628,-0.05974551912268172,-0.0797261126672891,-0.17543435674923563,-0.12019406455392609,-0.21038648138994157,-0.15648486845718676,-0.09381007304882735,-0.24377144321780994,-0.15445195071492646,0.14262353307336004,0.009666611742736309,0.028970542465352113,-0.17155892422328403,-0.024500466853407992,-0.03422566412185786,0.02090038629831016,0.2455377968180736,-0.10804928507350649,-0.10180699730872739,0.013937496567254334,-0.15075813331868693,-0.08462972116951352,-0.03634353087640281,-0.13029420918694268,-0.0069833946650555406,0.15581406418776655,-0.05966057011039708,-0.09622086743194008,-0.08550264550264547,-0.06923344501199169,-0.024977938887973464,-0.07284524267223225,0.05696270665128794,-0.032476886179308294,0.1437015067464894,-0.09124988557514506
AngMaFaFbCx09492-00,2,11,59,kmeans,-33.902877272727274,148.18180645454547,2017,0.01569745901925829,0.023800636118975163,0.00883017021425326,0.010245010660235566,-0.14721051343888714,-0.08351473209604696,0.16890286952570688,0.33714026073887665,0.029275453496906752,0.03415749187375484,0.12255985460137706,-0.059529551571074035,0.07379539338016843,0.24035510817517736,0.05155499633008281,-0.004429065743944645,-0.08751878648072417,-0.0041606375170389065,-0.07546188528887487,0.22165460836741108,-0.010323302226416404,-0.037496067945894884,-0.029784348677082226,0.055145223864947,-0.04466533850616892,0.07759253433993915,-0.09458739645590857,0.06473034846737266,-0.07730732934885182,-0.1004592639194715,-0.2061193247352417,-0.16213624130579143,-0.22136940337632377,-0.18704973611548004,-0.04123169410366639,-0.11725280486526156,-0.14301632239348497,0.027351717870749,-0.02482961098878053,-0.005922197756107779,-0.20832826535248677,-0.024678620111146042,-0.03308377896613189,0.03593582887700534,0.2468477159134599,-0.06356156722938724,-0.027334941106567374,-0.09168501625249026,-0.20561042955506625,-0.08199923106497498,0.01994757261193246,-0.14409562755583513,-0.026518471916395805,0.11191220160078287,-0.04515745692216278,-0.16401523889413158,-0.09844045996295127,-0.06620670371535421,-0.06126315053650688,-0.10548110866449961,0.10254517493271816,0.01824752717486279,0.1576792142882108,-0.11673272517563171
AngMaFaFbCx09492-00,3,6,59,kmeans,-33.52866083333333,149.26269566666667,2024,0.04742791234140713,-0.01162629757785466,-0.020576701268742767,-0.0634422657952069,-0.10025887479174675,-0.16844803280789436,0.1316211713443547,0.2928412149173395,0.055189029860310115,0.06924516211713441,0.1032525951557093,-0.05083173138536454,0.07831859541202098,0.2807433038574907,0.028799179802640004,0.059372036396257794,-0.09732666922978338,0.017726515442778402,-0.11636550044854538,0.20064077918749196,-0.11565808022555424,-0.015153146225810585,-0.06269383570421631,0.11871331539151604,-0.03321799307958475,0.022770729206715357,-0.13219530949634753,0.11558631295655511,-0.062099192618223734,-0.14594386774317564,-0.17056004100986796,-0.135435089068307,-0.2185415865692682,-0.11808791490452387,-0.13280020504933995,-0.22580033320517745,-0.07373574266307827,0.09139049083685759,0.054573881840317764,0.058818403178264735,-0.2382058182750224,0.0270767653466615,0.03054209919261819,0.015358195565808034,0.1896296296296296,-0.0005331282839933079,-0.11055235165961805,-0.049150326797385596,-0.2240164039471998,-0.0617095988722286,-0.026420607458669726,-0.10764065103165445,0.08396770472895035,0.07363321799307956,-0.0781955658080225,-0.04516211713443545,-0.11128027681660897,-0.09648596693579391,-0.06924516211713438,-0.0632474689222094,0.0199102909137511,-0.025969498910675383,0.12472126105344092,-0.15825708061002175
AngMaFaFbCx09492-00,4,16,59,kmeans,-33.790579125,149.4468358125,2024,0.03551710880430603,0.09171088043060358,0.07357170319108033,0.024567474048442877,-0.13117262591311032,-0.061122645136485944,0.1602691272587466,0.30949634755863126,0.08426758938869659,-0.009627066512879647,0.190238369857747,-0.18495963091118797,0.04517493271818525,0.21374086889657817,0.09904267589388696,0.01703575547866204,0.009734717416378325,0.02527104959630909,-0.10780469050365243,0.11032679738562089,-0.04681660899653975,-0.02062283737024221,-0.05190311418685117,0.05719338715878504,-0.06826605151864668,0.07870818915801613,-0.014136870434448267,0.03971549404075352,-0.11605151864667432,-0.08839292579777004,-0.1410457516339869,-0.07354094579008069,-0.14123414071510956,-0.1636524413687043,-0.08281045751633984,-0.17120338331410995,-0.15282583621683965,0.08235294117647057,-0.12727412533640903,0.06750480584390615,-0.1944290657439446,-0.020765090349865407,-0.10160707420222985,0.044075355632449034,0.31621299500192224,-0.10581699346405224,-0.03000384467512493,-0.07433679354094577,-0.1573894655901576,-0.0968127643214148,-0.005378700499807765,-0.1386851211072664,-0.12284890426758933,0.17279892349096498,-0.03566320645905421,-0.16672818146866586,-0.01149173394848134,-0.07198385236447517,-0.00019223375624757844,-0.06093041138023836,0.04199538638985002,-0.004405997693194927,0.13646674356016913,-0.08292964244521334
AngMaFaFbCx09522-00,0,10,44,kmeans,-28.5927536,20.332373999999998,2022,-0.11299653979238751,0.2153817762399077,0.006668204536716654,0.006139177239523251,-0.20868896578239135,0.004896578239138791,-0.031064975009611667,0.24959015763168008,-0.19675509419454057,-0.08854440599769316,0.10933025759323337,-0.09584006151480198,-0.07303652441368699,0.06602998846597458,0.07356555171088039,0.010691272587466358,0.11207996924259894,0.06578392925797766,-0.00405382545174935,0.13442214532871968,0.0015993848519799923,-0.09221068819684733,-0.09385928489042673,-0.041454825067281834,-0.08441676278354475,-0.005425605536332187,-0.12015071126489808,0.08631141868512107,0.007892349096501335,-0.12051364859669356,-0.09576624375240289,-0.12171318723567856,-0.01317031910803537,-0.2877477893118031,0.1780853517877739,0.012936562860438282,-0.0600938100730488,-0.029963860053825432,-0.19323029603998462,0.08434294502114568,-0.1122460592079969,0.042069973087274094,0.0010826605151864413,0.2247381776239908,0.16406612841214918,-0.21039907727797,-0.04568089196462896,-0.018325259515570923,-0.06542099192618221,-0.1555647827758554,0.16169165705497884,-0.01812841214917339,-0.016633602460592065,0.07690580545943865,0.12091964628988847,-0.11422683583237213,0.025522491349480945,-0.0994509803921568,-0.0803752402921953,5.53633217993052e-05,0.23153556324490576,-0.05874048442906571,-0.009577854671280292,-0.10653748558246826
AngMaFaFbCx09522-00,1,6,44,kmeans,-26.91174266666667,17.033278000000003,2023,-0.1653005254389337,0.28503908753043694,0.046341150839420725,-0.004500833012943732,-0.2830296039984621,-0.004951941560938103,-0.08371139305395357,0.13080097398436497,-0.14292964244521336,-0.027025503011662174,0.09602460592079963,-0.03304370114058693,-0.19476611559656537,-0.03669357939254132,0.14273484557221577,0.0699013200051262,0.09945918236575674,-0.013051390490836874,0.056316801230296,0.18556965269768036,0.07912854030501087,-0.18926054081763427,-0.17296937075483787,-0.11077790593361524,-0.14208894015122386,-0.192161988978598,-0.06518518518518518,0.02394976291170061,0.017941817249775716,-0.17907984108676145,0.018721004741765954,-0.08340381904395744,-0.012918108419838484,-0.21557862360630523,-0.0025836216839677205,-0.06543124439318208,-0.14730744585415861,0.018239138792771985,-0.06579008073817759,0.02662565679866715,0.03290016660258872,0.06327822632320901,0.054717416378315994,0.1455337690631808,-0.1124285531205946,-0.16330129437395868,0.011308471100858628,-0.19876457772651546,-0.09842368319876967,-0.17004741765987436,0.08312700243496086,0.01165705497885428,0.046125849032423394,0.09981801871075223,0.15965141612200434,-0.17305139049083684,0.07979495066000253,0.004439318210944498,0.012097911059848754,0.022145328719723148,-0.0123029603998462,-0.06353453799820578,0.0309009355376137,-0.11281814686658975
AngMaFaFbCx09522-00,2,14,44,kmeans,-25.464946071428567,17.319047642857143,2023,-0.11926841324765197,0.25783050475091995,-0.014565826330532217,0.11171088043060357,-0.18826605151864664,0.025783489866534823,-0.12443126270115885,0.14047344427967262,-0.1495996045477014,-0.06031965727467455,0.18710605810951828,-0.040208710935354504,-0.19057285659361783,0.003928159499093767,0.04090734332948864,0.04239688032075576,0.1391684516944032,0.024219256329982987,0.10362168396770469,0.12261657604218155,0.04612291975613773,-0.08766298676333276,-0.1693546438183116,-0.1039951666941286,-0.19508101279727572,-0.11885099137694285,-0.07224913494809687,0.06669522711045198,0.02608227604767396,-0.12753336628769152,-0.031539517767891476,-0.10490031306640302,-0.07767561926731475,-0.25876640852419397,0.08717526226176742,-0.005720876585928456,-0.06545174932718181,-0.0036645246333827652,-0.14695007414730593,0.09293129016312403,0.004486186631515343,0.09283901796012518,0.137380128521997,0.18604712473224583,-0.021429120667874987,-0.235491843796342,-0.07270170813423404,-0.11799417806338218,-0.05678695007414729,-0.20765200197726147,0.11411874553743064,0.004604822321085276,0.06116328884494972,0.08089196462898882,0.15220080188938317,-0.044646564508156183,0.05031471412094246,-0.07404185203493158,-0.05178667545449551,-0.010004943153732081,0.1342868127643214,0.014262646234964566,-0.03185587960674464,-0.12434777832701704
AngMaFaFbCx09522-00,3,4,44,kmeans,-21.619830999999998,15.66260625,2021,-0.10903498654363702,0.33047289504036903,-0.06483660130718956,0.005843906189926949,-0.1403306420607458,0.09530180699730866,-0.1095271049596309,0.2022145328719723,-0.22948096885813146,-0.19578623606305265,-0.0166551326412918,-0.09397923875432523,-0.11118800461361013,-0.025359477124183002,0.027327950788158396,0.0013840830449826959,0.12472126105344095,0.08342945021145708,0.10683583237216451,0.04430603613994615,0.12891964628988847,-0.11972318339100341,-0.14256055363321796,-0.04035371011149558,-0.15117262591311031,-0.06036139946174546,-0.0509803921568627,0.14054594386774313,0.03198769703960015,-0.13270280661284117,-0.03961553248750477,-0.05219530949634752,-0.07347943098808146,-0.19271049596309114,0.09154940407535564,-0.0299269511726259,-0.1329488658208381,-0.016870434448289104,-0.21939254133025754,0.09176470588235291,0.03577085736255282,0.04512110726643595,0.036601307189542506,0.23872356785851592,0.08864282968089193,-0.15311034217608607,-0.011933871587850833,-0.042568242983467876,-0.13345636293733182,-0.19693963860053826,0.0869357939254133,0.0003229527104960006,-0.018162245290272973,0.16181468665897727,0.14606689734717415,-0.05382545174932715,0.05525567089580924,-0.09627066512879658,-0.061468665897731596,-0.04321414840445982,0.085198000768935,-0.06602076124567474,0.0479969242599,-0.1772702806612841
AngMaFaFbCx09522-00,4,10,44,kmeans,-26.2883771,18.018700400000004,2023,-0.0851426374471357,0.22236985774702037,-0.028776624375240263,-0.0777731641676278,-0.2282937331795463,-0.050712802768166074,-0.05055901576316797,0.1737239523260284,-0.19901268742791234,-0.0944067666282199,0.11024682814302189,-0.000276816608996526,-0.07224913494809687,0.04317723952326027,0.04114725105728564,0.0741806997308727,0.14967781622452897,0.11697654748173776,-0.020638216070742014,0.20637600922722027,-0.018522106881968467,-0.11414686658977313,-0.16543175701653207,0.0036908881199538834,-0.058162245290272925,-0.1417916186082276,-0.21272433679354089,0.10224375240292191,0.09280123029603997,-0.10128412149173391,0.011158785082660494,-0.03913571703191079,-0.056655132641291794,-0.17353940792003075,0.07797616301422527,0.00273740868896579,-0.07279661668589002,-0.04804306036139944,-0.1303498654363706,0.06933948481353323,-0.10947174163783158,0.05069434832756631,0.029760861207227946,0.14451672433679352,0.12996232218377546,-0.17759938485197996,-0.08479815455593998,0.05655055747789314,-0.12283890811226451,-0.13389926951172623,0.07806843521722408,0.015194156093810073,0.07144944252210686,-0.023966166858900434,0.15198462129950016,0.019709342560553636,0.05430526720492114,-0.1162199154171472,-0.013687043444828906,-0.008692041522491343,0.06546405228758169,-0.10737408688965779,-0.07006535947712417,-0.13714109957708573
AngMaFaFbCx09556-00,0,7,17,kmeans,-16.235363857142858,46.96672228571429,2024,0.07637502059647386,0.04429065743944634,-0.22201570824408196,-0.08503981984950837,-0.02515076618882848,0.08750041192947762,0.07699016861646618,0.31101005107925517,-0.11120997418575271,-0.0498972922502334,-0.1347613555226012,0.08356346460152683,0.049914867907947455,-0.06845718679628714,-0.015282034382380402,0.04803427253254238,-0.10846817158235839,0.025642884604822305,0.047392761025978995,-0.03537101114955786,0.15120338331410993,0.017127478442357316,-0.11531389026198713,0.18299774811885536,-0.058781787224693745,0.19487010490470696,0.020897457022024456,0.258493985829626,0.05560938100730484,-0.005922996649640227,-0.15209095402867026,-0.08316801230296036,0.12321414840445981,-0.20054704234635026,-0.14171252814851426,0.056470588235294085,-0.03345526445872461,-0.0015818091942659141,-0.09110342176086116,0.0945482506728181,-0.14209919261822374,-0.008295710441039127,0.057463612896138785,0.10300214203328387,0.15884879441972866,-0.08328225407810179,-0.1822859339814357,-0.023674410940846914,-0.01878837809633653,-0.01980776624375237,-0.009007524578458825,0.027066512879661622,-0.14477948041961877,0.2737057175811501,-0.07844016037787663,-0.039211292360081265,0.07334321964079747,-0.11353874883286644,0.02307683857856864,0.028692261218212764,0.1681287416927555,-0.07908167188444001,-0.041838853188334114,-0.33621354424122585
AngMaFaFbCx09556-00,1,1,17,kmeans,-12.62547,49.416862,2022,0.0448442906574394,0.017777777777777698,-0.2069357939254133,-0.1929104190695886,-0.0629911572472126,-0.1793771626297577,0.0517339484813533,0.2844444444444444,0.0629911572472126,-0.055363321799307905,-0.07972318339100339,0.1085121107266436,0.0199307958477508,0.035432525951557,-0.0482276047673971,0.1537870049980776,-0.0842137639369473,0.012056901191849198,-0.017777777777777705,-0.07972318339100341,0.035432525951557,0.1301653210303729,-0.1998615916955017,0.0669896193771626,-0.0711111111111111,0.1793771626297577,-0.055363321799307905,0.2844444444444444,-0.0448442906574394,0.1190926566705113,-0.0842137639369473,-0.1476970396001538,-0.010396001537869999,0.0015378700499807038,-0.17279507881584,-0.017777777777777698,-0.0935640138408304,0.0157477893118031,0.019930795847750787,0.16,-0.075355632449058,-0.0384467512495194,0.1085121107266436,-0.0157477893118031,0.027128027681660904,-0.2679584775086506,-0.1417301038062283,0.1537870049980776,-0.05911572472126099,-0.1476970396001538,0.07111111111111108,-0.059115724721261,0.0005536332179930815,0.2441522491349481,-0.0842137639369473,-0.1358861976163014,0.1663360246059207,-0.1190926566705113,0.0039369473279507045,0.1793771626297577,0.1190926566705113,-0.22889657823913884,-0.0935640138408304,-0.1663360246059207
AngMaFaFbCx09556-00,2,4,17,kmeans,-16.073617249999998,47.13067725,2017,0.04868896578239132,0.05467128027681656,-0.22677431757016528,-0.09465590157631676,-0.0614686658977316,0.058961937716262944,0.13502499038831214,0.3038985005767012,-0.1028066128412149,-0.06311418685121106,-0.13507112648981157,0.04785851595540173,0.07243367935409455,-0.04575163398692807,-0.005659361783929302,0.05188773548635135,-0.0705728565936178,0.04304498269896188,-0.0077970011534025455,-0.07081891580161472,0.16942714340638212,0.0264359861591695,-0.12822760476739717,0.21630142252979623,-0.05217993079584769,0.2133794694348327,0.019607843137254877,0.26442137639369473,0.0853979238754325,0.0009996155324874991,-0.13370242214532865,-0.09779315647827755,0.13560938100730488,-0.16210688196847362,-0.1331334102268358,0.03274125336409072,-0.034663590926566665,0.05187235678585157,-0.055394079200307575,0.11404844290657437,-0.06477508650519027,-0.03780084582852743,0.08644367550941942,0.09021145713187233,0.1748712033833141,-0.13608612072279885,-0.22975778546712802,0.004921184159938474,0.0314033064206074,-0.007458669742406762,-0.03180315263360242,0.023221837754709727,-0.15720107650903495,0.30582083813917726,-0.0981007304882737,-0.008642829680891959,0.07978469819300266,-0.1371318723567858,-0.020822760476739678,0.0020761245674740525,0.11816993464052285,-0.019961553248750513,-0.055286428296808875,-0.2787697039600153
AngMaFaFbCx09556-00,3,2,17,kmeans,-12.697379,49.4892415,2022,0.12748942714340636,0.05936178392925795,-0.22988081507112645,-0.06917339484813531,0.008827374086889647,0.03681660899653981,0.11915417147251055,0.24818146866589771,-0.15074202229911568,-0.01799307958477505,-0.0857516339869281,0.16787389465590155,0.12007689350249902,-0.0386928104575163,-0.017131872356785795,0.02983467896962705,0.08455209534794303,0.1071895424836601,-0.027835447904652005,0.053917723952326,0.21065743944636672,0.13594771241830061,-0.13302575932333716,0.1845751633986928,-0.0872279892349096,0.0945482506728181,0.04582852748942709,0.3146174548250673,-0.04982698961937711,0.07978469819300264,-0.1482506728181468,-0.07323337178008456,0.06754325259515565,-0.13880815071126484,-0.1246289888504421,0.11715494040753555,-0.15384851980007688,-0.053671664744329044,-0.11226451364859664,0.1830988081507112,0.0010149942329873013,-0.15086505190311417,0.07209534794309874,0.02319108035371005,0.11678585159554014,-0.1476970396001538,0.011964628988850402,-0.1248135332564398,-0.0236524413687043,-0.053425605536332146,-0.0015686274509803533,-0.0662206843521722,-0.2105344098423683,0.2971472510572856,-0.08938100730488269,-0.1632910419069588,0.11715494040753556,-0.1323798539023452,-0.05524029219530945,0.018946559015763205,-0.04124567474048438,-0.026851211072664305,0.027404844290657412,-0.1764552095347943
AngMaFaFbCx09556-00,4,3,17,kmeans,-18.608667333333333,45.14238866666667,2019,0.03487889273356394,0.03325900294758424,-0.13094450852236317,-0.04189158016147631,-0.11302319620658716,0.12909906446238617,0.0973984364987825,0.272079969242599,-0.16998590285787518,0.044577726515442735,-0.09588107138280143,0.10377547097270276,0.06662053056516722,0.027558631295655507,-0.094876329616814,0.0232525951557093,-0.014681532743816443,0.09255927207484296,-0.00822247853389721,-0.05966935793925411,0.22469306676919132,0.1252851467384339,-0.1383262847622709,0.18612328591567345,-0.0670306292451621,0.12657695758041773,-0.02872741253364086,0.24591567345892604,0.06555427399718056,0.0353505062155581,-0.10338587722670763,-0.0693476867871331,0.06901960784313724,-0.15932333717800842,-0.173758810713828,0.13820325515827242,-0.09938741509675766,0.07016788414712284,-0.08025631167499672,0.13750608740228115,-0.03280789439958991,-0.08993464052287577,0.07697552223503776,0.06364731513520437,0.14537998205818276,-0.12690503652441365,-0.09307189542483657,-0.06483660130718949,0.05388696655132636,-0.015481225169806503,0.031905677303601096,0.014291938997821366,-0.2074689222094066,0.2986543637062668,-0.11413046264257334,-0.12542868127643209,0.04064077918749197,-0.11410995770857359,-0.01420991926182237,0.04997052415737536,0.1197488145585031,-0.012015891323849809,0.06454953223119309,-0.2684916057926438
AngMaFaFbCx09695-00,0,72,438,kmeans,36.89035827777778,14.4915395,2022,0.07337946943483273,-0.07292067153658849,-0.00900252039813746,0.09119398521936004,0.026988765004912617,0.02367892690845401,0.07664488017429191,0.14431543423469603,0.09268571916784141,-0.09123243197060957,-0.0027767098124652917,-0.050049980776624356,-0.19806484685377418,-0.047787603058652636,0.10305352642146182,0.015540176855055737,0.040400700585244934,0.11819556580802253,-0.11551027382630608,0.07896962706651288,0.02757742748515527,-0.06725447477465929,0.11267461232859155,0.02134563629373317,0.05162715195010464,0.2359596736298005,-0.013571703191080349,0.05482506728181467,0.2814020248622324,0.15284719552308937,0.07387415096757655,0.012809603144089868,0.1560288777820496,0.170876158742364,-0.02598402323892518,-0.06704686231791188,-0.0038600538254517647,0.0635268486479559,-0.1715887051988551,0.1563663548207954,0.1801811269169977,-0.15153829723610573,0.1121423384168482,-0.10338075099320772,0.0006219829979922306,0.07127258746635907,-0.12432824981844584,0.10601648938442473,0.03708146439403648,0.04407279251569905,-0.058308342945021116,0.04857277115639282,-0.015769148618052873,0.056150198641548084,0.11324276987483442,-0.18889914135588876,0.06679055064291509,-0.02028023409799648,-0.03275406894784056,-0.061442180357981956,0.18313896364646076,-0.07240206758084494,0.0641889871416976,0.014023666111324697
AngMaFaFbCx09695-00,1,137,438,kmeans,38.03177143795621,11.509824613138687,2022,0.09147071452024344,-0.1078960646803447,0.007417697292170046,0.10421640188922279,0.03585774140771234,0.10413153840325308,0.12783539177800787,0.08205939882751437,0.11916180469611629,-0.0391265571635839,-0.06958716046888196,-0.08697923594799303,-0.20556001762376624,-0.034611729907362956,0.07146807656796794,0.025375529344412714,-0.0940660105461964,0.11413151033993099,-0.0696594515865599,0.1373850035219469,0.03420133188526589,-0.009768730162739209,0.16916525648473213,0.058247333282819315,0.03302761150259443,0.1833603583124963,-0.020651461958763738,0.10416476537659572,0.32381795884233183,0.08274369487311166,0.1259648029814473,-0.02142151951663732,0.12688483093251612,0.11549606131274605,-0.0857044876058338,0.0020412137948066086,-0.03038786317446686,-0.04203930548890514,-0.17259796204155053,0.22364222631946723,0.2250391062393184,-0.11668145603740275,0.09236918983995485,-0.10489935089536026,-0.03334910492034225,0.09374900725998139,-0.061429040486954745,-0.06821048614092837,-0.032538636178673544,0.030105882914207613,-0.12417548556563025,0.11596078992638985,-0.016572177461223494,-0.046716675506613126,0.03867395190507861,-0.23740043834909086,0.039133292360883074,0.022584014570476808,-0.07475260778420424,-0.06829085949536531,0.16760403775078084,-0.0932128855549662,0.03546036476706038,-0.07229470978315466
AngMaFaFbCx09695-00,2,78,438,kmeans,39.19669684615385,12.216649153846154,2022,0.10043868728989835,-0.08211831741243503,-0.03044667238438863,0.11606344699770302,0.05264562939303422,0.08105758140360213,0.03234101282544189,0.12843186545608687,0.1275454213862518,-0.0688950009365234,-0.03451769043464542,0.02277624976586913,-0.20900048304892593,-0.0703114186851211,0.10971716992478237,-0.04112185648517827,-0.045969696073502285,0.06336576661836175,-0.08856475320143137,0.26323209022170957,0.002521318230660794,-0.03754926606137677,0.1354374550222301,0.03108469129230372,0.06906377231636744,0.21447608907816518,-0.02283934187048372,0.015597156912035802,0.25396780331036384,0.10363745699385835,0.10971164936562855,0.10718165597058324,0.16020741529392044,0.18256567986671787,-0.05536805370715404,0.036559508670235295,-0.03105708849653485,-0.05489249696862151,-0.12274332357377338,0.2121874229832707,0.09686609686609687,-0.03539703664271136,0.13208489831327197,-0.09727146363824561,-0.0076735772237502275,0.11437021264010881,-0.08730369976044712,-0.06375299441043382,0.008767436587505784,0.045834836699888595,-0.06971914155305156,0.04093021421741143,-0.012615266317688445,0.03266751446682241,0.05372371573063612,-0.23692189394611538,0.04714320921933377,0.02723370695689033,-0.08526897938662642,-0.05561805617168937,0.16296375161427062,-0.07235402557201862,-0.026324391999132474,-0.07524364396336711
AngMaFaFbCx09695-00,3,100,438,kmeans,36.86341167,4.49608689,2022,0.08404459823144941,-0.03948450595924645,0.017848519800076887,0.10213487120338327,0.052408765859284855,0.1042848135332564,0.1767012687427912,0.07292579777008838,0.02949757785467124,-0.08511064975009608,-0.0047169550173010305,-0.14423314109957705,-0.22985805459438674,-0.03181607074202229,0.08227174163783157,0.03695378700499807,-0.05731088043060358,0.05332718185313338,-0.1252668973471741,0.044427220299884655,0.031128950403690875,-0.09219469434832754,0.12642891195693962,0.06209119569396383,0.0820939638600538,0.14998415993848516,-0.014673125720876576,0.10263498654363701,0.23594125336409072,0.10232987312572084,0.14299115724721256,-0.0747681660899654,0.24304744329104191,0.03416655132641289,-0.09484905805459434,-0.01228881199538638,-0.033171241830065354,0.0049402537485582505,-0.22709788542868126,0.19445997693194922,0.16598415993848517,-0.19468819684736638,0.08928627450980389,-0.1414858900422914,-0.005985390234525177,0.11988250672818146,0.011685966935793948,-0.006068435217224135,-0.04247166474432909,0.014688504421376383,-0.09948911956939635,0.1002217608612072,-0.010111188004613594,-0.06296962706651285,0.07784329104190693,-0.18563936947327947,0.03064052287581697,-0.04904513648596691,-0.04639446366782005,-0.08328242983467896,0.15196309111880044,-0.10300284505959242,0.08318277585544018,-0.021387466359092645
AngMaFaFbCx09695-00,4,51,438,kmeans,40.76674572549019,7.621000392156863,2022,0.04541963498202049,-0.11795764826499609,0.045174781946611745,0.00591989506298481,0.03655185411342544,0.053153613617688514,0.012245064115611659,0.17410739459182364,0.03904983754362949,0.020245606893276334,-0.18443223194698866,-0.11565747713926011,-0.16913313883800346,-0.0165800483976751,0.04801411221928215,-0.07928293039630308,-0.025000339236040427,0.17248750480584388,-0.09211419438978974,0.21562867976871639,-0.011668513618442365,0.0938752063685912,0.018942940497998495,0.03608868383954888,0.03630217638766386,0.10854226504134908,-0.03996170402032398,0.06875666221890522,0.2527800016584873,0.0528906679934565,0.13446532630737798,-0.02261694220171728,0.11841116915816689,0.19580523328131716,-0.15575065397170015,-0.02875636067575818,-0.019848776111751884,2.0504933999731037e-05,-0.17620734106791502,0.21988285048736908,0.1404069324769508,0.005652124748399906,0.10695856043301592,-0.08931104929476594,0.00682090598638533,0.1927801524300608,-0.033324136267348134,-0.00875560681789055,-0.0419591258264167,-0.04347649094239769,-0.06670496264634264,0.09429374825670364,0.08417275406894781,-0.09510912092634052,0.03809575502634731,-0.12825715599580853,0.049661743974790964,0.09975409156357659,-0.06871444617831751,0.03272104997323801,0.14491681178430615,-0.16980618314223034,-0.034869243352858244,-0.07966046241641597
AngMaFaFbCx09959-00,0,17,49,kmeans,18.86448276470588,81.787139,2022,0.02838003482823347,-0.08144921636474658,0.20031028789831962,0.05792161385892301,-0.05988285048736907,-0.001375036750571046,-0.07936133161453736,0.09558314675351108,-0.12514281837302393,0.015483637514982895,0.12194766718682856,0.02527534658615463,-0.284086211185743,0.05814596196033197,-0.051777370694529215,0.07518194359635431,0.0033941696632516782,0.010186127507519724,-0.10170929732908154,0.011546690187032124,-0.269040414320284,0.28902548793450483,0.19754212180835423,-0.023306872922179214,-0.019938032883280166,0.06620078250446657,0.1168745052807743,-0.009458805436822953,-0.023998009815229412,0.18880701992446342,0.013721419363593182,0.05144446706018043,-0.09512721351516382,-0.03968066580726867,0.08548386367234317,-0.05332247778003934,-0.21423434425673382,0.05274713345545829,0.11672252753465857,-0.042875816993464044,0.015425741230748337,-0.009896646086346881,-0.20362123165298412,0.2683926996404098,0.009549268380939467,0.07513852138317839,-0.032914037587353256,0.04003528054820542,-0.13086007644118774,-0.007179139245086716,-0.004074451003007892,0.0775556912499717,-0.056322229006943,-0.05603636610353484,0.17172399755750048,-0.10113395300450052,0.002587240201732387,-0.011644390166677943,-0.16047040730940587,-0.14868127643214143,-0.0009010109234005026,-0.0947798358097564,0.07689350249903883,0.047102245742587666
AngMaFaFbCx09959-00,1,13,49,kmeans,13.38044076923077,79.83602723076923,2022,0.08274687250465795,-0.10724395942389019,0.16670984532576225,-0.030799988170230372,-0.08793777541182382,-0.040557182148877616,0.07953863898500571,0.03277319374205184,-0.1382947387099636,0.025982905982905986,0.014162600183361407,0.07328778872031466,-0.29037825688344715,0.029352024369325394,-0.08831159613166531,-0.02913435660840503,0.07350072457338891,0.06913790553928958,-0.05312512938810514,0.13813385384319637,-0.17064679265371305,0.2986543637062668,0.11150267648537542,-0.0031656463490373488,0.005025286132552576,0.1282063111820897,0.06362050099074316,-0.04315973146422973,-0.005602578889776132,0.16541330257593231,0.13699346405228757,0.06065359477124182,-0.10609410581728917,0.026290479992902134,0.120275633632035,-0.010003253186644174,-0.19152397007068286,0.04898471002277229,0.1606766628219915,-0.09770443320616327,0.061864963179842074,-0.12732144441487,-0.14932954780705643,0.2818324313134002,0.007381776239907711,0.0036624966728772846,-0.022452902729719337,0.036932540738769074,-0.050886936976902386,0.049798598172300576,0.002612013131044283,-0.016367669239641565,-0.18515009020199333,0.052713453405494895,0.19015644870316148,-0.14243988998314253,0.0028769999704255644,-0.033080767752048004,-0.09875964865584239,0.02279833200248424,0.0771774169698045,-0.03942152426581491,-0.03998935320734628,0.021388223464348037
AngMaFaFbCx09959-00,2,11,49,kmeans,21.33568272727273,80.41766009090908,2019,0.14156233616441224,-0.1848240187340533,0.11714095977071753,0.011984201880395647,-0.030477788263255347,-0.061408549159414176,-0.00466953269721436,0.035756876725734826,-0.21913250148544267,0.03659571493481528,0.0935584215861032,-0.017397504456328,-0.35463842578029425,-0.03576246898046201,-0.08923001642724822,-0.04562720631924781,0.05166124916989967,0.009383803432246339,-0.07612736360141201,0.07063576945929882,-0.12210688196847364,0.2273475236797036,0.08272622417951137,-0.08063472091153749,0.05484324210967807,0.1931117402397679,0.09219391143266571,-0.016569850756701945,0.014511901017091301,0.16493236866939287,0.06759358288770051,0.015423438537625359,-0.09979378560693436,-0.04265771905910311,0.16188458984306733,0.004384327706127012,-0.2649442522106882,-0.016916570549788505,0.11045262311698291,-0.07888434518192301,0.007364999475726101,-0.009188074516794213,-0.16285204991087343,0.24568452693020168,0.053372479116423746,0.02520988431023032,-0.06297997273775818,0.13238544615707243,-0.10444094928523993,0.048904267589388664,0.01466289189472579,0.07946034741882488,-0.07518227255251472,0.001884589843067358,0.1819999300968159,-0.1642109678095837,0.026546433190031776,0.008595295515710729,-0.09863059662367615,-0.006688336653734566,0.10534689455104676,-0.03823424556988568,-0.09896053965258114,0.10389850057670122
AngMaFaFbCx09959-00,3,6,49,kmeans,13.235766000000003,79.434718,2023,0.02834807125464563,-0.06018198128924767,0.12051774958349351,0.1475022427271562,-0.06592336280917592,-0.014025374855824668,-0.015758041778803022,0.17091887735486347,-0.26627707292067154,-0.007996924259900026,0.04272202998846597,0.097757272843778,-0.21428681276432138,0.10631808278867097,-0.0857823913879277,0.05625528642829675,0.11944124054850691,0.03563757529155449,-0.07941560938100727,0.07752915545303087,-0.26094579008073815,0.20975522235037805,0.1866051518646674,0.02521081635268483,-0.020402409329744915,0.2294092015891324,0.15939510444700755,-0.07446366782006916,0.02996796104062538,0.2085659361783929,-0.05089324618736378,0.00592592592592589,-0.07884147122901446,-0.09775727284377798,0.17199538638985,-0.04500833012943735,-0.177357426630783,-0.028758169934640497,0.09997180571575033,0.085915673458926,0.055742663078303174,-0.06999359220812505,-0.1681302063308983,0.25933615276175837,-0.022442650262719452,0.08401896706394972,0.07380750993207735,0.10311931308471098,-0.07148019992310647,-0.05822376009227218,0.027568883762655358,0.02936306548763294,-0.08401896706394972,-0.0014558503139817658,0.15726259131103418,-0.1697193387158785,0.07306933230808661,0.043050108932461806,-0.1711751890298603,0.026728181468665888,0.043152633602460584,-0.07644239395104444,0.08125080097398435,-0.10028963219274634
AngMaFaFbCx09959-00,4,2,49,kmeans,-12.524089499999999,136.379657,2018,0.0425990003844675,0.04613610149942328,-0.0913187235678585,-0.004459823144944246,-0.1944482891195694,0.17962322183775464,0.10562091503267972,0.1907266435986159,-0.192079969242599,-0.012302960399846153,-0.07314109957708569,0.05797770088427525,-0.10349865436370626,0.03641676278354475,-0.09184159938485195,-0.011441753171857003,0.020915032679738543,0.08907343329488654,-0.0543790849673202,-0.011903114186851194,0.25417916186082284,0.12456747404844291,-0.1728565936178392,0.17304113802383703,-0.04238369857747018,0.1685505574778931,0.03666282199154171,0.15701653210303723,0.055670895809304045,0.043337178008458245,-0.08907343329488655,-0.04213763936947325,-0.021530180699730898,-0.18159169550173004,-0.12130718954248357,0.13880815071126487,-0.004767397154940373,-0.042599000384467504,-0.14323721645520948,0.190234525182622,-0.10559015763168005,-0.024575163398692854,0.004582852748942701,0.06705113417916186,0.08273740868896574,-0.10143790849673198,-0.01876201460976545,-0.09094963475586312,0.04358323721645514,-0.016978085351787797,0.0019992310649750017,0.013410226835832347,-0.24104575163398695,0.3240907343329488,-0.026605151864667394,-0.1479430988081507,0.05354863514033059,-0.07541714725105725,0.012456747404844246,0.1299500192233756,0.23701653210303725,0.012302960399846158,0.030173010380622797,-0.2673740868896578
AngMaFaFbCx10099-00,0,12,100,kmeans,-31.494284833333335,26.13120725,2021,0.08466999871844161,0.003060361399461725,0.05286171985133922,-0.04424964757144686,-0.09495322311931308,-0.09203639625784953,0.06820966295014734,0.28032807894399586,-0.005100602332436213,0.04379341278995255,0.07334614891708313,-0.068317313853646,-0.023165449186210427,0.1127822632320902,0.046115596565423515,0.03042419582211968,-0.008842752787389455,0.07904652056901187,-0.04279379725746503,0.11814942970652309,-0.05274381648084065,0.03670383185954118,-0.07912854030501086,0.04258874791746761,-0.13153402537485578,0.1463078303216711,-0.07243367935409453,0.10770729206715363,-0.031926182237600936,-0.12714596949891063,-0.053200051262334985,-0.04435217224144559,-0.06027425349224658,-0.1276944764834038,0.024277841855696484,-0.06525695245418422,-0.12275278738946557,0.07802640010252467,-0.08209662950147376,0.058920927848263485,-0.16051774958349352,-0.1002434960912469,-0.07087017813661407,0.16312187620146093,0.2884839164423939,-0.09197488145585027,-0.07364859669357937,0.0005690119184928732,-0.07758554402153013,-0.02779443803665254,0.01597334358580034,-0.04566961425092908,-0.19618608227604767,0.19198257080610023,-0.06820453671664739,-0.2835729847494553,0.03977444572600278,-0.06930155068563372,-0.024349609124695623,0.05081635268486475,0.10265795206971677,-0.12250672818146863,-0.00868896578239138,-0.1230962450339613
AngMaFaFbCx10099-00,1,26,100,kmeans,-24.785598692307698,31.29900530769231,2024,0.11442699553426194,0.10366900304616564,-0.08307100819211542,0.07034217608612067,-0.04695708751072068,0.08034069736491879,0.07130275337887791,0.33654274982994703,-0.05177653565196813,-0.015452045071422208,0.016332179930795845,-0.024589359122231078,0.03953982196196727,0.030012125513855584,-0.01614763552479813,-0.040502765208647526,0.057218229674977056,0.16347795226687958,-0.03237334752905686,-0.0822807795818176,0.15547629609913344,0.06654718599355276,-0.16754502706059796,0.16495194156093806,-0.14327980362582435,0.04456510809451984,0.08161831248336437,0.20559902995889157,-0.034824475793333906,-0.05729157424659151,-0.1627445065507349,-0.17793629669062194,0.08104338568006388,-0.2805642800106468,-0.07392659627953743,0.1420991926182237,-0.15778783308195068,0.0349143820424097,-0.09949782627983315,0.17073196699494278,-0.07828231745186762,-0.02377547097270279,-0.05378996244048144,0.16633602460592076,0.1510022772306509,-0.13225209239050065,-0.07069943512850084,-0.06764498861384668,-0.07641084789873716,-0.09522964540265576,0.09662792417117673,-1.8927631384377686e-05,-0.15776180758879718,0.23664507733711884,-0.09284949575607013,-0.14114807914115868,0.029006595096560464,-0.05963150267648533,-0.04539555792150946,0.003977168544642598,0.14029633572886166,0.07635169905066098,0.07097388578357433,-0.17291810841983848
AngMaFaFbCx10099-00,2,22,100,kmeans,-25.711049136363634,27.999877045454546,2023,0.12857432456048368,0.008947607563524501,-0.018915801614763528,0.004549299220579488,0.005787983642654919,-0.04513788403061757,0.05553947782321481,0.17597707175561844,-0.12062773059312848,-0.0319373667470553,0.049357240222292105,-0.16137849079025546,0.009168501625249015,0.04420397749117468,-0.040638915102582905,-0.0075355632449058095,0.036534200132816066,0.013172556009926208,0.06338820733284398,0.04535038971025128,0.06845479011568975,-0.03759952465834819,-0.05590856663521021,0.01993918422984166,-0.16676383209255177,0.08070462409562751,0.021798608926636587,0.19164377337387717,0.05039460347418823,-0.061836356646045185,-0.1018713082380902,-0.151715074621649,-0.04282548670091921,-0.21011499073782808,0.09042675893886964,-0.14811645870469392,-0.11798259410716155,-0.04771870958722167,-0.20216000838838205,0.047394358813043914,-0.2463108594596484,0.006478627101464476,-0.14688057040998215,0.15002062143930653,0.18984306735171783,-0.09282583621683964,-0.17778057390514135,0.009557163328789621,-0.11129425745342696,-0.10718674635629649,0.006816958512460239,-0.008553353605256721,-0.21209744503862146,0.24894760756352452,0.0265548215721226,-0.17775261263150532,0.08654853028555447,-0.0796784453531858,-0.10161406452063888,-0.01664534619551919,0.13123064555590505,-0.0670651148159798,-0.06440599769319491,-0.15557932263814614
AngMaFaFbCx10099-00,3,18,100,kmeans,-22.74946761111111,28.883130777777776,2024,0.11895253962151303,0.11408261779657392,-0.0925729420308428,0.034195394933572536,0.011841599384851985,0.06361655773420476,0.0195924644367551,0.2566534238967918,-0.08459310521594257,-0.09492759195181336,0.002197445426972547,-0.0699901747191251,0.007149386987910622,-0.02991669870562602,-0.05208936733734887,-0.05266350548934168,0.07586825579905163,0.09592891622880084,0.033655431671579285,-0.041990687342475116,0.13550685633730614,0.030596779016617507,-0.14272117561621595,0.11586312956555168,-0.17090520739886367,0.053046264257336884,0.07645948139604421,0.269199026015635,0.05716775599128536,-0.05771113674227858,-0.14708872655816135,-0.17356743132983038,-0.0001606219829979709,-0.219758212653253,0.024342774146695702,0.002703233798966199,-0.12334401298645817,-0.021249946601734356,-0.1469246870861634,0.14724251356315943,-0.10148575334273138,0.05108804306036138,-0.047185270622410166,0.21167585116835405,0.1297825622623777,-0.14248878636421883,-0.1579734290230253,-0.07937118202400781,-0.10520739886368487,-0.16553633217993075,0.023037293348712032,-0.021137169464735768,-0.14574565338117815,0.25239865009184503,-0.05390747148532612,-0.11827929428852146,0.06230082446922118,-0.11054893417061809,-0.13049339997436876,-0.04018625315049765,0.1655875945149301,0.02480413516168993,-0.001476355247981561,-0.16672903584091586
AngMaFaFbCx10099-00,4,22,100,kmeans,-25.187899818181812,31.55712668181819,2024,0.14292964244521336,0.05456083324595434,-0.10319946873580091,-0.014760756352451838,-0.03163818111914997,-0.010969207647408344,0.05629443221138719,0.33578413896752995,-0.11001642724826113,0.05631680123029601,0.0059725280486526144,0.015814896368529584,0.06544895319981824,0.05265107825661457,-0.02292544825416796,0.028084303240012553,0.012188319177938528,0.10914962776554468,-0.027567019677746323,0.015669497745622304,0.08881339345007164,0.05027996225228055,-0.1372758729160113,0.17881793715703748,-0.16355667400650098,0.0951494180559924,-0.013396246199014366,0.24981999930096818,0.011634685959945469,-0.050221243577644924,-0.13814267239872774,-0.18687917234630036,0.07564363356750897,-0.2331215266855405,-0.05154660794799203,0.048949005627206284,-0.1052238649470483,0.08952640592778999,-0.07596239208695951,0.1436063052672049,-0.1689531998182517,-0.012960050330292539,-0.0351249519415609,0.17483345566390548,0.19220299884659744,-0.11201845444059973,-0.13110202369717935,-0.007174862815001213,-0.07222956205655165,-0.062004124287861284,0.01139981126140295,-0.02151060780818563,-0.13585264408793818,0.230901401558841,-0.11633287896263672,-0.15361364510153436,0.03947572611932469,-0.10698542518611719,-0.0465806857502359,0.014743979588270228,0.09776938939568694,-0.049922057949739584,-0.0031680123029604185,-0.2056160218097934
AngMaFaFbCx10332-00,0,5,27,kmeans,24.576272999999997,-107.19444759999999,2022,0.024999615532487484,-0.11120645905420988,0.009682429834678943,-0.09460976547481734,-0.19514955786236057,-0.15584159938485198,-0.04253133410226831,0.19888965782391385,-0.1682921953094963,-0.10519031141868508,0.11743175701653207,0.16356785851595534,-0.23789004229142635,-0.0803752402921953,0.03457131872356784,0.1851349480968858,0.027263360246059215,0.17697808535178775,-0.10922568242983466,0.10686351403306418,-0.26881968473663975,0.17466512879661664,0.17140484429065744,0.01521876201460974,0.0397754709727028,-0.02403998462129947,0.04442599000384466,0.1096316801230296,-0.1255640138408304,0.1771380238369857,0.05426835832372162,0.12055670895809303,0.0723044982698962,0.018909650134563638,-0.003518646674356019,-0.03294732795078816,0.053714725105728556,-0.09955555555555555,0.09631987697039597,0.024556708958093025,0.12752018454440597,-0.13079277201076506,-0.006532871972318305,0.2005628604382929,0.10494425221068818,0.0966274509803921,0.07474048442906572,-0.0641353325643983,-0.016387543252595116,-0.07421145713187231,0.007689350249903873,-0.011601691657054979,0.013299500192233742,0.058242214532871955,-0.03305805459438676,-0.12364475201845442,0.04131334102268355,-0.1209873125720876,-0.1279507881584006,-0.24909803921568627,0.10233602460592074,-0.054785082660515155,-0.0045274894271434205,0.035444828911956876
AngMaFaFbCx10332-00,1,7,27,kmeans,23.129272714285715,-106.35616085714285,2024,-0.011274784423573346,-0.17586203108694456,0.022004723458010633,-0.17898171033119126,-0.16624814631735046,-0.11220299884659744,0.004806942384797078,0.19994946998407204,-0.1609402976877025,0.01809413961663095,0.021275333662876886,0.12833745262811005,-0.19678585159554013,-0.0612160158180919,0.019078376448618643,0.11712418300653592,0.01145932882957107,0.14417312022848355,-0.06659416707859611,0.046267918932278766,-0.23171747130224638,0.21617180205415493,0.13769649036085022,-0.10246608447300488,0.011687812379853897,0.014631735046959957,0.04435217224144557,0.17338386334926123,-0.07744713571703186,0.1491733948481353,0.07637502059647383,0.08566375569835774,0.009244795957598747,0.03204042401274233,0.020765639589168966,-0.04499368374800902,0.14085132092052505,-0.008884494974460371,0.13354863514033055,-0.003550282858241353,0.2389937935958697,-0.14486735870818912,0.016995661009501842,0.216716647443291,0.07070687098368755,0.030089526006480995,0.0002812105234250642,-0.04385126599659469,0.11057725050804632,-0.026591970121381883,-0.028841654308782314,0.009332674246169041,0.029017410885922995,0.10420607458669737,-0.03421980556928652,-0.0672356785851595,-0.00996539792387543,-0.07971439556214639,-0.17819080573405827,-0.1620124128082605,0.2011094633932004,-0.18708408853737568,-0.04101279727577301,0.014157192288680183
AngMaFaFbCx10332-00,2,5,27,kmeans,15.7530904,-96.1755768,2020,-0.07306728181468662,-0.12567474048442903,0.01248750480584386,-0.11926489811610913,-0.1439569396386005,-0.2129888504421376,0.026143790849673186,0.17599384851980004,-0.05412072279892341,0.02525797770088424,0.032356785851595495,0.13273663975394076,-0.21906651287966167,-0.07836985774702034,-0.06986851211072662,0.07748404459823141,0.06450442137639362,0.018786620530565144,-0.05535101883890808,-0.014062283737024173,-0.337913110342176,0.28884890426758936,0.14939484813533252,-0.07098808150711262,0.04318339100346016,0.0019561707035755105,0.08413994617454823,0.12177470203767779,-0.197118031526336,0.18920722798923487,0.017297962322183766,0.05544944252210685,0.0163260284505959,0.013853133410226839,0.05125413302575928,-0.14099192618223758,0.007320261437908537,-0.040501345636293686,0.15628450595924642,-0.11769011918492883,0.16499500192233751,-0.13752249134948094,-0.010026912725874623,0.33722414455978467,-0.01675663206459052,-0.05387466359092655,-0.061108804306036116,-0.07739792387543251,0.05028219915417142,-0.0700530565167243,-0.009337946943483263,-0.008562860438292966,0.03097885428681272,0.05357939254133021,0.019291041906958843,-0.03685966935793922,0.013004229142637401,-0.11498346789696266,-0.12140561322568241,-0.23881276432141482,0.11557400999615527,-0.15352864282968087,-0.023006535947712382,0.03460822760476736
AngMaFaFbCx10332-00,3,9,27,kmeans,23.42441188888889,-106.47576266666665,2022,0.04302618650946213,-0.11040539963261989,0.0825938741509675,-0.1549011064120637,-0.232320902217096,0.019643726771754424,0.04829595454739627,0.10502627194668715,-0.2265111709171686,0.02548079798368145,0.10728181468665893,0.08990730061087612,-0.2354786620530565,0.06431030800119605,0.0027476611559656763,0.10082959545473959,0.050435302661369516,0.1081498568926481,-0.08147293775898154,0.09602460592079966,-0.18448289119569392,0.20170703575547866,0.12432141484044595,-0.15714297919603565,-0.037305309923533626,-0.06266991328121657,0.06705796915716174,0.10650262719466869,-0.16387543252595152,0.21416036567132296,0.12971421248237855,0.02245973770771926,-0.018440770643769457,-0.019390832585757613,-0.017791447733777575,0.06803537101114955,0.05009355376137381,-0.004217181425947306,0.00459994019394247,0.04334743047545812,0.216238198983297,-0.14049297278824383,-0.03878850014951511,0.23322995429108462,-0.003171429791960362,0.12775940877440295,0.11066512879661661,-0.09826647870477168,0.08583365372292703,-0.1175821265325302,0.06915630740313548,0.02151651074373103,0.03241830065359473,0.04531590413943351,0.011168354051860369,-0.13775898158827798,-0.015447050279806853,-0.04343628518945698,-0.12123200478448456,-0.25575120680080304,0.20148148148148148,-0.19980007689350246,0.044324832329445896,-0.0069853475159126766
AngMaFaFbCx10332-00,4,1,27,kmeans,15.78296,-96.058678,2020,-0.05536332179930789,-0.1190926566705113,0.1137408688965782,-0.038446751249519386,-0.1245674740484429,-0.1034063821607074,-0.08421376393694731,0.1190926566705113,-0.19986159169550166,-0.0448442906574394,0.0629911572472126,0.1137408688965782,-0.2761399461745483,-0.01039600153787,-0.035432525951557,-0.11374086889657818,0.1085121107266436,-0.0005536332179930797,-0.2844444444444444,0.3188927335640138,-0.186082276047674,0.2679584775086506,-0.04158400615148009,-0.022206843521722405,0.055363321799307905,-0.1417301038062283,0.11909265667051129,0.059115724721261,-0.20693579392541328,0.05173394848135331,0.29287197231833895,0.1663360246059207,0.11909265667051132,0.032541330257593204,-0.0935640138408304,0.1034063821607074,0.02220684352172239,-0.0384467512495194,0.027128027681660907,0.0797231833910034,-0.11374086889657822,-0.022206843521722402,0.0888273740868896,0.25990003844675125,-0.0482276047673971,0.1663360246059207,-0.051733948481353306,-0.0842137639369473,-0.08882737408688961,-0.008858131487889206,-0.0448442906574394,-0.00024605920799692467,0.0888273740868896,0.0325413302575932,0.0415840061514801,0.0199307958477508,0.0517339484813533,-0.17279507881584,-0.1190926566705113,-0.0797231833910034,0.02977316416762779,-0.0482276047673971,-0.10340638216070741,-0.075355632449058
AngMaFaFbCx10447-00,0,2,9,kmeans,5.36353,-72.494415,2023,0.075355632449058,-0.015501730103806247,0.17608612072279886,-0.10875816993464049,0.1417916186082276,-0.13376393694732788,-0.08445982314494423,0.1034063821607074,0.02983467896962705,0.12219915417147252,-0.043337178008458224,-0.0017531718569780974,-0.10608227604767395,-0.0341099577085736,-0.06535947712418295,-0.1894963475586313,-0.00891964628988845,0.05797770088427525,-0.08888888888888885,-0.06905036524413684,-0.3103421760861207,0.14471357170319105,-0.0697885428681276,-0.1059592464436755,-0.12736639753940793,-0.04665897731641669,0.13594771241830061,0.013041138023836947,-0.21053440984236826,0.1448366013071895,0.0049211841599384465,-0.2069973087274125,0.0273740868896578,0.039984621299500145,-0.13022683583237213,-0.12512110726643597,0.0672356785851595,-0.1967550941945405,-0.01599384851980004,0.019223375624759648,0.1036524413687043,-0.021806997308727344,-0.1540330642060745,0.3460207612456747,-0.1274894271434064,-0.07446366782006915,-0.2033986928104575,0.10396001537870045,-0.0629911572472126,-0.09119569396386,0.004521337946943441,-0.1894963475586313,0.1245674740484429,-0.013041138023836947,-0.02845059592464435,0.0028604382929642708,0.09362552864282965,-0.07397154940407528,-0.20352172241445596,-0.21065743944636672,-0.14775855440215294,-0.16316801230296035,-0.02048442906574391,-0.05367166474432905
AngMaFaFbCx10447-00,1,2,9,kmeans,5.362695,-72.498663,2023,-0.059669357939254083,0.039984621299500145,0.2441522491349481,-0.16353710111495576,0.0354940407535563,0.005690119184928857,-0.029188773548635083,0.11678585159554015,0.0034448289119569514,0.09454825067281811,-0.09940792003075734,-0.03309496347558625,-0.0913187235678585,0.0066435986159169985,0.03583237216455205,-0.18346789696270668,-0.006305267204921139,0.16639753940792001,-0.0797231833910034,0.02229911572472125,-0.33307189542483656,0.18272971933871585,-0.16968858131487885,-0.00787389465590159,-0.034755863129565495,-0.0339869281045751,0.1311495578623606,-0.0300192233756247,-0.26405228758169935,0.04136870434448285,0.05256439830834289,0.015993848519800055,0.0147943098808151,0.0335255670895809,-0.1417916186082276,-0.05542483660130714,0.08445982314494421,-0.16006151480199915,-0.050442137639369396,0.13594771241830061,0.0016301422529796106,-0.12859669357939246,-0.17937716262975767,0.228958093041138,-0.08209150326797379,0.09411764705882349,-0.09454825067281811,-0.0291887735486351,-0.17304113802383703,-0.10906574394463665,0.1087581699346405,-0.026605151864667338,0.13880815071126484,-0.07996924259900035,0.0694194540561322,0.033002691272587384,0.09119569396386,0.028665897731641597,-0.19297193387158784,-0.2972702806612841,-0.17682429834678962,-0.031895424836601245,-0.03841599384851974,-0.21779315647827757
AngMaFaFbCx10447-00,2,2,9,kmeans,5.361413,-72.498145,2023,0.075355632449058,-0.005936178392925734,0.20339869281045747,-0.16006151480199915,0.10857362552864283,-0.101038062283737,-0.033279507881583945,0.10396001537870045,0.026236063052672003,0.09119569396386,-0.019592464436755053,-0.013071895424836551,-0.1213071895424836,-0.060653594771241756,-0.0157477893118031,-0.21065743944636678,0.018854286812764257,-0.00845828527489425,-0.0343560169165705,-0.06323721645520954,-0.3146174548250673,0.13613225682429833,0.006151480199923098,-0.06323721645520948,-0.09599384851980004,0.02515955401768545,0.13339484813533253,-0.041830065359477045,-0.17620915032679735,0.14197616301422525,0.032541330257593204,-0.1448366013071895,0.055916955017301,-0.015009611687812365,-0.0563475586312956,-0.12773548635140328,0.049980776624375195,-0.23341791618608224,-0.0132871972318339,-0.034079200307573956,0.11398692810457514,-0.07757016532103035,-0.16329104190695876,0.39876970396001543,-0.11398692810457517,-0.09036524413687039,-0.21791618608227606,0.05560938100730485,-0.05367166474432904,-0.0986697424067666,0.0104882737408689,-0.1507420222991157,0.07753940792003071,0.011072664359861602,0.006397539407919997,-0.07766243752402918,0.0782775855440215,-0.09304113802383694,-0.18949634755863132,-0.2519646289888504,-0.13643983083429442,-0.19992310649750095,-0.0015993848519799993,-0.05228758169934635
AngMaFaFbCx10447-00,3,1,9,kmeans,5.374426,-72.49212,2023,0.051733948481353306,0.05536332179930789,0.1358861976163014,-0.0842137639369473,0.1190926566705113,0.003014225297962303,-0.075355632449058,0.0984236831987697,0.0199307958477508,-0.0384467512495194,0.035432525951557,-0.0222068435217224,-0.1358861976163014,-0.03254133025759319,0.007443291041906899,-0.20693579392541334,0.06698961937716258,-0.1190926566705113,-0.186082276047674,0.0842137639369473,-0.2761399461745483,-0.032541330257593204,-0.0517339484813533,-0.1034063821607074,-0.05536332179930789,0.008858131487889193,0.2519646289888504,-0.1085121107266436,-0.3100961168781238,0.1034063821607074,0.0797231833910034,0.0088581314878892,0.1663360246059207,-0.0222068435217224,-0.1137408688965782,-0.010396001537870004,-0.017777777777777698,-0.2441522491349481,-0.16000000000000003,-0.051733948481353306,0.019930795847750808,-0.1417301038062283,-0.1476970396001538,0.3188927335640138,-0.017777777777777684,0.0157477893118031,-0.1301653210303729,0.0888273740868896,-0.08882737408688961,-0.0271280276816609,-0.007443291041906885,-0.25196462898885047,0.035432525951557006,0.0517339484813533,0.0842137639369473,-0.05911572472126099,0.09842368319876971,-0.1085121107266436,-0.1417301038062283,-0.2679584775086506,-0.0842137639369473,-0.075355632449058,-0.041584006151480106,-0.0984236831987697
AngMaFaFbCx10447-00,4,2,9,kmeans,5.360484,-72.498992,2023,0.049980776624375195,-0.0614225297962322,0.18272971933871585,-0.1218300653594771,0.13594771241830061,-0.11915417147251055,-0.0606843521722414,0.13022683583237216,0.03567858515955395,0.1137408688965782,-0.010949634755863108,0.02559015763168005,-0.14594386774317566,-0.02614379084967315,-0.061053440984236804,-0.2033986928104575,0.013840830449826896,0.007996924259900055,-0.09119569396385999,0.025990003844675105,-0.35537101114955777,0.16968858131487885,-0.009842368319876999,-0.08421376393694731,-0.08209150326797379,-0.07790849673202607,0.1221991541714725,-0.0019377162629757496,-0.24805843906189928,0.10346789696270665,0.020207612456747362,-0.16658208381391762,0.0177162629757785,-0.013871587850826601,-0.06397539407920025,-0.11186466743560164,0.047274125336408984,-0.22945021145713188,0.004336793540945794,-0.0048289119569396004,0.0632372164552095,-0.0739715494040753,-0.11678585159554013,0.39375624759707795,-0.14794309880815068,-0.0733256439830834,-0.17962322183775464,0.04321414840445975,-0.0416455209534794,-0.07360246059207995,-0.015378700499807746,-0.14471357170319105,0.13880815071126484,-0.018823529411764656,0.05044213763936945,-0.022299115724721194,0.04358323721645515,-0.0951018838908112,-0.19297193387158784,-0.2069973087274125,-0.14483660130718953,-0.1417301038062283,0.011595540176855098,-0.09848519800076891
AngMaFaFbCx10730-00,0,4,22,kmeans,6.7094285000000005,-77.49658925,2020,0.12735101883890806,0.02251441753171858,0.10331410995770854,-0.05670126874279121,0.1089119569396386,-0.1698116109188773,0.0996539792387543,0.1412687427912341,0.10597462514417527,0.0804921184159938,-0.13425605536332175,0.31055747789311805,-0.05251826220684347,0.007873894655901575,-0.19713956170703575,-0.203675509419454,-0.05974625144175312,0.044198385236447486,-0.04378316032295267,0.04359861591695498,-0.08733564013840825,0.06036139946174543,0.030080738177623953,0.0957477893118031,-0.07938485198000765,-0.09004229142637443,0.012072279892349075,-0.09170319108035369,-0.05926951172625909,-0.16453671664744327,0.20026143790849674,-0.005351787773933102,-0.13473279507881578,-0.0029373317954632756,0.10391387927720105,0.015240292195309507,0.0395693963860054,-0.23317185697808535,-0.07930795847750859,-0.10792772010765087,0.2770934256055363,-0.3103729334871203,0.042921953094963446,0.17683967704728945,-0.09107266435986158,0.09765474817377928,0.025436370626682026,0.1999538638985006,0.017039600153786985,0.07501730103806224,0.03555555555555555,-0.16170703575547862,-0.05265667051134176,-0.024036908881199526,0.1987081891580161,-0.11944636678200687,0.009765474817377924,0.021053440984236775,-0.003429450211457123,0.1505267204921184,0.03916955017301034,0.06680507497116493,0.03783160322952708,-0.14076124567474044
AngMaFaFbCx10730-00,1,8,22,kmeans,25.269730125000002,-80.301103375,2022,0.09500961168781234,-0.04651287966166858,-0.07289504036908877,-0.21969242599000383,-0.19506343713956167,0.02858131487889272,0.040792003075740074,0.07227989234909646,-0.07372549019607835,0.1352710495963091,0.050334486735870765,0.19985390234525177,-0.10369857747020374,-0.06883506343713951,0.0035063437139561462,0.14477508650519028,-0.15136485966935792,-0.029857747020376753,0.004959630911187972,0.07404075355632445,-0.16889657823913876,0.09286428296808916,0.1575547866205305,-0.06845059592464432,-0.08347558631295651,0.03775470972702803,0.0642214532871972,0.13635524798154552,-0.028096885813148745,0.21031141868512107,0.048066128412149134,0.07178008458285273,0.0664052287581699,0.12805074971164934,-0.042252979623221804,0.034755863129565495,0.29084198385236437,-0.07116493656286038,-0.03259515570934252,0.11447135717031907,0.17295655517108802,-0.006197616301422522,0.16529027297193383,0.1495347943098808,0.09205690119184924,-0.08021530180699724,-0.07806228373702419,-0.11352556708958092,0.3273433294886582,0.07297962322183772,-0.10071510957324104,-0.19494809688581313,-0.04515955401768548,0.06958861976163011,-0.008496732026143781,-0.1289427143406382,0.02662821991541712,-0.0236370626682045,-0.15096501345636293,-0.028835063437139513,0.0693886966551326,-0.23926182237600924,-0.16692041522491347,-0.02855824682814299
AngMaFaFbCx10730-00,2,3,22,kmeans,11.961435999999999,-87.05295866666665,2019,-0.007402281173907496,-0.1044316288606946,0.14189414327822628,-0.12374727668845312,-0.09319492502883503,0.1406638472382416,0.17689606561578874,0.018044341919774443,-0.07711905677303599,0.1625016019479687,0.0773651159810329,0.12522363193643468,-0.11821094450852236,0.12157375368448028,0.015337690631808225,-0.005269768037934126,0.089196462898885,-0.019172113289760366,-0.13328207099833392,0.11234653338459563,-0.2221299500192234,0.1972369601435345,-0.0798052031270024,-0.023703703703703657,-0.11995386389850056,0.03223375624759707,0.0038549275919517907,-0.03807766243752399,-0.1350044854543124,0.0776111751890298,0.07875945149301547,-0.05337434320133277,-0.11454056132256821,0.012815583749839774,0.048781237985390205,0.08458285274894269,0.12169678328847877,-0.0267384339356658,-0.027825195437652175,0.07279251569909007,0.13094450852236317,-0.17652697680379337,0.043060361399461775,0.25856721773676794,-0.16426502627194664,0.11575035242855307,0.07810329360502366,-0.05837754709727026,0.04986799948737664,0.01361527617582979,0.002214532871972319,-0.07127515058310908,-0.024523901063693437,0.049375881071382806,0.27527873894655897,-0.021981289247725203,0.003075740099961568,-0.014107394591823641,-0.028686402665641438,-0.06879405356914003,0.11821094450852232,-0.07236191208509545,0.09083685761886451,-0.22198641548122516
AngMaFaFbCx10730-00,3,6,22,kmeans,20.987879833333334,-97.33650533333333,2023,-0.013830577982827092,-0.19357682942458024,0.07902601563501213,0.06349352813020628,-0.15136742278610787,0.0015481225169806379,-0.06969627066512878,0.041245674740484434,-0.17724464949378438,0.21643983083429447,0.02306805074971164,0.13490196078431368,-0.18367294630270403,-0.05679866717928998,-0.0463103934384211,0.08843778034089449,-0.04313212866846082,-0.021571190567730374,-0.10057670126874275,-0.0033935665769575935,-0.25900807381776236,0.22884531590413945,0.01875176214276561,-0.05853133410226831,-0.15026015635012172,0.2100115340253748,0.06323721645520951,0.0019274637959759353,-0.030952197872613066,0.14527745738818398,0.13355888760733045,-0.07676022042804045,0.08401896706394975,0.045090349865436335,0.049878251954376486,0.1516852492631039,0.2124721261053441,-0.012682301678841454,-0.01283608868383955,0.1027809816737152,-0.010139689862873238,0.0016506471869793642,0.06186338587722669,0.24543380750993207,0.0123439702678457,0.070957324106113,-0.08143534537998201,0.0770882993720364,0.08902217095988717,0.04468025118544146,-0.11608868383954887,-0.10375496603870302,-0.004623862616942195,0.17814686658977316,0.05935153146225807,-0.18596949891067538,-0.03589388696655129,0.009791105984877601,-0.07224913494809687,0.026195053184672565,0.054051006023324334,-0.19742150454953222,-0.001876201460976553,0.03801614763552478
AngMaFaFbCx10730-00,4,1,22,kmeans,25.149528,-80.394583,2022,0.075355632449058,-0.1998615916955017,-0.1358861976163014,-0.06698961937716261,-0.1663360246059207,-0.0415840061514801,0.015747789311803095,0.012056901191849212,-0.17937716262975767,0.0669896193771626,0.17279507881584,-0.1190926566705113,-0.1476970396001538,-0.07972318339100339,-0.0482276047673971,0.0415840061514801,0.017777777777777698,0.006151480199923107,-0.1793771626297577,0.1245674740484429,-0.05173394848135329,0.0005536332179930765,0.055363321799307905,-0.10851211072664359,-0.1301653210303729,0.1537870049980776,0.1358861976163014,0.0384467512495194,0.0039369473279506975,0.1793771626297577,0.07535563244905799,0.0517339484813533,-0.013840830449826903,0.1085121107266436,-0.1476970396001538,0.0157477893118031,0.31889273356401376,0.12456747404844289,-0.0199307958477508,0.0842137639369473,0.0935640138408304,-0.2679584775086506,0.1358861976163014,0.1998615916955017,0.0629911572472126,0.0448442906574394,-0.059115724721261,0.1998615916955017,0.16633602460592067,0.015747789311803095,-0.1793771626297577,-0.1301653210303729,-0.05173394848135329,0.2214532871972318,0.1137408688965782,-0.1537870049980776,0.0415840061514801,0.022206843521722395,0.0711111111111111,-0.0384467512495194,0.16,-0.23646289888504418,-0.06698961937716261,0.1245674740484429
AngMaFaFbCx11183-00,0,54,275,kmeans,-26.06644712962963,29.798323981481484,2023,0.15003232375012457,0.12132085949848345,-0.0805023708829937,0.02676919133666538,-0.028357184558645523,0.026355675167670525,0.07350335341108118,0.24334572173095814,0.0007153943639910537,-0.04672049211841594,0.1046241474076922,-0.11063892804761694,-0.00817805117689778,-0.0005935039229925942,0.031596964130605025,-0.02024976148774686,-0.0210152790237373,0.11595198427955056,-0.1041741780226978,-0.04282455465846467,0.050720093411365984,-0.008662195451891732,-0.15202244151109967,0.13160180557335494,-0.1773426175117832,0.01766158315177921,0.05667108092329155,0.21235820980534553,-0.0035895026129551325,-0.05668475087929141,-0.10054594386774314,-0.11428311048457143,0.03636550044854542,-0.1903837555356202,-0.005433807509932068,-0.00576758226892791,-0.03847181283551909,-0.04486821308043913,-0.11075740099961551,0.1764460962307944,-0.19841029803351984,0.0521645520953479,-0.0905247269568684,0.16338787076195763,0.2009745539464878,-0.1699710937388753,-0.13872613097526587,-0.10639896336166997,-0.14461218619619237,-0.1654770957039315,0.03610804961054863,-0.028121377817648466,-0.1368373987212895,0.2110037449983624,-0.03149785694960625,-0.16656271804291795,0.04043117319549457,-0.08694205932191318,-0.06364161932020447,0.007128882053910907,0.09408802882082387,0.005481652355931496,0.007062810599911717,-0.18934142139063323
AngMaFaFbCx11183-00,1,41,275,kmeans,-32.047840853658535,29.45548507317073,2021,0.0292150298665616,-0.07363921943717708,0.14375109010605677,-0.014284937313040945,-0.18855036993276503,-0.11377387683911439,0.05713974925216378,0.23444041222419143,-0.009386258568468045,0.09481381457413188,0.10913926163483087,-0.01581080447482674,0.0060374527620708635,0.13292298459316765,0.026335837060792726,0.03366960174792059,-0.017086111345542526,0.09788805431306905,-0.061888391894299545,0.1755347380463424,-0.09821363265535771,0.08045385920987236,-0.05220806256505467,0.01759923481587755,-0.15281627141530926,0.0858236513160979,-0.11820594330510774,0.08982361380707232,-0.08012678050655937,-0.12272503071051469,-0.053333333333333316,-0.09089037049540041,-0.1565236635065313,-0.12157725452687047,0.04615110510966701,-0.00532028019242131,-0.12289607186729305,0.06883656379816389,-0.13288097448448533,0.14669329807484924,-0.11659005448185969,-0.10088427527873892,-0.06735420710608488,0.05198000768935018,0.24769010043041606,-0.02622781106703798,-0.060619086467681244,-0.039160923097120215,-0.10287375399705552,-0.010970639810204338,0.06201592258137113,0.0011507769056929504,-0.11262610065547017,0.0789925075721345,-0.08227979857653245,-0.3071524085483069,0.0757682317307602,0.012495006610965767,-0.083219024577789,0.04698980692229065,0.061537307414596606,-0.06821391397304974,0.03252032520325202,-0.009371254958224357
AngMaFaFbCx11183-00,2,41,275,kmeans,-30.1286712195122,30.482951121951217,2023,0.102447651466134,0.034553314391275375,0.006175485976313053,-0.027650153318142162,-0.08223478774580131,0.014970602301178706,0.07086505190311417,0.33142074811751576,-0.03332901979538823,0.07149970461642331,0.09446723117750207,-0.06563479337215514,-0.006499563957577295,0.09382807738111978,0.08297446573081646,0.06123423448767355,-0.003219774758301222,0.06314869515477159,-0.14469331682936204,0.03772807831884545,-0.018835532299959656,-0.012199435489164571,-0.10739134104143808,0.08205474442287672,-0.18082501101827625,0.12567474048442906,-0.03514295627385339,0.16720173291698315,-0.08171116174829565,-0.07112761508237915,-0.05725077596796725,-0.055450342738721486,0.010215958214945465,-0.15147944974259428,-0.02704400746429607,0.026451364859669358,-0.025816712146360193,0.09571853227182789,-0.1232666610403128,0.14538948434467042,-0.1552453559137667,-0.06422295364822155,-0.06667754428409332,0.1651987509494472,0.31420560572387723,-0.09128646580583451,-0.061756360124154835,-0.015651766206243374,-0.08635627947974979,-0.0436935137517465,-0.006769628941964145,-0.038551776521225385,-0.193804634240114,0.1966778256017854,-0.04583752965557334,-0.21174595136954827,0.020374902710964808,-0.03829971586913099,0.015716281730291368,0.11282864939376033,0.10341388396582925,-0.13831528211475885,0.023768719348093117,-0.15123339053459736
AngMaFaFbCx11183-00,3,72,275,kmeans,-30.073263416666666,32.803533111111115,2023,0.11540262292280742,-0.03965739672775424,-0.0008552266222393232,-0.07621513093254728,-0.06785937032765174,-0.04350292622495619,0.05009269938912381,0.3314913067623563,-0.04721261053440981,0.12990730061087613,-0.008642829680891959,0.04321329403220985,0.020006834977999904,0.09171515229185352,0.04040326370199492,0.08067922593874148,-0.06986970823187659,0.0989405784100132,-0.0859489939766756,0.12204024093297447,-0.011937289076850783,0.07294972019308811,-0.07812550728352341,0.13148959801785634,-0.1856371481054295,0.11496603870306289,-0.08891793754538849,0.19728053312828397,-0.007191251228160105,-0.08970139689862869,-0.07236618394634539,-0.10031526336024602,-0.010249903883121886,-0.15159041394335507,-0.030265282583621662,-0.036198043487547515,0.00824896407364692,0.07344098423683193,-0.027920030757400946,0.12284420522021441,-0.16402836515869962,-0.03126489811610916,-0.03268401042334143,0.16552437096843092,0.27418428809432266,-0.056846512025289404,-0.08855739245589299,-0.02507838865393651,-0.05874065530351573,0.013305993421333637,-0.05594344055705068,-0.042714340638216046,-0.18052116707249347,0.1664137724806698,-0.08870349011064116,-0.23190653167585115,-0.0025844760562176976,-0.06957324106113029,-0.05263274808834206,0.14389508308770124,0.08713828014866074,-0.17559827416805499,0.003377333504207776,-0.2138451023110769
AngMaFaFbCx11183-00,4,67,275,kmeans,-24.862057313432835,29.56957391044776,2023,0.13982406307562528,0.04220925361657683,-0.07950007746733456,-0.02045137633631152,0.015223536297750001,-0.032724038400844674,0.041796094498671554,0.25374213132721624,-0.08563503130254149,-0.025651672433679332,0.009434717990210409,-0.10607906258786803,0.010160959906350603,0.008875575983978604,0.000141392231460917,0.008845277648665544,0.0045052706479138255,0.06945755650811683,0.026688242753935033,0.00872592057015957,0.08931398371464475,-0.0001964801138482949,-0.11232786471334215,0.0962871914935128,-0.16276082103898037,0.10376353526485217,0.046003890581693574,0.21554511181118624,0.039000384467512486,-0.07542908295890784,-0.12151376910143627,-0.15080950495504022,0.031364285837249734,-0.1928782844715293,0.04056028967044821,-0.09033494580155735,-0.07038303293222467,-0.0028535523076658256,-0.13936775178318325,0.06644424934152764,-0.21851159427774616,0.011212220328576258,-0.11715080881635649,0.19351087698761096,0.20153167266321217,-0.11906878525481013,-0.15475196107122974,0.009483378952985934,-0.10182076927932422,-0.10803376428124657,0.0143357032599402,-0.030361686377799554,-0.17573952612944502,0.25085552629011804,-0.03595402457149085,-0.1511179970964095,0.05618413124687976,-0.10101189553960296,-0.07201730677638334,-0.014105252285286383,0.13669323509327638,-0.08345079676588221,-0.052949554419367974,-0.2164540618705779
AngMaFaFbCx11214-00,0,17,124,kmeans,-16.843812411764706,-47.617222764705886,2022,-0.00924531288870795,-0.08876947780265505,-0.17671755207273218,0.013659904561593944,-0.031991315557364765,0.06080919103512218,0.08942442951805864,0.16906438700047488,-0.12200556347106314,-0.035085148246149646,0.0604979985073614,-0.16467874346970615,-0.13380916841938617,-0.04884998982291876,0.01776692222448379,-0.052410611303344845,-0.005840287672162298,-0.005818576565574322,-0.037990818011172135,-0.0983259832191238,0.1407241558676527,0.045756157134133904,-0.15778908564579233,0.1357016532103037,-0.13946853020331543,0.08760431508243433,0.12802315851369378,0.048386819549042205,0.0255539724540335,0.00767849469660987,-0.1447877513173666,-0.09141099577085732,0.1329515797091616,-0.19689802564624465,-0.004722165682882133,-0.04009317683243999,0.05644887712870614,-0.0770563357984485,-0.19705000339236034,0.164211954678065,-0.298343171178506,-0.0542090146323812,-0.12697016984417753,0.10989076599497927,0.09426962480493926,-0.025738516860031212,-0.12027229346179066,0.07923468349277425,-0.12477734807879322,-0.12200556347106314,0.04070108781690297,0.11063979917226402,-0.16332541782572313,0.2617961417554334,-0.0525336409073433,-0.01809982585883256,0.1011050048623832,0.03185019336454302,0.03633715539272224,-0.018067259198950615,0.1289603546147409,-0.07236673677544832,-0.057617658366691506,-0.24661284121491733
AngMaFaFbCx11214-00,1,28,124,kmeans,-23.766473464285717,-46.65793335714285,2024,0.10083374526281098,-0.06805074971164933,-0.00719723183391003,-0.05663316306914921,-0.006819355193057614,-0.08115340253748554,0.09072334816279448,0.16861646619432086,-0.10317789861042456,0.058241335749986245,-0.007597078046905015,-0.049730323501949766,-0.0819508980062613,0.04817048387982642,-0.049334871203383285,-0.08310210358653264,-0.0023990772779700215,0.029590816718844396,0.02513758444554292,0.04674465864777284,0.03801614763552477,0.08072719283791945,-0.19920250453122423,0.0742461690558576,-0.1548569231614214,0.15636623276761685,-0.04964903608502223,0.09695611577964514,0.00877904102817599,-0.09574998626901736,-0.01205909814906353,-0.13693854012193107,0.0134234085791179,-0.1491206678749931,-0.01229197561377493,-0.01613884769594111,-0.10037018729060243,0.0039830834294502055,-0.07232163453616738,0.04303839182731914,-0.2771175921348932,-0.015347943098808142,-0.11636403581040257,0.17974625144175316,0.16883835887296092,-0.053372878563189945,-0.103573350908991,0.03882243093315757,-0.07713297083539296,-0.0846245949360136,0.025333113637611884,0.017406492008568135,-0.2179930795847751,0.27054429614983244,-0.04069204152249133,-0.17915526995111766,0.042104685011259364,-0.05571263799637499,0.06562970286153677,0.009352446861097381,0.12544625693414618,-0.139642994452683,-0.0752479815455594,-0.2557653649695172
AngMaFaFbCx11214-00,2,20,124,kmeans,22.74583215,115.5087606,2024,0.04928565936178389,-0.09448673587081889,0.10826297577854674,0.0818454440599769,-0.030197616301422505,0.016498269896193754,-0.21857131872356794,0.07555555555555551,0.017239523260284523,0.10785697808535176,-0.005662437524029201,0.13402537485582464,-0.30773702422145327,-0.021327181853133398,-0.07202460592079966,-0.013896193771626302,-0.06777085736255284,0.08578854286812762,-0.09421607074202225,-0.021207227989234897,-0.17683660130718953,0.15143713956170698,0.06344636678200691,-0.16943021914648204,-0.11560169165705494,0.07945866974240674,-0.046517493271818505,-0.021078046905036507,-0.06300038446751247,0.17427143406382165,0.15687197231833902,0.13326874279123416,0.09709496347558631,0.08755401768550555,-0.12612995001922336,0.129676278354479,-0.028210688196847383,-0.08680968858131484,-0.02833679354094576,0.023689350249903863,0.08558861976163015,-0.0004029219530949611,0.054019223375624724,0.23665974625144173,0.06421837754709724,0.05970319108035367,-0.0473018069973087,0.08346635909265662,0.12425374855824685,0.04438292964244518,-0.0004828911956939741,-0.14292041522491347,-0.008956555171088027,0.11579853902345247,0.07312879661668586,-0.2735717031910804,-0.06760476739715492,0.036752018454440566,-0.03763783160322951,-0.06942252979623222,0.012050749711649392,-0.2046628219915417,-0.0032572087658592833,0.003644752018454489
AngMaFaFbCx11214-00,3,25,124,kmeans,-23.61296,-46.568819160000004,2024,0.04914540561322564,-0.01828958093041136,-0.0562762014609765,-0.07420161476355247,-0.008540715109573237,0.04112879661668588,0.045176470588235276,0.2524936562860438,-0.055690580545943835,0.06767612456747403,0.07562383698577467,-0.08917923875432524,-0.039093886966551285,0.09887397154940404,0.03929073433294885,0.021978008458285268,0.013297039600153784,-0.054007535563244884,-0.07980438292964241,-0.05742037677816221,0.006761707035755481,-0.028552710495963057,-0.1785651672433679,0.08025467128027677,-0.18103806228373698,0.12060099961553246,-0.03067866205305651,0.12369150326797382,-0.08916939638600532,-0.07311403306420605,-0.07287535563244904,-0.11978162245290269,0.09937839292579774,-0.15200799692425987,-0.11185605536332177,-0.014143483275663192,0.007413763936947315,0.07003337178008455,-0.1466439061899269,0.06897285659361782,-0.22645813148788926,-0.042568242983467876,-0.09145036524413684,0.19025051903114182,0.18719938485197998,-0.04590726643598615,-0.06868250672818146,0.09669880815071125,-0.039704113802383686,-0.13885859284890423,-0.013402845059592453,-0.01321337946943482,-0.14411933871587845,0.2705667051134179,0.0008267589388696386,-0.0658306805074971,0.009064821222606689,-0.033692887351018816,0.14485751633986924,0.0038852748942714357,0.11342345251826216,-0.19487151095732408,0.03710326797385621,-0.29284982698961937
AngMaFaFbCx11214-00,4,34,124,kmeans,-24.124729705882352,-46.54980017647058,2023,0.08266141981590787,-0.08690232263609016,-0.0768157043670986,-0.0845050546170025,0.020006784720808718,-0.09282402695795731,0.03500192233756247,0.2576131352194857,-0.05024311916231311,0.12530203315466898,-0.008655494493068266,-0.019313838568876196,-0.00670692267679851,0.13233281317140463,-0.019516475563697195,0.03335730601352419,-0.10512698735780351,-0.019315647827758554,-0.007117624443087507,0.01716986679331478,-0.01371780084582852,0.0178863333107176,-0.1263423570120089,0.11160956193319307,-0.19112468055272855,0.09946219779722727,-0.09323653798312863,0.15171178506004476,-0.04129633398918965,-0.12117873216183817,-0.06423411809937352,-0.19029965850238595,0.024497365266752582,-0.15226541827803783,-0.1460162380984689,-0.07458669742406766,0.010618540380396696,0.038367143858696856,-0.032096252572539945,0.050791324603659205,-0.23793020783861407,0.01912386638623153,-0.025217450301920068,0.16598864690051335,0.15466087703824316,-0.04322319469887145,-0.1484044598231449,0.08424452133794692,-0.08119230160345565,-0.07123594997399188,-0.0545980052920822,-0.05194382251170361,-0.08707058371214689,0.23263088857226857,-0.10019132912680645,-0.037922066173643645,-0.056566478956057584,-0.054341090530791294,0.055929619829477334,0.010716240360042525,0.08202636994820993,-0.18839631815817443,0.010224121944048654,-0.28134880249677724
AngMaFaFbCx11506-00,0,20,43,kmeans,3.8700637,-73.94403329999999,2020,0.06461514801999228,-0.05045751633986924,0.050974240676662785,-0.14316032295271044,-0.023972318339100296,-0.12755401768550553,-0.018657439446366775,0.10308958093041135,-0.06259438677431753,0.2081999231064975,0.031135717031910787,0.10885351787773931,-0.08899346405228754,-0.09692887351018838,0.0010396001537869987,-0.21802998846597457,-0.030874279123414027,-0.007240292195309507,-0.038093041138023816,-0.012807381776239884,-0.0853241061130334,0.044865820838139156,0.24124567474048444,0.17227527873894655,-0.046908112264513635,-0.00206382160707419,0.23249519415609382,-0.09347481737793154,-0.2408335255670896,0.104316801230296,0.2455763168012303,-0.19409150326797386,-0.0039984621299500155,-0.011260284505959256,-0.03568781237985388,0.009977700884275284,-0.031249519415609342,-0.13958631295655516,-0.14942560553633216,-0.051054209919261795,0.16760938100730485,0.02850903498654362,-0.007360246059207966,0.24485044213763937,-0.03903421760861207,-0.15759477124183002,-0.15984928873510185,-0.06905344098423682,-0.0555909265667051,-0.05905728565936174,0.1881122645136486,-0.13788235294117643,0.05620915032679735,0.04750480584390615,0.019118800461361003,0.15942791234140713,0.04038139177239519,-0.07005920799692421,0.0797877739331026,-0.111836985774702,0.007569396386005373,-0.22459669357939255,0.058291426374471315,0.0796862745098039
AngMaFaFbCx11506-00,1,2,43,kmeans,4.76288,-52.32688,2020,-0.037677816224529,-0.011318723567858513,0.09768550557477887,-0.16648981161091883,-0.1426220684352172,-0.041337946943483236,0.10349865436370627,0.0909496347558631,-0.10435986159169544,0.0856593617839292,0.023621683967704747,0.12306036139946172,-0.00922722029988464,-0.04321414840445975,-0.09848519800076891,-0.12063052672049211,-0.10949634755863125,0.060099961553248704,0.0022145328719723467,0.01783929257977704,0.01356401384083046,0.09673202614379081,0.27767781622452903,0.1668896578239139,-0.016055363321799306,0.0787389465590157,0.20010765090349864,-0.109034986543637,-0.1285966935793925,0.04976547481737788,0.20035371011149564,-0.08366013071895424,-0.10891195693963852,0.01876201460976545,-0.07332564398308339,-0.075355632449058,0.07427912341407153,-0.11764705882352934,-0.29825451749327175,-0.039984621299500145,0.0842137639369473,-0.024636678200691948,0.123675509419454,-0.027404844290657433,0.08381391772395229,-0.0337408688965782,-0.13613225682429833,0.015501730103806247,0.007135717031910786,-0.005813148788927344,0.11595540176855047,-0.1190926566705113,-0.0354325259515571,0.10906574394463665,0.12219915417147251,0.08775086505190309,0.24079969242598995,-0.05917723952326025,0.16993464052287577,0.039615532487504775,0.07397154940407541,-0.18091503267973857,0.08366013071895426,-0.03789311803152635
AngMaFaFbCx11506-00,2,9,43,kmeans,3.527012666666667,-73.40508777777778,2021,0.03600666410354987,-0.059327609039258364,0.10396685035670039,-0.18309539066171127,-0.052396941347345,-0.07808278867102393,0.00958947413388013,0.07516425306506042,-0.07850655730701864,0.20224016403947195,0.05031910803537097,0.03248665043359388,-0.09419283181682256,-0.11842282882651968,-0.01379298560382759,-0.20892477252338842,-0.022534922465718275,0.061009013627237346,0.01887820923576399,0.05195266777735057,-0.1154291084625571,0.08788414712290141,0.15329488658208376,0.11966679482250414,0.01822888632577212,0.022876671365714002,0.1632534495279593,-0.11389123841257631,-0.3279900892819001,0.20582852748942712,0.22705113417916187,-0.15554359434405565,0.01701226024178732,0.05500790294331235,-0.12898286983638768,0.04486479559143913,0.0025152719039685523,-0.13577683796830273,-0.054837028493314476,-0.07598445042505016,0.15002776709812463,-0.014203084283822442,-0.04135161689948308,0.26622239309667217,-0.05087957623136399,-0.1529668076380879,-0.14797043872015037,-0.08491776667093849,-0.05142637447135713,-0.0331496432995856,0.13106753812636163,-0.16872826690589085,-0.009049510871886875,0.10603101371267457,0.10262035969071721,0.1298235721303772,0.059136229655260754,-0.04334743047545815,0.08409756931094875,-0.27931137596650857,0.0031099149899611045,-0.11069246870861629,0.022200008543722467,0.07441924046306969
AngMaFaFbCx11506-00,3,1,43,kmeans,6.83787,-73.397526,2021,0.0669896193771626,0.1301653210303729,0.22889657823913878,-0.0222068435217224,0.1358861976163014,-0.1085121107266436,-0.002214532871972305,0.1190926566705113,0.17279507881584,0.0797231833910034,-0.02977316416762779,-0.013840830449826896,-0.0842137639369473,0.012056901191849198,-0.0448442906574394,-0.1929104190695886,-0.007443291041906899,0.015747789311803102,-0.1301653210303729,-0.18608227604767402,-0.2288965782391388,0.10851211072664362,-0.10340638216070738,-0.008858131487889206,-0.16,0.004982698961937704,0.1034063821607074,-0.1245674740484429,-0.024605920799692385,0.01039600153787001,-0.02220684352172239,-0.16,0.0415840061514801,0.0482276047673971,-0.0039369473279506975,-0.1663360246059207,0.10340638216070741,-0.1998615916955017,-0.1929104190695886,-0.0711111111111111,0.0935640138408304,-0.0629911572472126,-0.18608227604767397,0.16,-0.1190926566705113,-0.0888273740868896,-0.22889657823913878,0.3460207612456747,-0.003014225297962303,0.017777777777777712,0.029773164167627805,-0.1663360246059207,0.0842137639369473,0.029773164167627795,0.1358861976163014,-0.06698961937716261,0.25990003844675125,-0.05911572472126099,-0.09356401384083039,-0.0797231833910034,-0.19291041906958864,-0.0842137639369473,0.0888273740868896,-0.0935640138408304
AngMaFaFbCx11506-00,4,11,43,kmeans,3.527491727272727,-73.4042490909091,2020,0.006498199993009674,-0.025992799972038724,0.07451679423997759,-0.1311495578623606,-0.05228758169934636,-0.02113872286882669,0.026065499283492347,0.10715319282793327,-0.04938520149592812,0.18210618293663275,-0.009669008423333667,0.022659816154625825,-0.11641955891090837,-0.07637901506413615,0.0021697948341546924,-0.16331620705323122,-0.014327356611093599,0.0747460766837929,-0.012107231484394087,0.10562091503267972,-0.16917689000733982,0.12594316871133476,0.04406696725035824,0.06926566705113416,-0.011385830624584944,0.04659466638705388,0.17234769843766382,-0.13496347558631294,-0.33219111530530215,0.23815735206738667,0.1927426514277725,-0.13871028625353884,0.0638691412393834,0.017727447485232938,-0.07681521093285792,0.09344098423683196,-0.0033944986194121007,-0.13446576491559187,-0.058914403551081705,-0.09979937786166154,0.11039110831498372,-0.08407954982349441,-0.07174303589528501,0.3477263989374716,-0.15111949949320191,-0.1044129880116039,-0.1198811645870469,-0.06833176051169128,-0.07255391283072939,-0.02978434867708222,0.07446646394743277,-0.21128097584844988,-0.016871832511970896,0.10179581279927297,0.11024570969207645,0.12286742861137322,-0.006654783125371351,-0.04642689874523781,0.040689245395127735,-0.27635245185418195,-0.028246478627101446,-0.11282373912131693,0.041270839886756824,0.000833245954353197
AngMaFaFbCx11524-00,0,7,28,kmeans,3.522423571428571,-73.41290000000001,2020,0.03954522985664849,-0.04844730048882294,0.09319492502883503,-0.16139726478826819,-0.025062887900258082,-0.07219201406052614,0.022417751414291157,0.14740704124787166,-0.0369088811995386,0.21749876421156694,0.007566320645905428,0.09554127533366283,-0.06987202724226942,-0.06923930356456305,0.012320536057560269,-0.18952710495963088,-0.014086889657823877,0.04262975778546707,-0.05248970176305813,-0.058377547097270235,-0.1373010380622837,0.11863568956994561,0.15261822376009224,0.12952380952380949,-0.12077113198220461,-0.0032690723348162837,0.23481078705992198,-0.08175317185697803,-0.24563739221178665,0.1293129016312407,0.19122315592903824,-0.233747459768221,-0.004130279562805509,0.04544186301971762,-0.0470588235294117,-0.0012127203822705473,-0.0017927170868347053,-0.12019992310649748,-0.13206349206349202,-0.0670687098368759,0.1939298072170044,0.04592519360685447,-0.016986873180644763,0.297116493656286,-0.10080518481902562,-0.18020321854231883,-0.23017081342340856,-0.05674301092986214,-0.08663041687263139,-0.07416927555335855,0.15297852474323065,-0.13957708573625524,0.06495084308233094,0.03260284505959241,0.02206623826000987,0.22633932004174218,0.033402537485582424,-0.05236667215905966,0.05149667710221341,-0.06149722634151697,-0.02144230241116049,-0.25444279672653375,0.06649750096116873,0.057156038886142645
AngMaFaFbCx11524-00,1,8,28,kmeans,3.531282375,-73.42163500000001,2020,0.02667435601691653,-0.012871972318339059,0.025736255286428297,-0.11061899269511724,-0.02208381391772389,-0.10059976931949248,-0.05820069204152244,0.11722414455978467,-0.08863514033064201,0.1310957324106113,0.06019223375624756,0.1270049980776624,-0.11224144559784696,-0.12835832372164552,0.008335255670895797,-0.25862360630526726,-0.02829680891964624,-0.0935640138408304,-0.10901960784313722,0.0907650903498654,-0.08257593233371774,-0.08307574009996152,0.25126489811610914,0.17133410226835827,0.03477124183006531,0.014448289119569385,0.3005536332179931,-0.16308342945021143,-0.29301038062283735,0.06109188773548631,0.30935024990388316,-0.07579392541330257,0.09039600153787002,-0.060784313725490154,-0.06418300653594769,0.061014994232987264,-0.04845059592464432,-0.17783160322952707,-0.155678585159554,-0.042406766628219864,0.079838523644752,-0.0321722414455978,-0.0270511341791618,0.21676278354479048,0.04096885813148785,-0.10624375240292193,-0.12401384083044978,-0.0466128412149173,-0.08235294117647056,-0.00966551326412915,0.19749327181853132,-0.1566782006920415,0.05007304882737405,0.07454825067281812,0.0440599769319492,0.12376009227220296,0.05607843137254898,-0.11353325643983081,0.08890426758938866,-0.1242137639369473,0.05283352556708953,-0.18229142637447132,0.008658208381391742,0.05122645136485963
AngMaFaFbCx11524-00,2,4,28,kmeans,3.52506725,-73.4158325,2020,0.07226451364859665,-0.051887735486351345,0.0395078815840061,-0.16195309496347554,-0.032956555171087996,-0.11168012302960398,-0.007566320645905428,0.10468281430219145,-0.059515570934256024,0.219838523644752,0.014778931180315272,0.10828143021914644,-0.10508266051518644,-0.10626682045367165,0.0022760476739715693,-0.24033833141099573,-0.0349096501345636,-0.010565167243367972,-0.027835447904652,-0.027343329488658155,-0.07028066128412144,0.04172241445597845,0.2662514417531719,0.1846828143021914,-0.02983467896962705,-0.0009534794309881273,0.22920415224913493,-0.10771241830065359,-0.20364475201845442,0.08216839677047284,0.2519953863898501,-0.21145713187235676,0.020991926182237577,-0.042214532871972306,-0.015578623606305221,-0.01224144559784695,-0.052041522491349426,-0.14632833525567088,-0.14076124567474047,-0.08387543252595153,0.16685890042291418,0.015209534794309823,-0.04653594771241823,0.24055363321799303,-0.03221837754709721,-0.20376778162245288,-0.18013071895424837,-0.0640061514801999,-0.05894655901576311,-0.04221453287197228,0.21803921568627455,-0.11920030757400997,0.0684352172241445,0.052010765090349846,0.012149173394848133,0.16975009611687802,0.04030757400999609,-0.05882352941176465,0.07703191080353705,-0.08133794694348323,0.031018838908112217,-0.25636293733179544,0.040153787004998026,0.09384083044982694
AngMaFaFbCx11524-00,3,6,28,kmeans,3.5258533333333326,-73.416685,2022,0.08359861591695499,-0.025897731641676212,0.06201717288222473,-0.13966935793925409,-0.0318441625016019,-0.1526182237600922,-0.05944380366525691,0.0656055363321799,-0.05873638344226573,0.1887889273356401,0.08146610278098161,0.0897090862488786,-0.07203383314109954,-0.13349737280533125,0.03315647827758552,-0.201358451877483,-0.04636165577342044,-0.03032679738562092,-0.018392925797770063,-0.010918877354863507,-0.06462129950019219,-0.010016660258874798,0.28724336793540944,0.19875432525951553,-0.005136485966935805,0.019510444700756094,0.24731000897090857,-0.07355119825708059,-0.22345251826220686,0.10113033448673583,0.2821273869024734,-0.16696142509291295,-0.02804049724464945,0.013820325515827214,-0.00020504933999745262,0.030921440471613448,-0.05282070998333971,-0.11027553505062151,-0.1990311418685121,-0.018741509675765704,0.17183134691785207,0.06970652313212862,0.0015993848519799958,0.19007048571062413,0.03180315263360243,-0.15213635781109824,-0.10801999231064974,-0.055014737921312284,-0.01959246443675508,-0.059105472254261146,0.23660643342304238,-0.13338459566833266,0.03337178008458282,0.079036268102012,0.04326541073945913,0.11676534666154041,0.0784518774830193,-0.0988132769447648,0.13353838267333074,-0.16388568499295134,-0.007207484300909894,-0.21663462770729208,0.10145841343073173,0.1336511598103293
AngMaFaFbCx11524-00,4,3,28,kmeans,3.5276453333333335,-73.40482666666668,2020,0.028829937203639567,-0.027394591823657534,-0.0018249391259771985,-0.14216070742022296,-0.0315570934256055,-0.03291041906958865,0.04949891067538123,0.1585646546200179,-0.07158272459310516,0.1623580674099705,0.01779828271177754,0.038098167371523724,-0.11937972574650774,-0.07736511598103289,0.01353325643983077,-0.2025477380494681,0.005905420991926147,0.008448032807894391,-0.034530308855568334,0.09686530821478909,-0.16594643085992564,0.0822452902729719,0.08929898756888373,0.048760733051390434,-0.02819428424964756,0.05727028066128405,0.21657311290529282,-0.1580930411380238,-0.3432936050237088,0.22418044341919774,0.189998718441625,-0.10211457131872353,0.12083557606048952,-0.02706651287966163,-0.0673792131231577,0.05005254389337429,-0.051590413943355076,-0.16611047033192355,-0.0346533384595668,-0.08968858131487883,0.11870306292451616,-0.10043316673074455,-0.08597718826092524,0.3524593105215942,-0.1121414840445982,-0.167115212097911,-0.15038318595412017,-0.09631167499679605,-0.06383185954120206,-0.03498141740356273,0.09327694476483402,-0.1795001922337562,-0.033915160835576,0.10978341663462766,0.0739407920030757,0.14458028963219272,-0.019705241573753626,-0.051856978085351724,0.04652569524541837,-0.21189798795335127,-0.004757144687940543,-0.14535947712418296,-0.013861335383826688,0.018085351787773908
AngMaFaFbCx12678-00,0,65,290,kmeans,-21.706233030769233,25.886220953846156,2024,0.048254103451335253,0.16472055126726404,-0.09014379084967317,0.03257445361251588,-0.005162511460089322,0.12982935557330016,-0.017830775145654024,0.24544122083222428,-0.11675604057610972,-0.1478636027563363,-0.006876408481944818,-0.08043675509419451,-0.04496258835359178,-0.04880205837991303,-0.04967272942359445,-0.08559642740957617,0.0889305296779345,0.06295519474758227,0.028522994114689608,-0.06781864963179839,0.17049537160263803,0.019140567237453037,-0.13849631798420722,0.0925987046402271,-0.16227794043710997,0.02729364445627419,0.09910223878389965,0.2464595274007039,0.04509224262857479,-0.08019732055718211,-0.15919084375831777,-0.12824416644485845,0.02667376452843578,-0.20755472747168247,0.057028006979564075,0.004847366397539392,-0.10839854493833728,-0.0373565196817792,-0.17331937420518734,0.11725289089994968,-0.08377842841510659,0.07116884038683344,-0.024001182976961508,0.22526720492118416,0.12137248987075973,-0.13936888179102708,-0.11252571496170108,-0.08027492384585808,-0.09919025226983703,-0.1815159849761926,0.07063697394493239,0.00545778250968562,-0.14038056368852211,0.21431946292845946,-0.0014498565640434155,-0.1114875343802679,0.04638026794428175,-0.09413278916393099,-0.0885604944843699,-0.02955265726199979,0.19432904504184778,0.03159210954366663,0.02333966226007747,-0.1682306805074971
AngMaFaFbCx12678-00,1,55,290,kmeans,-23.450522309090914,29.419961,2022,0.15731459927999716,0.0921245674740484,-0.13972807661388975,-0.03398525042815698,0.031483275663206446,0.02621760861207227,0.01189137045192408,0.28651917094823665,-0.0693003390304428,-0.03291601132431582,0.055823005137884,-0.09901981755268946,0.0442649330677012,-0.007048477858166424,0.03438789276851562,0.017517178707490103,0.02629366327636222,0.026987102862535358,-0.01568515605885848,-0.007472370766488379,0.06614295201146414,-0.042696864842193545,-0.12972241445597846,0.11765544720562018,-0.151013246653385,0.10246800181748274,0.08749082520708815,0.2565670546293383,0.02464059277900107,-0.04727021075810001,-0.11779860892663657,-0.12203977491174717,0.09497214358114009,-0.1696869036384607,-0.012434937611408192,-0.051409597707175576,-0.06219482017405889,0.028889587920729785,-0.13693306770123376,0.10460088777043791,-0.1696488763063157,0.030873719897941312,-0.1072695117262591,0.1755419943378421,0.2129362832477019,-0.14211596938240534,-0.1360931110412079,-0.010884764601027573,-0.10254964873649992,-0.1147027367096571,-0.01923064555590505,-0.0433712907622942,-0.15118436964803744,0.27530781867114046,-0.045818461430918146,-0.1095578623606305,0.06678270595225609,-0.11940134913145291,-0.03930012932089054,-0.042844500366991695,0.11154534969067838,-0.08368361818880844,-0.020522456397888897,-0.21690790255496134
AngMaFaFbCx12678-00,2,69,290,kmeans,-24.480018855072466,28.4101173768116,2024,0.12851601112169786,0.12111818754213816,-0.1353985367946553,0.03210448601151171,0.01373741426095871,0.05012832299728641,0.019243434799324652,0.2535595562464827,-0.03669045907649787,-0.051248070697446337,0.04795479999331359,-0.11611141757072246,0.024462386261694197,-0.04045623478149425,-0.005908987067404392,-0.06631206503630152,0.048363115635569345,0.09830778574572764,-0.02741331371991818,-0.04660682346254784,0.09369685015239398,0.0038424463277780567,-0.1395931330759072,0.1258771152678178,-0.16501925123558941,0.02412895820448098,0.07831725813371665,0.26872964133081473,0.07989524653282735,-0.07151942675336684,-0.15974948319765525,-0.163166675024656,0.025443057018203676,-0.24779856131142425,0.01487410081964015,-0.037820013484222884,-0.08481019006067897,-0.034604304921741345,-0.10417754598287166,0.14966283870752048,-0.09259136675414692,0.0699708584769514,-0.04346154489076104,0.19455348834617675,0.1801510010085307,-0.1946631451671319,-0.1631693495812647,-0.11181786269495006,-0.09500025073968203,-0.15190233410784032,0.02473786559238643,-0.04328769871119801,-0.13215875722269582,0.25029748870278434,-0.03663785946319418,-0.10854420540594752,0.02787601201321674,-0.14883105160222654,-0.1465059703904295,-0.060373657846201814,0.15579559701118295,0.04799848441792175,0.04158668070808883,-0.14907087017813658
AngMaFaFbCx12678-00,3,24,290,kmeans,-24.25137545833333,28.610832625,2022,0.14238626169422014,0.05112392669486093,-0.12325515827245928,-0.07947712418300654,0.007814942970652314,-0.045210816352684785,0.045285146738433896,0.26791746764065105,-0.06224272715622192,-0.015681148276303965,0.013699859028578745,-0.056414199666794805,0.06631295655517104,-0.01159041394335511,0.013687043444828899,0.02353197488145584,-0.020940663847238236,0.12573112905292833,-0.06203255158272458,-0.012484941689093962,0.026410354991669854,0.024411123926694846,-0.1797898244265026,0.17525823401255924,-0.1421504549532231,-0.015247981545559397,0.017370242214532875,0.3180238369857747,0.07548891452005635,-0.0919876970396001,-0.1279251569909009,-0.15907984108676146,0.02016916570549787,-0.14690759964116365,-0.03415353069332307,-0.09026015635012172,-0.0134948096885813,-0.007917467640651014,-0.08164808407022937,0.13504036908881198,-0.1883583237216455,0.08033576829424578,-0.03794694348327564,0.17578367294630265,0.19465333845956684,-0.11482763039856461,-0.196157887991798,-0.045115981032936035,-0.1546584646930667,-0.16139689862873252,0.0013481994104831557,-0.020868896578239128,-0.05953607586825575,0.16891708317313853,-0.05715750352428551,-0.07917723952326025,0.04713828014866074,-0.1541714725105728,-0.09179802640010248,-0.008155837498398051,0.06779443803665255,-0.04961681404587977,-0.01669357939254132,-0.24608483916442392
AngMaFaFbCx12678-00,4,77,290,kmeans,-23.981672285714286,30.569210142857145,2023,0.12081107665882748,0.10515436120972449,-0.08582433329838172,0.041192548320575985,-0.03875592304658044,0.062475870918777474,0.07144824418180816,0.3255531089441124,-0.07414930321504715,-0.015925942569541152,0.006138697903403781,-0.03382035880305773,0.048659007274924185,0.03124712273501199,-0.03001842448209228,-0.017707475146921493,0.06268518102428133,0.143147340932808,-0.02289788642729817,-0.07087863309316593,0.14035361024980397,0.05767931414990238,-0.1596444923780564,0.1592833925013855,-0.14567823564363355,0.07466219286288486,0.06823429550073144,0.22722848854336747,-0.021523789551471148,-0.0600831847890671,-0.14260089775660706,-0.17046870084932367,0.07717870749012613,-0.2555252974630137,-0.06436525412303959,0.10566804975109469,-0.16714849932843007,0.0533748757970211,-0.10612581574519288,0.1600782915661808,-0.08161016991466816,-0.021245774602176,-0.05724711274884281,0.1775421041857028,0.16808480254847033,-0.12925218572277392,-0.09057854871003657,-0.060199024351273465,-0.09197900907243466,-0.09766713102353236,0.060720701827968224,-0.007410536407076203,-0.16297428062133942,0.25466568802208944,-0.08621659002281837,-0.14585718779490403,0.047175461985150526,-0.0698065179726079,-0.05242259470633171,-0.0027801494929522545,0.1402441618358573,0.02857003050774677,0.05567968363816112,-0.16960190136660722
AngMaFaFbCx12974-00,0,13,59,kmeans,-32.91494492307692,-58.12155330769232,2022,0.07552124922367133,-0.02020997841067046,0.13098394108774727,-0.05421820010055305,-0.15414189808653472,-0.12386241977937475,0.08542040043770144,0.30867181261644927,-0.07613639724366364,0.23870109129624703,0.08387779847987457,0.012596338686304075,0.08345665868157214,0.20335373968591963,0.05160145506166263,0.08645668825599619,-0.06733978055777361,0.053759205039481804,-0.003061544376423253,0.072156862745098,-0.21798479874604443,-0.04445627421405966,-0.0019400822168988332,0.07170259959187289,-0.03591044864401263,0.15048413332150354,-0.19522432200632892,0.08949930500103506,-0.10610830154082748,-0.09044095466240791,-0.10246000059148844,-0.17658533700056186,-0.009530062402034741,-0.24426108301540828,-0.11627243959423886,-0.005408570668086242,-0.03441516576464669,-0.002872268062579479,-0.027558631295655493,0.06229556679383666,-0.16284387661550287,-0.03151923816283675,-0.05192322479519709,0.058372815189424165,0.2707408393221542,-0.05131754059089697,-0.11935764350989261,0.047517818590482916,0.004708248306864227,0.020351935646053268,-0.07644397125365981,-0.06255582172537187,-0.11913997574897224,0.19026055067577557,-0.21636648626268004,-0.2054783663088161,-0.014432318930588823,-0.04518971993020433,0.053224499452873136,-0.04704935971371955,-0.028959276018099528,-0.0023990772779699937,0.018208381391772395,-0.008205128205128212
AngMaFaFbCx12974-00,1,9,59,kmeans,-31.67977022222222,-58.52359855555556,2024,0.057577854671280265,0.025583322653680213,0.16338331410995768,0.0568465120252894,-0.15278909821009015,-0.1078286129266521,0.15900209321201242,0.26361826647870473,-0.05182963817335212,0.2554162928788073,0.04192575505147591,-0.0868999102909137,0.04981331966337725,0.21031910803537102,-0.022664787047716652,0.0014080054679823858,-0.11298902131658758,0.10291426374471355,-0.03386048101157674,0.030408817121619885,-0.1769165705497885,-0.03859712076551749,-0.09248408731684392,0.05950531846725614,-0.07366739288307912,0.13029518561237127,-0.1758776538938015,0.03970438720150368,-0.0380093126575249,-0.08026998163099659,-0.08714596949891062,-0.1486949463881413,-0.033470887265581575,-0.2705284292366184,-0.16062198299799216,0.047578281857405244,-0.019083258575761472,-0.0059259259259259334,0.0010525866119868582,0.06249903883121873,-0.1752214960058097,-0.02328677004570892,-0.08461019266094233,0.0158161390918023,0.2891879191763851,-0.043183391003460164,-0.1542039386560724,0.01073775043786579,-0.038077662437524015,0.08083728480498951,-0.06621726686317225,-0.05421504549532227,-0.22992182493912594,0.1480524584561493,-0.1250049126404374,-0.13901661754026223,-0.0237925584177026,0.015105301379811175,0.043559314793455484,-0.07851339228501855,-0.002351232431970593,0.007757700029903031,0.044646076295441886,0.00410098679994874
AngMaFaFbCx12974-00,2,17,59,kmeans,-31.83063605882353,-59.76725552941176,2024,0.007284076260261885,0.020339688355157495,0.1763955039916774,0.10949634755863127,-0.1647800619671167,-0.0892724517719429,0.18635728339778815,0.3157048194133478,-0.04658479770224119,0.09106361806544991,0.06635999728611165,-0.07535563244905802,-0.0014474071058642596,0.19183210077571972,-0.005011647104055016,-0.06399710518578824,-0.08105117941063389,0.20134880249677722,-0.013305289820657203,0.006151480199923093,-0.10452088563222287,0.021863084334079658,-0.14680326571228255,0.015103693149693537,-0.05864531741185513,0.10564986317479699,-0.11008616595427098,0.005456724789108261,-0.10456068932763413,-0.10635547413890582,-0.10401067462740572,-0.19671348124024693,-0.06487278648483613,-0.22628762693081844,-0.06481489020060152,0.113060587556822,-0.09047379966981023,-0.02591582423049956,-0.1086279032951127,0.08655494493068273,-0.1574598005292082,-0.03707171449894832,-0.08810005201619284,0.06308885722685843,0.26895356989393215,-0.1266046995499468,-0.07801524300608359,-0.013746748987945801,-0.045897279326955656,0.049135852726326965,0.08375059366307074,-0.0321903340344211,-0.2340276364294276,0.18050252165456723,-0.11160594341542843,-0.197075333016713,-0.0070995318542641985,0.03819707352375781,0.049599023000203524,-0.004581043490060374,0.06583893072800051,0.07251147748603477,0.022843702648302662,0.02091503267973855
AngMaFaFbCx12974-00,3,11,59,kmeans,-34.218762,-58.13927290909091,2023,0.07711160043339972,-0.11888015099087759,0.11654818076963402,0.01845444059976931,-0.15761210723148433,-0.14454300793401137,0.09700325049806015,0.276906085072175,-0.05843906189926948,0.17996994163084126,0.04909440425011356,-0.008791024431162836,0.014970465904721938,0.22920415224913493,0.056280451574569186,0.11999300968159095,-0.10570479885358774,0.06965153262731115,-0.03235119359686832,0.0968690363846073,-0.08723917374436402,-0.048949005627206284,-0.023101604278074846,0.054697843486770766,-0.0663856558666247,0.1559008772849603,-0.12359442172590959,0.06193981335849844,-0.08818985704798851,-0.07140750061165284,-0.06418230750410678,-0.21587780923421057,-0.08377197581349827,-0.2473677956030897,-0.13556184684212366,-0.02364964524134077,-0.0002684282269057592,-0.03334102268358322,-0.02035580720701828,0.054244870853867366,-0.22567543951626995,-0.04915032679738557,-0.04190835692565793,0.05656565656565654,0.28939918213274607,-0.014003005836915865,-0.10706930900702524,0.06802977875642231,-0.08097025619516963,0.04916151130684,-0.12367830554681762,-0.10351822725525146,-0.1753395547167173,0.16663800636118975,-0.15953025060291495,-0.19306700220195028,-0.0468015798119604,0.01739750445632797,0.019231764006850505,0.028559644891824824,0.05424487085386737,-0.03810562371116002,0.014042151620006289,0.0021530180699730964
AngMaFaFbCx12974-00,4,9,59,kmeans,-28.238667555555555,-58.41300533333333,2022,0.08949720193088123,-0.025063864325686684,0.09088470246486391,0.015406040411807428,-0.10131487889273352,-0.09088470246486394,0.10350207185270618,0.3393908325857576,-0.14064334230424186,0.21886966551326412,0.006746123285915687,-0.019882951001751446,0.039759067025502984,0.24540988508693234,-0.0241753171856978,0.00781921483190225,-0.10065872100474173,0.0838993549489512,-0.018003332051774963,0.04766030159340422,-0.1217719680464778,-0.06716732880516037,-0.04353197488145583,0.07560852663505485,-0.12818317741039767,0.05079072151736508,-0.13633730616429576,0.12559955572642997,-0.09144517066085689,0.0038959374599512875,-0.0951633986928104,-0.2030056815754624,0.04591054722542609,-0.2522722029988466,-0.14127899525823398,0.04802939040539962,-0.029615959673629816,0.031160664701610503,-0.06031184587124607,0.027620146097654737,-0.20064077918749196,0.016185227903797672,-0.01106582938186166,0.1102208552266222,0.2597291639967534,-0.027175872527660308,-0.14207185270622408,0.0049621940279379675,0.009268230167884126,-0.02349181938570634,-0.03276688453159041,-0.07696185227903794,-0.2150625827673117,0.14013755393224825,-0.12309111880046134,-0.1334051006023324,-0.08456918279294286,-0.016998590285787516,0.16054679823999313,-0.04878807296339012,0.015850313981801867,-0.01727882438378399,0.07729676620103379,-0.12765688410440426
AngMaFaFbCx13060-00,0,99,568,kmeans,30.039062686868686,-100.105310979798,2022,0.1176281072936205,-0.10775342816865305,0.04284039938019174,0.15070380855847978,0.029690523069992487,-0.15562374999514558,-0.10899118054827393,0.03945211437714319,-0.07388051992434919,-0.10886131596627556,-0.11176742433951199,0.013026225344564463,-0.1529767494242696,-0.2478319527454475,-0.0038052186610433546,-0.05500541749676695,0.027551174956019234,0.24631210218292107,0.06324715824139121,-0.19422646301539037,-0.15117045114738306,0.05037627330591572,-0.03509326249810677,0.0164213453256129,-0.12968997937856067,0.06618184924989996,-0.06931289053549719,0.10330510021398137,-0.04270432118182982,0.16298315721614448,0.20468584344016869,-0.02594992601913016,0.20236132955856137,0.023842267348611054,0.08827498359216926,0.09088718791140935,-0.04022446689113354,-0.13653924869611142,-0.09105930508467992,0.12333407120027648,0.1547140765595206,-0.09044726387286936,0.07700969712503734,0.08674084171200662,0.07382335465380446,0.054184598775140855,0.00862574223589218,-0.05371609210132853,0.058220963964908584,-0.24912935584215856,0.03822119697552219,-0.042676981269830154,-0.1578550596312995,0.029129433512363127,-0.008887335484797997,-0.031311655579244924,-0.10251348548926399,-0.007139445201728935,0.08482953331857596,-0.15187258979646523,-0.06494906776336995,0.052165794818620645,0.08835327515835009,0.15034714697921153
AngMaFaFbCx13060-00,1,190,568,kmeans,29.644395178947363,-98.58873626842106,2024,0.15466245775916143,-0.2811304154272648,-0.005061373156073572,0.10747639571824599,0.0487103340820332,-0.060161152593132164,-0.14262789615330135,0.10806823286590175,0.022776664845504724,0.022422145328719726,-0.08386895728363579,0.1291302535462069,-0.19473643740261837,-0.20226261154616643,0.0699089823751998,-0.027317104757279564,-0.06634241890770755,0.18961872963839815,0.07069831441348465,-0.16544762136020558,-0.13662631781298687,-0.030209919261822368,0.021355025395090946,0.008428499160241992,-0.011740585604726917,0.11094324045407633,-0.1580817094639713,0.16645873044780343,0.05454452740848658,0.15124450110281468,0.20195277120135982,0.04406111009935448,0.14479256965944268,0.10292689046722922,0.06126712398065519,0.11676480705801409,-0.06682644327080675,-0.19251381047775143,0.12613804407211804,0.10400857969606828,-0.05747522208057633,-0.02431388737125397,0.11620178473866324,0.1185221878224974,0.055256480301098726,-0.056055848964972954,-0.10538100730488273,-0.10642837774944855,0.05387433982881074,-0.16597405856047265,0.009624152653837578,-0.04879839737752685,-0.18697844958416798,0.2027433982881078,0.014208624213359222,-0.19788243388170534,-0.0649657823913879,0.08784443230336506,0.12572200975333372,-0.035105849976729595,-0.07083526578846192,-0.04942390578522428,0.042972621866083874,0.07057560857160197
AngMaFaFbCx13060-00,2,79,568,kmeans,30.136149860759488,-102.93909144303795,2022,0.11045333099732815,-0.013554280486083703,0.05938280797551085,0.10970736668954001,-0.011184792606543738,-0.09482857128952348,-0.0661143961183381,0.07649482428861341,-0.12548007338949477,-0.15723962059383192,0.04438954832367297,-0.053434560222699164,-0.2135420164591028,-0.19266280252483214,0.059439650767231685,0.01070591155300542,-0.03545121399267078,0.18126776945575943,0.10163179692328655,-0.11093688406114487,-0.11335620671698807,0.04671932411584638,0.00019544576331402552,-0.024580224743161086,-0.2212329240457662,0.11527017359438188,-0.02887535952579092,0.062229619571829715,0.0163512573060994,0.08921437227161895,0.14776867709108957,0.017035706811888332,0.12659668384603776,0.0060829573825062445,0.13987375838893512,-0.0007366202872312651,0.06015213233469113,-0.09785836995508053,-0.1620074070829622,0.05981808359978389,0.15425264868916042,-0.08079229507638247,0.058671105076431154,0.00849682935969127,0.10443733909547931,0.1637235921919028,0.06835929705712018,0.08944485811202116,-0.07662564057640926,-0.2388518534740776,-0.006313443222908416,-0.013935827992154908,-0.0029963159252283794,-0.029949143221448413,0.07151524000019464,0.07060887000618064,-0.12766501686303705,-0.03744226903965853,-0.049098156015943195,-0.16740980830157826,0.007217477211783188,-0.027849853269677198,0.060321882041473804,0.060581178611926266
AngMaFaFbCx13060-00,3,31,568,kmeans,29.376475903225806,-103.25328325806453,2024,0.1840225223549255,0.010967493891927457,-0.02497897830859098,0.0015279483077228519,-0.037025957758182314,-0.11783061105530128,-0.029588619761630103,0.1578906375959618,-0.21970309186293113,-0.16780642680854757,0.18307797249196955,0.012499410896553438,-0.1483915615582096,-0.08563455742828437,0.05202763205218832,-0.05072788381639813,0.10336272649477243,0.11454651436792299,-0.06258635016308864,-0.06335032431695005,-0.04810655951185028,-0.15200704443700314,-0.05387506046061686,-0.10134265977105579,-0.13090548300281526,-0.020873361362255233,-0.0432984832136523,-0.017283675013332295,0.08717441182671674,0.22561248155176045,0.008935521077501202,0.011150053949473535,0.07530602373776833,-0.015789460629286482,-0.06369163225062319,0.022698961937716252,0.006226885441083463,0.008838288003373374,-0.09725093326388112,0.01737892373900855,0.17120760005456953,-0.10157681288834315,0.05940940829209607,-0.019452567870918133,0.10786918182832904,0.10690677282930877,-0.010840495591025786,0.2020106410685716,-0.011384207066760924,-0.1431231164192432,-0.01038607979561211,-0.055970532425493894,0.05010876709950267,-0.003911150798080132,0.07547072465925016,0.1402458111644404,-0.13271520879066362,-0.12668477384628735,0.004496533591298632,-0.13267750617008342,0.10993488856643224,-0.02169091292430951,0.10693058501072786,0.15960511465813393
AngMaFaFbCx13060-00,4,169,568,kmeans,29.752330550295856,-98.55052436094674,2024,0.05789198055367868,-0.30321483089116835,0.057618257884427676,0.19494950735834418,0.023191444346621327,-0.13049946652288946,-0.12267798684620616,0.032757178053957364,-0.055503823063045826,-0.039911822717252556,-0.13031819805309292,0.03461608985165011,-0.18524145242271406,-0.20801248495685543,-0.052696709731577945,-0.013923092847766782,0.007908837975380431,0.19132777789152552,-0.00838348473163484,-0.16552322843512618,-0.10945849229586249,0.022095461690883555,-0.03388592007170659,0.03065329902700143,-0.0442760977229968,0.10408340897561016,-0.11566748337576123,0.08939593101424348,-0.008750753579074053,0.19296720196374173,0.16872054216744128,-0.07798184130364058,0.11607806737963774,-0.02618710600611051,0.06225334361613304,0.14679906908812948,-0.09440338149414536,-0.12441423303281164,-0.01714406611931231,0.03402933327873438,0.02476316573734725,-0.09894128111855019,0.08154387593301618,0.11229763700351933,0.056127706912907846,0.025399425346191374,-0.040365357884655166,-0.10721010808314507,0.06868109443568582,-0.1822537986072721,-0.028254949734853915,0.03132413796241318,-0.24873928780237,0.21426042327825662,0.03337669398888454,-0.15209516594664316,-0.04594427723520082,0.05844779772913919,0.11184191787864928,-0.006271961853542892,-0.05209502944930147,-0.00027117471887236344,0.04100525742261168,0.09789552948456326
AngMaFaFbCx13076-00,0,8,53,kmeans,26.608142625,-100.55388875,2024,0.09267973856209148,-0.24905036524413685,-0.0018992695117262468,0.15547866205305647,-0.028935024990388303,-0.2069511726259131,-0.15240292195309496,0.09353325643983082,-0.22253748558246828,0.008550557477893126,0.005813148788927358,-0.011526336024605892,-0.15236447520184543,-0.18952710495963088,0.06513648596693578,0.015532487504805823,-0.04435986159169546,0.11564013840830445,0.017416378316032308,-0.11238754325259513,-0.228958093041138,0.07831603229527101,-0.007996924259900035,-0.07177239523260283,-0.12848135332564392,0.06785082660515183,-0.004882737408688961,0.08776624375240288,-0.04262975778546714,0.15832372164552094,0.10388312187620141,-0.09471741637831602,0.1784544405997693,-0.030073048827374084,0.08303729334871202,0.11833910034602074,0.06599000384467507,-0.07519415609381003,-0.058954248366013054,-0.0008073817762399033,0.10696655132641286,-0.09450980392156859,-0.020422914263744714,0.19498654363706264,0.03378700499807765,0.04444444444444444,-0.022114571318723557,0.009127258746635912,0.0996309111880046,-0.14282968089196457,-0.014386774317570156,-0.04900422914263743,-0.10515955401768545,0.0937024221453287,0.028389081122645113,-0.06410611303344865,-0.06352172241445594,-0.045505574778931135,-0.04878123798539019,-0.21720876585928484,0.04608996539792386,-0.0762937331795463,0.08803537101114955,0.12469050365244136
AngMaFaFbCx13076-00,1,8,53,kmeans,29.747639125,-97.936245375,2024,-0.017554786620530533,-0.24611303344867358,0.054317570165321016,0.22592079969242596,-0.0018300653594771205,-0.07998462129950015,-0.054671280276816545,0.08828911956939635,-0.07240292195309495,0.0459361783929258,-0.11298731257208762,0.0188312187620146,-0.12831218762014604,-0.1093963860053825,-0.056516724336793514,0.017946943483275676,0.009227220299884653,0.21717031910803533,-0.05947712418300655,-0.14849673202614377,-0.09418685121107265,0.07384083044982694,-0.09163398692810454,0.08565936178392923,-0.017116493656286036,0.059792387543252536,-0.18406766628219914,0.028865820838139163,0.011572472126105328,0.20210688196847365,0.09843906189926949,-0.11039600153786999,0.08090734332948862,-0.06881968473663971,-0.06599769319492499,0.20740484429065745,-0.11619377162629753,-0.09630142252979619,-0.06638985005767009,-0.01826989619377163,0.0391618608227605,-0.13050365244136863,0.09803152633602458,0.06171472510572856,-0.012410611303344865,0.053094963475586274,-0.0017993079584775126,-0.15051903114186851,0.09327950788158397,-0.14880430603613992,-0.05848519800076894,0.048642829680891946,-0.19257208765859282,0.2344482891195694,0.019507881584006126,-0.09527104959630908,-0.036224529027297184,0.08059976931949246,0.0837985390234525,-0.027720107650903478,-0.10036908881199536,-0.01096501345636293,0.08475201845444058,0.046459054209919255
AngMaFaFbCx13076-00,2,11,53,kmeans,26.135929272727275,-98.40918263636364,2023,0.0737730243612596,-0.20747265037922474,0.13894516095208134,0.1565383943238614,-0.0703785257418475,-0.18605431477403794,-0.03381077208066825,0.07520464157142352,-0.26627520883576244,-0.07026108839257625,0.014551046800181752,0.0980657788962287,-0.20647722903778265,-0.044268288420537524,-0.056901191849288706,0.019751843696480358,0.03459927999720383,0.22254377686903637,-0.022022299115724713,0.009579532347698427,-0.1640767536961308,0.19692006570899304,-0.06361748977665932,-0.09647757855370308,-0.0916682394883087,0.19667959875572333,-0.07021075810003143,-0.03429170598720769,-0.03293278808849741,0.20824438153157876,0.10521827269232109,-0.1863730732934885,0.06384677222047462,0.01418195798818642,0.03661249169899686,0.18347069309007022,-0.04665058893432594,-0.022917059872077136,-0.03393380168466673,0.02104924679319142,-0.0007214008598091515,-0.13326902240397048,0.003539897242319349,0.1293879976232917,-0.08556149732620316,0.04034811785676833,-0.03480619342211037,0.07949390094718814,0.1876984376638356,-0.021793016671909422,0.042892593757645606,-0.04345741148509312,-0.1812617524728251,0.21168361818880846,0.04562720631924785,-0.17036244800950678,0.00040264234035862836,0.04715389185977417,-0.05518436964803745,-0.010949634755863143,0.0978756422355038,-0.03510258292265212,-0.09056656530704973,0.08596413966656175
AngMaFaFbCx13076-00,3,9,53,kmeans,26.41459677777778,-98.31652233333334,2021,0.02476996027169034,-0.15550258447605622,0.030108078089623652,0.15272074843009098,-0.11063095390661709,-0.16271348626596607,-0.11657054978854282,0.2057533427314281,-0.20979964970737752,0.04559613823743002,0.04865137340339186,0.11847750865051901,-0.1386475287282669,-0.04050407962749372,0.029075996411636516,0.11247639796659403,-0.12554487590243069,0.16862574223589216,-0.04893160750138835,-0.026376180101670296,-0.2655252253406809,0.17362894613182966,0.020491264043743816,-0.06019565124524749,-0.06041437054124476,0.14571489598017853,-0.10770558332265363,0.030244777649621926,-0.07586825579905163,0.20571233286342858,0.09368020846682898,-0.095115553846811,0.12100645051048738,0.01639711222179502,-0.02548763296168137,0.2075919518134051,-0.008236148489897038,0.00044427356999445985,0.02300653594771239,0.060735614507240764,0.06275193301721557,-0.10173864752872826,0.07204066811909945,0.14405399632619928,-0.10123285915673458,0.03505660216156175,-0.0015788799179802804,-0.031188004613610123,0.24551240975693106,-0.053415353069332296,-0.034913067623563596,-0.08337989662095772,-0.09346148917083172,0.26235379554872057,-0.08638045196292021,-0.1307667990943654,-0.07283352556708955,0.04799521551540001,-0.03924644367550939,-0.023348284847708137,-0.025316758511683524,-0.06597804263317525,0.0246469306676919,0.09661241402879231
AngMaFaFbCx13076-00,4,17,53,kmeans,28.59747111764706,-99.77215623529412,2024,0.028835968066580706,-0.20269850962299568,0.07103874075581787,0.25787366849854126,-0.05062668204536715,-0.13158377999411988,-0.14542099192618219,0.026538209286021214,-0.11876699007169186,-0.0550919329669584,-0.08286767532849353,-0.02479408372345477,-0.15928353348259716,-0.17370332677476985,-0.04515186466743557,-0.0026451364859669466,-0.009082479589298212,0.20025962864961439,0.02514507994662684,-0.1731098898613655,-0.17998507361422075,0.049942782187846285,-0.030645226948911038,0.07102788520252387,-0.10795124047312118,0.06231087590745638,-0.05871045073161903,0.028817875477757403,-0.07942284641653659,0.1982730623968157,0.15912070018318744,-0.143557455277382,0.1672442725648506,-0.1037356672772915,0.013931293393943486,0.22823077097044123,-0.05233824094805162,-0.06439152362213625,-0.08686613745844356,0.056778162245290247,0.1315910170296492,-0.15569758237781844,0.04701901983400048,0.0753303028247054,-0.052041522491349454,0.08083044982698959,0.04107379514666299,-0.0910925662075672,0.12123843770495506,-0.19876156229504485,0.010272971933871597,0.0005753443245810372,-0.16783770947825494,0.1085663884931135,0.00395142139900944,-0.0904665626342809,-0.11547052038808599,-0.005550806250989417,0.060885179908180084,-0.11159508786213443,-0.026845783296017334,0.058478865594680754,0.15215867200398034,0.13744577877287015
AngMaFaFbCx13105-00,0,211,790,kmeans,33.33189051184834,-102.0661672322275,2024,0.11768539624752417,-0.22540072994163748,0.12561818185131127,0.09112470413311685,-0.00993945092208428,-0.05257270717970301,0.030174905386371617,0.07858472224499871,-0.03467015056185099,-0.11574082880991815,0.05553037384454755,0.010944970126327655,-0.21300564310846537,-0.15680181337473192,0.05151937552272092,-0.008084094524344446,-0.011210562470504414,0.08604958719850729,-0.05805393842324587,0.05539597420605636,0.07696113962730336,0.06102064280781541,-0.03468764292260904,-0.01051028496148948,-0.01875764151957593,0.18363392862023536,-0.05778222375280376,0.07897567650794168,0.157673516019176,0.08391522764667618,0.07556903925030656,-0.07620313732778677,-0.014324202685441798,-0.011366244481251283,0.029182796992042792,0.07433116318732677,-0.02611988462330382,-0.008126950808201727,-0.2315102284757412,0.0877381830903535,0.0959954519862029,-0.2448327019684372,0.0054716104451259275,-0.02288962866997929,0.08498284473161069,0.14840227327805022,-0.033198168404058946,0.05253568168276508,0.025362756941825104,-0.03370573840538909,-0.06046671805047636,0.11376506666229355,-0.04725386335186427,0.04067702724617397,-0.08999353147076136,-0.30116859902589416,0.12029263261851528,-0.04632181206280485,-0.11612857614005546,0.052471543026652155,0.17716904362339675,-0.06560743133792869,0.007696055654861141,0.012355729021466429
AngMaFaFbCx13105-00,1,179,790,kmeans,-31.604882765363122,33.724189106145246,2023,0.07399990119829285,-0.014069019436014088,0.05913600054985296,-0.030915140072898452,-0.12520186692269192,-0.05506846313944571,0.06939763176603753,0.30222290953844566,-0.045924408102599096,0.09647033049171029,0.05513410183878566,-0.02521316468311499,0.006781749176831428,0.11349893358592195,0.04911974122544185,0.052818189823853716,-0.031771192429211774,0.11795446100446969,-0.10035813470968405,0.10345483795446096,-0.04964553813638501,0.05107309393250123,-0.09315162410675736,0.08491276453620114,-0.16932344457116835,0.09247908518210655,-0.08242021225184125,0.14669012133279205,-0.06841923712194921,-0.11333294671795763,-0.06756352842374762,-0.08957757974479086,-0.03760410155956346,-0.15979208684240484,-0.001969504638310575,0.005699913441113104,-0.04876646068658594,0.07378717682713351,-0.11359412688287054,0.15393683993479085,-0.1648070896668449,-0.06656382697673216,-0.061396927266908485,0.1328372628490546,0.274887656015413,-0.05726443847338473,-0.06820170153722566,-0.04178264054005871,-0.10130903670483417,-0.017382914607402808,0.02741463854684166,-0.02459148715899985,-0.16083508921149794,0.13143204483020066,-0.07553467832526808,-0.23420643972344107,0.026828701466346187,-0.01536186125233312,-0.03422594232128166,0.10158052661309894,0.08461550026955679,-0.11214045307026302,0.020420508656962606,-0.13321631774629009
AngMaFaFbCx13105-00,2,96,790,kmeans,17.520339625000002,-68.11690389583333,2024,0.061180315263360235,-0.21649493784441876,0.11047289504036906,0.024351531462258096,-0.018751762142765582,-0.12494168909393819,-0.000540176855055724,0.005762527233115489,-0.10342432397795717,-0.040112136357811086,0.0858464693066769,-0.07198064846853772,-0.2551640394719979,-0.03990644623862616,0.0034018967063949787,-0.0821427656029732,-0.05228309624503395,0.02060041009867998,-0.01605344098423684,-0.0814923747276688,-0.1033794694348327,0.09338331410995769,0.14007368960656155,-0.12185569652697677,-0.11309047802127385,0.030881071382801453,0.0519973087274125,0.026865948993976672,-0.049828271177752126,0.04452197872613095,0.0033935665769575657,0.03051774958349352,-0.09330642060745864,-0.053519159297705995,0.13988722286300137,-0.12964693066769187,-0.03356016916570549,-0.09075227476611558,-0.008291682686146384,-0.06711969755222348,-0.014718057157503517,-0.10348135332564394,-0.2605049339997436,0.15309560425477378,0.005510060233243665,0.006834550813789555,-0.05796808919646287,0.07000961168781236,-0.1269876970396001,-0.12756183519159295,0.06070613866461615,0.11175509419454054,-0.043613353838267324,0.07199218249391257,0.13089901320005123,-0.07907984108676147,0.0009425861848007255,-0.010488914520056396,-0.19725105728565934,-0.25998526207868766,0.030508778674868606,-0.07591823657567599,-0.04719659105472252,-0.06893118031526335
AngMaFaFbCx13105-00,3,202,790,kmeans,-29.04995944059406,30.975717896039605,2023,0.1270472514379465,0.07856901953171097,-0.02265724150269697,0.02880537188666963,-0.06062740530108371,0.008467116607854555,0.07043140300189184,0.2610770419602514,-0.033568810168214044,-0.002383241784386051,0.1139689609099318,-0.12142626027308612,-0.03093494124498953,0.058738413633750874,0.03925649312336076,-0.0018908188396694336,0.022985523465841387,0.09415754032150617,-0.11898607161754238,-0.01952303188796388,0.03793757922505051,-0.011207570584048034,-0.1451749327181853,0.10038454364467586,-0.19180558886338459,0.09133821340611567,0.02866589773164165,0.16702700027788242,-0.051009474649887115,-0.07036867008500156,-0.07775897312914681,-0.0970374684527276,0.03220817583488453,-0.21621082523477253,0.013382514722060432,0.008686986345693388,-0.07105751405590384,0.03355327920335284,-0.138134533176501,0.18511905169755727,-0.2134143379735897,-0.014243417421326905,-0.08668866886688666,0.17744188259656415,0.24198491821500487,-0.1325643983083429,-0.09929768063311517,-0.04350101446130771,-0.11144045892478517,-0.12564246043981556,0.04900811188385272,-0.01944202724770746,-0.184273679963152,0.2055176036634805,-0.022513808474273013,-0.18833944294083385,0.040572361734443306,-0.04258072866110138,-0.014728227147974296,0.04627831641295615,0.12977186992055603,-0.043500100875139405,-0.002174335080566879,-0.15937267083109688
AngMaFaFbCx13105-00,4,102,790,kmeans,-1.9033852450980393,-5.5293185588235305,2024,0.11053667141597123,0.003311546840958607,-0.007914904523901069,-0.04575193553007514,0.0724475503388591,0.02699474561066255,-0.0016180805270974152,0.024301362221166772,-0.0029207469223752475,-0.08575042781433988,0.04999886921319853,-0.1260492570730714,-0.09798162094518696,-0.03882488635592643,-0.02741147823989263,-0.1605982616037572,-0.09592449359597738,-0.015219485718162694,0.005419936525167535,0.005361437154638854,0.004006905338067565,0.018468311584533843,-0.00287129384625822,-0.014622430286993685,-0.15138973697898994,0.01755704819413345,0.07770465356461692,0.08241355134902861,0.004233062698358846,-0.049595404482438876,-0.12223292700394264,-0.0063149165856269535,-0.14886039306149218,-0.0828712938462582,0.022399228049543533,-0.17844660047794578,0.046076999042600486,-0.11129113236990291,-0.09919201513746596,0.11599641163655001,-0.05690782579852393,-0.0977271185290725,-0.24662731528597603,0.013897520561473333,-0.019123263299937424,-0.10974481911180463,-0.061086007644118756,0.03125072558819761,-0.08161687435450916,-0.0616311976539943,0.0027754031254947215,0.040308478639437303,-0.059873804192957444,0.2409667473294585,0.12448364505356158,-0.05488266202290222,0.10767321769153643,-0.024390015906401,-0.20854000346774618,-0.0987909627518827,0.024774181875749146,-0.041371116689659315,-0.04449027900279679,-0.1957123579920242
AngMaFaFbCx13644-00,0,5,40,kmeans,-1.1780032,36.6665394,2019,0.12208227604767394,-0.018749711649365633,-0.06681737793156477,0.04180545943867742,0.07531872356785846,0.04612379853902342,0.01407458669742407,0.05901730103806224,0.0037031910803536766,-0.14462129950019223,0.10933640907343325,-0.13550480584390615,-0.24630526720492119,0.008390618992695081,-0.014640522875816991,-0.16202998846597458,-0.05161091887735486,0.04922414455978469,0.03794232987312573,-0.02132103037293344,0.05306266820453672,0.1142945021145713,0.025491733948481324,-0.02605767012687428,-0.16316186082276044,-0.051647827758554365,0.1566289888504421,0.04897808535178776,-0.0787635524798154,-0.03896347558631295,-0.1823790849673202,0.015243367935409445,-0.21909111880046137,-0.14722952710495962,0.1259454056132257,-0.14387081891580156,0.048547481737793136,-0.07848058439061896,-0.004096885813148793,0.2563321799307958,-0.0004798154555940154,-0.13442214532871968,-0.267441753171857,-0.005339484813533224,-0.108155324875048,-0.19003152633602458,0.01516955017301038,-0.023326412918108407,-0.07845597846981926,-0.13704267589388694,0.09629527104959627,0.13427450980392155,-0.09211226451364855,0.19848366013071894,0.09126336024605916,0.06865051903114187,0.12035986159169547,0.05617531718569778,-0.26837677816224526,-0.0804982698961937,0.05111880046136097,0.035924644367550926,-0.024495194156093775,-0.10058900422914258
AngMaFaFbCx13644-00,1,9,40,kmeans,-1.5644782222222222,35.19529766666667,2024,0.12390448118245115,0.10392584048870088,-0.07383143235507708,0.05479601862531501,0.11620146097654743,0.14565338117817928,-0.00782604980990216,0.1446691443461916,0.055083087701311415,-0.19005339826562428,-0.014244094151821901,-0.13153915160835572,-0.15726600880003416,-0.060017941817249745,-0.03286940920158912,-0.157676107480029,-0.10906574394463661,0.08784313725490192,-0.006158315177923028,-0.06333290614720834,0.09216284335084793,0.10570293476867869,0.02878209235764019,0.12732197018240843,-0.10549105045068133,-0.026540219573668228,0.185679012345679,0.13008330129437393,0.039410483147507336,-0.05288905976333885,-0.252716476568841,0.07756333034303042,-0.11931821094450848,-0.1855354778076808,-0.044147122901448115,-0.15088213934811393,-0.0011961211499850466,-0.03551454568755605,0.05991541714725106,0.17943184245375707,0.01579563415780253,-0.058596266393267496,-0.1949950873595625,-0.016465462001794145,0.034072365329574084,-0.24929898756888377,-0.08581998376692723,-0.14099876116023746,-0.07517792302106023,-0.030566021615617903,0.06507582553718654,0.13060959460036733,-0.15078644965611512,0.1806553035157418,0.09077534281686528,0.10487590243068902,0.08914861805288563,0.03184416250160192,-0.2775342816865308,0.04034004015549574,0.06640864624716986,0.10254517493271818,0.05273185526934082,-0.16894015122388822
AngMaFaFbCx13644-00,2,10,40,kmeans,-0.7589404,36.3662006,2024,0.16696962706651283,0.054440599769319475,-0.04844905805459436,-0.019327950788158396,0.0913802383698577,0.016578239138792764,-0.0668296808919646,0.08867358708189155,0.027294117647058823,-0.14500269127258744,0.05041138023836986,-0.12545328719723178,-0.08639753940792,-0.07627220299884659,-0.03742560553633215,-0.15927412533640903,-0.08951018838908109,0.03326105344098423,-0.008962706651287983,0.05544944252210689,-0.01806074586697425,-0.012272202998846585,0.08161783929257975,0.028838139177239486,-0.147758554402153,0.014166858900422893,0.04755709342560552,0.16479200307574005,0.028536716647443304,-0.018066897347174177,-0.2149511726259131,0.021198000768935014,-0.16859361783929255,-0.07952633602460585,0.0037585544021530182,-0.22866897347174164,0.054280661284121484,-0.11886505190311415,-0.013939254133025741,0.1716139946174548,-0.021074971164936594,-0.1203598615916955,-0.2615424836601307,-0.01927258746635908,-0.002435986159169533,-0.24159323337178001,-0.0995801614763552,-0.03172933487120336,-0.09570472895040365,-0.0934778931180315,-0.023264898116109184,0.03484198385236445,-0.04474586697424067,0.2771672433679354,0.0846197616301422,-0.04264206074586693,0.160559784698193,-0.020871972318339094,-0.2816947327950788,-0.09160169165705495,-0.03578931180315262,-0.06242522106881965,-0.01105420991926185,-0.1349081122645136
AngMaFaFbCx13644-00,3,8,40,kmeans,1.6389562500000001,34.602128625000006,2024,0.1208688965782391,0.02389850057670126,0.04570549788542863,-0.0379623221837754,0.09221837754709722,0.020176855055747775,-0.1846520569011918,0.0917339484813533,0.05498654363706263,-0.17687043444828907,0.050049980776624356,-0.039169550173010347,-0.20542099192618218,0.038223760092272185,-0.08021530180699726,-0.14391387927720103,-0.18224529027297187,0.006720492118415959,-0.05883890811226448,0.0840445982314494,-0.10235294117647056,0.09264129181084195,0.10568242983467896,0.1577085736255286,-0.09658592848904266,-0.04197616301422527,0.078077662437524,0.022199154171472495,0.017116493656286022,0.10534409842368317,-0.27434063821607074,0.1466205305651672,-0.23206459054209916,-0.06765859284890424,0.032579777008842736,-0.15011918492887347,-0.022868127643214164,0.09759323337178007,0.24266051518646675,0.10980392156862741,-0.0404536716647443,-0.0957170319108035,-0.1594925028835063,-0.018662053056516713,-0.08420607458669738,-0.23866205305651672,-0.08935793925413299,-0.09741637831603225,-0.1398539023452518,0.030403690888119936,0.11836216839677043,0.20353710111495577,-0.12963475586312953,0.07214917339484811,0.12964244521337942,0.2404306036139946,0.0604998077662437,-0.054332948865820796,-0.2783083429450211,-0.049919261822375965,-0.06185313341022683,0.05574778931180312,0.09031141868512108,-0.006120722798923464
AngMaFaFbCx13644-00,4,8,40,kmeans,-1.0378588750000002,36.947205374999996,2021,0.1329950019223375,0.08022299115724715,-0.08867358708189155,0.09676278354479043,0.00882737408688964,0.044598231449442485,-0.021276432141484017,0.1262514417531718,0.0729334871203383,-0.2223683198769704,0.12549019607843134,-0.1337254901960784,-0.08501345636293728,-0.035901576316801215,0.00827374086889656,-0.14690503652441367,0.02448289119569394,0.11227989234909648,0.06797385620915031,0.00293733179546328,0.09287197231833907,0.11147251057285656,0.00014609765474818577,0.07968473663975392,-0.1354479046520569,-0.09780084582852744,0.1906728181468666,0.08383698577470197,-0.03557862360630522,0.029473279507881558,-0.18868896578239136,-0.04079200307574009,-0.13111111111111107,-0.1192848904267589,0.0005613225682429938,-0.08103806228373699,-0.07866974240676657,-0.06523644752018451,0.011764705882352913,0.251680123029604,0.04780469050365243,-0.11882352941176466,-0.23511726259131105,-0.07873125720876581,-0.14399077277970007,-0.2452210688196847,0.0545098039215686,-0.09645520953479429,-0.054617454825067274,-0.06610534409842364,0.06022299115724715,0.04945021145713187,-0.1509496347558631,0.330234525182622,0.03634755863129562,0.02573625528642827,0.09925413302575928,-0.052364475201845395,-0.2685813148788927,-0.09603998462129945,-0.0013225682429834629,0.09840830449826986,0.09459438677431753,-0.05417916186082274
AngMaFaFbCx13660-00,0,11,24,kmeans,-25.820952545454546,19.75226554545455,2024,-0.2328503023312712,0.2327999720387264,0.05589458599839221,-0.04604103316906082,-0.217432456048373,0.10453601761560237,-0.07935968683373525,0.2057726049421551,-0.12271643773373875,-0.136674705532837,-0.13467827059522558,-0.01596588724616406,-0.16733144594736288,-0.07326972143581136,0.017520534060326436,-0.08674146307364296,-0.024549998252420373,-0.002706651287966176,-0.021256160218097904,0.0066715598895529665,0.12039005976722236,-0.13047289504036907,-0.11357869350948932,-0.07923665722973676,-0.09562196358044106,-0.15333962461990142,0.03656216140645205,0.13043374925727866,0.02089266366082973,-0.20095767362203348,-0.1628520499108734,-0.09467128027681657,-0.0002460592079969355,-0.12811296354548946,0.10351263500052424,-0.06004403900597669,0.007409737513543735,-0.07187725000873786,-0.007381776239907739,-0.014841844045996274,0.012470728041662306,0.1365628604382929,0.1662353640208311,0.2220348816888609,-0.014858620810177886,-0.10156093810073047,-0.09745622313096358,-0.19961553248750477,-0.10671699695921145,-0.23086505190311418,0.14019223375624756,-0.007124532522456401,-0.0021194645416098713,0.09466009576736217,0.14183076439131798,-0.19940861906259827,0.05793575897382123,-0.07112788787529267,-0.038866170354059607,0.014243472790185577,0.20944112404320014,0.07098248925238541,0.07695501730103804,-0.049318094439201654
AngMaFaFbCx13660-00,1,3,24,kmeans,-27.767488333333333,23.143480666666665,2024,-0.03731897987953352,0.15643214148404452,-0.06457003716519283,0.0104985262078688,-0.1050057670126874,0.11429450211457125,-0.009370754837882828,0.18259643726771752,-0.010929129821863379,-0.11320774061258483,0.1046776880686915,-0.07195181340510057,-0.06852748942714336,-0.034673843393566536,0.029855183903626827,-0.1606561578879918,0.012220940663847268,0.04861719851339226,-0.06469306676919134,-0.061125208253235905,0.07640138408304492,0.03266435986159168,-0.13397923875432527,-0.003998462129950045,-0.15915929770601048,-0.0935024990388312,-0.0362732282455466,0.15276175829809047,0.12159425861848001,-0.14652825836216837,-0.20064077918749196,-0.09422017172882222,-0.04898628732538764,-0.2054799436114315,0.07767268999102903,0.06284762270921436,-0.045397923875432525,-0.14798410867615014,-0.02624631551967197,0.010888119953863936,-0.03276688453159039,0.08275791362296547,0.1266999871844162,0.21925925925925924,0.1461181596821735,-0.24083044982698965,-0.12241445597846976,-0.11882609252851466,-0.11249006792259385,-0.23683198769703956,0.17503011662181206,-0.06110470331923614,-0.043880558759451474,0.11568883762655385,0.05245162117134434,-0.12745866974240674,-0.01970524157375366,-0.18882993720363958,-0.14847622709214398,-0.10076124567474043,0.2996386005382545,0.1718723567858516,0.07010636934512363,-0.04640266564141997
AngMaFaFbCx13660-00,2,3,24,kmeans,-27.706240333333337,21.367569,2021,-0.17515314622581057,0.25762399077277964,0.04447520184544404,-0.015399205433807538,-0.1620709983339741,0.15038318595412015,-0.0246059207996924,0.18768166089965393,-0.08474689222094065,-0.08749455337690631,-0.16307574009996156,-0.02872741253364087,-0.052021017557349704,-0.05062668204536713,-0.0061719851339228325,-0.10900422914263742,-0.020299884659746192,0.04554145841343073,-0.050975265923362774,-0.015050621555811827,0.09891580161476349,-0.058254517493271755,-0.09171856978085347,-0.0482686146353966,-0.10186851211072662,-0.11837498398052024,0.0476534666154043,0.1759118287838011,0.0717877739331026,-0.2537280533128284,-0.18442137639369466,-0.12108163526848645,-0.013061642957836695,-0.172959118287838,0.10763039856465456,0.0009637318979879277,0.009022170959887166,-0.12616685890042287,-0.011646802511854404,0.0731821094450852,0.054235550429321995,0.12790977829040112,0.1367474048442906,0.2069357939254133,0.038877354863514,-0.11310521594258613,-0.12571575035242855,-0.15589901320005128,-0.08880686915288989,-0.2657644495706779,0.14847622709214403,-0.054071510957324063,0.026902473407663698,0.1373420479302832,0.07519159297706007,-0.14404716134819937,0.03512495194156091,-0.06635396642317053,-0.1633423042419582,-0.031208509547609866,0.2243034730231962,0.1826784570037165,0.11589388696655131,0.015522235037805969
AngMaFaFbCx13660-00,3,4,24,kmeans,-26.2079315,20.638501249999997,2017,-0.16648981161091883,0.22435986159169544,0.11180315263360244,0.06838908112264513,-0.1151403306420607,0.10245290272971934,-0.03946174548250668,0.19392541330257587,-0.18243752402921953,-5.204170427930421e-18,-0.046182237600922674,-0.07793925413302571,-0.2002614379084967,-0.05304113802383692,0.01317954632833522,-0.06251441753171853,0.023114186851211055,-0.05128796616685887,0.0422299115724721,0.020315263360246055,0.0965013456362937,-0.15063437139561706,-0.173917723952326,-0.135916955017301,-0.1535870818915801,-0.14389850057670123,0.08158400615148013,0.22033064206074587,-0.05767012687427908,-0.24678200692041524,-0.12982698961937716,-0.09439446366782002,0.052964244521337925,-0.09660899653979235,0.0747097270280661,-0.0186697424067666,-0.04399846212994997,0.0317416378316032,-0.15089580930411373,-0.02523644752018453,0.014225297962322157,0.13848519800076892,0.12982698961937716,0.21084198385236444,0.01614763552479815,-0.053933102652825804,-0.0919338715878508,-0.2178546712802768,-0.13178008458285273,-0.21471741637831598,0.18291426374471353,0.0425990003844675,-0.07427912341407146,0.054425221068819654,0.20118415993848518,-0.20099961553248746,0.049565551710880375,0.0262668204536716,0.04853517877739329,0.09491733948481351,0.11784698193002688,0.03520184544405991,0.06197616301422525,-0.11764705882352938
AngMaFaFbCx13660-00,4,3,24,kmeans,-27.261501,21.20917266666667,2017,-0.23459694989106758,0.2636319364347046,0.008591567345892635,-0.05686018198128926,-0.209519415609381,0.039902601563501214,-0.05513776752531076,0.22711264898116107,-0.18263744713571706,-0.12222991157247207,-0.10746635909265663,-0.08776111751890292,-0.1027502242727156,-0.04144047161348194,0.016321927463795967,-0.03500192233756243,0.032582340125592746,0.08702293989491218,0.03867230552351656,0.0095347943098808,0.09907984108676149,-0.12622837370242207,-0.15932333717800842,-0.053661412277329165,-0.12181981289247722,-0.03311546840958604,-0.0846443675509419,0.13898244265026266,0.034673843393566606,-0.2269075996411636,-0.07400230680507493,-0.09419966679482247,-0.025754197103678066,-0.15421760861207226,0.15432013328207095,-0.08876585928489036,-0.06333974112520822,-0.03963603742150453,-0.12009739843649875,-0.008366013071895403,0.016814045879789803,0.0703319236191208,0.07705754197103677,0.2436396257849545,0.11568883762655385,-0.12409586056644872,-0.06526720492118417,-0.049129821863385874,-0.15825708061002175,-0.20679225938741508,0.15241317442009483,0.009370754837882866,-0.006889657823913898,0.07172625913110338,0.14283737024221452,-0.14579008073817762,0.03245931052159427,-0.058500576701268736,-0.023621683967704726,-0.028071254645649097,0.17119569396386003,-0.025610662565679815,0.023847238241701898,-0.14576957580417785
AngMaFaFbCx13681-00,0,22,119,kmeans,18.087659363636366,-69.53853713636364,2024,0.022889098598441144,-0.15980986333927508,-0.022055852644087916,-0.1347062318688616,-0.14232288280731184,-0.007706127014085476,0.0707252455349341,0.04337911991891229,-0.1663779665163748,0.07606305267204917,0.0897445038621509,0.06073188633742265,-0.1386627520883576,-0.033768830170214204,-0.05657404494774734,-0.000880780119534439,0.05020446681346333,0.028033972947467754,-0.10952990108699448,0.1699430289049666,-0.08622138338401314,0.1794274929223026,-0.03809723532906923,-0.1110146447170668,-0.17260773828247875,-0.0027318164342385876,0.089982174688057,0.09748418440459958,-0.10133724791164234,0.14135542273950574,0.08626612142183074,-0.016116878123798542,-0.02560973052322529,0.07091258606829541,-0.014212715389185969,0.06796546782705946,0.18356296529306904,0.004851280975848437,-0.08332179930795844,0.14476390199573586,0.20069204152249134,-0.20772150571458525,0.10028310789556459,0.14132186921114254,-0.10743560169165706,-0.003648946209499835,-0.0481185558002167,-0.00448219216385308,0.14205165845304252,0.0425710391108315,-0.035815595400370465,0.0008500227185348347,0.009168501625249023,0.14031246723288243,0.08314843941141518,-0.06594107161581207,0.03146482122260666,-0.02387613155779248,-0.1513907238474712,-0.005855090699381362,0.15206738666946276,-0.2384397609311104,-0.057577854671280244,0.01287057425465734
AngMaFaFbCx13681-00,1,51,119,kmeans,-2.225384705882353,-78.28621298039215,2022,0.017038393981198777,-0.06527444195671346,0.004027410272067294,-0.05674680175799653,0.10117375669991172,-0.024936412088864754,0.006024832078159986,-0.04864855900068599,-0.048678713315391475,-0.005945224687337458,0.0883714408485424,-0.09723801554454917,-0.08536324641352117,-0.030976924410671597,0.05977670729960571,-0.19185139953713126,-0.04911896631009188,-0.0411015371161921,0.018698087462589774,-0.0383418142343442,0.0033989943536045543,0.0441615969725068,-0.12675305877829793,-0.05352270242968389,-0.09481963950516765,0.02258316936924712,0.060998560131472784,0.058686327279854615,0.006256417215098252,-0.11002585732485999,-0.019073207137526277,-0.0022748415013833234,-0.12060640326872771,-0.08127793985721928,-0.018915198528469443,-0.18215739044560536,0.10594778780408737,-0.14143941621246728,-0.17607224973803437,0.17365869838900572,-0.05195226571982114,-0.09143391305003351,-0.2113033448673587,-0.01333182561759806,-0.0451180918349654,-0.05099818320253899,0.046345975529773605,0.11193522853201257,-0.0037282794701887084,-0.06022299115724719,0.02665038333672569,0.017918899970599533,0.02819910894000044,0.2699534869695667,0.190809266420909,-0.10564624465703235,0.04919736752832618,-0.1267747698848859,-0.19109271697914074,-0.14403630579490542,0.058623606305267174,-0.009441919020587913,-0.05786009905692379,-0.27304973200352806
AngMaFaFbCx13681-00,2,22,119,kmeans,-0.9267237272727272,-89.7898455,2024,0.03573730383418963,0.012730767886477229,-0.086797385620915,-0.13754989339764426,-0.05111041207927021,0.014520289399182137,-0.0333158575373108,0.15636503442731814,-0.13457761001013596,0.06533431197791054,0.06331550802139035,0.22230890217049382,0.013684247317465315,-0.08532662262766065,-0.029222327076998345,-0.034929223026108805,0.07431826919716192,0.06687497815525496,-0.04741672783195273,0.13978120303379818,0.01308307993429101,0.20882317989584423,-0.07411415189961901,0.011053091468316359,-0.0887602670301632,0.10370277166124914,-0.08259480619342208,0.12705602740204813,-0.02232148474363005,0.05547237076648843,-0.06185592953759041,0.0318786480724197,-0.14035720527070006,0.003464401803502157,0.08746845618817936,0.09059732270804931,0.03833211002761175,0.027888574324560468,-0.015621963580441073,0.2396085421690958,0.14215231903813214,-0.2371926881269441,-0.007356611093635321,0.03268672888050048,1.677676418160995e-05,-0.17735835867323752,0.09116773269022402,-0.032888050050679775,0.09424906504491277,0.01929887106357693,-0.03583516829191567,0.01677956030897207,-0.022710146447170666,0.2637419174443396,-0.016192373562615804,-0.19460487225193102,0.06982768865121802,-0.1471266296179791,-0.22426619132501482,0.11309775960294993,0.036864143161721014,-0.19682779350599416,0.08155464681416236,-0.010574953689140541
AngMaFaFbCx13681-00,3,11,119,kmeans,-9.266299181818182,-78.09689827272727,2021,-0.02411380238369858,0.011967425116214042,0.01853273216595014,-0.05366886861696548,-0.14232288280731184,-0.038485897032609795,0.027295795323477007,0.10102408164691898,-0.19560588584810035,-0.024074656600608136,0.12434937611408195,0.12269406871482991,-0.13617140260738875,0.015462584320715803,0.04705323127468455,-0.08194890077243018,0.11046939988116455,0.016139247142707362,0.00827094474153297,0.1584509454405648,0.12271643773373872,0.1600111845094544,-0.16209709552270105,-0.11499353395547164,-0.06150920974450382,0.044016636957813424,-0.06575373108245076,0.0560903149138443,-0.01648596693579392,-0.015378700499807763,0.06821432316242002,0.008142322882807307,-0.16641431617210162,-0.11413232672748239,0.07287267135018,0.17223026108839257,-0.07134598580965358,0.010988780538953514,-0.08863723742616475,0.18074167278319525,0.015954702736709674,-0.16090594526580682,-0.13384502464087233,-0.043306420607458665,-0.05747160183146342,-0.1818880850022718,0.07154730697983291,-0.03052811855580017,-0.020501205829925512,0.072542728321275,0.04613610149942325,0.14200971654258848,-0.029191569675998733,0.09980497011638875,0.0713459858096536,-0.0640145398622907,0.015540875886896654,-0.04430184194890073,-0.23910244311628395,0.11192897836496452,0.19798259410716157,-0.22479186326937195,-0.032054804096326585,0.019047219600852823
AngMaFaFbCx13681-00,4,13,119,kmeans,18.734167923076924,-68.30855923076923,2024,0.04977967054091617,-0.04872918699908317,-0.05403365569455533,-0.14624434389140267,-0.11624878005500841,-0.01909798006683819,0.15390057078638392,0.08671221127968529,-0.047025700174489066,-0.06687605358885633,-0.012227249874308704,0.1478295330198444,-0.10206252033241649,0.010902315677402193,-0.09843314701446187,0.033913583532960714,-0.015558512997959337,0.047754413982787666,-0.07468843344275868,0.16066246709845322,-0.14745571230000293,0.0899346405228758,0.0804944843699169,-0.18176677609203556,-0.1730080146689143,0.010798213704788104,0.1125862833821311,0.05926714577233607,-0.15417502144145737,0.1932227249874309,0.04570076597758255,0.04187738443793807,0.07584301895720577,0.129370360512229,-0.01885665276668736,0.027293644456274194,0.11719989353207344,-0.13967172389317714,-0.12690976843225973,-0.00028864637861178086,0.20242628574808497,-0.24882264217904354,0.12815899210362874,0.12874574867654454,-0.10171709105965157,-0.04597521663265605,-0.12561795759027589,-0.06257474935675625,0.12140182769940552,0.031632803951143026,-0.003761866737645267,-0.16424452133794698,-0.06112678555585127,0.1002738591665927,0.04560139591281458,-0.08953242835595775,0.07061426078727115,-0.008512702215124356,-0.11990654482003958,-0.09398042173128676,0.13161328483127788,-0.1565788306272735,-0.13105491970543873,-0.10391742820808561
AngMaFaFbCx13688-00,0,2,21,kmeans,-22.895674999999997,30.582284,2024,0.11666282199154165,0.1281045751633987,-0.0763398692810457,0.0038446751249519157,-0.03816993464052285,0.042568242983467855,0.08027681660899649,0.33245674740484427,-0.06600538254517493,-0.013779315647827799,-0.009842368319876948,-0.0812610534409842,0.03189542483660125,-0.05723952326028446,0.022791234140715093,-0.016239907727796998,0.07836985774702035,0.0836601307189542,-0.052564398308342905,-0.06363706266820453,0.12512110726643597,-0.0238677431757016,-0.12610534409842367,0.16732026143790846,-0.14508266051518645,0.12481353325643979,0.029342560553633146,0.25417916186082284,-0.020207612456747334,-0.08907343329488655,-0.1519723183391003,-0.12367550941945399,0.14003844675124943,-0.24805843906189928,-0.01476355247981545,0.06978854286812759,-0.07458669742406765,0.06917339484813531,-0.1244136870434448,0.08445982314494421,-0.15086505190311417,-0.04785851595540175,-0.1111264898116109,0.1951249519415609,0.25202614379084964,-0.15111111111111106,-0.15772395232602843,-0.006397539407920049,-0.07541714725105726,-0.0883660130718954,0.01590157631680124,0.0081199538638985,-0.15074202229911568,0.32335255670895807,-0.013902345251826147,-0.16132256824298344,0.07876970396001536,-0.09304113802383694,-0.07683198769703956,-0.05613225682429829,0.14471357170319105,-0.053271818531334045,-0.015501730103806247,-0.1703037293348712
AngMaFaFbCx13688-00,1,7,21,kmeans,-29.687572857142857,30.884575857142856,2024,0.15008732904926675,0.032954358213873755,-0.023111989893996786,-0.07254352721480747,-0.061365408908661476,-0.03772614928324272,0.07148898775196348,0.2771681221508211,0.013673861701543319,0.11341571922886798,0.10752787389465587,-0.013682649530400385,0.03373647498214971,0.0767880485527544,0.09677157137364747,0.10463667820069199,-0.1289438128192453,0.12882078321524684,-0.21583786455758772,-0.0009315098588454779,-0.10002306805074967,-0.03581919042126653,-0.1279859394738287,0.1769077827209315,-0.1877607513593673,0.04427308178173227,-0.07804470807931013,0.2551546108639534,-0.05396605701103971,-0.11747569616081724,-0.07626956665018944,-0.03872796177294443,0.0348261657604218,-0.11610479485912008,-0.09855550063162516,-0.04045916405777997,-0.00044817927170867633,0.0891173724391717,-0.020273521173175144,0.17892898335804908,-0.17197781073213597,0.026864392815949885,-0.05414181358818032,0.1262811006755643,0.3025473718899324,-0.09100675564343381,-0.14676552974130824,-0.1137760202120063,-0.15699456253089467,-0.067631130883726,0.019842917559180537,-0.0012127203822705622,-0.1071939363980886,0.07515351238534629,-0.10153457461415938,-0.11337178008458283,-0.0077420772230460694,-0.052349096501345616,-0.042779150876036634,0.10568242983467896,0.030625583566759998,-0.06275388586807273,0.016855055747789276,-0.2472192014060526
AngMaFaFbCx13688-00,2,5,21,kmeans,-25.091767,30.594702,2022,0.15865897731641668,0.06283121876201458,-0.0858623606305267,-0.04082122260668971,0.029502499038831204,-0.022034602076124524,1.2302960399848684e-05,0.2733471741637831,-0.02488888888888885,0.0003690888119953816,0.1076139946174548,-0.16291580161476352,0.053357939254133,0.023818531334102215,0.05222606689734711,0.014099192618223759,0.025134948096885767,-0.014652825836216833,-0.08210995770857359,-0.04025528642829683,0.016547481737793163,-0.03781930026912724,-0.13534486735870818,0.09922337562475968,-0.22523029603998462,0.03866820453671664,0.039677047289504025,0.2451364859669358,-0.008845828527489434,-0.0757493271818531,-0.06215455594002302,-0.16875970780469046,0.10601460976547482,-0.18280968858131488,-0.07075432525951555,-0.057627066512879625,-0.048719723183390976,0.12390311418685121,-0.1524213763936947,0.11878508266051513,-0.1840399846212995,0.024519800076893458,-0.0830449826989619,0.1887028066128412,0.18432295271049595,-0.12729873125720872,-0.19212302960399844,0.0015132641291811036,-0.08399231064975006,-0.1230296039984621,-0.043294117647058775,-0.01295501730103804,-0.11398692810457514,0.30721722414455976,-0.07487581699346404,-0.06898269896193769,0.02132103037293344,-0.11952326028450591,-0.020828911956939596,-0.007824682814302198,0.08695732410611298,-0.12761860822760474,0.020705882352941178,-0.1750711264898116
AngMaFaFbCx13688-00,3,4,21,kmeans,-23.227219,30.36285225,2024,0.19995386389850056,0.023806228373702373,-0.1248135332564398,-0.11529411764705877,0.09045751633986926,-0.12201460976547479,0.04181468665897731,0.28041522491349474,-0.08449058054594383,0.09096501345636289,-0.025620915032679714,0.05845444059976929,0.1069434832756632,-0.015440215301806948,0.0161476355247981,0.15695501730103803,-0.07764705882352937,0.0858439061899269,-0.06874279123414068,-0.025605536332179865,0.009058054594386723,-0.0042906574394464035,-0.13768550557477888,0.1796539792387543,-0.13597846981930026,0.0325105728565936,-0.0488581314878892,0.40616685890042287,0.06099192618223757,-0.06111495578623603,-0.13168781237985389,-0.1714571318723567,0.060499807766243696,-0.0966705113417916,-0.05404075355632445,-0.1224452133794694,0.024636678200691986,0.006889657823913847,-0.028096885813148724,0.09373317954632832,-0.18886582083813916,0.046674356016916524,-0.03312572087658587,0.18126874279123417,0.19172625913110342,-0.10143790849673201,-0.24898116109188775,0.009350249903883126,-0.12130718954248358,-0.15406382160707416,-0.041676278354479,-0.0320030757400999,-0.06133025759323331,0.15391003460207603,-0.12326028450595924,-0.12215301806997308,0.04038446751249515,-0.14106881968473658,-0.09937716262975775,-0.011211072664359875,0.020222991157247183,-0.14477508650519028,-0.10188389081122642,-0.23457131872356785
AngMaFaFbCx13688-00,4,3,21,kmeans,-28.21506066666667,28.72634766666667,2020,0.15185954120210174,0.08786364218890166,-0.0724439318210944,0.0772830962450339,-0.05218505702934767,0.035124951941560914,0.08296296296296293,0.2315827245931052,-0.014784057413815124,-0.026000256311675,0.12633089837242084,-0.11359733435857997,-0.027558631295655493,-0.016383442265795203,0.048596693579392496,-0.07617582980904776,0.0236216839677047,0.15376650006407788,-0.12633089837242084,-0.030859925669614277,0.06491862104318855,0.007853389721901865,-0.18860438292964243,0.14839420735614503,-0.18768166089965393,-0.022493912597718796,0.07389978213507623,0.17947968729975652,0.010170447263872867,-0.10049468153274377,-0.16301422529796228,-0.16260412661796741,0.02476996027169037,-0.24033833141099575,0.01379982058182751,0.03141355888760736,-0.01806484685377424,-0.08359861591695496,-0.12108163526848648,0.19325900294758422,-0.178474945533769,0.04150198641548123,-0.061678841471229,0.17088811995386388,0.1789875688837626,-0.1333025759323337,-0.08880686915288986,-0.14064334230424191,-0.17283608868383943,-0.1523311546840958,0.08564910931692936,-0.05997693194925026,-0.13484044598231446,0.15306933230808664,-0.02142765602973213,-0.17365628604382927,-0.010108932461873598,-0.08007176726899906,-0.0969883378187876,-0.016465462001794134,0.15643214148404452,0.07205433807509935,0.09059079841086756,-0.1371575035242855
AngMaFaFbCx13735-00,0,21,510,kmeans,-1.1049390952380953,35.91549457142857,2022,0.1809736182054521,0.033800919060434614,-0.05019021987880118,-0.023369766207136454,0.1253290858827191,0.04012229728492704,-0.009347320627597425,0.12754947730726277,-0.02384723824170193,-0.0976474249830651,0.021401292543161046,-0.11873821423994432,-0.07209534794309877,-0.022066238260009863,-0.06841031837571626,-0.14400615148019988,-0.0646286226909064,0.0226931033851449,0.008694092015891317,0.052305157357060456,-0.0011922154482708093,0.02477581882426174,0.07295069661851668,0.02694641255194887,-0.15602204280404966,0.0260119734168177,0.08339356657695751,0.1511272221306823,0.049425678768239306,-0.04860255213196388,-0.20322733014774533,-0.014365170904963274,-0.15644385858918727,-0.11161421431317621,0.05357646326504458,-0.20550630709800258,-0.021562402738873332,-0.07003020816169601,-0.031677193753318324,0.0844100254480877,-0.02692883689423481,-0.12972007103494987,-0.2494161586203108,0.041633803848336724,-0.016538693908936072,-0.14801340143900693,-0.12006517639735628,0.00014939309056957728,-0.10373153182841761,-0.052721114589626666,-0.0317299207264605,0.043335713370315415,-0.0828223577012504,0.23754087255817358,0.07037293348712031,-0.02003039124146397,0.11892568792222769,-0.002000695703117834,-0.23556946961791247,-0.05762765236813676,0.008020358470185451,-0.09001373098258908,0.01844858204719795,-0.18429834678969625
AngMaFaFbCx13735-00,1,147,510,kmeans,-33.677676829931976,19.67757044897959,2023,0.011048393213494562,-0.13353357029086138,0.18135484259063098,0.00992564345999837,-0.16937786879457664,-0.16041721263668865,0.02604963554049069,0.18509552840744137,-0.08964966378708342,0.09607942523414591,0.08552189503252279,0.01611938893204337,-0.005653084763317079,0.10683656469123595,-0.03787428696968981,0.020002353882729546,0.04571721499057138,0.1222148467230029,0.0030610937185331644,0.19283091014183448,-0.05687692070292168,0.10000381852087237,-0.03383481497174032,0.024514276298754786,-0.12106071186644589,0.14296793227094756,-0.12335098745380506,0.0715835615291868,-0.05705058493985826,-0.13387838795648976,-0.05444771372601326,-0.10816352684864791,-0.17220587581437802,-0.16624145082869746,0.11703923399425123,-0.04202841921082156,-0.18890358757882236,0.06256055363321797,-0.09937444258749248,0.11642868912270789,-0.16376370155905498,-0.12569566388646958,-0.07683408003724361,0.06338953882206474,0.2571866916701321,-0.015330995143155269,-0.060921832785401704,0.04006747797158075,-0.06238647092824055,-0.014079775701130101,0.08491302403314267,0.0320730645199256,-0.1705721765830515,0.08766319599735317,-0.055922813569872366,-0.3546504091832811,0.09942131100806331,-0.023083534067221648,-0.08688861165381181,0.04235147653832772,0.09371256999531836,-0.06977033950835233,-0.007259165103950069,-0.010345366904931916
AngMaFaFbCx13735-00,2,110,510,kmeans,-33.77650289090909,20.041366527272732,2022,-0.01347341931424975,-0.046057250707769726,0.15627164377337385,-0.0024907902554961413,-0.22033371780084585,-0.10199266016567052,0.0826926706511481,0.3190157631680123,0.0028682674495823374,0.0679296773968054,0.07861423927859912,-0.04112544126384955,0.02491796861347033,0.13981811191499768,0.07842298416692878,0.0496105693614344,-0.051425815245884424,0.12106336723637762,-0.05984998776694275,0.15581307888574322,-0.1070072349795533,0.05370689594911047,-0.03654091083848867,0.0019220579497395973,-0.12319122016007826,0.05988969277550588,-0.10785446157072451,0.06801076509034981,-0.1033135507322358,-0.1274357414980252,-0.08943133759742754,-0.10017461815385686,-0.133194086190626,-0.128573765335011,0.01801097479990213,0.0038060885673342317,-0.07996588724616405,0.057119289783649614,-0.1523436440529866,0.12124231938764808,-0.10815029184579354,-0.11018475411554993,-0.0974931320121631,0.0588746985425186,0.2781201635734507,-0.054510502953409506,-0.034193282304008935,-0.05863479081472161,-0.11264143161721012,0.009746181538569085,0.08213512285484602,-0.032142602495543654,-0.13042536087518783,0.09088420537555483,-0.08613638111215963,-0.2901105169340463,0.06050595924644365,0.026434028870015006,-0.07597357659641395,0.04225228059138091,0.058898745237845544,-0.08059389745202891,0.07382838768305894,-0.015472091153752046
AngMaFaFbCx13735-00,3,101,510,kmeans,-25.846195603960396,28.24698952475248,2023,0.12765904964198838,0.014836639373279892,-0.04149325659209516,0.006281818493268015,0.0008739974343455054,-0.05625010944000973,0.05378464490047617,0.1848994864884412,-0.10802912817233276,-0.027361296683301534,0.04529438410969123,-0.13392076923955368,-0.01250334029942786,0.018092660477120368,-0.038338339024213824,-0.041742970144765315,0.031631398433961025,0.05383032420889145,0.03798264947602024,0.03821835470744303,0.07216538954933552,-0.004553313462834162,-0.12193878211350544,0.03478753411673348,-0.14943650766460725,0.09765505270250206,0.03474185480831819,0.1834694196063205,0.04619274384185822,-0.07034857118929883,-0.10029592578635023,-0.13173547112496714,-0.04930441833110645,-0.19466389545528945,0.08510298780743125,-0.11693415708352842,-0.10919790941031819,-0.046668417706822556,-0.15016615848436052,0.08481794892291995,-0.23813232534326095,0.010969733651565835,-0.11038739860145179,0.17809936010902125,0.18935169641531627,-0.10372004674515892,-0.15663617572829944,0.005630127026543481,-0.12296808919646286,-0.13181221236310478,0.03596179687172869,-0.008053566602334972,-0.18646841846814438,0.22827351247235447,3.28891020590083e-05,-0.17655905382925832,0.07138823224883038,-0.08220204719433875,-0.09422971362880228,-0.02493176653305469,0.1490186942569689,-0.058921435396134744,-0.07193151149024932,-0.1616858710092462
AngMaFaFbCx13735-00,4,131,510,kmeans,-26.14975536641221,31.40400172519084,2023,0.1006020585153684,0.015127006348116229,-0.0650976870317053,-0.0077597870460861945,-0.05973556852766551,-0.015183355785062108,0.043274019681214776,0.35451872591575173,-0.12887163187382417,0.07596608468263819,0.0017740681065121916,0.01123560814836335,0.035346593060214634,0.07761195782009853,-0.015007263794606294,0.05028717668776832,-0.023623092703628355,0.07375014307474222,-0.037033319539460735,0.044118322078120255,0.07492784630691071,0.033794166072356184,-0.09201769137530776,0.14526180476681017,-0.14875687859337716,0.13238361053147493,-0.027037399003906292,0.20232547082595945,-0.018524877395951635,-0.05671289081416131,-0.13114767954779571,-0.14164651880809198,0.051310388546976934,-0.21232702630520847,-0.050831887911578326,0.033604456301305104,-0.04204137574802409,0.08864376883817439,-0.06917081216560861,0.09164531551282386,-0.16706199318523995,-0.05759616823828766,-0.031239188685502614,0.16287053423375034,0.22044838890503063,-0.08627897080101309,-0.10449815250153344,0.020419157634614993,-0.06299538345498354,-0.019640126668838465,-0.007473813653585959,-0.014953731829507743,-0.15068215102236074,0.22239009658645673,-0.09245346035435575,-0.17763549544948945,0.00842611913797101,-0.07172344165925609,-0.03233471565545838,0.06037137800787127,0.1290087488370591,-0.09863687190188153,0.012983849429608688,-0.19190458162010499
AngMaFaFgCx14165-00,0,1902,22261,kmeans,49.89479634016825,4.35946920977918,2023,-0.027580688653680477,-0.08808809682921433,-0.21139658733537325,0.0080202106202783,-0.022098044471288367,-0.11800266095180569,0.004906403789531721,0.22788420372169396,0.16190042574420332,-0.018286908173714617,0.08417608531216861,0.03491589217283169,-0.09822794840292352,0.12489341840940407,-0.060395795356554184,-0.0944237333291288,-0.156829529692333,0.038023262912307024,0.1720343263591491,0.08010889607693551,0.03783529023658697,-0.040327545298237205,0.004917788232383324,0.08190637670296667,0.04866305970647056,0.22408251133694024,0.03267034316252221,-0.07544062766443865,0.071681562256044,0.07530055373833,-0.021400229871953287,0.05404026842381653,0.07204123949738654,0.10981659969816669,0.06378713032397551,0.07838276227172994,-0.2411570410312947,-0.0501159021989035,0.036263719648392076,-0.03219556014814328,-0.1295393383843712,0.008892220132109673,0.08938556755045679,-0.048920762094656595,-0.10714500731943669,0.03325822673557163,-0.023436686771366337,-0.021923849558792178,0.18430924610003996,-0.17777771309344337,-0.2618913456807642,-0.021190038127372378,0.12255647043460995,-0.021483834374144667,0.17541330661870322,0.005312006908286884,0.011393272263236137,0.20762568469378634,-0.12434175806360978,-0.021386613819565463,0.11090931215891645,-0.11346770695247436,0.06899971741031415,0.004216707074161823
AngMaFaFgCx14165-00,1,4922,22261,kmeans,42.2267964002438,3.426106282405526,2017,-0.012251218977603775,-0.03697961947245947,-0.06378646290044727,0.10176460433668724,0.07818882525881254,-0.1154080800042367,0.05303622008913833,0.17631234571893625,0.1803568627138532,-0.015254783542915764,0.0229712417988205,-0.053436978650883024,-0.16506573519608697,-0.01591833603835363,0.0034688874235069694,-0.004636693823102146,-0.005517297835468171,0.031163721139354898,-0.13341693197424617,0.15002014197333846,0.004573716763517789,0.0039071772632693295,0.04604231704712698,0.10295720662558905,0.11017189806502387,0.09395503651660245,-0.10675845145047039,-0.1169452876640294,0.12333801536963952,0.0712341157192534,-0.09145491349012289,0.03035229315889971,0.11719659600181903,0.1623778183023096,0.04418372516681213,-0.03857777952748763,-0.15608628632034593,0.024261565387363168,-0.1387965151402244,0.0043663136470656685,0.02647866033459146,0.05683406547758253,0.11607996861770245,-0.09618196733322808,-0.1336374704131081,0.11972467689340878,0.0031802727704047934,-0.0676511347103238,0.09266037614701679,-0.040640062639615636,-0.07212668024879018,0.03666332190866479,0.057129853941401215,0.12486389990659358,0.10696306752896116,-0.07725777960872421,0.0325558528500197,0.006255300488465893,-0.11873195396825616,-0.056240788831726514,0.16165010144411993,-0.12851088280520992,-0.04798144557597559,-0.06591067324620087
AngMaFaFgCx14165-00,2,3693,22261,kmeans,47.94697594448957,2.9840430750067695,2018,-0.1622806129653441,-0.1516574965125089,-0.11707643072524399,0.02880200672880627,0.08008522432617171,-0.055365304535342226,0.14669629107564677,0.023105056268465762,0.12841128276773286,-0.060285655612913255,-0.0008396303946769657,-0.0397320140640965,-0.1480396697161646,0.06351766530332734,-0.08451878871489962,0.11983300030865711,-0.08618280409693246,0.10202148269500477,0.025333334999498074,0.0885184838067532,-0.054730762357839684,-0.08898742587128955,0.029620443508059778,0.16260513187069062,0.12409185066332105,0.01766866064931287,0.07829656316034794,-0.125318547787479,0.14425505982989284,-0.008943605738771194,-0.11982641895795554,-0.026775433900537413,0.09330535842744041,0.10163269981584712,-0.020908168081032123,0.12975599434003837,-0.2157795464116435,-0.048813294994882774,-0.15430269964506524,0.099253533206455,0.07789253487386927,0.08009753728355996,0.007265477941436803,-0.023564601163899357,-0.047110441312887816,-0.09811692560949345,-0.02568837804278125,-0.04116878123798537,0.17465540172689636,-0.1423645293521993,-0.23716943604072607,0.06742592127454933,0.05535697371166935,-0.08273392640467056,0.19564652815006145,-0.08354341587929967,-0.06106005565823294,-0.03066257956457281,-0.04476223204426333,-0.013642806771126864,0.07428432184804325,-0.1344627097753468,-0.035404551045664125,-0.11293172931654334
AngMaFaFgCx14165-00,3,4660,22261,kmeans,50.75973616609442,4.292786818025751,2022,-0.14166558055831407,-0.24358470845206706,-0.08893908243389206,0.0005422195964294822,0.034267386516521454,-0.18727344909582505,0.030835066406000644,-0.004330103707266358,0.09790945006631283,-0.11430716925526607,0.12467150294139903,-0.0006499562670266301,-0.12197363948228995,-0.02859195329783562,-0.137147567735803,-0.015593975916928616,-0.055922378136911005,0.14217757055127303,0.02814341776279492,0.12144176471742789,-0.02177234740095177,-0.02099065287069899,-0.04918686358132726,0.14743515966122653,0.023309465339453835,0.17854555164820454,0.17403504674554268,-0.10230207139088335,0.1051928052620094,0.034042874642643946,-0.12066214179247622,-0.03362249710577274,0.010485647948162327,0.07959403133566914,0.11724268674672358,0.05965645328967125,-0.1957724935348926,-0.012809791171959543,-0.08224238738656268,-0.022642157728662897,-0.06078491079644478,-0.028407738765293455,0.030174963231479952,-0.004398862530350408,0.01195052359988922,-0.005191917902413847,-0.04609069771699529,-0.020115023575231206,0.2174687193372314,-0.17442613151955716,-0.2814112580202547,0.0902852036416049,0.02062347732474601,-0.052254897837366074,0.22365194655852097,-0.13817533466899093,0.05702086993897832,0.011606082932495832,-0.021049357150856547,-0.0206669018664405,0.10822299643522247,-0.08123903108908873,-0.03626527169779762,-0.07571437642948597
AngMaFaFgCx14165-00,4,7084,22261,kmeans,50.29387196612083,3.2539114658385095,2024,-0.15688557757219643,-0.09861784173519417,-0.188353008592629,0.08379227941685344,-0.0023488354130023724,-0.25513033546378167,0.054100605209293225,0.1761961881861814,0.157918397462547,-0.024526853913147007,0.14161951959419158,-0.029927120527226923,-0.10734282576728078,0.012023230023227069,-0.16371690793455088,0.010810086564627263,-0.14492324572652382,0.048795203226335404,-0.04862360793367676,0.09365223456068192,0.02407173296383633,0.051180740821075627,-0.0728408642664668,0.14712947588062084,0.09928566337852765,0.11291359338275117,0.1012596779776542,-0.07122502162120875,0.037066945493818775,0.07145125331361002,-0.13358594526166173,0.01016781575391864,0.042734444983448,0.07635522409820436,0.1264926797830719,0.0437608207141086,-0.2146093638004432,-0.0873802694182012,-0.07604459302053862,-0.14921613300155018,-0.04945938591695985,0.05343875874367762,0.10113468559725416,-0.07255184978377162,-0.08073289289195396,0.007450829492864927,0.05525319788439192,-0.07677175825303781,0.24144965367255494,-0.13037618053591285,-0.3156011227992928,0.05910195923189651,0.09262211565909621,-0.04138904860873291,0.14040012304263122,-0.013125198699899462,0.06875976577607315,0.039273835696617035,-0.09264606847907571,0.008701013842404536,0.10024841388831482,-0.14926479422357508,-0.03966637360721443,-0.06776911952380088
AngMaFaFgCx14755-00,0,4,59,kmeans,4.981627,-74.838835,2024,0.1098193002691272,-0.07607843137254898,0.06368319876970395,-0.04567474048442905,0.08436755094194537,-0.08456747404844286,0.151757016532103,-0.12519800076893497,-0.08110726643598618,0.02998846597462513,0.013133410226835826,-0.13030372933487114,-0.09353325643983082,0.022514417531718574,-0.09153402537485583,-0.2464898116109188,0.0382006920415225,-0.030419069588619722,0.0657900807381776,-0.04053825451749325,-0.014994232987312572,0.06588235294117643,-0.09088811995386388,-0.10965013456362933,-0.1664282968089196,0.07933871587850824,0.04938100730488272,0.02246828143021915,-0.08023068050749713,-0.0600692041522491,0.015932333717800867,-0.021653210303729308,-0.16193771626297573,-0.030957324106113022,0.10938869665513262,-0.13879277201076506,-0.10499038831218759,-0.13659361783929255,-0.19778546712802764,0.02646674356016914,0.029850057670126863,-0.15510957324106112,-0.22093041138023828,0.06472895040369082,-0.11887735486351403,0.07635524798154554,-0.031203383314109934,0.0608073817762399,-0.04485966935793924,-0.005397923875432559,0.03226451364859666,0.09165705497885425,-0.15123414071510952,0.17959246443675503,0.23992310649750095,-0.17608612072279894,0.06798923490965011,0.024390618992695106,-0.09986928104575164,-0.16765859284890425,-0.025098039215686263,0.07257208765859281,-0.12130718954248365,-0.15364859669357933
AngMaFaFgCx14755-00,1,31,59,kmeans,4.5928973225806455,-74.19629558064517,2022,0.0743237712542322,-0.15426126427800718,0.11275266336768736,-0.011618360184048299,0.05202564770373674,-0.04010169785814385,0.013072887599062367,-0.12081308677803818,0.0622390891840607,0.03082090015006632,0.13230444866118485,-0.17549180836154823,-0.06524339273976507,-0.05267651399585763,0.03912936711686569,-0.1232796319033622,-0.09722315238555887,-0.065884337289628,0.02153613374508559,-0.10763899740794482,-0.05471047115873544,0.041066091205615676,-0.05024965583956542,-0.05928439433964601,-0.13702521362751297,0.07770113231883513,0.0948002629261698,-0.034529647406084475,-0.03909960189009187,-0.003651201150922094,-0.07804640894941149,-0.12019000136423952,-0.24815467996180132,-0.03752799791643411,0.02651883270702334,-0.15133831900881792,0.09688382880033733,-0.20841214917339485,-0.25506418127023106,0.09115699916905405,-0.0004365566593493922,-0.07897706837320631,-0.3075621039054458,0.07858019868288867,-0.10078902655306268,-0.014362714092594629,-0.08861901749947287,0.0773578400367104,-0.09315523805980329,-0.029423918840148305,-0.06819015019037339,0.02707246592501643,-0.007865957262095213,0.25693343751162706,0.1295342982227679,-0.17482903597871785,0.16136920043159575,-0.005748657464250727,-0.2629976063796803,-0.25235752998226485,-0.028001141000359636,0.06514219096873407,-0.11930299760637966,-0.13467574506083263
AngMaFaFgCx14755-00,2,6,59,kmeans,5.4924723333333345,-74.11696699999999,2021,0.11030629245162116,-0.03754453415353067,-0.0002358067409970535,-0.060233243624247056,0.05921824939125973,-0.07813405100602328,-0.12172754068947834,-0.01195437652185058,0.16876585928489035,0.07282327310008967,0.09007817506087398,-0.1341330257593233,-0.11585287709855183,0.02896321927463793,-0.030214020248622287,-0.1157503524285531,0.03281814686658978,-0.10902473407663713,-0.14677431757016532,-0.17264129181084198,-0.0512315775983596,-0.08484941689093933,-0.08500320389593743,-0.10875816993464048,-0.07996924259900035,0.015645264641804435,0.08514673843393558,-0.06878380110214014,0.00570037165192875,0.08076893502499036,-0.09825964372677173,-0.1448263488401896,-0.11165961809560422,-0.012518262206843513,-0.12449570677944377,-0.23432013328207096,0.0428450595924644,-0.13692169678328847,-0.08874535435089063,0.039892349096501335,0.006120722798923499,-0.08201973599897469,-0.23683198769703956,0.05673715237729074,-0.14505190311418678,-0.061186723055235114,-0.16136357811098295,0.3625682429834679,-0.01857747020376775,-0.04220940663847235,0.0228117390747148,-0.14241701909521975,0.16500320389593742,0.21605023708829937,0.13652185057029345,-0.13674740484429063,0.16451108547994356,-0.08794566192490064,-0.15257721389209275,-0.18924003588363447,0.06184288094322692,0.015532487504805792,0.04035371011149554,-0.05894143278226318
AngMaFaFgCx14755-00,3,15,59,kmeans,4.886274066666666,-74.29419126666666,2021,0.049228245546584615,-0.05120902217095986,0.06001794181724976,-0.05211123926694857,0.03690067922593874,-0.03212302960399843,-0.02840343457644494,-0.08087966166858898,0.11578316032295266,0.019651928745354357,0.14966551326412914,-0.22110060233243625,-0.11650493399974365,0.0020504933999743596,0.030453927976419326,-0.1609637318979879,-0.04077611175189029,-0.08051057285659358,-0.0865021145713187,-0.1771913366653851,-0.05547814942970649,-0.05201691657054975,-0.04643957452261947,-0.13048109701396898,-0.09650032038959373,0.07050006407791871,0.10763039856465458,-0.0473089837242086,-0.03791772395232601,0.02203050108932461,-0.042379597590670226,-0.0515247981545559,-0.14246418044341919,0.0013410226835832255,-0.048629501473792115,-0.21400999615532484,0.06824862232474685,-0.14858695373574266,-0.20226066897347172,0.04785031398180183,0.017978726130975224,-0.1420458797898244,-0.29359374599513005,0.0981407151095732,-0.07755376137383052,-0.05964475201845442,-0.05754914776368059,0.22233089837242087,-0.04577111367422783,-0.041243624247084415,-0.007230039728309642,-0.0696060489555299,0.08239702678457,0.2706610278098167,0.145917211328976,-0.17743739587338203,0.1602460592079969,-0.05674535435089065,-0.1706133538382673,-0.25681609637318975,-0.013935153146225787,0.03174983980520313,-0.05895578623606299,-0.15511162373446105
AngMaFaFgCx14755-00,4,3,59,kmeans,5.877703999999999,-75.578478,2023,0.12331667307445848,0.06742022299115721,0.043080866333461434,-0.019520697167756,0.12405485069844929,-0.09352300397283089,-0.07566320645905415,-0.08499295142893756,0.1503011662181212,0.024175317185697764,0.03856978085351787,0.002214532871972312,-0.12356273228245543,-0.007238241701909495,-0.10242214532871971,-0.18735358195565804,-0.13883890811226451,-0.1334666154043316,-0.12657695758041773,-0.06826092528514673,-0.11618095604254772,-0.10816352684864791,0.04720235806740993,-0.05663462770729201,-0.1298167371523773,-0.004941689093938217,0.04461873638344227,-0.11575035242855305,-0.05487120338331407,-0.01486607714981417,0.004593105215942556,0.013840830449826966,0.014743047545815749,-0.0696142509291298,-0.08696142509291294,-0.10404203511469944,0.034632833525567036,-0.30154555940023064,-0.2031013712674612,0.0028501858259644113,-0.022329873125720868,-0.16438805587594507,-0.24195822119697552,0.06981930026912724,-0.15493528130206322,-0.006459054209919236,-0.19580161476355243,0.18735358195565804,-0.043244905805459394,-0.04568499295142887,0.008386518005895169,-0.16492118415993848,0.11976931949250282,0.15464821222606687,-0.00834550813789569,-0.2537280533128284,0.15290529283608867,-0.013307702165833664,-0.1956375752915545,-0.24757657311290526,-0.09885428681276431,0.05474817377931558,-0.09163655004485455,-0.16274766115596562
AngMaFaFgCx14757-00,0,63,522,kmeans,32.13325342857143,-109.91389933333332,2023,0.1353013187845944,0.029669663072200536,0.05284609704448223,0.0014158168714108604,-0.013410226835832376,-0.027347723403086707,-0.054055888150467135,0.11619853170026176,-0.15162812837553316,-0.1370022518811446,0.028533103873357613,-0.005471888101645891,-0.1960496268224065,-0.052672293318198726,0.049525274161952355,-0.009634389703593847,-0.12297785345074846,0.16177025930197783,0.06808321585714894,-0.043292750651458836,0.0021549709208302063,-0.10543441777582488,0.07572276841019629,-0.08462483904237074,-0.16343604108309986,0.030594337953046155,-0.0931168109945503,0.03159810329360502,0.05459975711417464,0.08810091356804158,0.1721223216955627,0.12353832164674144,0.1409479870379524,0.15516083557606045,0.02343421028542135,0.09634096775965283,0.00741302185362161,-0.028838725032496647,-0.2367802371493259,0.02890512196163867,-0.008839579404746653,0.04913275113967151,0.022254688367721806,-0.06435522357090982,0.04295393102774876,0.24988972495316206,0.01166047246785426,0.054267772468464495,-0.15301269963323016,-0.23272318949366233,0.07588290218048001,-0.009531865033595148,0.08558857094035867,0.09378761526397045,0.0656870678554646,-0.10361045507527628,-0.17952655572032733,-0.015608160475519193,-0.025505208619395467,-0.11660081897682817,0.07094218951197034,-0.08021530180699728,-0.02448679689740818,-0.09636147269365258
AngMaFaFgCx14757-00,1,203,522,kmeans,31.662392206896552,-110.12463962068966,2023,0.18562985437582738,-0.10550818840044468,-0.01941807148823016,-0.008414800673481007,0.007543290473728356,-0.048939115876235534,-0.061279045762997544,0.16440603557176756,-0.1079215080217347,-0.08603284451035312,0.0661423514639121,-0.020234127457609143,-0.20328551163535055,-0.08922343244261867,0.18234047912606555,0.043224299861932575,-0.14359797198121976,0.004483004831411938,0.10150821112758826,-0.07156838124025809,-0.006159055914455026,-0.1564991108005068,0.22455417866943936,-0.1618930195472374,-0.11278511675123054,0.07629047562229757,-0.15278943490851374,0.04145127963288085,0.1415740440868707,0.09074524197779175,0.03566888824495314,0.08721011054861427,0.14949702937293913,0.15746092351747998,0.08867192042469452,0.07230928612148034,0.06280418861256465,-0.0012312051257284528,-0.18585318644022852,-0.1402392031863455,0.07847137232174814,-0.012006598447357294,0.028013780224733546,0.06717870921187943,0.0070120813707497814,0.1238492963108164,-0.025802580667155288,0.011382056541345414,-0.01174932718185312,-0.1419501025562354,0.06877233652081523,-0.08760465376143693,0.010775393321628843,0.22793658369365324,0.03617706717575467,-0.1284777548612413,-0.1286356327520866,-0.008548133249242897,-0.11955235102830852,-0.2299438450160321,0.20317308803169679,-0.15850122063700392,0.009347522646651625,-0.04800427270299598
AngMaFaFgCx14757-00,2,77,522,kmeans,31.718612363636364,-110.06837925974023,2023,0.1651272986913125,-0.06539822346050718,-0.05412503682399873,0.0056018414495923145,-0.008695956100800387,-0.03418864872152068,-0.03131343089820597,0.17977820718305146,-0.04115899479221277,-0.10070292644687105,0.09027496916770271,-0.0023519425595550127,-0.20130918677631476,-0.05369123763587429,0.1615538479206299,0.034606470038995966,-0.05255521103271967,0.05481368304897714,-0.021425525646978926,-0.14244910798544014,-0.015722224718764503,-0.29406871482996044,0.16314124936962307,-0.14238200092871367,-0.039157766493406625,0.10884764601027573,-0.126418510363147,0.03404245120508094,0.13480849024101615,0.15687073403336377,0.04103356850761691,0.12416882617574657,0.18302810607308875,0.23277600523275263,0.04886991516749299,0.02601037562975277,0.03967305282184172,0.06855624959431186,-0.13185577974505305,-0.08384946848614666,0.06383079434982547,-0.04769474278124795,0.044908202140036026,0.0149017610609306,0.03837405193806575,0.05493990822710542,-0.12431981705338102,0.12808260559125612,-0.004553693135008009,-0.07552100341027673,0.09817842288430521,-0.11252814851430766,0.024430963116084208,0.24458045606834533,0.12629148629148626,-0.0790553083978689,-0.12284346180539947,-0.06004963126070391,-0.05015134039355489,-0.17607533566011072,0.1779407520583991,-0.07249239802873017,0.04321534674475849,0.042285434672977885
AngMaFaFgCx14757-00,3,61,522,kmeans,32.59532583606557,-106.52448619672131,2023,0.1722888422485677,-0.07814396732656415,-0.03428593037986649,0.013318458852522034,0.037185193588846636,0.03540630652775413,-0.03772773397369231,0.11176331927820948,-0.009554963097421557,-0.02231071277755717,0.004016614038736682,-0.023584371710754365,-0.2051407718342882,0.04606954450053886,0.027449719842935566,0.061223363019267465,-0.19027637541676906,0.06928482739929784,0.09259591203887532,-0.08660779901803213,0.042984728446183985,-0.14866110764460072,0.175633835662198,-0.12124567474048438,-0.11120867762083936,0.08995581774979357,-0.18585033499095552,-0.004366542502568387,0.16297993835914304,0.049146293039877456,0.046410397009977206,0.1176031917106283,0.005575661315635222,0.15753839948065368,0.05011136952370147,0.059372876762405345,-0.06687264040942635,0.02229659462627867,-0.162151001191219,-0.10758434649976993,-0.025733356023219325,-0.011915719679064159,-0.014326898229558606,-0.04627425769407729,-0.022266341444967558,0.18447179836254654,-0.060917805888025395,-0.010047081513415382,-0.14791687938434778,-0.16622207095631564,0.06746963652063202,-0.03441501062012717,0.11244502429708622,0.2437287045965927,0.0656524287632121,-0.15607918770208176,-0.18434574344041696,0.09122544292548262,-0.00446738644027201,-0.14948903637314773,0.16190191666509096,-0.06040148492698265,0.04353029414916078,-0.11270217633823054
AngMaFaFgCx14757-00,4,118,522,kmeans,31.861691627118642,-109.38147386440677,2023,0.14885904378368162,-0.04567004867749691,0.00781759297271585,-0.008427527873894641,-0.013231416860529512,0.022776116096155943,-0.0423711870923178,0.1458870447481086,-0.019279677307945456,-0.08734997621514538,0.05395995021471531,-0.011356258023315663,-0.16092741383692055,-0.06267941274216561,0.1600802820297278,0.05017001283730505,-0.12259535120129803,0.1490602701698825,0.13429880293759244,-0.184538150255117,-0.021400895353156195,-0.1598967802474928,0.18182107272952383,-0.09991567780319167,-0.12479476602871124,0.138823268755824,-0.13626206348275433,0.05273278204601877,0.18954222300419005,0.08968858131487886,0.11265184837643927,0.15139261952703975,0.12546621573188926,0.2332484898246437,0.11479339758502269,0.05498067887839746,0.018725001466189634,-0.024148208967867645,-0.13129343994161302,-0.018636378446360263,0.05907506239451577,0.018574863644361027,0.020922852357958793,0.015902618940563926,-0.002735323441440382,0.058515173433946494,-0.09516809049974259,0.06534957219843736,-0.08134185678259338,-0.23007057259593766,0.10314885409132075,-0.05118500707029236,0.03386181325305129,0.22142200848435084,0.0720734528440821,-0.1510099766061293,-0.12214389511204944,0.010618601711206231,-0.035253194664372885,-0.19913071243784983,0.06734359014459887,-0.08795521930939207,0.03180106738607704,-0.029876905232016367
AngMaFaFgCx14765-00,0,24,62,kmeans,27.459111875,-81.77223066666666,2023,0.017667563757529137,-0.16571831346917848,-0.03218762014609762,0.17043701140586948,-0.21460207612456744,-0.11378700499807763,0.09359989747532996,-0.0788209662950147,0.03698321158528767,0.13395104447007558,0.016060489555299227,-0.03532743816480837,-0.0755017301038062,0.0015301806997308764,-0.06960912469562983,0.21753171856978085,-0.01553248750480584,0.11301550685633727,0.011272587466359084,0.07123414071510953,-0.11367935409457897,0.16516724336793534,0.05342560553633213,-0.04151736511598099,0.03097013968986284,0.07716519287453538,-0.06101243111623732,0.0142458028963219,-0.04138151992823268,0.26267076765346664,0.2525515827245931,-0.10032551582724589,-0.007740612584903239,0.050180699730872705,-0.21128283993335897,0.034243239779571936,0.022263232090221713,0.05540689478405736,-0.021799307958477482,0.08681276432141481,0.2200845828527489,-0.055663206459054176,0.1318851723696014,0.10669229783416632,-0.06580802255542736,-0.07850313981801868,-0.04664103549916694,-0.252556708958093,0.18367038318595408,0.06494937844418809,-0.05603998462129947,-0.06745610662565676,-0.11894655901576313,0.096237344611047,0.14563885684992947,-0.08239651416122001,0.07143662693835699,0.058623606305267154,0.0726054081763424,-0.3479712930924003,0.11537357426630779,0.13901576316801229,-0.09971805715750348,0.02069204152249133
AngMaFaFgCx14765-00,1,21,62,kmeans,27.532165047619042,-81.47776195238096,2024,-0.018750297504622735,-0.16013767598542683,0.009455703850167523,0.18146573662144594,-0.20545650940114607,-0.07046667032826198,0.03623514765383275,-0.11761044286995845,-0.015208802475238453,0.15350579447465257,0.01247285842441552,-0.07469654528478054,-0.1321337946943483,0.01884110506947876,-0.12118415993848519,0.18472895040369086,-0.013550832097544874,0.08475860932608334,0.006180772962779892,0.03919078742608151,-0.06751981838487027,0.11129785247432304,-0.0013269621574119941,-0.07447684956335472,-0.030382453635048753,0.0956643049376613,-0.034823236484136114,0.029992859889053626,-0.11373208106772115,0.2141593892458944,0.2772765053733912,-0.1200886106076417,0.0013064572234122405,0.028340748063931432,-0.20561176104428697,0.06643012760659817,-0.02409622672598448,0.1145288442174255,-0.05853572801669685,0.09986488713132308,0.20096885813148785,-0.09353179180168794,0.08792515699090092,0.10826019296607528,-0.06723567858515951,0.01974039288918178,-0.003315940755387131,-0.2187817872246938,0.1827663352922868,0.0031313963493894287,-0.006169055857637162,0.009692975229307383,-0.09958367660789803,0.08532981820179047,0.1894597316050603,-0.16581754270335583,0.06222368686036503,0.12923381117152738,0.13883304955969317,-0.294708628549459,0.1130056205488731,0.0983943904359129,-0.05852694018783982,-0.00484795225279655
AngMaFaFgCx14765-00,2,13,62,kmeans,27.369772615384612,-81.2149233076923,2024,0.027326767811196837,-0.04759826102386654,0.006321828882382488,0.13867329133765116,-0.2447579333392482,-0.10626918640759467,-0.008933842013426785,-0.09525330494188619,0.058618874397421056,0.15842427468725045,0.08311596131665332,0.029919853310856788,-0.13743826338982046,0.03986159169550169,-0.014484369916895876,0.23442344660337738,-0.12902493123946407,0.10923609262709605,-0.014233578801052825,-0.05230177742288465,-0.16998905746310589,0.1443279212137343,-0.008881791027119732,-0.003861236802413265,-0.06029870168278468,0.09459083784343297,-0.07043918019696563,-0.005806050927158166,-0.011758790997545322,0.2938514772424807,0.26231331144825953,0.0056357022446987814,0.01174459527400704,0.0803809185816106,-0.2194374944547955,0.17296542749829946,0.06552272794487324,0.12512110726643597,-0.013074261378759625,0.054918522461775005,0.15673498358619464,-0.006194067370537961,0.08380208795433705,0.09528642829680889,0.028008162541034488,-0.03437257859403185,-0.027894596752728228,-0.2205684204300121,0.203675509419454,0.0041214917339484625,-0.062418596397835126,-0.057781326708662324,-0.040789045633336254,0.09707982137047877,0.10734332948865817,-0.1500724573388933,0.0252399964510691,0.07500073936060091,0.08749297607429093,-0.3416721379351137,0.0720007097861769,0.06738709963623456,-0.06168988258953654,0.0018075887972081664
AngMaFaFgCx14765-00,3,3,62,kmeans,27.160664333333333,-80.19899733333334,2021,0.03309496347558627,-0.12963219274637952,0.03448929898756885,0.02819428424964759,-0.17909009355376132,0.015419710367807288,0.009268230167884146,-0.06899910290913744,-0.08154812251698057,0.12928360886838391,0.19016275791362292,-0.0606535947712418,-0.18620530565167237,0.023621683967704706,-0.054112520825323605,0.12996027169037547,-0.15938485198000768,0.021940279379725695,-0.05829552736127126,0.01972574650775337,-0.15165449186210428,0.13783416634627704,0.0004921184159938311,-0.1305344098423683,-0.16266564141996664,0.21036011790337045,0.023150070485710595,0.050421632705369694,-0.0448647955914392,0.2237908496732026,0.22678457003716515,0.011728822247853356,-0.11421248237857232,0.1434320133282071,-0.16159938485197997,0.1102550301166218,0.15618608227604763,0.14980904780212737,-0.00377290785595287,0.10106881968473663,0.14380110214020245,-0.07090606177111362,0.14019223375624756,0.1540535691400743,0.08404972446494934,0.06672305523516593,-0.03692938613353833,0.0074022811739074615,0.24616173266692304,-0.018618480071767224,-0.10920927848263483,-0.103754966038703,-0.0012302960399846324,0.17849545046776877,0.07572472126105341,-0.20630014097142124,0.02308855568371137,0.02979366910162757,0.045438933743432,-0.16590542099192618,0.10402153018069969,-0.11593489683455076,-0.0960861207227989,-0.01874150967576573
AngMaFaFgCx14765-00,4,1,62,kmeans,45.473083,0.886389,2019,-0.1358861976163014,-0.0297731641676278,-0.10340638216070738,0.1793771626297577,0.09356401384083038,-0.1793771626297577,0.1190926566705113,0.2288965782391388,0.2214532871972318,0.01993079584775079,0.035432525951557,-0.1358861976163014,-0.186082276047674,0.0711111111111111,-0.035432525951557,0.1137408688965782,-0.075355632449058,0.10340638216070741,-0.0448442906574394,0.035432525951557006,-0.007443291041906892,0.0553633217993079,0.055363321799307905,0.15999999999999998,0.16,0.1034063821607074,-0.0935640138408304,-0.1476970396001538,0.1476970396001538,0.0482276047673971,-0.16,0.0061514801999231,0.0984236831987697,0.17279507881584,0.1085121107266436,-0.048227604767397105,-0.2761399461745483,0.006151480199923096,-0.18608227604767397,-0.05911572472126102,0.059115724721261,0.1417301038062283,0.16000000000000003,-0.0984236831987697,-0.2069357939254133,-0.0088581314878892,-0.0842137639369473,-0.06698961937716261,0.2844444444444444,-0.075355632449058,-0.1793771626297577,0.11909265667051129,0.1137408688965782,0.059115724721261,0.0935640138408304,-0.003014225297962303,0.0271280276816609,0.0199307958477508,-0.08882737408688958,0.013840830449826917,0.16,-0.17279507881584,-0.0935640138408304,-0.17279507881584
AngMaFaFgCx14838-00,0,55,256,kmeans,31.462700254545453,-107.36862663636363,2023,0.16444472405718077,-0.11890028310789558,0.013684247317465328,0.004774667086085767,0.01698144070462408,-0.015762329174093884,-0.046128272342805185,0.1551928978364964,-0.07566208800810875,-0.1040103456712453,0.09778504770892311,-0.05093984831009049,-0.19254580406137495,-0.0645883051973017,0.1788324770193282,0.02972395232602843,-0.11079375065534232,0.05495173185138582,0.1023885918003565,-0.10111355772255425,-0.04257830904197682,-0.12796868337352763,0.22520457166823943,-0.13166740065009952,-0.12481353325643983,0.09426863793645798,-0.12860620041242876,0.056081367306280765,0.14224459124113098,0.07994687358009155,0.07041096081926529,0.08776931949250283,0.11413344517842786,0.15541099577085735,0.09153738072769213,0.05665736954318266,0.029789940931809422,-0.001041277830205179,-0.1798882947118241,-0.08872223969801821,0.09445653769529197,-0.023462863933452153,0.03481402257872843,0.05073181643423856,0.003609241200936697,0.12251959036734121,-0.016192932788088508,0.016427807486631016,-0.0438868966481423,-0.19757771486491207,0.04420677361853832,-0.05209073433294884,0.018032784593338222,0.21895914158889937,0.06856439830834292,-0.12957030512739848,-0.13126140295690467,-0.023140750061165314,-0.07380769634056827,-0.23166138897626784,0.17033784208870711,-0.12167404145258814,0.0632316242004823,-0.05587557233231969
AngMaFaFgCx14838-00,1,50,256,kmeans,31.434364819999995,-110.93239727999999,2024,0.14469265667051132,0.05488842752787387,-0.0429902345251826,-0.009302268358323734,-0.00635693963860055,-0.06711880046136098,-0.01856762783544791,0.14469142637447133,-0.11094686658977312,-0.1868942714340638,0.10513248750480583,-0.05736993464052286,-0.19049780853517875,-0.1210931180315263,0.1225178008458285,-0.002903498654363724,-0.03981114955786235,0.1410632833525567,-0.02658792772010765,-0.10728919646289885,-0.10531949250288347,-0.12290411380238363,0.014873048827374042,-0.0874937331795463,-0.12472249134948092,0.14637078046905033,-0.09842860438292962,0.015308573625528628,0.192557324106113,0.18299423298731257,0.07656378316032292,0.050144405997693174,0.13559092656670507,0.10749465590157631,0.09158323721645517,0.023395309496347542,0.07327028066128408,0.06057239523260282,-0.17084382929642444,-0.06198231449442519,0.16073571703191078,-0.05361753171856976,0.07631649365628601,-0.06904052287581697,0.15485613225682426,0.09053994617454823,0.031287658592848884,0.15970472895040363,-0.055004075355632426,-0.1562758938869665,0.015831449442522114,-0.05531780084582851,0.07771534025374852,0.12703544790465204,0.10659530949634753,0.03550757400999614,-0.1112138408304498,-0.1707343329488658,-0.018193617839292575,-0.1416513648596693,0.12197647058823524,-0.10937823913879274,0.12273925413302572,0.06369488658208378
AngMaFaFgCx14838-00,2,51,256,kmeans,31.849635333333325,-110.48377441176471,2023,0.14916857015778243,0.030182056675034513,0.03232542536430179,0.005890946920867533,0.012930170145720711,-0.04597085585483711,-0.04977874271584831,0.08916992710194417,-0.11945209610180094,-0.1724597628363148,0.043901063693451224,-0.12423577658668233,-0.21360834068344753,-0.13256077979057823,0.06645046023022813,-0.04486479559143915,-0.13764962194027935,0.1212275821516611,0.07888971813254325,-0.07868346261995761,-0.09047741818757488,0.03134963174043163,0.021199689410558525,-0.05865858531032557,-0.22157269828346562,0.1107567979133214,-0.08642347211856673,0.05260721743522475,0.11820250130040479,0.1153221611597349,0.12745987591499497,-0.0035413227190145558,0.04754370490987629,0.019502604578932693,0.09971187552298888,0.04764261106211031,0.08176402741027203,-0.029215912431870078,-0.24202697303450404,-0.02853924960987854,0.1519765399431591,-0.03554952469261445,0.09219500795320047,-0.10384422281023131,0.09133380072521122,0.25243865481602096,0.1191879443049807,-0.010076365801991685,-0.1596043753910637,-0.24669847946868095,-0.020100866182689914,0.03040278625867876,0.11803966800099504,0.027070131397426315,0.04765346661540431,-0.008819533965066226,-0.14413521194713946,-0.04996811181219893,-0.05995160232489764,-0.1603172233907019,0.13349797589162535,-0.11883212339145574,0.09151231426826784,-0.022813548333597167
AngMaFaFgCx14838-00,3,55,256,kmeans,31.67445832727273,-110.18526280000002,2024,0.16112404320016774,0.005295865226661076,-0.029680332739156247,0.048953479430988024,0.025957009541784606,0.012415923945335694,-0.044181049246793155,0.07201034567124528,-0.10321960085281881,-0.18389346754744676,0.09926475830974098,-0.07045346195519203,-0.21607689350249898,-0.15139463842578027,0.14309796931250215,-0.01334311977910593,-0.1371712977526126,0.0596223829995456,0.0439528852539233,-0.008699311453636713,-0.06913704519240849,-0.08924343783859352,0.11703358847995524,-0.049435531788472944,-0.17635175282234103,0.13173338925588057,-0.048181748278634084,0.0029650134563629395,0.10362783544790462,0.13313033448673584,0.0998362867428611,0.0916313306071091,0.15995749886407326,0.05095326972143581,0.10862954807591485,0.07609828387683058,0.07119611338296458,-0.05063339275103978,-0.205048967180455,-0.06020174058928382,0.11642962496941733,-0.0505427982244591,0.06256614588794515,-0.09269609590716855,0.08885198000768932,0.2093158575373108,0.15597022124357757,-0.066229072734263,-0.15856055363321797,-0.23029128656810316,0.024139526755443688,-0.025082380902450095,0.045300618643179164,0.1162775156408374,0.07802537485582466,-0.06909454405648174,-0.16414609765474816,-0.10852888749082516,-0.021465310544895304,-0.20782496242703852,0.13509209744503858,-0.08969641047149693,0.1380929013316556,-0.05085372758729155
AngMaFaFgCx14838-00,4,45,256,kmeans,31.694133622222218,-110.6946529111111,2024,0.1371725404758853,-0.0373367508223333,-0.0727556068178905,0.04282660515186464,0.032891281131188825,-0.1426787987526165,-0.07958785082660512,0.17163996753385444,-0.12769242599000383,-0.1442945875517963,0.05363680635652952,-0.08391712589175102,-0.20642453757101967,-0.16593549489512577,0.15761049169122984,0.0013724635823828407,-0.1845225340680935,0.012430090990644606,0.07868973471741636,-0.06204929727882434,-0.09465624332521677,0.0066039557435174576,0.10529146909308382,-0.09822410184117215,-0.15345482506728178,0.14650365244136868,-0.14910367807253616,0.07563039856465456,0.17451339228501853,0.09576214276560294,0.014163441411422936,0.05872886496646588,0.09120321243965993,0.06053193216284332,0.17590225981460117,0.007707121192703641,0.10395591439190052,0.037138536460335735,-0.2239111452860011,-0.11261036353539233,0.15922764748600962,0.0021953949335725663,0.10476654278269039,-0.05306130120893669,0.09625152719039681,0.12219847067367247,0.06566226664957919,0.014052714767824326,-0.007903968559101172,-0.14721722414455973,-0.022621043188517223,-0.03445785808876924,0.09031056431287109,0.1769111025673886,0.03112238882481094,-0.007093340168311313,-0.10823461061984702,-0.10496339014908793,-0.1474947242513563,-0.19177581272160277,0.18618480071767265,-0.19444282113716943,0.0683497799991456,0.016410782177794854
AngMaFaFgCx14890-00,0,392,2301,kmeans,38.569443331632655,-6.5249450459183675,2024,0.0972665144489168,-0.10890819072727127,-0.0007091464036595024,0.12168129997096874,0.049030906480239146,0.12291834380811147,0.15078031212484994,0.04243564092303585,0.11472212414377513,-0.04253607325283053,-0.03250256965531308,-0.14348107870599217,-0.22222253607325282,-0.03733932788801793,0.03181523589828087,0.048952914499132964,-0.07564060918485037,0.07920595689256091,-0.1112956555171088,0.0753766604681088,0.04659981639714706,-0.0376963334353349,0.14005257004762686,0.07567670205337033,0.03762587387896333,0.14353270720052724,-0.014988112892215697,0.10725702045524091,0.28793384020274776,0.07018069973087271,0.12141468352046697,-0.07346844620201018,0.16451396244772418,0.025651672433679364,-0.11391756702681072,-0.018061656034962983,-0.0736311779613806,-0.006622099820320285,-0.18858115795337738,0.17927657337444777,0.17893212186835517,-0.18678718546242024,0.0776815824368963,-0.10926080236015973,0.0029994742995237203,0.11545167086442418,-0.04188546006637948,-0.09656207581071641,-0.0348562954593602,0.002650471953487263,-0.13691829673045686,0.11330634214470098,-0.044362686250970965,-0.05690668424232434,0.026936107776443896,-0.23320669444248288,0.021505543393828104,-0.024238087391819464,-0.02108561071487417,-0.07218212775306199,0.18921607858829803,-0.08987045798711638,0.07469528988065813,-0.0644927775031581
AngMaFaFgCx14890-00,1,391,2301,kmeans,40.396563222506394,-4.958239928388491,2023,0.11236064035964916,-0.0469505826501906,-0.003046005323547596,0.050751756898536934,0.08927669959714488,0.0023425969354694265,0.07865210213266388,0.09329765946797955,0.10671119016785789,-0.055266251127099424,-0.08352262704389714,-0.13832444928224535,-0.19218089442286113,-0.029948898269502852,0.08174876670491674,-0.02562587082874872,-0.06259941336747324,0.11983822865689076,-0.06486381885385414,0.17647212217217256,-0.007385080103953714,0.04699038634560189,0.08341957795103395,0.05190748000719768,0.03706998390349569,0.09482608990640032,-0.09006254725951358,0.027700854776492603,0.2554837161784126,0.06475306074488364,0.08265339614608191,-0.0018017071930823345,0.1370493150873508,0.20302622147098645,-0.10070822652314523,-0.04338712928629652,-0.08016700246118204,0.03518914130016882,-0.20649889723704534,0.18521933822423206,0.09398187397921906,-0.00021538047042699016,0.10985772735451933,-0.1252197512072378,-0.0714669844669225,0.19320603623827545,-0.04086077457912605,-0.09031002240924452,-0.07827168578679651,-0.07608515709578549,-0.011717075175689845,0.04502427258451647,0.08683309881798364,-0.04232942081100029,0.01027706243221422,-0.12538982154217684,0.008696871457072868,0.01853137343398318,-0.09901948001506403,-0.09200679258715168,0.20671569364920633,-0.12617330930165555,-0.018151586395553164,-0.09459513407689937
AngMaFaFgCx14890-00,2,475,2301,kmeans,39.39483748,-4.486812738947368,2024,0.12227264817175576,-0.0690822881887533,-0.05485346121936904,0.11541536655942045,0.07420705396709765,0.053369983204840196,0.09921120216920613,0.08608718104372809,0.16281297476679008,-0.08118360954288832,-0.0012137194196564088,-0.12201545154697582,-0.19304458609037006,-0.015705829741597357,0.11394043586474836,0.019819162670228038,-0.04048956069527912,0.065930399239159,-0.014158635342681948,0.11957765231995789,0.002040866873065015,-0.08834121289382624,0.21981751148343753,0.02346096845342882,0.0394739836904834,0.2068553714158522,-0.06713738440680707,0.031131022481231903,0.29437124992411823,0.10986284627370037,0.04857325320220965,0.01142660110483823,0.18455023371577728,0.16661433052064992,-0.024206916368198474,-0.052967482142495775,-0.1010440842590906,0.032954709727028055,-0.17340569416621135,0.14959350856957848,0.1460120520447601,-0.08034208705153886,0.11870673222849508,-0.10340987879155787,-0.09209296829154776,0.08237013294481876,-0.11217114065440414,-0.07242092312673261,-0.018942155850988476,-0.043249049960541484,-0.04925108156781803,0.038599825977862746,0.005716602926000118,0.059007329164896066,0.06558798842550434,-0.1684619761630142,0.014865084279325765,-0.011234415912907983,-0.05048306117080472,-0.16791883283757256,0.21734383941399055,-0.07243231955320825,0.051659612699568966,-0.05016175964709927
AngMaFaFgCx14890-00,3,775,2301,kmeans,40.505248843870966,-3.721058074838709,2022,0.1042310773771874,-0.07849939601394001,0.0033885527898699017,0.05844160186528752,0.1363552975902568,0.11642656546489562,0.17862406270541104,0.018234416043457213,0.14415569197951159,-0.08598213590306454,-0.03556000049608708,-0.228184673388647,-0.20703509072193077,-0.02068651511205366,0.06940274584216988,0.06087147623122617,-0.06933630985601068,0.05732679490518533,-0.01880146345698305,0.04434812417060434,0.01000143369175626,-0.08979621237489299,0.18852643772246405,0.07210646029442766,0.04437122198658083,0.07279161612779203,-0.035407443787129005,0.005090330021951851,0.2872961912911907,0.09107000533293644,0.06875148268035863,-0.07397849462365588,0.18038791035705867,0.05743704530515555,-0.10167253785764777,-0.04211755776314318,-0.12385604544157952,0.03385322270590715,-0.22403413079336726,0.19076033783532384,0.1848636479765847,-0.10323160074909149,0.05828269524128435,-0.13981012761840975,-0.07402040406295343,0.11961922337562472,-0.028062655802358887,-0.11257986630452306,-0.07272518014163286,-0.09710917141049966,-0.0983989979040319,0.08554002306805071,-0.025742158723071732,-0.041746246480882,0.05275557043816891,-0.11469724547630561,-0.04655868834567348,-0.07928551549652116,-0.05459283898252531,-0.10468533442472494,0.19941566891146084,-0.08877070109511227,0.08765668787439071,-0.07697652763825323
AngMaFaFgCx14890-00,4,268,2301,kmeans,40.36982245522388,-5.78834480597015,2017,0.08194735664239354,-0.05215032105906452,-0.0634206131969908,0.0639467024737902,0.07182243339243802,-0.010692787504232013,0.0396081874365198,0.15836434895878163,0.13070426414639602,-0.0935224683961966,0.053732490947798466,-0.0851413061566447,-0.20712401085690346,-0.016358576207773118,0.12584505385414332,-0.028551590375687868,0.09572552462600484,0.06673139492847181,-0.18216001882169314,0.08245347656182753,-0.014505557563967928,-0.14031090223622372,0.05303930176109073,0.03817475483023174,0.08796272386625117,0.17120487527759126,-0.06516345607602125,-0.029598260141047918,0.2436796410106331,0.15032266579444184,-0.02291426374471356,-0.007778179460253512,0.20117819208455986,0.2084830748219686,-0.06319475287920259,-0.10378993154182946,-0.04457550769795772,0.15929900669662064,-0.12893250012911217,0.09999116298553366,0.06195940711666579,-0.11641469698795523,0.12586777760562812,-0.1161592269333838,-0.02921310403002289,0.10935656205707331,-0.10084709095812744,0.08649853385896356,0.03347897192239492,0.028251820482363244,-0.031863749304228556,-0.021986721525016205,0.04708154728089653,0.09845375200123943,0.1467669725191803,-0.06731968760580026,0.018784738361250258,-0.06514233905443942,-0.021335995914315384,-0.09082132589646917,0.21011023314798555,-0.09886507485639849,0.10985556645836558,0.04507588929630967
AngMaFaFgCx14905-00,0,4,15,kmeans,15.489030500000002,-90.92033125,2024,0.04041522491349479,-0.1693656286043829,0.10286812764321415,-0.057854671280276805,-0.04272202998846595,-0.12865820838139175,0.024759707804690473,0.06117647058823525,-0.02685121107266432,0.007889273356401348,0.07237216455209533,-0.03201845444059975,-0.24373702422145327,0.01245674740484428,0.059469434832756594,-0.04652056901191845,0.07743175701653207,0.04608996539792387,-0.1038677431757016,-0.09582468281430216,-0.29837754709727027,0.14715878508266045,0.04461361014994231,-0.16810457516339866,-0.1059746251441753,0.037139561707035765,0.12158400615148017,-0.0200538254517493,-0.15820069204152248,0.12324490580545942,0.05287197231833901,-0.04309111880046132,0.05533256439830833,0.045767012687427874,0.024206074586697428,-0.03657054978854282,-0.016086120722798913,-0.011534025374855822,0.034971164936562854,-0.08465974625144172,0.12101499423298728,-0.1659361783929258,-0.15964628988850438,0.3019454056132256,-0.09268742791234136,-0.08072279892349095,-0.11789311803152633,0.0378316032295271,-0.10431372549019603,-0.11309496347558627,0.04562860438292961,-0.05273356401384081,0.018823529411764697,0.1618915801614763,0.07740099961553246,-0.014086889657823912,0.059530949634755796,-0.055655517108804245,-0.1300422914263744,-0.3457285659361784,0.05436370626682045,-0.13208765859284888,0.019838523644752002,0.004659746251441756
AngMaFaFgCx14905-00,1,2,15,kmeans,16.710892,-92.602255,2019,0.1454517493271818,-0.2559323337178008,-0.01882352941176471,-0.031003460207612445,0.04785851595540174,-0.0739715494040753,-0.07996924259900033,0.1053440984236832,0.1492349096501345,0.021314878892733594,0.15058823529411758,-0.0692041522491349,-0.21567089580930404,0.120076893502499,0.05797770088427525,-0.07581699346405224,-0.08193771626297575,-0.1551403306420607,-0.06975778546712799,-0.23267973856209156,-0.05760861207227985,-0.19223375624759712,0.16968858131487885,-0.21419454056132253,-0.0941176470588235,-0.008366013071895398,-0.006674356016916599,0.024975009611687804,-0.06400615148019989,0.060099961553248704,0.013871587850826594,-0.02522106881968465,-0.19001922337562477,0.002829680891964604,-0.12955017301038052,-0.1078046905036524,-0.14471357170319105,-0.046658977316416696,0.07996924259900036,-0.0662206843521722,0.05936178392925796,-0.15163398692810454,-0.17731641676278354,0.17608612072279883,-0.11595540176855054,0.003936947327950801,-0.19297193387158784,0.1432679738562091,-0.10396001537870049,-0.10854286812764315,0.043214148404459765,-0.07978469819300266,0.10276047673971546,0.10236063052672045,0.016732026143790844,-0.07978469819300266,-0.04828911956939636,0.0512110726643598,-0.1519723183391003,-0.2887812379853903,0.18614379084967317,-0.043921568627450946,0.0315263360246059,-0.10632833525567086
AngMaFaFgCx14905-00,2,1,15,kmeans,16.761485,-92.665296,2017,0.0177777777777777,-0.0935640138408304,0.1301653210303729,-0.0888273740868896,-0.059115724721261,-0.1537870049980776,0.1476970396001538,-0.041584006151480085,-0.1190926566705113,0.10851211072664362,-0.055363321799307905,-0.17279507881584,-0.186082276047674,-0.0246059207996924,-0.0711111111111111,-0.1417301038062283,-0.003014225297962303,0.2364628988850442,0.004982698961937697,-0.17279507881584,-0.032541330257593204,0.17279507881584,0.035432525951557,-0.10851211072664359,-0.0984236831987697,-0.03543252595155699,-0.06299115724721259,0.0448442906574394,-0.0629911572472126,0.0517339484813533,0.07535563244905799,-0.0199307958477508,-0.0415840061514801,0.0553633217993079,0.0629911572472126,-0.1537870049980776,-0.059115724721261004,-0.0711111111111111,-0.1537870049980776,-0.17279507881584,0.0935640138408304,-0.19986159169550166,-0.3278123798539023,0.05536332179930788,-0.1137408688965782,0.0935640138408304,-0.035432525951557,0.05911572472126099,-0.09356401384083039,-0.2141330257593233,0.16000000000000003,0.1301653210303729,0.0415840061514801,0.0629911572472126,0.1085121107266436,-0.1537870049980776,0.0009842368319876952,0.04484429065743939,0.032541330257593204,-0.3839138792772011,-0.044844290657439445,-0.1358861976163014,0.059115724721261,-0.2069357939254133
AngMaFaFgCx14905-00,3,2,15,kmeans,14.362495,-89.28354,2019,0.017254901960784347,-0.10792772010765089,0.18396001537870046,-0.05591695501730099,-0.033464052287581654,-0.14868127643214146,-0.019592464436755094,0.16393694732795075,0.011072664359861609,0.07360246059207995,-0.06133025759323334,0.043214148404459744,-0.20081507112648972,0.07996924259900035,-0.12195309496347553,-0.05733179546328336,-0.07738562091503265,0.21151864667435596,-0.1823913879277201,-0.10276047673971546,-0.16787389465590155,0.12084582852748936,-0.039000384467512444,-0.09611687812379847,-0.05271818531334099,-0.09304113802383693,0.02362168396770475,-0.02549788542868125,-0.12948865820838135,0.0616685890042291,-0.0303267973856209,-0.009842368319876948,-0.017839292579777045,0.1477893118031526,-0.04364475201845444,-0.09866974240676658,0.08664359861591692,-0.10239138792772003,-0.008150711264898053,-0.18568242983467903,-0.009381007304882748,-0.19823144944252208,-0.15148019992310646,0.11900038446751243,-0.13982314494425221,0.040138408304498205,-0.1724875048058439,0.3339638600538255,-0.07311034217608611,-0.10396001537870041,0.07504805843906183,-0.12210688196847365,0.15172625913110338,-0.015009611687812362,0.07560169165705494,-0.0644982698961937,0.06212995001922329,-0.02091503267973856,-0.05231833910034605,-0.22895809304113798,0.029188773548635097,-0.0768935024990388,0.08575163398692805,-0.19143406382160705
AngMaFaFgCx14905-00,4,6,15,kmeans,15.316860833333331,-90.7806625,2024,0.05085223631936432,-0.11030629245162113,0.09329744969883375,-0.034550813789568084,-0.010765090349865433,-0.0963731897987953,0.031064975009611653,0.046320645905420996,0.012928360886838353,-0.04679225938741505,0.10806100217864921,0.02328335255670897,-0.2610278098167371,0.04719210560041007,0.01847494553376905,-0.07877995642701524,-0.057485582468281365,0.013984364987825182,-0.16779187491990258,-0.050493399974368816,-0.1965397923875432,-0.02428809432269638,0.11120850954760984,-0.14489811610918868,-0.07805203127002432,-0.002183775470972718,0.07290529283608867,-0.08481865948993972,-0.1998000768935025,0.09972574650775341,0.024329104190695852,0.1098141740356273,0.048432654107394585,0.020935537613738283,0.010344739202870677,-0.004429065743944655,-0.01999231064975006,-0.09549147763680632,-0.03328976034858387,-0.11106497500961163,-0.008858131487889283,-0.27292067153658844,-0.18201204664872478,0.22168909393822891,-0.0882942458028963,0.021304626425733674,-0.13983339741125203,0.055732410611303365,-0.09812636165577339,-0.10088427527873892,0.09454825067281815,-0.06250929129821861,0.028348071254645668,0.09197488145585028,0.03839548891452005,-0.11902088940151216,0.05983339741125206,-0.023683198769703952,-0.09310265282583619,-0.41373830577982823,0.0266154043316673,-0.04008714596949891,-0.01520440856080995,-0.1797975137767525
AngMaMaSlCc32139-00,0,9,35,kmeans,15.471687666666668,-87.79604177777779,2023,0.01698492032978768,-0.13617326669229782,0.008338673159895733,-0.16993805801187575,-0.17142808321585712,-0.03774274851552821,0.141436199752232,0.09981118373275231,-0.1112871117946089,0.0407911487034901,-0.0199649707377504,0.13024050578837196,-0.14766286471015416,-0.0523490965013456,-0.027852535349651847,0.005898586013926253,0.04992951428937585,0.010389166559870155,-0.02705967790166176,0.07624417958904688,-0.1742645990858217,0.1370481438762869,0.1507317698321158,-0.06571147849117857,-0.02203596907172454,0.02548763296168144,0.1457490708701781,0.018208381391772374,-0.163759237899953,0.1755495749498056,0.08134990815498305,-0.03751035926353111,0.02734674697765815,0.05915673458926051,-0.042096629501473776,-0.0355828954675552,0.12376094664445297,-0.11115724721261047,-0.002576786705967782,-0.004340211029945756,0.2196283480712546,-0.12233243624247082,0.07489768892306375,0.24415908411294798,-0.023567004143705425,-0.01710111495578623,-0.06849331453714382,-0.09519757358280997,0.11234653338459563,0.04735272758340807,-0.029568114827630387,-0.13296082703233794,-0.0688145585031398,0.0912606262548592,0.024065957537699183,-0.019226793113759647,0.05350420778333119,-0.06992865991712588,-0.1311017130163612,-0.11201161946259988,0.1481618181041479,-0.16771669016190352,-0.08627109231492158,-0.00672561835191593
AngMaMaSlCc32139-00,1,4,35,kmeans,14.864153250000001,-90.45689899999999,2024,0.04516724336793537,-0.0509650134563629,0.11612456747404842,-0.08650519031141865,-0.03247981545559397,-0.21390234525182616,-0.01770088427527873,0.19524798154555936,0.005536332179930811,0.08628988850442135,-0.08425990003844673,0.03667820069204147,-0.20175317185697805,0.013348712033833116,-0.1561399461745482,-0.06455978469819294,-0.068558246828143,0.18932718185313338,-0.13905420991926176,-0.09081122645136482,-0.21903883121876197,0.15194156093810068,-0.006212995001922352,-0.08485966935793919,-0.0319108035371011,-0.1016378316032295,0.0695886197616301,0.02658977316416762,-0.1391311034217608,0.07561707035755479,-0.01145713187235678,-0.018377547097270273,0.018439061899269492,0.14506728181468662,-0.07515570934256052,-0.12033833141099574,0.07570934256055356,-0.18420607458669738,0.026697424067666273,-0.1596155324875048,0.0324029219530949,-0.12908881199538635,-0.12862745098039213,0.14565167243367932,-0.1261514801999231,0.025328719723183374,-0.20679738562091501,0.25722414455978465,-0.060484429065743875,-0.12464436755094191,0.06173010380622833,-0.13194925028835058,0.14612841214917338,-0.044306036139946145,-0.00410611303344869,-0.08773548635140328,0.09425605536332174,-0.014840445982314456,-0.11412533640907341,-0.23637062668204534,0.02066897347174157,-0.12710495963091117,-0.06626682045367163,-0.10057670126874277
AngMaMaSlCc32139-00,2,8,35,kmeans,15.648997375,-92.103912125,2023,-0.10688965782391385,-0.08917339484813532,0.1569165705497885,-0.09474817377931558,-0.1766628219915417,0.04230680507497116,0.10327566320645903,0.05524798154555938,-0.13914648212226066,0.0915801614763552,0.03593233371780086,0.07901576316801226,-0.18523644752018453,0.06375240292195307,-0.02187620146097656,0.09751633986928102,0.029950019223375604,0.08599000384467508,-0.08434448289119567,-0.011141868512110686,-0.27031910803537096,0.28291426374471357,0.027966166858900396,-0.0026297577854670906,-0.010319108035370986,0.040545943867743156,0.03076509034986542,-0.033840830449826984,-0.2067051134179162,0.16056901191849285,0.09550173010380619,-0.052887351018838874,-0.05285659361783927,0.03489427143406381,-0.02010765090349865,0.062014609765474814,0.05134948096885808,0.03591695501730106,0.04694348327566315,-0.006243752402921935,0.17284121491733948,-0.1581776239907728,-0.022506728181468656,0.25646289888504425,-0.08605920799692424,0.10086889657823912,0.016186082276047682,-0.05161860822760476,0.022645136485966947,-0.021407151095732414,0.04169165705497886,0.0026066897347174238,0.033640907343329474,0.06501345636293732,0.10299115724721256,-0.00467512495194157,0.009096501345636308,-0.02505959246443675,-0.13652441368704343,-0.22803537101114954,0.12775086505190308,-0.07800845828527488,0.07527873894655898,-0.08090734332948861
AngMaMaSlCc32139-00,3,10,35,kmeans,15.0784313,-91.386848,2022,-0.04382314494425221,-0.1420930411380238,0.07140023068050746,-0.05108189158016147,-0.10375086505190309,-0.11474971164936561,0.04320799692425991,0.14865051903114182,-0.03048673587081889,-0.030880430603614,0.027534025374855824,0.0488242983467897,-0.23322106881968474,0.02216993464052286,-0.01533564013840832,0.039597078046905015,0.0626712802768166,0.015827758554402133,-0.15155401768550555,0.016209150326797386,-0.2611487889273356,0.11179700115340249,0.10957631680123024,-0.09038985005767007,-0.023031141868512107,0.01795001922337558,0.11737024221453284,-0.0567904652056901,-0.2216132256824298,0.17469588619761628,0.01483121876201457,-0.03629988465974623,0.0328304498269896,0.006502114571318706,0.027035755478662046,-0.06381545559400227,0.05038677431757013,-0.03297193387158781,0.05257054978854288,-0.11970165321030374,0.11117570165321028,-0.22859515570934252,-0.05009150326797385,0.3060545943867743,-0.07658592848904267,-0.0069819300269127514,-0.08546866589773161,0.0677277970011534,-0.005702422145328741,-0.030572856593617824,0.011287966166858912,-0.07035447904652055,0.022446751249519406,0.11404229142637445,0.10314186851211071,-0.001568627450980381,0.03729027297193385,-0.06801076509034983,-0.08963321799307954,-0.24819377162629758,0.08389388696655128,-0.11766551326412913,0.024470588235294098,-0.031323337178008434
AngMaMaSlCc32139-00,4,4,35,kmeans,4.740997,-74.92485525000001,2022,0.032941176470588224,0.036063052672049206,0.0795232602845059,-0.11344867358708183,0.11094194540561322,0.028342945021145746,-0.00739715494040756,0.20026143790849668,0.02929642445213377,0.04455209534794308,-0.06712802768166089,-0.020222991157247218,-0.09051903114186848,0.027420222991157227,0.05282583621683968,-0.12202998846597461,0.0711264898116109,0.01611687812379855,-0.08762783544790459,-0.0063821607074202175,-0.3151095732410611,0.12702806612841214,-0.1311803152633602,-0.1298731257208765,-0.1432372164552095,0.08272202998846595,0.20249134948096884,-0.007766243752402898,-0.21630142252979623,0.14256055363321796,0.023575547866205318,-0.1251518646674356,0.08173779315647825,0.009273356401384101,-0.041584006151480175,0.0014148404459823011,0.010980392156862723,-0.09082660515186461,-0.1339484813533256,0.030157631680123025,0.12083044982698957,-0.06880430603613996,-0.04573625528642827,0.2999615532487505,-0.10455978469819299,-0.12255286428296808,-0.16106113033448674,0.07204921184159936,-0.0717723952326028,-0.015624759707804692,0.051272587466359085,-0.21048827374086887,0.025497885428681248,0.08402921953094962,0.1350557477893118,0.1066205305651672,0.06642060745866969,-0.07171088043060357,-0.08349096501345635,-0.06705113417916182,-0.04913494809688576,-0.2001845444059977,0.0576701268742791,-0.07383314109957709
AngMaMaSlCc32170-00,0,8,54,kmeans,18.310948500000002,-65.87339162500001,2022,0.030742022299115674,-0.11004229142637445,-0.022214532871972285,-0.2482814302191465,-0.19890042291426374,0.015740099961553233,0.14098423683198769,0.11052672049211837,-0.07537101114955783,0.06277585544021527,-0.050695886197616266,0.12257593233371777,-0.0981468665897731,-0.013141099577085744,-0.04801230296039983,0.09856978085351785,-0.031134179161860787,-0.054356016916570514,-0.032687427912341374,0.12529796232218374,-0.12291426374471351,0.11460976547481735,0.1468281430219146,-0.06513648596693579,-0.09138792772010763,0.026320645905420964,0.10768166089965395,0.07866205305651669,-0.1002614379084967,0.17569396386005381,0.07861591695501727,-0.0697808535178777,0.050288350634371384,0.04396001537870049,0.016086120722798913,0.009765474817377912,0.2797231833910034,-0.06773548635140327,-0.06199923106497496,0.017931564782775862,0.17263360246059203,-0.1703729334871203,0.15277970011534023,0.16542099192618223,-0.04048442906574391,-0.045128796616685854,-0.17395617070357552,-0.0759015763168012,0.22184544405997692,0.11148788927335639,-0.13617070357554784,-0.12666666666666662,-0.027781622452902704,0.15564013840830448,0.08293733179546325,-0.048143021914648185,0.07368704344482888,-0.04583621683967701,-0.2319492502883506,0.012464436755094177,0.17783160322952707,-0.23104190695886195,-0.12409842368319876,-0.018239138792772017
AngMaMaSlCc32170-00,1,23,54,kmeans,18.404475695652174,-66.47652552173913,2024,0.03463550808217575,-0.12901793624525681,-0.04873042140982562,-0.15313173862895538,-0.10398408638817844,-0.037261922671882025,0.1561192183608311,0.08873911371880377,-0.06180632866957522,-0.055916955017301005,-0.023792855590659107,0.13309396051685804,-0.11198635976129578,-0.010636711632649662,-0.05862895541848451,0.03270982732393892,-0.026221352991324387,0.01874061815689619,-0.07287631847282816,0.18437590893134748,-0.10168931681794624,0.09502164719255132,0.09213312605519615,-0.14410243551811175,-0.13520953479430983,0.009010581214582994,0.1573896327499456,0.03947378098724567,-0.11891613593433961,0.16692710161643512,0.05673536933955167,-0.01868980158133158,0.03621349648128645,0.11559433662638113,-0.03987228992193635,0.0024953613158818543,0.16810925563746382,-0.13312872975277065,-0.10294368386740882,-0.035183792186951494,0.20939906056199115,-0.2537351854637848,0.1689517409691924,0.16274142052387872,-0.0837109472945188,-0.03533891647025392,-0.11696103505340752,-0.06209250622670208,0.14680641224946922,0.0868963442154355,-0.08646841515804954,-0.1983745382210855,-0.10003911539040164,0.12839208999882984,0.08151781087541579,-0.06646808083847347,0.033282182438192635,-0.0484148237300035,-0.14337495612055562,-0.06211122812296272,0.1787379436002875,-0.20203868077495274,-0.08943984755027329,-0.062330541764873
AngMaMaSlCc32170-00,2,5,54,kmeans,18.3359442,-66.0099374,2020,0.0709511726259131,-0.23984621299500192,-0.005277970011534017,-0.028112264513648573,-0.08904882737408686,-0.12139331026528255,0.1330196078431372,-0.02268665897731642,-0.12838139177239524,-0.06182237600922721,0.0005536332179931075,0.043810841983852385,-0.22040753556324488,-0.09702114571318719,-0.0890857362552864,-0.000688965782391391,-0.01551403306420606,0.05173394848135328,-0.022034602076124576,0.13591080353710108,-0.0028296808919646196,0.12053210303729332,0.015427912341407122,-0.1203721645520953,-0.10021991541714721,0.14964090734332944,0.15958169934640523,0.04382314494425216,-0.013619377162629738,0.13228143021914646,0.13629219530949632,-0.05178316032295268,-0.10028143021914644,0.12477662437524026,0.02792772010765087,0.019131103421760828,0.10740484429065733,-0.033857747020376756,-0.03271357170319104,-0.008021530180699678,0.17758093041138018,-0.25297347174163787,0.06825682429834677,0.15790849673202612,-0.014923490965013428,-0.04628373702422144,-0.08270049980776623,0.029834678969627076,0.09964167627835442,0.11967089580930408,-0.08554248366013067,-0.10382468281430215,-0.19485428681276432,0.21492041522491348,0.09940792003075735,-0.19802845059592464,0.06735870818915797,-0.04091964628988844,-0.14013071895424833,-0.00871049596309112,0.23483890811226454,-0.19656439830834288,-0.17844213763936942,0.03027758554402151
AngMaMaSlCc32170-00,3,16,54,kmeans,16.2986335,-65.154926125,2023,0.02798923490965011,-0.05782391387927718,-0.09827374086889655,-0.1694079200307574,-0.15999999999999998,-0.05840061514801998,0.13344482891195691,0.1464859669357939,0.013906189926951182,-0.0324721261053441,-0.022283737024221442,0.14424836601307187,-0.0813725490196078,-0.01883890811226449,-0.07130334486735868,0.09053056516724334,0.014663590926566702,0.03159169550173009,-0.08141484044598228,0.042945021145713136,-0.11741253364090734,0.08282199154171473,0.07780084582852745,-0.1327412533640907,-0.1057977700884275,0.029357939254132992,0.13815071126489809,0.08929642445213376,-0.10369473279507879,0.23492118415993848,0.030399846212994977,-0.023698577470203767,0.06463283352556705,0.15539407920030754,-0.03377931564782775,-0.034717416378316,0.14983083429450206,-0.0690849673202614,-0.0595732410611303,-0.0015609381007305,0.25623606305267205,-0.19143021914648212,0.16663206459054208,0.1298231449442522,-0.05547866205305649,-0.1309111880046136,-0.15351787773933095,0.03809688581314878,0.17107266435986157,0.06799692425989999,-0.03483660130718953,-0.19287197231833908,-0.06595924644367547,0.13444059976931946,0.08147635524798151,-0.04061514801999229,0.09181468665897727,-0.06502499038831216,-0.10631680123029599,-0.046997308727412535,0.1621799307958477,-0.169438677431757,-0.09979238754325256,0.027989234909650128
AngMaMaSlCc32170-00,4,2,54,kmeans,5.012150500000001,-52.4287205,2023,-0.017500961168781203,-0.09673202614379081,0.13560938100730485,-0.2224375240292195,-0.12306036139946175,0.12210688196847365,0.17731641676278354,0.07836985774702035,-0.1913417916186082,0.041645520953479405,0.009596309111880058,0.16956555171088036,0.011410995770857343,-0.01181084198385235,-0.0691733948481353,-0.051795463283352494,-0.11072664359861585,0.035217224144559744,-0.01854671280276814,0.18331410995770855,-0.013071895424836544,0.19444828911956938,0.08273740868896574,0.046505190311418705,-0.06499038831218759,0.09657823913879275,0.06379084967320253,0.08565936178392922,-0.1182622068435217,0.0881507112648981,0.1085121107266436,-0.08273740868896576,-0.09722414455978466,0.05982314494425215,-0.16390618992695113,0.024605920799692444,0.15086505190311417,-0.12456747404844289,-0.28865820838139167,0.04598231449442521,0.048781237985390184,-0.015132641291810845,0.2326797385620915,-0.04238369857747013,-0.02214532871972319,0.006612841214917304,-0.11075740099961551,-0.20010765090349866,0.07209534794309876,0.02411380238369855,-0.0662206843521722,-0.11527873894655896,-0.07166474432910414,0.2304344482891196,0.14179161860822762,0.024390618992695137,0.15378700499807757,-0.10632833525567086,0.07618608227604767,0.14868127643214143,0.11964628988850441,-0.2037677816224529,0.0463821607074202,-0.1626451364859669
AngMaMaSlCc32283-00,0,11,70,kmeans,-33.399680090909094,25.040192363636365,2022,0.04290937052182722,-0.03626577190591027,0.04491698996889307,-0.03374925727866903,-0.17987487330047883,-0.06083254692251228,-0.001481947502708747,0.32977526126315054,-0.0035678585159554105,0.11942819195414348,0.09563874034462266,-0.036086819754639794,0.005877459718290207,0.11890811226451362,0.12173220090175108,0.08776484568872112,-0.04922861836356645,0.05622452902729718,-0.15700255146621925,0.16092831428471566,-0.07430988081507109,0.004266890356855763,-0.02611023732130998,0.07139631610219843,-0.13032749641746177,0.1117332494495124,-0.07515990353360591,0.09731082450805631,-0.1123483974695047,-0.03440914333647897,-0.07852644087938203,-0.05623571353675158,-0.005804760406836543,-0.14563349760581593,-0.04613610149942326,-0.028727412533640896,0.012521058334207108,0.0798126594666387,-0.10692950263884517,0.13995176680297786,-0.1424291356471287,-0.08688686169655026,-0.06435566740065007,0.09347453776519517,0.31360246059207997,-0.07278878752927193,-0.015535283632169414,-0.04728810597322709,-0.06343294537066162,0.04697493970850371,-0.0011408199643493655,-0.08349795533186535,-0.14912865681031764,0.13534374890776268,-0.07986858201391073,-0.27208556149732616,0.016502743699975515,-0.014964873649994753,-0.03877110202369717,0.11709622173289991,0.06356156722938727,-0.12401384083044978,0.053489916465694995,-0.08280451574569218
AngMaMaSlCc32283-00,1,19,70,kmeans,-32.34860252631579,26.656626736842107,2024,0.11592626317812985,-0.01007871466440035,-0.009881219773771224,-0.15731601206013876,-0.08618223760092268,-0.11112487100103198,-0.024321010137801233,0.33010785325482095,0.010480179687974267,0.16138893947671942,0.02810578927133288,0.041104838220117755,0.04966834618264228,0.12216192152815716,0.07296950565571944,0.1880766506809122,-0.08502316922641087,-0.004917946538780617,-0.13678949391934273,0.1118371476557599,-0.15529573645763775,-0.0375758311580566,-0.024560594103482464,0.09970901879843781,-0.154178757158178,0.07683846293935527,-0.1530294016471397,0.21696594427244584,-0.06887067726987592,-0.06800299479957098,-0.09652967482142492,-0.1121058702118618,0.04970072239422081,-0.10260668973471739,-0.09087355065865352,-0.13401161496590377,0.04970396001537869,0.10217284849956491,-0.00786741941358586,0.11695258908516962,-0.10419636172322382,-0.009029725409255555,0.04423238025860496,0.10860600174022135,0.2834699204759303,-0.052070661081770137,-0.1731188409316255,0.026904631821768957,0.006663024342864067,0.03815212772415463,-0.06785730184746755,-0.09546449746049088,-0.06985815172302147,0.08688803901333492,-0.13410550597948154,-0.147425079422894,-0.02986705518120561,-0.09477812177502574,-0.07344867358708186,0.13150569618972457,0.047894129788138146,-0.17235799995952972,0.01826989619377158,-0.08626641575102693
AngMaMaSlCc32283-00,2,8,70,kmeans,-27.873248125,30.859975249999998,2023,0.14445982314494427,0.05125720876585928,-0.09926951172625911,-0.05828527489427141,-0.0031833910034601877,-0.035986159169550155,0.07683198769703957,0.3288888888888889,-0.009865436370626673,0.020053825451749305,0.04564398308342942,-0.10961168781237982,0.02412149173394848,0.04121491733948479,0.09753171856978082,0.04405997693194927,-0.0678200692041522,0.08916570549788541,-0.08535178777393307,-0.04520569011918489,0.011372549019607832,-0.035440215301807,-0.10725874663590923,0.11484813533256438,-0.16786620530565163,0.10228373702422143,0.03094963475586313,0.23354094579008078,-0.05001153402537484,-0.09378700499807761,-0.10149942329873124,-0.10153787004998074,0.10316032295271049,-0.19610149942329874,-0.034994232987312565,-0.05643214148404457,-0.01732410611303345,0.05304882737408688,-0.08173779315647825,0.11191080353710109,-0.16547481737793152,0.003298731257208736,-0.08845059592464434,0.17331795463283348,0.26749711649365626,-0.15262591311034215,-0.14331410995770852,-0.04757400999615531,-0.09779315647827756,-0.09341791618608226,0.001091887735486352,-0.0186082276047674,-0.1575855440215302,0.22782006920415226,-0.08568242983467894,-0.1291580161476355,0.014755863129565526,-0.07354094579008069,0.002960399846212977,0.0190234525182622,0.09858515955401764,-0.0806612841214917,-0.024844290657439407,-0.24247597078046904
AngMaMaSlCc32283-00,3,12,70,kmeans,-33.60828683333333,23.60417116666667,2022,0.10792259387415093,-0.09215942586184797,-0.011780084582852735,-0.14060745866974236,-0.06186338587722669,-0.1206766628219915,-0.11256696142509288,0.23689350249903884,0.031844162501601915,0.12364987825195435,0.08190695886197612,0.06770729206715365,0.007335640138408289,0.17812123542227343,0.05254901960784313,0.16022042804049721,-0.05321542996283479,-0.07811867230552344,-0.18528770985518384,0.1970882993720364,-0.09373317954632832,-0.06565167243367931,0.026318082788671024,0.08735614507240802,-0.14779956427015248,-0.04980648468537735,-0.13536332179930793,0.141038062283737,-0.1358503139818018,-0.08847879020889399,-0.053215429962834786,-0.07597078046905034,0.011682686146353975,-0.16720235806740993,-0.1564372677175445,-0.11700115340253746,-0.013179546328335262,0.0609406638472382,-0.043265410739459144,0.11663206459054208,-0.18049980776624372,-0.060802255542739936,0.1239420735614507,0.08167115212097908,0.1981340510060233,0.0902114571318723,-0.14230424195822117,0.010344739202870677,-0.052277329232346514,0.011031654491862095,-0.04526976803793409,-0.11629373317954629,-0.038118672305523515,0.013082147891836475,-0.13031398180187104,-0.09901832628476225,-0.09558887607330507,-0.06609252851467379,-0.10228373702422142,0.12324490580545938,0.11729847494553375,-0.1104600794566192,0.04042547738049464,-0.08602332436242469
AngMaMaSlCc32283-00,4,20,70,kmeans,-33.463304150000006,25.22723035,2023,0.10252672049211836,-0.000732026143790851,-0.017011918492887343,-0.11373779315647825,-0.13092195309496346,-0.1564136870434448,-0.024184544405997654,0.2996324490580546,0.04598231449442519,0.16015071126489808,0.055969242599000366,0.09913417916186082,0.06654978854286812,0.09438831218762012,0.07781622452902726,0.2002952710495963,-0.13360399846212995,0.08809534794309878,-0.1140699730872741,0.12595770857362548,-0.1948727412533641,0.006665128796616694,0.0098885044213764,0.14450749711649363,-0.14111495578623603,0.04845520953479429,-0.1639092656670511,0.20106113033448672,-0.09823913879277196,-0.04628681276432138,-0.1287012687427912,-0.04585005767012684,0.053714725105728556,-0.06299730872741251,-0.0761184159938485,-0.132398308342945,0.08257131872356782,-0.00865513264129182,-0.01926336024605918,0.18195770857362553,-0.12807381776239907,0.0033894655901576323,0.0231018838908112,0.061816224529027256,0.2567135717031911,-0.06161014994232985,-0.167120338331411,-0.07110495963091115,-0.03628143021914648,0.024796616685890047,-0.0332210688196847,-0.10896424452133792,-0.05692579777008841,0.009239523260284495,-0.1748527489427143,-0.22834602076124566,0.02479661668589002,-0.039114186851211055,-0.0961968473663975,0.061963860053825405,-0.035349480968858094,-0.08955324875048055,-0.04700038446751247,-0.09387158785082658
AngMaMaSlCc32521-00,0,18,70,kmeans,50.18255333333334,91.42072105555555,2024,-0.03271903968559099,-0.21759494211628003,0.07385877226707674,-0.22028108847024647,0.009979067879875271,-0.02472553291469093,-0.23714297919603572,0.18572002221367848,-0.04755435943440556,0.13737622282028278,0.041860822760476715,-0.18181041479772736,0.025026271946687162,-0.056238198983296975,-0.1836216839677047,0.1276192917254047,0.1311256354393609,0.008864966465889183,-0.0438292964244521,0.01917211328976033,0.005857576145926777,0.007299756503908742,0.03480370797556493,-0.07083771199111448,-0.11692596864453837,0.09477722243581524,0.0028399333589644894,-0.023358537314708,0.23927207484300905,-0.030118330556623503,0.0661181596821735,-0.05512409756931092,0.05640907343329486,-0.031198257080610026,-0.01967790166175401,0.227040881712162,0.08352001366995593,0.04193600751847578,-0.12310820624546111,0.006862317911914223,-0.08739544619590754,-0.03358708189158015,-0.10128753898073388,0.010795847750865048,-0.07551283694305605,0.22570464351317868,0.06885556837113929,-0.14398564654620016,-0.07207142552009912,-0.17298645819983766,0.1648699218249391,-0.06396172412320046,-0.02371737365970353,0.08948353197488143,0.08931265752488357,0.03405186039557433,-0.09397069503182533,-0.09498568926481263,-0.11921226878550985,0.05338117817933271,-0.11068221624161645,-0.017589815882780135,-0.08183860908197699,0.04204878465547437
AngMaMaSlCc32521-00,1,12,70,kmeans,58.74365208333334,13.219450833333333,2024,-0.14084326541073947,-0.14373446110470328,-0.12783288478790206,-0.06337049852620788,-0.04966295014737919,-0.26153530693323074,-0.029829552736127113,0.1304216327053697,0.11666282199154171,-0.08374215045495316,0.17296937075483787,-0.016409073433294865,-0.047863642188901656,-0.05361014994232982,-0.17630654876329616,-0.14642573369216963,0.00986287325387672,0.03259259259259256,-0.027809816737152354,0.006679482250416535,0.02170447263872867,-0.024575163398692784,-0.14858387799564268,0.12323465333845952,0.047279251569908975,0.1036883250032039,0.12743303857490704,-0.041999231064974996,0.05740868896578237,0.11769832115852873,-0.09141612200435727,0.04659233628091757,0.011795463283352552,0.034894271434063824,0.09673202614379081,0.0556862745098039,-0.041886453927976436,0.09084711008586441,-0.07169037549660384,-0.03606305267204919,-0.11396129693707546,-0.07206971677559909,0.04138408304498267,0.017762399077277925,0.03714981417403559,0.10479046520569012,0.06770216583365368,-0.12868896578239136,0.2895347943098809,-0.18217608612072278,-0.2725310777905934,0.09427656029732152,0.06207868768422396,-0.09406125849032418,0.2566141227732923,-0.00035883634499550565,0.11612969370754835,0.004511085479943616,-0.07361783929257973,0.0019530949634755934,0.08309111880046129,-0.06962962962962961,0.039272074843009055,0.02713315391516081
AngMaMaSlCc32521-00,2,17,70,kmeans,55.60004388235294,66.77127247058824,2024,-0.04715652350905759,-0.1289820657213289,0.05111880046136101,-0.18259764344030574,-0.007095913336499542,-0.12945609154849944,-0.09958884591899043,0.22557477893118028,-0.0028875771761991825,-0.02103082524820769,0.22516588642377366,-0.10709003324513194,-0.08212226066897346,-0.04953388968043962,-0.2645172671144582,0.05492909966754865,0.007215324422733316,-0.019782436619399747,-0.01929031820340591,0.052226066897347156,0.09922699414252434,-0.06073320216206434,-0.015432978266277677,-0.10562091503267966,0.060599317004771884,0.2234326164145012,0.03732862926023922,-0.004262613926770244,0.276302779473958,-0.04567293122554669,-0.005102110048171529,-0.04547753126625505,-0.004946513784291104,0.08610624872786482,-0.011857882714792954,0.21084017459348214,0.051097089354773,-0.04860031209715719,-0.09815953140194944,0.00925616844200194,-0.18398715426193543,-0.10127507519732228,-0.11234050252165452,0.08121763122780827,-0.03198769703960011,0.13869054888391338,0.14217156297351694,-0.16698012076803037,0.1303679580251939,-0.1579265893208494,0.04018002125879187,-0.01420630074405771,-0.004765587896058051,-0.0005355406291697867,0.09778320555442475,0.11655245719971956,0.15927629644706784,0.019044258995408993,-0.013529637922066164,-0.026281294524730298,-0.09337585091706802,0.02331410995770858,0.010421331162222679,0.012205260420200377
AngMaMaSlCc32521-00,3,18,70,kmeans,48.8061535,97.11811033333335,2024,0.03895595711051304,-0.26409329744969884,0.1925686701695929,-0.1701020974838737,-0.044311162373446074,-0.03680977401853987,-0.20059635183049251,0.09073775043786576,-0.13110854799436109,0.05653552052629328,0.17962322183775467,-0.12766371908240418,0.13417745311632273,-0.10194711435772562,-0.19223717373659702,-0.0783493528130206,0.15426545345807166,0.17091204237686355,0.001725831944978426,0.010327651757870912,0.008270323379896603,-0.09686872570378911,0.04682301678841468,-0.04480328078943992,-0.07560510914605492,0.22787133153915157,-0.010225127087872174,0.0013259857319834131,0.2066487248494169,0.0635345379982058,0.06940920158913233,-0.05025759323337174,0.019561707035755462,-0.016390277243795118,0.14099876116023746,0.11337519757358275,-0.0997496689307531,-0.016130548079798357,-0.07076252723311544,-0.04329616814045878,-0.15041736084411977,-0.1690529283608868,-0.04057926438549271,0.024595668332692534,-0.039137084027510774,0.17027980691187147,-0.018789354521765115,-0.08525951557093422,0.018447605621769406,-0.10239138792772007,0.08930582254688364,0.013762228202827955,-0.02688196847366395,0.07257037891409283,0.18216925114272284,-0.11077107095561534,-0.037835020718527054,-0.07154171472510569,-0.10492032978768845,-0.05097184843436282,-0.05068819684736636,-0.0017053270109786828,-0.17050536118586868,0.02037848690674527
AngMaMaSlCc32521-00,4,5,70,kmeans,49.43771339999999,90.96020840000001,2023,-0.0623267973856209,-0.19454671280276814,0.06916724336793535,-0.23702883506343714,-0.035986159169550135,-0.024409073433294876,-0.19993540945790078,0.2157447135717032,-0.023560169165705525,0.1648842752787389,-0.14869357939254135,-0.1625713187235678,0.13583698577470205,-0.030769703960015354,-0.09352710495963087,0.03746251441753168,0.18909650134563627,0.1769903883121876,-0.0038262206843521496,-0.005499423298731251,-0.01422222222222224,0.07278431372549019,-0.09205074971164934,-0.03363629373317953,-0.10100730488273738,-0.0204967320261438,0.04429065743944634,0.057184159938485225,0.1119077277970011,0.06631295655517105,0.17647366397539407,-0.06937639369473278,-0.002682045367166482,0.010186851211072653,-0.025725490196078428,0.0977716262975778,-0.06419684736639752,0.043638600538254475,-0.1382852748942714,0.04138715878508263,-0.03293502499038824,0.09662745098039216,-0.04563168012302958,-0.1010073048827374,0.04531180315263355,0.31938485198000766,0.03088043060361397,-0.028296808919646307,-0.22634986543637065,-0.145999231064975,0.10318492887351015,-0.101757785467128,0.010642060745867,0.0013287197231833595,0.16931334102268358,0.06952402921953087,-0.20589004229142638,-0.08644059976931943,-0.12542868127643209,0.06343406382160705,-0.03821299500192232,0.004995001922337539,-0.1609104190695886,0.048916570549788506
AngMaMaSlCc32585-00,0,103,704,kmeans,29.77192718446602,-82.75949267961165,2024,-0.02447333549829602,-0.19165145593741015,-0.06192509975625503,0.12583240949149502,-0.16361085915424609,-0.08051929243046922,-0.08198848090540233,-0.0219106169023863,-0.08873121988182286,0.07161577137993975,0.005150520897489019,-0.03975588179303702,-0.1776386229344203,0.007986771331414719,-0.026388058364408017,0.06481987883674314,-0.1279322739946921,0.03360440159311391,-0.06976554947126384,0.011843689693657775,-0.08935114575051414,0.00955450293576405,-0.04298033243375399,0.04370656543599734,-0.08509169363538294,0.15113888235667386,-0.04183544043926345,0.0014578410842730379,0.02556208777057367,0.18111749401835736,0.10540830076557559,-0.02573707647917342,-0.07501282180490697,0.018280646353344296,-0.16103022362571526,0.09673710260803348,0.006716460808576241,0.06722433119449948,-0.008253733627469631,-0.01133484880721754,-0.0796556962781305,-0.03494876877078643,0.10574573632994028,0.1316966215383926,0.08076296271411665,0.1274305998813003,-0.047982142790487584,-0.062199228825358416,0.21947764676020798,-0.09865361716740756,-0.1642839385897134,-0.06143059241591174,-0.07243338073855085,0.12640694579754608,0.1645365673396714,-0.12880303692007927,-0.034069644610176045,0.1488126672713631,0.1492970216832211,-0.17543722914637014,0.008859325950064015,-0.10453275999148942,0.0664819729528971,0.04168075758763431
AngMaMaSlCc32585-00,1,155,704,kmeans,26.689417025806453,-80.38120510322581,2024,0.056438838660068685,-0.15485260011658045,-0.004410809738190018,0.0328203296498865,-0.18858612692388782,-0.02202547407324726,0.0712690652478575,-0.05279676551202389,-0.16104654537336754,0.1286155448896826,0.11479336731530053,-0.034762213044610614,-0.17849373069911073,-0.00459813223201995,-0.07233942280264412,0.10265550470662646,-0.14094866738599296,0.035172576304399045,-0.03794947352755141,0.0905430417581327,-0.13112812689908346,0.1210837519068348,-0.0019426771341047467,-0.11212005308132104,-0.07963825327727547,0.202868276469348,0.013820590095620786,0.010041596904416406,-0.00397861864543414,0.22826793664967565,0.17784722997358335,-0.03808917165854322,-0.1068055710582778,0.126669295928365,-0.11948516079423543,0.08097610100333615,0.12425474073247261,0.06776510275204324,-0.004584241792858823,0.01991849288735102,0.04032473862410237,-0.10299125646463515,0.08440783321551262,0.18453448425543523,0.05530974439111505,0.059845171212064806,-0.0007576242388163401,-0.004780692289566041,0.20023226798625837,-0.0032638563331721104,-0.08995369026801103,-0.18209770435688505,-0.06583591918740928,0.1548768091676898,0.08901231536257764,-0.21692897272761094,0.013784871823492195,0.04836611228931799,0.04000486165370637,-0.14388272500651111,0.08714067790303974,-0.168560479220151,-0.09037476900943803,-0.015356872666840292
AngMaMaSlCc32585-00,2,37,704,kmeans,35.942355972972976,-89.2666327027027,2019,-0.11594376383303717,-0.07340544696946077,0.0010025250163658503,0.016414476760497516,0.04321664224778408,-0.0936853808826127,-0.08961875370179868,0.0028662572607209003,0.007040950985587657,-0.03560543242204145,0.10164905389818883,-0.08739590801874535,-0.1462223469143884,-0.07515945010754695,-0.11103421760861204,0.04541953718424306,-0.06726227958061864,0.04766399617610689,-0.24841505865727315,-0.01083325540072945,-0.08196930494508345,-0.008419215062813692,-0.12241611854068597,0.08452133794694346,-0.03199102216403254,0.05681473861404659,-0.21633093300913367,-0.11818656026268479,0.025626734000436416,0.0810399326662302,-0.07999085590781095,-0.010597171566029684,0.04952440329602961,-0.04887267890728097,-0.10562922784376069,-0.08438833296964782,-0.1622527718029448,-0.13403742843189212,0.003195444579527612,-0.07738229579060027,-0.10969086733792613,-0.0010291260118249525,0.1933376975591508,0.04401134698712548,0.034258757026923096,0.18196244687594165,0.06064361939794464,-0.08881739871359248,0.1829599842056589,-0.1690277128339412,-0.12207363072414973,0.08414726144829948,-0.03201762315949165,0.18903166141920466,0.1180036784189033,0.07529079252262645,0.009047663580535539,0.14430208755468268,0.09673119486268272,-0.04117335328407992,-0.08075064684061223,-0.19392291945925164,-0.03556386836663651,0.04025561894074003
AngMaMaSlCc32585-00,3,266,704,kmeans,27.47428770676692,-81.76130638345865,2024,0.03223121240240162,-0.20317668450249032,-0.006617928905308247,0.1097666889253121,-0.21370565976648656,-0.11244489539881997,0.03528174530906272,-0.08473108954624156,-0.12378026958977603,0.14962712432754316,0.04870977906126328,-0.07597586815944124,-0.13942584257645263,-0.02663220912720092,-0.06468003919834184,0.1818877065790196,-0.07113377445921605,0.039705954621270585,-0.06784712646668573,0.0520098400557333,-0.09456073864014128,0.09344954080703485,-0.017795353435491837,0.00866988694342545,-0.001607478904874655,0.13224109870986578,-0.049708353929807186,-0.001548739206725002,0.008344043499752839,0.23054892132291507,0.18446462176201747,-0.10211040866294914,-0.1014878603660246,0.02761644595918861,-0.12073019920042319,0.06814082495743393,0.03343815131831884,0.09317503678457965,-0.05036073459311484,-0.014847268112611394,-0.012697025146487899,-0.0913881011640982,0.056196315471493015,0.1781489479176603,0.02506705055603251,0.05277530620091171,-0.07114302480538134,-0.10205652539653629,0.22189059731219624,-0.007165549398293877,-0.12203079787126406,-0.13238794795523987,-0.10645691506736847,0.15475644127620086,0.129563123495012,-0.18785602992486983,0.09899003564274002,0.07912537977007106,0.06056548522401735,-0.21100178358236996,0.06248354450139185,-0.04412253239789204,-0.05368831536742661,0.021310947495613304
AngMaMaSlCc32585-00,4,143,704,kmeans,25.755577013986017,-80.68997053846155,2024,0.04665876222969646,0.021039352804058678,-0.04889824516122092,-0.0366998169074293,-0.23535563244905802,0.04093272356248136,0.11313561486571867,-0.11265812234670367,-0.13692377595491778,0.24427269769830323,0.15070782351059164,-0.01029792199342371,-0.13635035475865923,0.01584328781560615,-0.06615981481033381,0.16501582231686035,-0.17473645155306053,0.01897021855499363,-0.1238013351508161,0.06342090051432608,-0.20480385435402737,0.1521024458048679,-0.053349249750633806,0.06455870926459159,-0.013736298303772343,0.2223458970863815,-0.04865433682042675,-0.006484434442911944,0.07328004559838466,0.1717669642929158,0.12708183780848137,-0.0065197086650373645,-0.09750182151566232,0.10083996741436185,-0.054418660923851205,0.11654215834146626,0.13991993396837688,0.11848740263965175,0.05885719048348802,0.02617691420459585,0.012197998080351019,-0.05417905431746259,0.06162105483904789,0.12184146495565179,0.05893118031526333,0.06530376966363122,-0.00021078498587149413,0.013796952758890493,0.19583258725127234,0.07011741046343119,-0.09868522865062654,-0.16103241625732972,0.06500781033653003,0.13221294660741023,0.09696754610249417,-0.20842419402973034,-0.0027436462038538077,-0.019027001449146794,0.007830447138405597,-0.22429501294553197,0.027611542628843647,-0.0979010224684965,-0.06534635683424606,-0.018124067397423782
AngMaMaSlCc32612-00,0,3,37,kmeans,39.381807333333334,-120.25236266666667,2022,0.15583749839805197,-0.19752402921953086,-0.13545559400230678,0.008817121619889727,0.049478405741381536,-0.08247084454696905,0.11937972574650774,0.015173651159810286,-0.11862104318851718,0.06381135460720234,0.10968089196462896,0.04066128412149173,-0.1168986287325387,-0.0322542611815968,-0.05359989747532998,0.09362552864282962,0.043388440343457624,-0.08946302704088169,0.11997436883250032,-0.11966679482250416,0.07328463411508393,-0.10402153018069968,0.008448032807894404,-0.14968601819812888,-0.0003485838779956653,0.00969883378187876,-0.18950660002563113,-0.010088427527873898,0.17621940279379722,0.041112392669486034,0.002952710495963101,-0.0316391131616045,0.025959246443675466,0.056942201717288185,0.10886069460463918,0.05333333333333332,0.021202101755734892,0.1366858900422914,-0.28026143790849667,-0.043408945277457325,-0.10959887222863002,0.11470460079456614,-0.07394079200307567,0.10211457131872353,-0.09206715365884913,0.2245905420991926,-0.04359348968345502,-0.2139894912213251,-0.0031167499679610397,-0.1270690759964116,-0.04086633346148917,-0.10357042163270533,0.028891452005638796,0.3485223631936435,0.13756760220428035,0.012159425861847997,-0.03563757529155447,-0.0781032936050237,-0.050052543893374296,-0.09885428681276429,0.11921568627450976,0.15758041778803022,0.17345123670383183,-0.0233141099577086
AngMaMaSlCc32612-00,1,17,37,kmeans,43.42348164705882,-113.024987,2023,0.027591197955537442,-0.23732410611303342,-0.025619105773797383,-0.034256507678042364,0.06005653934007279,-0.12547210348960805,0.01415926001311709,0.03474138905850688,-0.10285636746047896,0.15159418323269325,-0.0919356808467331,-0.08070742022299114,0.003980369541126724,-0.06635276025058233,-0.15481828256100594,0.2081950381075152,0.04537259425107988,-0.05606893276341677,0.028177397833412464,-0.06786891919397513,0.039796458375737795,0.0012339145577492802,0.0543646108962616,-0.11941108623380144,-0.06516226790600899,-0.044370264830268874,-0.10248727864848359,0.06994232987312568,0.1384046859805052,0.03904018816292373,-0.00910780921365087,0.010189746025284385,0.016905714996494556,-0.05936902096478729,0.08345387520636857,0.07234502566886036,0.0758007101341113,0.11874889748286856,-0.3085618653459077,0.007942646493430133,-0.058127869371508656,0.14364791822149847,-0.12690503652441365,0.008366013071895436,-0.06198159079087226,0.2168396770472895,0.08634507090033242,-0.2782025013004048,-0.06461225320578055,-0.18975869009656915,0.10963023271592372,-0.05023950064454846,-0.05826899156433045,0.21681796594070155,0.15884569283307323,0.10340276364294275,-0.16292738087161043,-0.16912228328470946,-0.13319402039939388,-0.003734310333129806,0.05046384874595739,0.05455277382002395,0.023111472962887552,0.10018590135015942
AngMaMaSlCc32612-00,2,6,37,kmeans,43.822257,-115.55928033333333,2018,0.09040625400486986,-0.14550301166218121,0.0008304498269896127,-0.07858515955401765,0.1623785723439702,0.07188004613610145,0.019038831218762015,-0.08338331410995767,-0.13273869024734072,0.04630014097142125,-0.06493912597718822,-0.1841650647186979,-0.10002306805074966,-0.06668204536716645,-0.22088940151223888,0.09126746123285914,0.045110854799436106,0.015419710367807232,0.14653851082916822,-0.06528770985518391,-0.04180956042547734,-0.006469306676919149,-0.005792643854927548,-0.0860694604639241,-0.10171472510572854,0.03434576444957067,-0.01743944636678199,-0.0715724721261053,0.12070229398949117,0.11104447007561191,0.045561963347430456,-0.05226707676534664,0.07381776239907727,-0.10455465846469301,0.03166987056260409,0.07272074843009096,0.04631039343842111,0.138234012559272,-0.2602486223247469,0.03506343713956169,-0.04956042547738045,0.014025374855824668,-0.007104959630911185,-0.11222350378059717,0.05762911700627961,0.2158349352813021,0.09127771369985899,-0.20501858259643727,-0.05101627579136228,-0.255040369088812,0.10273997180571574,-0.11317698321158523,0.00719723183391003,0.1410534409842368,0.15235165961809558,0.08700243496091241,-0.189363065487633,-0.1706215558118672,-0.14404716134819934,0.05185697808535176,0.16147635524798154,-0.008017429193899764,0.03335127515058309,0.0807791874919902
AngMaMaSlCc32612-00,3,3,37,kmeans,48.28159466666667,-122.496437,2021,-0.07474048442906578,-0.13674740484429065,-0.055035242855312035,-0.11913366653851079,-0.04882224785338972,-0.16867358708189156,-0.005392797641932609,0.10804049724464942,0.023375624759707753,0.005413302575932372,0.12419838523644747,0.006807638087914937,0.0020299884659746303,-0.01962322183775471,-0.05249263103934383,-0.1210201204664872,0.05329232346533386,-0.0816301422529796,0.0016608996539792392,-0.027989234909650065,-0.06518518518518512,0.0682609252851467,-0.18805074971164934,0.23601179033704983,-0.008694092015891284,-0.021632705369729555,-0.13756760220428035,-0.18827630398564654,0.15440215301806998,-0.040866333461489164,-0.11345379982058183,-0.05286171985133917,0.014558503139817967,0.06676406510316543,-0.11968729975650383,0.03820069204152246,0.053886966551326465,0.18907599641163653,-0.09910034602076123,-0.00377290785595283,-0.1611072664359861,0.04648468537741898,0.034776368063565294,0.07982570806100214,-0.02360117903370504,0.233756247597078,0.07564270152505445,-0.10740484429065741,0.2588952966807638,-0.16211200820197358,-0.3147097270280661,0.13453287197231825,0.07547866205305648,0.06235550429322049,0.16520825323593488,-0.015829809047802096,0.05118031526336022,0.015481225169806455,-0.0399641163655004,-0.0961476355247981,0.0360886838395489,-0.10024862232474686,0.09967448417275404,-0.036437267717544485
AngMaMaSlCc32612-00,4,8,37,kmeans,37.57879925,-117.0880115,2023,0.05024221453287196,-0.14540561322568238,-0.04454440599769319,-0.04483660130718951,0.010795847750865055,-0.0655901576316801,0.05531718569780854,0.06748942714340635,-0.11733948481353323,0.11272587466359091,0.07266435986159168,0.06538254517493272,-0.020299884659746255,-0.0416455209534794,-0.1707420222991157,0.16623606305267202,0.006805074971164893,-0.024775086505190315,0.017308727412533628,-0.1779392541330257,0.08499038831218758,-0.07903883121876197,0.09992310649750091,-0.17159554017685497,-0.12488273740868898,-0.02702806612841213,-0.14329104190695882,0.03339484813533256,0.0978546712802768,0.07608612072279891,-0.06509034986543635,-0.0028604382929642153,0.06831987697039596,-0.02033064206074586,0.0759400230680507,0.007781622452902727,0.1008535178777393,0.11039600153787005,-0.33021914648212225,-0.10308342945021141,-0.033256439830834296,0.1258669742406766,-0.10258362168396766,-0.021814686658977296,-0.08366782006920415,0.18587466359092655,0.0006382160707420273,-0.1496885813148789,-0.07593233371780085,-0.12599000384467507,0.025513264129181076,0.03953863898500576,0.026858900422914243,0.26522875816993463,0.1664206074586697,0.07697039600153784,-0.1451595540176855,-0.17576316801230296,-0.03557093425605533,-0.07588619761630139,-0.020138408304498243,0.10682045367166472,-0.009442522106881963,0.05777008842752784
AngMaMaSlCc32741-00,0,19,106,kmeans,-25.929152999999996,30.871646263157896,2023,0.1856872862664157,0.08403893239442317,-0.1159489265262348,-0.04905643578380783,0.0007770290778850372,-0.07041178494101458,0.046926081061939726,0.2772407373682187,-0.012892207450575704,0.05299985835407433,0.04954207895748597,-0.03250571642485681,0.06626762985896108,0.040645096015702445,0.03329245836621542,0.06860842995608972,-0.06470385883971749,0.08881766122341607,-0.09739088204941417,-0.024178554806855643,0.006306886015500071,-0.0311264898116109,-0.1432971124466298,0.1623634634452336,-0.15542200368279405,0.058655982516845714,-0.006918796414334567,0.2588996135089743,0.02001173637669722,-0.037310346223112564,-0.1082757643821202,-0.14288593455958232,0.07693235395293305,-0.13792913656690745,-0.09127501568222743,-0.07186223921973328,-0.033405775106740296,0.038122989133733964,-0.06541289787328758,0.10828223962443592,-0.18264068475687484,0.048130476132661484,-0.08397741759242393,0.13385944677148462,0.21018312794674113,-0.12283858435014869,-0.17734717416378315,-0.010473704445658535,-0.10690948825350573,-0.09742973350330841,-0.0001133167405248936,-0.05689471660697298,-0.1119925534713369,0.1788850442137639,-0.08938100730488271,-0.1278374714178757,0.021161091887735455,-0.09973815738885851,-0.022456140350877146,-0.007482142495801196,0.049124425828122764,-0.07412533640907343,-0.028682085837430933,-0.2190250713288411
AngMaMaSlCc32741-00,1,20,106,kmeans,-33.740164400000005,24.244851599999997,2022,0.10384621299500188,-0.038320645905420996,-0.03351633986928102,-0.15076970396001532,-0.09718415993848514,-0.1701899269511726,-0.04124875048058435,0.3023760092272203,0.02136101499423298,0.18154248366013068,0.03728104575163396,0.029585544021530165,0.06321876201460973,0.15596770472895036,0.06837677816224524,0.18519031141868514,-0.09245059592464434,0.04215301806997305,-0.13277662437524027,0.1353663975394079,-0.15585082660515184,-0.025411764705882342,-0.0003998462129949868,0.11219992310649748,-0.14409842368319872,0.026835832372164525,-0.1620453671664744,0.19979700115340254,-0.05569242599000382,-0.0978300653594771,-0.1095886197616301,-0.13812226066897343,0.01631680123029604,-0.10300961168781235,-0.10079200307574007,-0.18339407920030754,0.05175855440215299,0.07916955017301036,-0.010552864282968089,0.10057670126874275,-0.11628143021914644,-0.013806997308727413,0.0566766628219915,0.08522568242983464,0.24734794309880814,-0.018863514033064185,-0.1672064590542099,0.03720415224913495,-0.04628988850442135,0.019850826605151833,-0.05468358323721642,-0.11725951557093423,-0.002725105728565944,0.03528181468665897,-0.1314694348327566,-0.12091349480968855,-0.04426605151864667,-0.07299653979238752,-0.09090657439446363,0.09209688581314876,0.05132487504805842,-0.13871587850826603,0.03862821991541711,-0.06967474048442904
AngMaMaSlCc32741-00,2,25,106,kmeans,-33.58919152000001,25.40207916,2023,0.02667035755478662,0.08521768550557474,0.03880845828527485,0.04111403306420603,-0.1886855824682814,-0.07738808150711261,0.06726766628219912,0.34037124183006534,0.054064129181084185,0.0965733179546328,0.1455341791618608,-0.07995693963860051,0.05529442522106877,0.11800999615532486,0.09889857747020372,0.041923567858515934,-0.06771549404075351,0.1841113417916186,-0.13380945790080737,0.05589480968858129,-0.12336178392925795,0.019057285659361777,-0.06691088043060359,0.09171118800461357,-0.1553642445213379,0.07008750480584387,-0.10058408304498266,0.12205274894271428,-0.07958292964244519,-0.07041722414455975,-0.11798785082660512,-0.06996447520184541,-0.031443906189926964,-0.16260822760476737,-0.012236524413687049,0.004315878508266052,-0.0886305267204921,0.09256009227220297,-0.14607304882737407,0.16129673202614375,-0.11202091503267972,-0.09187850826605147,-0.06788035371011146,0.08709511726259127,0.30301453287197233,-0.15948081507112644,-0.06580853517877736,-0.13195171088043056,-0.10590634371395614,-0.02130134563629371,0.10452103037293346,-0.08777670126874276,-0.12418608227604765,0.11532302960399843,-0.10570457516339862,-0.26928965782391384,0.027708727412533607,-0.020489350249903865,0.00022391387927721274,-0.002960092272202987,0.0209101114955786,0.02992079969242599,0.10223514033064204,-0.07116524413687039
AngMaMaSlCc32741-00,3,23,106,kmeans,-32.536281043478255,27.08686113043478,2023,0.07522190461862488,-0.01582535145345436,0.012447386456713963,-0.07447570332480816,-0.1510509335874162,-0.0535606706450696,0.0197569496681878,0.34131086705782054,-0.020455008943048636,0.17289671196696918,0.0969500025073968,0.03786369790883103,0.058316032295271006,0.11587783962689933,0.0998732928806646,0.10504855991842599,-0.07390869732377177,0.07242966751918156,-0.13121642177757717,0.14538354813366094,-0.15244170302392054,0.02673219330357887,-0.017472878324390307,0.10221887902646135,-0.13993012720859865,0.0875917289336877,-0.1264476873443324,0.1739451381575648,-0.0917426407903314,-0.045256172375173404,-0.11613192250472221,-0.049008575297126496,-0.009992143489962059,-0.1376995469969744,-0.03559567390468548,-0.047008006953847166,0.03824883406047838,0.06395132306972232,-0.0608809320829781,0.20678334419871955,-0.10878759005733578,-0.026256122227237,-0.029837353526235705,0.07223175033014055,0.2988763519047858,-0.08481821373050494,-0.07427511157915852,-0.09625729234575328,-0.02182438192668372,0.026416595623756742,-0.014485398592514562,-0.04279558029520416,-0.09690720960165819,0.1015448907610785,-0.11969710646406898,-0.2467144743660465,0.027943767447302877,-0.03456062049713318,-0.06413319291911135,0.10965682095515103,0.004741988867158098,-0.10964612272871635,0.03533624191364524,-0.11292245457432756
AngMaMaSlCc32741-00,4,19,106,kmeans,-25.126979789473683,28.54223057894737,2024,0.08704020720775406,0.13675064246544846,-0.15105769036200647,0.004824055525202861,-0.01628847204516485,0.04463708290333672,0.025913919747465534,0.267547299621603,-0.02116432950889334,-0.08009227220299878,0.0592452295675752,-0.12652623484894465,0.011108278192597978,-0.054460025496266565,0.0609579311600801,-0.03209453853780936,0.018920658046500283,0.08281511159675427,-0.06654606527853657,-0.07700358161840583,0.10004896902001253,-0.05479026285436772,-0.12619599749084356,0.12362532629150728,-0.13082903336773302,0.0453558348003804,0.07046358687954023,0.23673809668346182,0.043542766951982,-0.05919019000789166,-0.1282259859568182,-0.10832432869948802,0.06798033145146601,-0.21636050911592702,0.0352674072725065,-0.027134502923976588,-0.038980958740565355,-0.036675772476173124,-0.09590805155911689,0.11111515813755839,-0.09961512778486005,0.03345757704526595,-0.08401303142516033,0.20335822254598432,0.22415993848519797,-0.22816811347862154,-0.10961937716262973,-0.055369797041623633,-0.11128027681660897,-0.15162427406463097,0.0497881381654829,-0.04097209575264572,-0.13558509884862094,0.24573220825998096,-0.0069900240798073734,-0.12110645703069665,0.03150852910823769,-0.13870292802363463,-0.09195815374653472,-0.06488840324571517,0.14552135818207568,0.019445152674072694,0.01696837248831421,-0.17349440498593652
AngMaMaSlCc32773-00,0,18,77,kmeans,26.177487888888887,-98.245109,2022,0.059334444017258306,-0.21427656029732153,0.13355547011833052,0.20159084112948006,-0.08584048870092698,-0.16505446623093678,-0.010088427527873908,0.09288051604083898,-0.24874193686189067,-0.061032936050237054,-0.012183348284847684,0.07307274979708656,-0.18461617326669227,-0.028354906232645555,-0.0010765090349865551,0.05221923191934725,0.004394890853945052,0.21441667734631978,-0.019141355888760706,0.04831987697039597,-0.1164919475415438,0.10588406168567642,0.004391473364945095,-0.10462642573369214,-0.034899397667563725,0.2421974454269725,-0.0711726259131103,-0.08815412875389805,-0.03665256952454182,0.23199282327310009,0.1345738818403178,-0.16068349779999141,0.06499038831218759,-0.031064975009611667,-0.011393908325857578,0.24156179247298049,-0.08932974496988333,-0.03299927378358747,-0.02020077747874749,0.0317177154086035,0.06248195138621893,-0.14462129950019215,-0.03828271177752143,0.12783117604340205,-0.08990046563287624,0.026249733008671894,0.0021530180699730894,0.033016361228587254,0.13331282839933356,0.014883164594813938,0.032315775983596015,-0.029154598658635546,-0.22822675039514717,0.25133922850185825,0.021102994574736182,-0.17190994916485108,-0.012494339783843808,0.09999231064975006,-0.05859284890426755,-0.010361826647870477,0.10808150711264897,0.005608099448929885,-0.07342475116408215,0.08199581357597502
AngMaMaSlCc32773-00,1,32,77,kmeans,25.603895031249998,-97.4761329375,2024,0.0044636678200692115,-0.1491503267973856,0.09392733564013839,0.15195117262591307,-0.10927912341407148,-0.14215301806997307,-0.06809304113802382,0.15595732410611302,-0.23926758938869663,0.020843906189926934,0.049369473279507844,0.132597078046905,-0.12850249903883118,0.005490196078431375,-0.015365244136870414,0.10985198000768931,-0.06893886966551323,0.20554017685505574,-0.04405228758169931,0.0007535563244905757,-0.2248712033833141,0.19085736255286426,0.026189926951172622,-0.10081891580161471,-0.08010765090349863,0.16836024605920796,-0.08628988850442136,-0.00549980776624376,-0.09555555555555553,0.19772779700115337,0.10878123798539019,-0.1131064975009611,0.10053248750480583,0.016662821991541715,-0.03883698577470203,0.22482506728181467,-0.001359092656670502,0.0051403306420607555,-0.004732795078815855,0.08170319108035368,0.07521145713187233,-0.15168781237985385,0.066837754709727,0.1543886966551326,-0.12013071895424829,0.04807381776239905,0.026157247212610493,0.015978469819300276,0.22381968473663977,-0.0301672433679354,0.016051518646674354,-0.0804152249134948,-0.11391772395232598,0.24959630911188002,-0.043106497500961134,-0.14779507881584003,-0.06065936178392922,0.06803344867358707,-0.0791657054978854,-0.0451806997308727,0.03444252210688194,-0.0376547481737793,-0.0120069204152249,0.07793156478277583
AngMaMaSlCc32773-00,2,16,77,kmeans,15.5172224375,-92.82249949999999,2021,0.07523644752018452,-0.12027681660899653,0.06831218762014608,-0.062060745866974194,-0.011264898116109204,-0.13234525182622064,-0.00021530180699731727,0.09244136870434445,0.03858900422914261,0.020472895040369078,0.040526720492118404,0.013898500576701271,-0.2120299884659746,0.012364475201845443,-0.030184544405997688,-0.03582083813917722,-0.07174548250672817,0.021841599384851952,-0.11365244136870431,-0.10889273356401381,-0.14683583237216452,0.014413687043444806,0.11470203767781621,-0.10967320261437906,-0.07382160707420221,-0.03354479046520564,0.026716647443291035,-0.025913110342176082,-0.1120222991157247,0.11130718954248363,-0.01870818915801617,0.0017454825067281937,-0.02176470588235294,0.03158400615148018,-0.006166858900422907,-0.08381007304882733,0.024682814302191464,-0.1207574009996155,0.022549019607843127,-0.1387735486351403,0.054605920799692405,-0.20000768935024987,-0.16981930026912723,0.20440215301806994,-0.08124951941560934,-0.014759707804690485,-0.15444828911956934,0.12937716262975776,-0.05973471741637833,-0.09172625913110338,0.06165705497885428,-0.07503652441368704,0.04522491349480971,0.08015378700499803,0.04764321414840444,-0.10601307189542482,0.04357939254133024,0.004359861591695523,-0.1354017685505574,-0.3029988465974625,0.042933487120338315,-0.07089196462898883,-0.00802768166089965,-0.0960515186466743
AngMaMaSlCc32773-00,3,5,77,kmeans,27.165974799999997,-98.6327346,2022,-0.0034694348327566,-0.1426282199154171,0.10339407920030755,0.23285813148788928,-0.0749496347558631,-0.09657823913879274,-0.18686966551326412,0.04346635909265663,-0.1712202998846597,-0.05754094579008073,-0.015932333717800826,0.06101038062283733,-0.12103652441368704,-0.09147251057285656,-0.06802306805074966,0.09649211841599381,0.05238600538254515,0.3282921953094963,-0.03473125720876585,-0.10047827758554402,-0.14473202614379083,0.13369627066512876,-0.014234525182622044,0.11529104190695882,-0.08845828527489427,0.1386543637062668,-0.07745943867743173,-0.05986620530565164,-0.07050826605151861,0.1365628604382929,0.1255763168012303,-0.11295347943098805,0.10554709727028065,-0.14518723567858519,-0.008230680507497104,0.2469204152249135,-0.10405843906189924,0.007234140715109602,-0.062499038831218746,0.083918492887351,0.09678738946559015,-0.21109419454056128,0.059189542483660124,0.12521953094963473,-0.06867512495194149,0.13946635909265664,0.030142252979623203,0.03588773548635135,0.1424928873510188,-0.10783544790465205,0.05211534025374852,-3.690888119955169e-05,-0.14037677816224525,0.20456132256824297,-0.027275663206459015,-0.1525813148788927,-0.009645520953479382,0.04064898116109186,-0.017150326797385623,-0.09202614379084964,-0.019217224144559786,0.1488166089965398,0.027091118800461337,0.055437139561706976
AngMaMaSlCc32773-00,4,6,77,kmeans,26.071269833333332,-98.82657166666665,2024,0.05589645008330131,-0.23495578623606303,-0.0005843906189926737,0.1793361527617583,-0.06724593105215941,-0.1373933102652825,-0.10158144303473023,0.13757785467128025,-0.19426374471357172,-0.03305395360758679,0.07462770729206712,0.027394591823657576,-0.2206228373702422,-0.059751377675253084,0.03818018710752275,0.022268358323721614,-0.025026271946687183,0.009483531974881422,-0.18940407535563245,0.019407920030757378,-0.20612584903242345,0.03446879405356914,-0.06649750096116874,-0.08374215045495316,-0.07504805843906184,0.17018069973087274,0.03259259259259252,-0.06493912597718826,-0.09171856978085347,0.2123593489683455,0.09146225810585665,-0.05915673458926054,0.1817864923747276,0.056286043829296487,-0.021735230039728284,0.18951685249263103,0.0411123926694861,-0.0295681148276304,0.0013123157759836052,0.018075099320774068,-0.0753248750480584,-0.11812892477252337,0.056972959118287814,0.16517749583493527,0.00836601307189537,0.08522875816993462,-0.1198615916955017,0.11847750865051898,0.05652185057029343,-0.017265154427784132,-0.056009227220299856,-0.07720107650903497,-0.10060745866974237,0.27462258105856724,0.022996283480712525,-0.1419556580802255,-0.03536075868255795,0.023088555683711397,0.016752531077790622,-0.04083557606048958,0.04138920927848256,-0.07413558887607327,0.00658208381391771,0.17993079584775082
AngMaMyMyRt37247-00,0,8,22,kmeans,-41.161208,-73.09906062499999,2023,0.1925259515570934,0.05347943098808147,-0.004521337946943461,-0.20026143790849668,-0.10414455978469814,-0.1337485582468281,-0.03061130334486732,0.16910419069588617,0.17346405228758166,0.20232218377547093,0.06341407151095727,0.07119569396386002,0.05815455594002304,0.25232602845059593,0.10221453287197227,0.18989619377162628,-0.041138023836985754,-0.06255286428296805,-0.03329488658208377,0.13216455209534791,-0.05700115340253744,0.0005997693194925134,0.13346405228758165,0.1549788542868127,-0.09578623606305264,0.10574394463667816,-0.2004998077662437,-0.004044598231449413,-0.1874048442906574,-0.08060745866974238,-0.08261437908496728,-0.12950403690888115,0.0285044213763937,-0.21501730103806227,-0.010073048827374073,-0.24821991541714725,0.0068589004229142325,0.013917723952326015,0.03620146097654746,0.09207227989234908,-0.09301038062283734,-0.04449826989619374,-0.032479815455593974,0.014771241830065326,0.20037677816224525,-0.013994617454825043,-0.12271434063821601,0.028266051518646654,-0.00559015763168013,-0.0038139177239523148,-0.15242599000384466,-0.20957324106113026,0.02469819300269125,-0.010073048827374073,-0.11524798154555937,-0.22806612841214915,0.01877739331026526,0.057116493656286016,-0.2138792772010765,0.024913494809688567,0.02093810073048824,-0.023298731257208743,-0.024413687043444814,0.09758554402153011
AngMaMyMyRt37247-00,1,5,22,kmeans,-40.5208836,-73.1889626,2021,0.057540945790080664,0.01888504421376397,0.17783929257977701,-0.12188542868127639,-0.16285428681276432,-0.08648981161091884,0.05618762014609762,0.2142929642445213,0.1367597078046905,0.14406766628219914,0.1277662437524029,-0.016412149173394855,0.06306497500961165,0.1964290657439446,0.15547251057285655,0.08138408304498265,-0.0402798923490965,0.05343175701653207,-0.09320722798923488,0.20513956170703573,-0.13358554402153014,0.06118262206843518,0.03683506343713954,0.0897500961168781,-0.06583314109957704,0.06260976547481734,-0.1219100346020761,-0.0791572472126105,-0.2367581699346405,-0.14111495578623603,-0.06489811610918877,-0.05026989619377158,-0.07307958477508646,-0.14176701268742786,-0.06718646674356007,-0.14901345636293734,-0.026894271434063782,0.04931026528258359,-0.08341407151095727,0.1089427143406382,-0.09431449442522102,-0.041534794309880774,-0.1258223760092272,0.047612456747404816,0.3268896578239139,0.0005536332179930763,-0.05199231064975006,-0.12646212995001918,-0.11500807381776236,0.00013533256439830776,-0.10224990388312186,-0.14630680507497112,-0.0549327181853133,0.0383360246059208,-0.0925428681276432,-0.26837677816224526,0.09083275663206458,0.04199000384467509,-0.11006228373702417,-0.06358169934640517,-0.04309727028066129,0.055744713571703144,0.01263514033064206,0.04922414455978468
AngMaMyMyRt37247-00,2,5,22,kmeans,-39.9601878,-73.1526418,2022,0.2064313725490196,0.11310111495578618,-0.005290272971933838,-0.13269973087274123,-0.04462283737024217,-0.10984083044982695,-0.12091349480968859,0.1376209150326797,0.1921353325643983,0.13078046905036522,0.09388389081122642,0.11145251826220681,0.023855440215301768,0.18483967704728949,0.06080123029603993,0.20810457516339867,-0.036982698961937684,-0.11578316032295269,-0.06366782006920411,0.16910419069588614,-0.09090657439446362,-0.07395309496347556,0.13065743944636676,0.1902160707420223,-0.051475586312956505,0.049334871203383285,-0.19788081507112648,-0.037671664744329106,-0.2913217993079585,-0.08516109188773545,-0.06926566705113411,-0.022834294502114577,0.06492272202998846,-0.17452979623221834,-0.00031987697039599985,-0.21564628988850443,0.01649826989619374,-0.08851980007689346,-0.03377162629757782,0.11730872741253362,-0.14292349096501342,-0.012056901191849278,0.010765090349865409,0.0014394463667820392,0.16161168781237978,0.08610841983852362,-0.13871587850826603,0.024015378700499773,0.028456747404844256,-0.035211072664359806,-0.1242599000384467,-0.2538469819300269,0.03758554402153014,-0.004256824298346805,-0.1026312956555171,-0.2576608996539792,0.03263975394079197,0.010629757785467119,-0.20211303344867357,-0.004084582852748923,-0.005806997308727413,0.08223298731257207,-0.060813533256439796,-0.01904498269896189
AngMaMyMyRt37247-00,3,3,22,kmeans,-41.93231766666667,-73.31341966666666,2020,0.11269511726259127,-0.015317185697808489,0.03227476611559657,-0.2121030372933487,-0.16455209534794307,-0.1711341791618608,-0.028050749711649378,0.21925925925925924,0.2243034730231962,0.15932333717800842,0.129037549660387,0.021981289247725237,0.10106881968473659,0.2629552736127131,0.1242599000384467,0.21462514417531717,-0.0378110982955273,0.012713059079841063,-0.1484147122901448,0.05364090734332945,-0.12343970267845697,0.05359989747532997,-0.01099064462386259,0.0807894399589901,-0.1952684864795591,0.06973728053312823,-0.1454620017941817,0.035863129565551696,-0.18243239779571954,-0.05485069844931431,-0.0919646289888504,-0.1525772138920927,-0.11753428168653074,-0.10443162886069456,-0.041830065359477135,-0.19330001281558373,0.020381904395745193,0.1038779956427015,0.013615276175829735,0.16432654107394587,0.006089965397923912,0.0009432269639881932,-0.02876842240164036,-0.030265282583621697,0.2190542099192618,-0.037134435473535794,-0.11525823401255925,0.05364090734332952,-0.07834935281302054,-0.03670383185954117,-0.11125977188260923,-0.16645905420991922,0.040435729847494564,-0.033751121363578024,-0.09497885428681271,-0.1975650390875304,0.0421171344354735,0.04336793540945787,-0.14080738177623986,0.10010508778674865,0.08499295142893756,-0.016916570549788484,0.07763168012302957,0.1623375624759707
AngMaMyMyRt37247-00,4,1,22,kmeans,-39.701288,-73.313837,2021,0.17279507881584,-0.012056901191849191,-0.0797231833910034,-0.2441522491349481,-0.0888273740868896,-0.17279507881584,-0.0669896193771626,0.1417301038062283,0.1537870049980776,0.2519646289888504,0.0009842368319877004,0.0629911572472126,0.055363321799307905,0.3014225297962323,-0.09356401384083042,0.2069357939254133,-0.027128027681660893,0.0888273740868896,-0.1085121107266436,0.16,-0.09842368319876971,0.0797231833910034,-0.05911572472126098,0.1476970396001538,-0.0669896193771626,-0.04484429065743939,-0.2141330257593233,0.0271280276816609,-0.07111111111111111,-0.1085121107266436,-0.1085121107266436,-0.1358861976163014,-0.0797231833910034,-0.02977316416762779,-0.0888273740868896,-0.292871972318339,0.010396001537870014,0.0138408304498269,0.07111111111111108,1.734723475976807e-18,-0.0797231833910034,0.0088581314878892,0.048227604767397105,-0.059115724721261,0.0888273740868896,0.1085121107266436,-0.1929104190695886,0.23646289888504424,-0.15378700499807763,-0.0984236831987697,-0.0629911572472126,-0.22145328719723184,0.1793771626297577,-0.0797231833910034,-0.0384467512495194,-0.11374086889657821,0.0888273740868896,0.0246059207996924,-0.1301653210303729,0.0384467512495194,0.08882737408688961,-0.0246059207996924,0.0842137639369473,0.05536332179930791
AngMaMyMyRt37252-00,0,202,899,kmeans,-32.73694056930693,151.98608206930695,2018,0.07595981743503066,0.0449201183094088,0.03761508330763867,-0.018799471642665953,-0.21852493899909023,-0.059722345937015815,0.18882151190897634,0.330519640199314,0.046418399625429624,0.1381190022116398,0.12298453374749235,-0.048084171738973114,0.028949109443816373,0.28987571421502006,0.029751847157034002,-0.012558459998248877,-0.11244144483652513,0.034246691105096594,-0.08966817789045337,0.11664668196923497,-0.05597207471612208,0.024540751653019947,-0.1111730827061945,0.04541193219667987,-0.11868580629689265,0.11791687127190226,-0.1313840449788923,0.04476419960335127,-0.011312328464680367,-0.03050677386077704,-0.12219123642468051,-0.11969988694371164,-0.23494482320204335,-0.20113513081411943,-0.11084449621432726,0.02650191662764886,-0.23727538151739025,0.1418089767454253,-0.054295644097281666,0.04689163726061184,-0.13111788687519269,-0.06530953441364895,-0.03391170951005129,0.02398072333184874,0.2727182614455217,-0.011498700043014693,-0.0620063113577793,-0.05894640675140174,-0.10408730838481771,0.02849292541710917,0.0033729601333835763,-0.052594546651896994,-0.11208545075960875,0.13315396591562267,-0.1468678078880552,-0.25310417546945,-0.052713008325053906,-0.04353359903464386,0.04935862444375928,-0.011448148275035097,0.06696403896445004,0.03132321536651937,0.14548951088880513,-0.10047163885938765
AngMaMyMyRt37252-00,1,288,899,kmeans,-33.129918413194446,151.57564181249998,2021,0.14532508864112087,0.053579392541330206,0.009944892989875685,-0.04607971293092392,-0.17648959801785635,-0.08831368277158355,0.17412768593276082,0.27549532231193125,0.026841385791789442,0.1871903968559101,0.09115959673629796,0.013330770216583368,0.07369046093382885,0.2590785595283865,0.04302276902046218,0.08929856038275871,-0.13147357853816904,-0.061558588577043,-0.12042761331111962,0.18318104147977274,-0.10378145157845267,-0.034303045837071174,-0.014939766756375716,0.13871502413601594,-0.09238156264684519,0.15822610961595962,-0.14481438762868976,0.05541522491349476,-0.008638771412704492,0.012931991968900875,-0.17381349053782724,-0.1049491648511256,-0.17651223888248105,-0.1991892007347601,-0.1315171515229185,-0.13525887479174667,-0.09937801700200782,0.09125293690460928,0.016677346319791495,0.1034691785210816,-0.14956192062881796,-0.017580631381092702,-0.03257742748515524,-0.05194604639241318,0.2967136571404161,-0.03219744542697249,-0.13512452475543588,-0.09189670639497625,-0.032129095646973235,0.07123755820410942,-0.11144559784698196,-0.14793327352727578,-0.12856935366739283,0.1099092229484386,-0.14749925242428122,-0.2359432269639882,-0.06067260455380406,-0.037411892861719795,-0.0824994660173437,0.04048357469349389,-0.029425434661882077,-0.01223226109615956,0.12122730573710966,-0.004387415096757642
AngMaMyMyRt37252-00,2,152,899,kmeans,-32.67978982894737,152.06385198026314,2019,0.02274307452599202,-0.011782108096076382,0.031719379186142954,-0.03773002286569937,-0.19064327485380117,-0.08851939537424874,0.1145672716971205,0.3432691879641433,0.07107428317044051,0.11605131629535194,0.12103280114935548,0.0029988465974625095,0.0701535846536757,0.2723875432525951,0.053736417167486124,0.07532932677715044,-0.1525360691232117,-0.04491754183613587,-0.03218114490378189,0.137317226168073,-0.05454420364637078,0.03722131164127153,-0.072011979198284,0.0440025091563973,-0.12217972844452536,0.14763754831137818,-0.20510087213419942,0.09738764442825629,-0.03093223254213963,-0.0698395354013638,-0.12054958619154574,-0.14371152795483516,-0.23002205629413788,-0.14403367126004163,-0.16446670308990466,0.034252817742163884,-0.23652036666059612,0.16351120014569295,-0.012977195005969347,-0.018172767559035963,-0.12733240251725042,-0.055750622230316224,0.03320018616321653,0.028311782917501332,0.2638519597725571,-0.05051619822335536,-0.10339869281045747,-0.027289908739553614,-0.14019506667476067,0.005850786134887376,0.007006212185596675,-0.04261518849025674,-0.03316983346486166,0.15166555373439364,-0.13220057063072904,-0.2342293449887695,-0.10040874967117906,-0.02165078208786092,0.00963394645784009,0.02679779032355973,0.09877253687852848,-0.04222788805924845,0.15414354802808633,-0.09701167567130048
AngMaMyMyRt37252-00,3,147,899,kmeans,-32.68717358503401,152.05355024489796,2019,-0.016773872947871936,-0.01312650550416243,0.11685134184392706,-0.034934967451032674,-0.21455567848054252,-0.023086463343507307,0.12221024357455398,0.3445368735729586,0.059735057421661436,0.09098625070943403,0.08674256630756874,-0.03610667796530372,0.06083060675250486,0.26985204539332075,0.011011149557862338,0.03944270518664976,-0.10643734618030214,-0.005330027435810937,-0.03301880229215866,0.10891007383345491,-0.06292629470088684,0.08197830766293444,-0.12795162509448224,0.02459587756671288,-0.16071055873329723,0.11889597669133009,-0.18328816493917827,0.12853162179904634,-0.02504070909409513,-0.10763542018114428,-0.116508198050462,-0.13563135057944742,-0.2346865020518011,-0.13299583885841917,-0.11532644430321146,0.08578678530235623,-0.24774228645706642,0.16156590740871504,-0.13129518474056287,0.014289846657617285,-0.1316102911752936,-0.046979733069698416,0.056032033728523986,0.06400970845854674,0.26594229848802264,0.012687532529351585,-0.11005542086115488,-0.017605787413004385,-0.16096582423819206,-0.026473543665832308,0.03635231870525983,-0.0014604534624306773,-0.05882028628444834,0.11830551828574565,-0.08231977758423634,-0.2360812560318245,-0.040884327587244,0.007565902177864563,0.03835678062074499,0.07498277742469531,0.10670391032229881,-0.029783625868648064,0.17634996482253026,-0.12443900435991395
AngMaMyMyRt37252-00,4,110,899,kmeans,-33.03355884545454,151.62469801818182,2023,0.08672636398587952,-0.03691671035615671,-0.03803572052706998,-0.005113557722554271,-0.17666435986159168,-0.10882863234420323,0.15251085246932994,0.3194804795358428,-0.005000034951592056,0.16445479011568975,0.0732758729160113,0.031797560378875246,0.038337143056866224,0.2893701024081647,0.0032228163992869957,0.05206612841214914,-0.1466758938869665,-0.03388179371570373,-0.0607117542204047,0.19767837545000172,-0.020052147775331135,0.005743245604837299,-0.010082835273146688,0.05368229002831074,-0.09976470588235294,0.1699374366502394,-0.14864380832546922,0.07360525671944354,-0.03145922896787946,-0.022307504106812044,-0.1276337073153682,-0.15550270874838346,-0.19533801684666738,-0.1884108909160812,-0.11164824717765892,-0.058841145014155355,-0.16515605885848098,0.10684282269057353,0.044339310055573025,0.021385341302296322,-0.16982615078116806,-0.07338995491244621,0.01058893432595855,-0.008661843346964442,0.25411708783335085,-0.04619146482122257,-0.09222858341197439,-0.017399741358218833,-0.09173143196672605,0.049612806263325246,-0.0530458914403551,-0.10900758449547374,-0.05594044248715524,0.13810911887036453,-0.1481695851246024,-0.25005431477403794,-0.09844549299220574,-0.012348816888609275,-0.04804138268498129,0.02235895285030233,0.06687553738072766,-0.05240725595050849,0.10675110971304741,-0.0469699066792492
AngMaMyMyRt37255-00,0,61,331,kmeans,-29.824468885245903,152.90386513114754,2020,0.10037299651458138,0.11171088043060357,-0.09436269782744339,-0.033860368962757056,-0.1191894668507068,-0.10288401056340243,0.11704451629575002,0.33304618022072213,0.00750581428328323,0.00022488198107913364,0.10447230258223505,-0.020630652775414232,-0.031149683917282733,0.2613521911496839,0.04876409451598058,0.06430515375549124,-0.09571602347142645,-0.049005111527092325,-0.10788687831288088,0.23286377874840064,0.0026390858497047157,-0.03484359735536771,-0.09085837099224128,0.11906038661044614,-0.03735360296481173,0.17781408159535106,-0.07580136265370817,0.059642130076074114,-0.09200194124580077,-0.0254600689520424,-0.058531838321956846,-0.03881987381902291,-0.11629423739923482,-0.1372506160934319,-0.14013071895424833,-0.05657143217299774,-0.18568898469062967,0.11331329060071471,-0.014394463667820045,-0.04249664378769826,-0.24835844977656765,-0.06394009870100398,0.030431675080832693,0.05027574514215839,0.26035988680267996,-0.02145353930707608,-0.04294943306798769,-0.03408827626196732,-0.11772319599649562,-0.0029406092234386394,-0.04902628875401009,-0.1326138118378177,-0.08659569774550767,0.17509532903486044,-0.09681118863488819,-0.22082402102596102,-0.103092757514449,-0.1203118598773485,0.09926270476046412,-0.04726353672295015,0.056073263120741665,-0.03489502776359655,0.10675238401371473,-0.22548704470537811
AngMaMyMyRt37255-00,1,64,331,kmeans,-29.94861021875,152.96449304687502,2019,0.03828239138792769,1.922337562476617e-05,-0.07735101883890808,0.015427720107650878,-0.12095155709342559,-0.05378988850442134,0.09654748173779312,0.3539350249903883,-0.007545174932718182,0.079737600922722,0.12939542483660124,0.02853421760861205,0.060608419838523594,0.22242791234140719,0.05105344098423679,0.06057958477508647,-0.13746924259900034,-0.0407045367166474,-0.037801806997308694,0.14542483660130714,0.026980968858131463,-0.013722606689734705,-0.10131776239907725,0.10137543252595153,-0.08296520569011916,0.18338811995386387,-0.14689830834294498,0.1393810073048827,-0.012439446366781994,-0.03279123414071508,-0.10345059592464434,-0.13149557862360625,-0.10631680123029598,-0.14393406382160703,-0.18467224144559782,0.04210399846212989,-0.23729046520569008,0.12557670126874276,-0.007977700884275282,-0.06632064590542094,-0.17962322183775467,-0.03924259900038443,0.0337812379853902,0.041429257977700834,0.2921078431372549,-0.07769031141868508,-0.0630401768550557,-0.012322183775470962,-0.1578066128412149,0.003160322952710473,-0.0063956170703575455,-0.09853902345251822,-0.0906814686658977,0.16717896962706646,-0.08284505959246438,-0.2148337178008458,-0.12694540561322565,-0.054186851211072626,0.07264321414840444,-0.035225874663590895,0.12218569780853514,-0.04338043060361395,0.14906382160707418,-0.20519415609381006
AngMaMyMyRt37255-00,2,76,331,kmeans,-29.915048868421053,152.9996151842105,2017,0.03611161698941699,-0.011523503106092785,-0.09135109977943703,-0.07750298468200484,-0.1360812642910621,-0.07893239442319752,0.10557396952589082,0.331808413767984,0.024868977518768064,0.08482810255165013,0.05676359295007993,0.023928448572411408,0.03548270907950378,0.2967878751087638,0.01584815556769662,0.11159270725834189,-0.15424108136546671,-0.07146967765434342,-0.05485177765636695,0.11637629251907158,0.010799894777312358,-0.03610999817883807,-0.06829438070377786,0.08036989821728482,-0.09593638074424812,0.20039418037596873,-0.18500333879681902,0.13429814443837387,-0.02727129241789593,-0.05869240575487157,-0.08604140108055602,-0.13184159938485193,-0.1905939011311439,-0.11972723041745074,-0.13556648252696327,-0.04637730427568343,-0.18705841882676702,0.18370667152309836,0.05463890406523801,-0.048496327323499025,-0.14139501001639046,-0.06537971225641956,0.07693397276351197,0.04139541471903515,0.24933649001396221,-0.05032558327768669,-0.12862421335923427,0.0759602582002873,-0.1219611890163702,-0.02779254942431049,-0.044427446933365686,-0.06883425403185006,-0.006637932778890722,0.14148323519294193,-0.08519395374248767,-0.1305068900625265,-0.13836297780205992,-0.026577632084825633,0.030016795159756332,0.009058863999676224,0.15206054351565185,-0.07016167870657031,0.14686901798903254,-0.17356887027256718
AngMaMyMyRt37255-00,3,47,331,kmeans,-30.010371957446818,152.9746218723404,2017,0.07181264161901721,-0.045785336245470196,0.006661922173959292,-0.0651350135381645,-0.14324441499586898,-0.04158007967475681,0.10976858327811723,0.37341709817009827,-0.06390995280047768,0.11427748738210343,0.02790285242173632,0.013441638649619204,0.041720124011223145,0.236563678454277,0.043365317758308965,0.019241044770014794,-0.08824102022953526,0.0031909167505133063,-0.08139848012630163,0.16648392189583383,-0.039037031583597115,-0.031811005587049156,-0.12818899441295079,0.16235588603401307,-0.11462694381048204,0.10962723011607643,-0.1379894803144453,0.13280914869076538,-0.051214344728295946,-0.11187841010413338,-0.13103438121180885,-0.13324367878148335,-0.13708900831922252,-0.16289119569396385,-0.13232226557706936,0.0260979819545674,-0.0683337832421245,0.07370651222524882,-0.062410038692156056,0.03843497181934934,-0.16108763405236937,-0.029726046446947537,0.028376647279687823,0.11149623303639347,0.2635883089155562,0.016598525935196774,-0.042831316923932675,-0.06468870401727647,-0.12582394659991653,0.019392868536651203,-0.07558860340131042,-0.05560152805385813,-0.11274485263442044,0.15411944669398836,-0.09376033767699818,-0.18006953135864273,-0.0916452755486842,-0.08824625553183306,0.01657365824928217,0.012437769434014728,0.12775708197338173,-0.0460052189419781,0.15879457164592994,-0.2697712009292662
AngMaMyMyRt37255-00,4,83,331,kmeans,-29.890131795180725,152.95339007228915,2020,0.10415567691758959,0.04441294590125204,-0.09624176058327888,-0.08234979132215131,-0.15844582482177844,-0.14946392258769794,0.1506060227067439,0.3108713516117526,0.04571216816516349,0.0826373544929429,0.0730692087843878,0.004135573435610947,0.02006790715341178,0.3019020487949491,0.021460513333611243,0.10960084860781068,-0.14908297550061833,-0.04172630545249043,-0.05122700722150421,0.1409289290958528,-0.02994066230319198,-0.0006069954558719246,-0.08208965041249192,0.10771982972258119,-0.08503050263337082,0.18590588420579662,-0.153655081687766,0.09775220837212745,-0.03263323188949567,-0.0310797978534669,-0.12340462194799957,-0.09450229985686687,-0.20904508460601343,-0.13741072710681246,-0.1331639823422872,-0.09658120370756379,-0.21420195198325015,0.15080464881440406,0.04515853494717041,-0.026270526164635453,-0.1907070033305077,-0.04429213972383185,0.044855407790330835,0.025579781640981417,0.2283970484012173,-0.05236836619835742,-0.11287002682008307,-0.008689892210132336,-0.11010260187231043,0.0070193577076472086,-0.02368023420093289,-0.08690114552790165,-0.040202517104172136,0.13893896230828734,-0.14455904355600022,-0.1759012057457048,-0.12755353594308025,-0.06517900900024547,0.0423347831927479,-0.010296688484039952,0.05787134697961393,-0.05250844207278939,0.12594822195355815,-0.1727861851095269
AngMaMyMyRt37257-00,0,4,44,kmeans,-29.150502499999998,153.13855175,2019,0.009334871203383315,-0.08135332564398302,0.015840061514801967,-0.0022914263744713767,-0.11764705882352935,-0.13910034602076124,0.07637062668204535,0.2772933487120338,-0.03094194540561329,0.0822606689734717,0.06694348327566318,-0.0341253364090734,0.0043675509419453945,0.09279507881584004,-0.029281045751634,0.024436755094194497,-0.021976163014225288,0.0641906958861976,0.015455594002306824,0.08575163398692805,0.021053440984236796,0.13171856978085347,-0.21753171856978076,-0.00552095347943099,-0.12206074586697423,0.2295886197616301,-0.08762783544790459,0.1454517493271818,0.004167627835447885,-0.05434832756632059,-0.03244905805459435,-0.07766243752402917,-0.17627066512879658,-0.07866205305651669,-0.027558631295655507,-0.0022606689734717316,-0.2487351018838908,0.11391003460207608,-0.07989234909650134,0.08149173394848132,-0.1490042291426374,-0.07575547866205298,-0.006397539407920004,0.07761630142252976,0.28745866974240675,-0.08835063437139556,-0.07091118800461357,0.092718185313341,-0.07973856209150325,-0.04825836216839672,0.05997693194925023,-0.007089580930411357,-0.20362937331795464,0.1925259515570934,-0.11715494040753555,-0.33600922722029986,0.07247981545559398,-0.05033448673587078,0.04653594771241826,0.055947712418300634,0.1378239138792772,-0.1022222222222222,-0.015978469819300255,-0.10594386774317566
AngMaMyMyRt37257-00,1,7,44,kmeans,-27.727095571428574,152.2563997142857,2021,0.08236831987697037,0.022514417531718567,-0.09751853682649526,-0.08690283956719941,-0.1266765529741308,-0.09121766353600261,0.12415444609216231,0.3141824572966442,0.04583731531828414,0.07929257977700882,0.033543142747294974,-0.01738232547921127,0.047972757730543145,0.2863162519909925,-0.032673147690448684,0.1422222222222222,-0.16866479925303451,0.008972373263030693,-0.08242104685011255,0.11972538034821768,-0.03424616905585762,-0.0031724062173889163,-0.04862305706596363,0.11066512879661666,-0.1392255725819739,0.0715680782116768,-0.14874279123414066,0.1595869720437194,0.025959246443675484,-0.06162025594551543,-0.13308288021090786,-0.12337232932388636,-0.19958038117207666,-0.12246718295161198,-0.13686164661943206,-0.1578294062723128,-0.1278716976986873,0.14170374031965727,0.060337232932388615,-0.03752402921953093,-0.20728730707969464,3.515131542812869e-05,0.06575053550832094,0.0647311473609051,0.21171637282363925,-0.027672873070796904,-0.18584500466853404,0.012592958752128278,-0.15869940132915905,-0.06400175756577138,-0.05420332839017958,-0.1063678804855275,-0.010721151205580242,0.10685999890152136,-0.10526061404954135,-0.0682374910748613,-0.13728346240456962,-0.0573845224364255,0.0034711923985280696,0.0060020871093535155,0.06242873620036245,-0.09270280661284117,0.15912121711429664,-0.23297413082880208
AngMaMyMyRt37257-00,2,17,44,kmeans,-28.708894647058823,153.0760089411765,2017,0.08071465725852044,0.03119886016690411,-0.11564059072302504,-0.06723206006739488,-0.15732229685415106,-0.0728733292625008,0.13895831919849827,0.3407992401112694,-0.004096162109595861,0.1056209150326797,0.0578854286812764,0.015157970916163464,0.04057082117737518,0.30262025917633484,0.01060587556822034,0.0939801433837664,-0.16800416129542933,-0.07151276658298839,-0.05255535201393126,0.1527955311305606,0.007620598412375328,-0.061529276070289705,-0.028770834746816812,0.0892905443607662,-0.09820657213289004,0.22362077933826358,-0.14850758757943774,0.10864237736617136,-0.03326503381052531,-0.01037429043128208,-0.07438586968812896,-0.08529931926634549,-0.1638320103127756,-0.1499803243096546,-0.12299341882081549,-0.04445710925662075,-0.17568989302756854,0.16170070334939046,0.04456566478956055,-0.048129904787751296,-0.14647036207793382,-0.0817567903747427,0.045115679489788944,0.02942578646222039,0.24225614582626592,-0.04093629147160591,-0.11155166564895852,0.027945812696474198,-0.08284234570414094,-0.0038609584548929127,-0.08053373137028744,-0.09367256937377025,-0.0712667073749915,0.1699473053350521,-0.10566795576362031,-0.15502453807359157,-0.14212814076034103,-0.03792930320917291,0.05397019245991358,-0.0013641811972770826,0.1101549177917995,-0.05567813284483339,0.14221860370445752,-0.20207974308523866
AngMaMyMyRt37257-00,3,7,44,kmeans,-28.108259714285712,152.4397624285714,2024,0.08191135277640461,0.07157686604053379,-0.12663261382984564,-0.08869555665403411,-0.1093469544680617,-0.04763882023397591,0.07697259295875208,0.28027901356621077,0.06928324270884821,0.03495798319327727,0.03111770198275387,0.03835008513209203,-0.01751414291206678,0.33971988795518204,-0.03302466084473,0.18896468391278076,-0.19391223155929038,-0.08540012083264673,-0.0511539517767891,0.11357390014829459,0.06154995331465917,-0.06296479376064149,0.041504915691766876,0.0909540286702916,-0.11606964354369195,0.15282913165266104,-0.1575833470643159,0.09197341681770746,-0.05959905530839783,-0.03997583347064311,-0.09391552699511173,-0.07289504036908878,-0.18541440105453943,-0.10792332619322234,-0.1021409348052946,-0.11455813698028228,-0.15770637666831433,0.1433207008293513,0.02255835667600367,-0.12714230790355355,-0.21148788927335638,-0.0930015927939803,0.07156807821167678,0.030608007909045963,0.1927434503213049,-0.0440709617180205,-0.1722765969132751,0.09385401219311251,-0.12296808919646292,-0.060662382600098826,-0.03897402098094134,-0.11591146262426535,0.005905420991926133,0.12019992310649746,-0.06358872960949083,-0.08641072115120556,-0.14360191135277642,0.015870818915801593,0.020625034327456465,0.009438128192453432,0.1109463393200417,-0.09356401384083042,0.15586972043719444,-0.23407260943593122
AngMaMyMyRt37257-00,4,9,44,kmeans,-27.443865111111112,153.09587155555556,2023,0.0767089580930411,-0.02317057541971037,-0.06485027126318935,0.015904993805801196,-0.14703404673416204,-0.06556794395318036,0.11251057285659358,0.32550215728993126,-0.01768892306377888,0.10236746550472037,0.03057285659361783,0.03177581272160277,0.022364048015720436,0.19360075184757997,-0.007238241701909499,0.08394036481695073,-0.12338502285445764,-0.010143107351873203,-0.03580844974155238,0.17863898500576703,0.013963860053825418,0.041037207911486996,-0.08726216412490917,0.07392712204707587,-0.1296595326583792,0.22245802896321928,-0.07610064505104873,0.12574309026442818,-0.033183818189585185,-0.006958007603913043,-0.07130932547310859,-0.08240249476696995,-0.17205006621384936,-0.1420855226622239,-0.08737152377290783,-0.023279935067709007,-0.12125934469648422,0.07968900850100384,-0.022015464137724802,0.07054380793711816,-0.16665043359391687,-0.07618949976504759,0.016253577683796823,0.045978897005425214,0.28679567687641505,-0.03463966850356698,-0.059156734589260504,0.008475372719894056,-0.10210090136272369,0.003014225297962317,-0.06721517365115975,-0.11428083215857147,-0.1515246272801059,0.21791960357127602,-0.09776069033277796,-0.31379383997607757,-0.011646802511854406,-0.05961467811525477,-0.017914477337776055,0.04094835319748811,0.07935409457900806,-0.09849886795676874,0.05014823358537314,-0.17248750480584388
AngMaMyMyRt37347-00,0,1,20,kmeans,-11.77775,130.570183,2021,0.0629911572472126,0.09842368319876968,-0.1190926566705113,0.017777777777777698,-0.16,0.20693579392541328,0.1245674740484429,0.16,-0.1417301038062283,-0.024605920799692396,-0.015747789311803095,0.07535563244905799,-0.0842137639369473,0.1085121107266436,-0.1663360246059207,0.0030142252979622995,0.038446751249519406,0.0482276047673971,-0.0553633217993079,-0.08882737408688961,0.292871972318339,0.1301653210303729,-0.186082276047674,0.1998615916955017,-0.075355632449058,0.16,-0.0157477893118031,0.2679584775086506,0.0935640138408304,0.0246059207996924,-0.0984236831987697,0.007443291041906906,-0.0629911572472126,-0.11909265667051129,-0.1137408688965782,0.1358861976163014,-0.1476970396001538,-0.010396001537869999,-0.0842137639369473,0.1537870049980776,-0.1301653210303729,-0.035432525951557006,0.1085121107266436,0.1358861976163014,0.024605920799692402,-0.024605920799692402,-0.0517339484813533,-0.075355632449058,-0.03254133025759319,-0.0842137639369473,0.01574778931180311,0.0482276047673971,-0.1663360246059207,0.2364628988850442,0.012056901191849198,-0.0842137639369473,0.0138408304498269,0.008858131487889203,0.0711111111111111,0.1137408688965782,0.2288965782391388,0.0448442906574394,0.1245674740484429,-0.3553094963475586
AngMaMyMyRt37347-00,1,4,20,kmeans,-14.3614745,132.31747224999998,2021,0.0347404844290657,0.11061899269511721,-0.13528642829680887,0.04555171088043054,-0.1554017685505574,0.16688965782391385,0.052979623221837704,0.2811534025374856,-0.07450980392156858,-0.14948096885813142,-0.0824452133794694,0.040692041522491305,-0.0410765090349865,0.009504036908881124,-0.10471357170319107,-0.016931949250288344,0.01599384851980004,0.04558246828143017,-0.008627450980392123,-0.13194925028835064,0.21301038062283736,0.0016608996539792485,-0.14477508650519028,0.23847750865051903,-0.039446366782006845,0.17387158785082657,-0.021422529796232166,0.20339869281045753,0.10437524029219528,0.04765859284890423,-0.11936947327950785,-0.1474048442906574,0.08608996539792384,-0.25993079584775086,-0.14036139946174545,0.12956555171088038,-0.17819300269127258,-0.014209919261822327,-0.0828911956939638,0.0757247212610534,-0.1424375240292195,0.03655517108804299,0.06451364859669355,0.11641676278354474,0.1390542099192618,-0.09402537485582464,-0.15086505190311414,-0.04156862745098035,-0.05688581314878889,-0.044967320261437876,0.012364475201845429,0.05542483660130715,-0.17148788927335637,0.23143406382160706,-0.07254133025759318,-0.024975009611687776,0.04833525567089578,-0.10891195693963858,0.023083429450211412,0.010211457131872353,0.22585159554017686,0.07833910034602072,0.053794694348327496,-0.27040369088811994
AngMaMyMyRt37347-00,2,1,20,kmeans,-14.8702,133.108931,2021,0.075355632449058,0.027128027681660893,-0.1929104190695886,-0.0271280276816609,-0.1245674740484429,0.03254133025759319,0.0669896193771626,0.2844444444444444,-0.2141330257593233,-6.151480199922867e-05,-0.0415840061514801,0.059115724721261,-0.002214532871972305,0.0711111111111111,-0.1137408688965782,0.0482276047673971,-0.0482276047673971,-0.0935640138408304,0.0797231833910034,0.0415840061514801,0.09842368319876971,-0.0629911572472126,-0.0669896193771626,0.1537870049980776,-0.0384467512495194,0.3014225297962323,-0.0022145328719723,0.21413302575932333,0.0935640138408304,-0.0177777777777777,-0.1417301038062283,-0.1301653210303729,0.03844675124951939,-0.2069357939254133,-0.1417301038062283,0.0088581314878892,-0.0797231833910034,0.0888273740868896,-0.0629911572472126,-0.055363321799307905,-0.292871972318339,-0.015747789311803095,0.0553633217993079,0.059115724721261004,0.1537870049980776,-0.05536332179930789,-0.2214532871972318,0.05173394848135329,-0.03254133025759319,0.0448442906574394,-0.055363321799307905,-0.0415840061514801,-0.0935640138408304,0.3100961168781238,-0.0711111111111111,-0.0009842368319876865,-0.0384467512495194,-0.1190926566705113,0.0711111111111111,0.015747789311803102,0.26795847750865065,-0.09842368319876968,0.0015378700499806969,-0.2364628988850442
AngMaMyMyRt37347-00,3,8,20,kmeans,-14.5489095,132.864463875,2018,0.03621683967704725,0.1071818531334102,-0.11459438677431755,0.048427527873894614,-0.13430988081507111,0.16004613610149937,0.05403306420607454,0.26367550941945406,-0.14149942329873122,-0.12746635909265663,-0.05719338715878504,0.013579392541330226,-0.05594771241830061,0.04465974625144173,-0.1515263360246059,-0.039784698193002635,0.02183006535947707,0.03153402537485579,-0.0045136485966935785,-0.12099961553248749,0.19006535947712416,0.012672049211841582,-0.1858285274894271,0.20029219530949632,-0.03301038062283733,0.18642829680891962,-0.009711649365628575,0.22867358708189153,0.0943483275663206,-0.0015378700499807628,-0.13241830065359475,-0.1412995001922337,0.02766628219915415,-0.22502883506343715,-0.1529719338715878,0.1340253748558246,-0.17697808535178775,0.046312956555171064,-0.10352172241445594,0.06103806228373699,-0.13372549019607838,0.029296424452133762,0.07778546712802764,0.122637447135717,0.13427912341407147,-0.09125720876585926,-0.17696270665128794,-0.054994232987312514,-0.029219530949634726,-0.03682429834678967,0.020576701268742767,0.04512110726643594,-0.1344636678200692,0.2469050365244137,-0.07504805843906187,-0.01922337562475966,-0.010765090349865414,-0.10850442137639364,0.025890042291426343,0.02788158400615145,0.28039984621299496,0.06325259515570929,0.06693579392541325,-0.241361014994233
AngMaMyMyRt37347-00,4,6,20,kmeans,-11.885144333333335,130.62460283333334,2021,0.09505062155581183,0.07994873766500063,-0.2073253876714084,0.022258105856721715,-0.1656696142509291,0.14267333077021654,0.1361322568242983,0.2280866333461489,-0.10103806228373702,-0.030757400999615478,-0.06522619505318465,0.09830065359477122,-0.03323849801358445,0.08784313725490192,-0.11058310906061769,0.03846725618351912,-0.06220171728822245,0.039482250416506444,0.001814686658977313,-0.034540561322568206,0.25247725233884405,0.09844418813276938,-0.14365756760220424,0.2292861719851339,-0.05310777905933611,0.22479559143919003,0.022832244008714562,0.21810073048827375,0.12485454312443928,0.04114315007048566,-0.07721132897603482,-0.012036396257849538,-0.0532205561963347,-0.16581314878892728,-0.16022555427399715,0.09654748173779312,-0.11900038446751246,0.03715494040753552,-0.03660130718954242,0.09499935922081247,-0.12091759579648848,-0.003250032038959379,0.07905677303601175,0.0861412277329232,0.10960912469562983,-0.057711136742278575,-0.08102524669998715,-0.049888504421376365,-0.02466743560169163,0.01957195950275535,-0.04266051518646671,-0.012713059079841047,-0.18007433038574902,0.2795027553505063,-0.04325515827245927,-0.04679225938741506,-0.028778674868640226,-0.06398564654620013,0.0512623349993592,0.10816352684864791,0.208237857234397,0.016332179930795818,0.06384211200820193,-0.3651928745354351
AngMaMyMyRt37410-00,0,24,63,kmeans,-16.8119415,134.43454908333334,2022,-0.0273920287069076,0.1644290657439446,-0.04742022299115724,0.13916698705626038,-0.12872997565039085,0.1834909650134563,0.04212482378572338,0.30343713956170704,-0.1245008330129437,-0.10140971421248235,-0.022496475714468764,-0.022235037805972028,-0.08688196847366392,0.009696270665128785,-0.14450339612969368,-0.12087658592848903,0.0632038959374599,0.11812379853902341,-0.06178649237472762,-0.10341919774445722,0.16306805074971162,0.021696783288478766,-0.16201460976547477,0.11262334999359218,-0.03328207099833394,0.07439446366782004,0.05204921184159936,0.17427399718057154,0.0913802383698577,-0.004700756119441218,-0.16960912469562983,-0.1666743560169165,-0.000740740740740738,-0.25362296552607966,-0.08086889657823912,0.15726259131103418,-0.15699602716903752,0.007397154940407515,-0.07268742791234135,0.09039343842112003,-0.08400358836344993,0.05197488145585029,0.09141868512110723,0.1613635781109829,0.15898756888376261,-0.08573625528642825,-0.16852748942714338,-0.0829962834807125,0.005913110342176092,-0.056960143534537946,0.09240804818659486,0.02357298474945531,-0.1654133025759323,0.18908368576188642,-0.059935922081250766,-0.050454953223119256,-0.024308599256696102,-0.10988850442137635,-0.004536716647443262,-0.04175060874022807,0.2877508650519031,0.14154812251698062,0.08638216070742019,-0.13679354094579005
AngMaMyMyRt37410-00,1,8,63,kmeans,-13.2023905,134.4007995,2021,0.06722029988465972,0.017700884275278717,-0.1732641291810842,-0.0460130718954248,-0.14931949250288346,0.12292195309496344,0.143760092272203,0.2750019223375625,-0.1476509034986543,0.07454825067281812,-0.04326797385620908,0.10654363706266817,0.002483660130718962,0.12549788542868126,-0.12349865436370622,0.06274509803921567,-0.09850826605151863,-0.047773933102652814,0.02248366013071896,0.042629757785467084,0.16463667820069203,0.10254517493271813,-0.09277970011534023,0.16169165705497884,-0.06544405997693192,0.2326489811610919,-0.010149942329873088,0.22405228758169934,0.08723567858515952,0.052818146866589734,-0.0500192233756247,-0.032987312572087604,-0.1418608227604767,-0.10493656286043825,-0.133517877739331,0.05946943483275657,-0.05790849673202614,0.120076893502499,-0.02262975778546711,0.0806612841214917,-0.11886966551326411,-0.06494425221068814,0.08672818146866587,0.023813917723952367,0.1103652441368704,-0.07134948096885811,-0.12081507112648979,-0.03173394848135329,0.012510572856593585,0.0430526720492118,-0.10369088811995385,-0.040953479430988024,-0.1386851211072664,0.3230449826989619,-0.05333333333333331,-0.021237985390234512,-0.054786620530565155,-0.0757400999615532,-0.007820069204152222,0.16648981161091883,0.16471357170319104,-0.1072510572856593,0.06622837370242211,-0.2893348712033833
AngMaMyMyRt37410-00,2,21,63,kmeans,-15.065913904761905,133.0530968571429,2020,0.040453305505208564,0.08876000073231904,-0.1200270958056425,0.059637135900111646,-0.12112850368905728,0.15081671884440045,0.06539609307775394,0.2999491038245363,-0.16451987330880063,-0.10202376375386753,-0.05933834971897252,0.0010428223577012563,-0.04265905054832386,0.0356492923966972,-0.12430383918273188,-0.05231394518591746,0.014605371560388838,0.053002325113051724,-0.023062192197140285,-0.12374727668845313,0.1941934420827154,0.016040716940370892,-0.16967832884787898,0.22215338422950875,-0.017768989948920712,0.13884183738855016,0.02643378920195526,0.2180729023635598,0.0989714578641914,0.006658244997345324,-0.13909668442540413,-0.15411215466578781,0.048839823511103775,-0.2269163874700207,-0.1441760495047692,0.13783709562256272,-0.16573845224364253,0.03729554566924807,-0.07815602057816587,0.047386902473407606,-0.09897438714047707,0.026999139525091045,0.05485948627817136,0.14267333077021654,0.15258307244466413,-0.06603174603174597,-0.1379191153585617,-0.05471888101645882,-0.02054594386774314,-0.026615404331667286,0.02062503432745645,0.0564032148807235,-0.16198604932168942,0.22720931509858844,-0.09235129345855986,-0.04463924131744197,-0.01809413961663093,-0.10925321762692002,0.03448051115871181,0.01957342414089816,0.23971732483843208,0.08315629519781766,0.07632229362333165,-0.2538891635085407
AngMaMyMyRt37410-00,3,9,63,kmeans,-13.868114333333333,136.620045,2021,0.03936263830150792,0.07973685334700326,-0.12944764834038186,0.05753684480328074,-0.1792609680037592,0.14861292665214232,0.12705540604041177,0.24402238455294972,-0.13022683583237216,0.045452603699431805,-0.011804007005852421,0.08329104190695882,-0.01956170703575543,0.08860865479089236,-0.1601708744499978,0.004224016403947189,-0.008379683027895227,-0.00848220769789395,-0.02045025417574437,-0.038419411337519735,0.23340766371908236,0.13207227989234904,-0.16347216882395657,0.21074971164936562,-0.0399641163655004,0.22730402836515867,-0.009473279507881602,0.20079114870349007,0.08478106711094019,0.04644367550941941,-0.09382374300482717,-0.012596864453842525,-0.13229783416634625,-0.12050749711649365,-0.17058054594386773,0.11682344397453967,-0.15913879277201073,0.12450595924644363,-0.009801358451877476,0.0983416634627707,-0.08841044042889484,-0.04643684053141951,0.03623905335554697,0.027838865393652004,0.11174505532060315,-0.08023580674099702,-0.049416890939382244,-0.049553590499380545,-0.022603272245717426,0.02261694220171727,-0.04470759109744114,-0.01286342859583919,-0.17045068136186933,0.318879063608014,-0.06698961937716261,-0.05772138920927844,-0.044789610833440116,-0.07471314451706604,-0.02175573497372805,0.08213593062497326,0.15891323849801353,-0.003766072877952914,0.10613353838267331,-0.27724721261053437
AngMaMyMyRt37410-00,4,1,63,kmeans,-12.45985,130.52982,2021,-0.0669896193771626,-0.1417301038062283,-0.2364628988850442,-0.0517339484813533,-0.04484429065743941,-0.048227604767397105,0.1537870049980776,0.1085121107266436,-0.0797231833910034,0.16633602460592067,0.16,-0.0935640138408304,-0.0297731641676278,-0.075355632449058,0.06698961937716261,0.003014225297962296,0.02977316416762779,-0.0888273740868896,0.015747789311803095,0.03254133025759319,0.07535563244905799,0.2214532871972318,-0.1998615916955017,0.1301653210303729,-0.1417301038062283,-0.18608227604767397,-0.0199307958477508,-0.08421376393694727,0.0935640138408304,-0.1085121107266436,-0.1245674740484429,0.33685505574778934,0.059115724721261004,-0.075355632449058,-0.1190926566705113,0.0384467512495194,0.0711111111111111,0.0325413302575932,-0.0415840061514801,0.16,-0.1034063821607074,-0.1929104190695886,0.1929104190695886,0.08421376393694728,-0.09356401384083038,0.012056901191849202,-0.1537870049980776,0.05536332179930789,-0.11909265667051132,0.015747789311803095,0.20693579392541328,0.2069357939254133,-0.2599000384467512,0.008858131487889193,0.027128027681660907,0.03254133025759319,-0.03254133025759319,0.07535563244905802,0.1245674740484429,0.013840830449826903,0.1417301038062283,-0.2141330257593233,-0.041584006151480106,0.14769703960015376
AngMaMyMyRt37474-00,0,4,20,kmeans,-34.871227,135.70693574999999,2023,-0.0390157631680123,0.03984621299500188,0.1321184159938485,-0.00026143790849670126,-0.26197616301422527,-0.054102268358323706,0.07404844290657435,0.3418685121107266,0.0352941176470588,0.20702806612841212,0.17116493656286041,0.04450595924644362,0.13628604382929638,0.18256055363321796,-0.0025528642829680467,0.0031218762014609235,-0.05968473663975388,0.061868512110726595,-0.08256824298346785,0.12664359861591692,-0.13245674740484423,0.10499038831218757,-0.013471741637831625,0.033894655901576295,-0.10908112264513645,0.09277970011534023,-0.14283737024221446,0.08212226066897343,-0.11132641291810838,-0.07621683967704725,-0.16681276432141484,-0.11126489811610915,-0.17962322183775464,-0.17288735101883884,0.006628219915417146,-0.006843521722414442,-0.157277970011534,0.12984236831987692,-0.10093041138023835,0.1696270665128796,-0.04190695886197618,-0.10546712802768161,-0.060161476355247906,-0.0844290657439446,0.26469819300269126,-0.07377162629757779,-0.028327566320645897,-0.0678200692041522,-0.031787773933102614,0.009980776624375229,0.06945021145713183,-0.018638985005766946,-0.02019223375624755,0.08239907727797,-0.12355247981545556,-0.35106497500961165,0.08035371011149554,0.015394079200307576,-0.0982698961937716,0.020299884659746248,-0.04991926182237594,0.014532871972318312,0.13513264129181082,0.06320645905420988
AngMaMyMyRt37474-00,1,3,20,kmeans,37.458284666666664,-122.10893633333335,2019,0.031782647699602665,-0.21958733820325513,0.05565039087530435,0.11962578495450465,0.008858131487889248,0.11919518134050998,-0.03680635652953987,0.16834550813789564,-0.05858259643726765,-0.00524926310393434,0.22744072792515702,-0.11386389850057665,-0.15589901320005128,-0.19770857362552863,0.023416634627707225,-0.08228630014097141,-0.05261566064334226,0.012836088683839564,-0.2415891323849801,-0.06633346148917078,0.02913751121363574,-0.027169037549660355,-0.12633089837242084,0.12493656286043825,0.028030244777649586,0.16719723183391,0.032356785851595474,-0.04865820838139173,0.21113930539536077,-0.01792131231577597,-0.03313597334358572,-0.10701525054466227,0.10357042163270536,-0.13231833910034602,-0.08368063565295394,0.16268614635396636,0.1144585415865692,0.017716262975778573,-0.17585031398180184,0.08903242342688707,-0.06828143021914647,-0.2522516980648468,-0.008058439061899236,-0.07929257977700882,0.28413687043444824,0.08985262078687681,-0.010601050877867436,0.14605664488017428,0.06631295655517107,0.03756503908753038,-0.21442009483531976,0.18097654748173778,-0.0340586953735742,0.11911316160451108,-0.1038779956427015,-0.20482378572343973,0.14035627322824548,-0.059894912213251245,0.031105984877611126,0.043593489683455076,0.08755606817890553,-0.0847468922209406,0.06983980520312698,0.11878508266051513
AngMaMyMyRt37474-00,2,8,20,kmeans,-34.88977275,135.71672625000002,2023,-0.015786236063052662,0.03487120338331404,0.14252979623221834,-0.034109957708573606,-0.25437908496732026,0.008619761630142234,0.05949250288350632,0.29189542483660125,-0.03943098808150708,0.2340407535563245,0.11843906189926948,0.03251057285659361,0.08160707420222986,0.23221068819684737,-0.06727412533640906,0.03324106113033446,-0.016570549788542888,-0.00790465205690117,-0.09083429450211454,0.1497885428681276,-0.08268358323721642,0.04286043829296422,0.02858131487889269,-0.039946174548250654,-0.14077662437524027,0.10422145328719722,-0.13420222991157243,0.14445213379469432,-0.1571703191080353,-0.07940792003075736,-0.1333333333333333,-0.10013071895424834,-0.13370242214532868,-0.16844290657439445,0.06568242983467894,0.0015455594002306743,-0.18053825451749325,0.1373241061130334,-0.1730103806228373,0.13357939254133025,-0.07530949634755858,-0.13274125336409068,-0.06845059592464434,-0.03585544021530178,0.25257977700884277,0.028811995386389837,-0.06070742022299114,-0.044659746251441736,-0.0517800845828527,-0.058600538254517456,0.07104959630911185,0.02631295655517106,-0.020207612456747372,0.04146866589773163,-0.05124183006535946,-0.37561707035755476,0.12908112264513644,0.10751249519415607,-0.0384313725490196,0.019623221837754695,-0.003637062668204516,-0.032433679354094545,0.12100730488273737,0.06317570165321026
AngMaMyMyRt37474-00,3,2,20,kmeans,-35.3188455,136.27183150000002,2021,-0.08688965782391385,0.07778546712802759,0.12921184159938484,0.017993079584775102,-0.26851211072664355,-0.06692810457516335,0.053302575932333646,0.3237216455209535,0.017931564782775855,0.22591311034217607,0.06311418685121109,-0.015532487504805799,0.07197231833910027,0.14197616301422522,-0.020915032679738498,-0.0519800076893502,-0.05367166474432905,0.14594386774317566,-0.03697039600153785,0.18159169550173004,-0.058377547097270235,0.15600153787004997,-0.09562475970780467,-0.034755863129565495,-0.10396001537870045,0.040322952710496004,-0.05274894271434065,0.07507881584006149,-0.13376393694732788,-0.1206305267204921,-0.08135332564398305,-0.12921184159938484,-0.12367550941945399,-0.1540330642060745,0.07978469819300266,0.05560938100730485,-0.2037677816224529,0.1301653210303729,-0.14775855440215296,0.1547712418300653,-0.0941176470588235,-0.073356401384083,-0.11374086889657821,0.014425221068819702,0.21791618608227603,-0.013133410226835847,0.054655901576316744,-0.09940792003075735,-0.09411764705882351,0.04124567474048442,0.1762091503267974,-0.0232833525567089,-0.08888888888888886,0.047274125336409,-0.08233756247597074,-0.37945405613225675,0.0662206843521722,0.08209150326797379,-0.0492118415993848,0.021038062283736995,-0.01254901960784316,-0.0288196847366397,0.1085121107266436,0.029527104959630908
AngMaMyMyRt37474-00,4,3,20,kmeans,-34.854137333333334,136.63840566666667,2024,-0.04818659489939763,-0.05987440727925153,0.15108035371011147,0.06063308983724203,-0.2632423426887095,-0.04634115083942067,0.06212995001922333,0.3256593617839292,-0.01757272843778032,0.1537665000640779,0.16760733051390486,0.03239779571959497,0.05003203895937457,0.20039471997949504,0.0366833269255414,0.01876201460976543,-0.04833012943739587,0.06188389081122643,-0.11550429322055616,0.19016275791362294,-0.03030629245162113,0.09106241189286166,-0.010088427527873867,0.0094117647058823,-0.12323465333845955,0.099756503908753,-0.11995386389850056,0.05062668204536714,-0.08257336921696781,-0.09789055491477633,-0.14884531590413944,-0.1397001153402537,-0.2062181212354222,-0.20949891067538123,0.015440215301806998,-0.001004741765987421,-0.15688325003203896,0.08767909778290395,-0.1245469691144431,0.0890939382288863,-0.1573343585800333,-0.1036934512367038,-0.08099448929898753,0.011831346917852065,0.28493656286043834,-0.024769960271690327,-0.003465333845956667,-0.015358195565808034,-0.06942970652313209,-0.009432269639882099,0.09171856978085345,-0.052882224785338924,-0.07389978213507618,0.060284505959246434,-0.08029732154299629,-0.3589388696655132,0.029773164167627805,0.01088811995386387,-0.073756247597078,0.036478277585544,0.08566961425092909,-0.03446879405356906,0.11618095604254772,0.036847366397539376
AngMaMyMyRt37483-00,0,4,25,kmeans,-35.043695,117.78663975,2024,0.09748558246828141,-0.007750865051903047,0.001014994232987329,-0.07120338331410991,-0.17623990772779694,-0.15546328335255666,-0.013564013840830447,0.23686274509803917,0.11980007689350244,0.20636678200692038,0.18033064206074584,0.10821991541714723,0.083275663206459,0.1018069973087274,0.13178008458285273,0.12853517877739326,-0.1664898116109188,0.14508266051518642,-0.1823452518262206,0.15404844290657435,-0.21822376009227223,0.03956939638600535,-0.000645905420991905,0.11432525951557089,-0.12582852748942713,0.12553633217993074,-0.1730103806228373,0.133194925028835,-0.05350249903883117,-0.011980007689350251,-0.14880430603613992,-0.02039215686274505,-0.1016685890042291,-0.02415993848519793,-0.0710188389081122,-0.10825067281814682,0.03861591695501729,0.08455209534794308,-0.001368704344482885,0.2022145328719723,-0.0076278354479046365,-0.10066897347174159,-0.010196078431372498,-0.0452133794694348,0.24272202998846598,-0.06869665513264125,-0.14754325259515566,-0.13310265282583617,-0.10159169550173007,0.04401384083044978,-0.020930411380238337,-0.08922722029988461,0.05625528642829675,-0.007566320645905407,-0.2181007304882738,-0.29651672433679355,0.046274509803921525,0.013056516724336777,-0.12378316032295267,-0.0557170319108035,-0.04106113033448669,0.06162245290272968,0.029511726259131094,0.048535178777393266
AngMaMyMyRt37483-00,1,7,25,kmeans,-34.61580185714286,118.86139985714286,2023,0.06038995990553081,-0.005835118361069883,0.05443181194046241,-0.05191849288735096,-0.22357115395177676,-0.030326797385620913,-0.007443291041906969,0.26763332784094024,0.046470038995990524,0.23747349920360297,0.17933322348547254,0.043086724886032816,0.049879716592519344,0.15719668259460645,0.07494260449277748,0.07538199593562914,-0.10374031965727462,0.053605756027901325,-0.1637084637776679,0.19356071840500905,-0.14827703630471795,0.051233042236502414,0.02116987971659247,0.041847641017191184,-0.14760916131158341,0.11231724062173885,-0.18762014609765473,0.14316251990992473,-0.07403745812050305,-0.05865875762069529,-0.13318833415719228,-0.05276212445762615,-0.14686219585873564,-0.12219476025704394,0.014552644587246644,-0.012654473554127499,-0.05116273960564617,0.12673806777613003,-0.1254989839072884,0.16207392761025974,-0.05893118031526331,-0.12143021914648208,-0.017584445542923037,-0.015853243258087558,0.26779150876036684,-0.038183116383808405,-0.09214038556599108,-0.1297171417586642,-0.05521392870873837,-0.004007249958807052,0.03309496347558631,-0.014570220244960732,0.05860603064755307,0.042884604822321044,-0.1553512385346295,-0.35185587960674464,0.06984566375569833,0.07871258307244462,-0.08718405009062447,0.02736529906080077,0.01763717251606524,0.005000274619651801,0.10163124073158675,0.022821991541714735
AngMaMyMyRt37483-00,2,1,25,kmeans,-34.918755,135.684312,2022,-0.07535563244905802,0.0842137639369473,0.1137408688965782,-0.0199307958477508,-0.2599000384467512,0.017777777777777712,0.017777777777777698,0.3014225297962323,-0.0711111111111111,0.10851211072664362,0.1245674740484429,-0.05911572472126099,-0.032541330257593204,0.1245674740484429,-0.008858131487889203,0.0415840061514801,0.1245674740484429,-0.0271280276816609,-0.1190926566705113,0.16,0.041584006151480106,-0.0797231833910034,-0.0517339484813533,-0.08882737408688958,-0.006151480199923105,0.0669896193771626,0.04158400615148011,0.1417301038062283,-0.3188927335640138,0.017777777777777705,-0.0039369473279507045,-0.0297731641676278,0.075355632449058,-0.1301653210303729,-0.035432525951557,-0.01039600153787,-0.17937716262975767,0.17279507881584,-0.18608227604767397,0.16,-0.0797231833910034,-0.035432525951557006,-0.13588619761630139,0.0199307958477508,0.2679584775086506,0.032541330257593204,0.1085121107266436,-0.0842137639369473,-0.0448442906574394,-0.0199307958477508,0.16000000000000003,0.05536332179930791,-0.17279507881584,-0.027128027681660893,0.07111111111111111,-0.3368550557477893,0.1417301038062283,0.1245674740484429,0.1663360246059207,0.10340638216070741,-0.01384083044982691,-0.1417301038062283,0.0842137639369473,-0.07535563244905799
AngMaMyMyRt37483-00,3,3,25,kmeans,-35.12454266666666,117.95066833333333,2023,0.07646289888504416,0.09518390362681017,-0.007914904523901,-0.07713956170703573,-0.24163014225297963,0.01591182878380107,-0.05060617711136736,0.2600230680507497,0.13211328976034858,0.16442906574394459,0.21677816224529028,0.08169165705497883,0.0857926438549275,0.044085608099448906,0.19754453415353063,0.17531718569780852,-0.0612687427912341,-0.018064846853774165,-0.246961425092913,0.17291810841983846,-0.17279507881584,-0.06465205690119183,0.043757529155452966,0.09745995130078174,-0.07767268999102904,0.19758554402153017,-0.09891580161476354,0.07681148276303981,-0.14993207740612577,0.08794566192490066,-0.14880430603613987,0.10389850057670122,-0.028009739843649874,-0.0907343329488658,0.0102114571318723,-0.029219530949634732,0.0113392285018582,0.04496732026143787,-0.07221837754709723,0.20937588107138277,0.004388055875945117,-0.0989158016147635,-0.06994232987312567,-0.036478277585544,0.3493220556196335,-0.07123414071510953,-0.013799820581827434,-0.0833730616429578,-0.018495450467768723,0.04730488273740867,-0.013902345251826168,-0.1119979495066,-0.013369216967832838,0.08304498269896189,-0.13418428809432265,-0.3491580161476355,0.08931949250288347,0.027128027681660907,-0.10389850057670123,0.020894527745738765,-0.02565167243367933,0.012179930795847685,0.0629911572472126,0.035924644367550905
AngMaMyMyRt37483-00,4,10,25,kmeans,-34.3981114,124.6045316,2023,-0.04714494425221065,-0.019709342560553622,0.099678585159554,0.04162706651287963,-0.24650211457131874,-0.05560938100730486,0.03582622068435217,0.29253364090734335,0.01552633602460593,0.21453287197231832,0.1461407151095732,0.0035801614763552383,0.07371933871587848,0.15164013840830448,0.02709111880046132,-0.023357170319108018,-0.06679277201076507,0.05776239907727795,-0.15065590157631675,0.18446443675509416,-0.06791234140715104,0.06976393694732794,-0.052047673971549385,-0.020453671664744294,-0.12801845444059973,0.10720184544405996,-0.09580315263360242,0.06862591311034211,-0.10973625528642825,-0.09552633602460588,-0.10987773933102651,-0.11223375624759704,-0.14924106113033447,-0.180958093041138,0.023197231833910033,0.03627527873894652,-0.11792387543252594,0.1313894655901576,-0.11836678200692038,0.1692948865820838,-0.04241445597846981,-0.12882429834678966,-0.05546789696270661,-0.00861822376009228,0.2430634371395617,-0.037339484813533226,0.010722029988465977,-0.0644306036139946,-0.08100884275278734,-0.007055747789311825,0.09450519031141867,-0.011570934256055336,-0.023492502883506333,0.07208304498269895,-0.1092379853902345,-0.3557831603229527,0.06692195309496345,0.062419069588619716,-0.08358631295655514,0.004736639753940813,0.04331257208765854,-0.013367166474432882,0.1284244521337947,0.06943175701653209
AngMaMyMyRt37518-00,0,10,53,kmeans,-26.9898907,153.0780229,2023,0.05379469434832754,0.06820146097654745,-0.024095347943098762,-0.0006151480199922989,-0.21146943483275657,-0.029404075355632442,0.11629373317954628,0.337999231064975,-0.03404844290657437,0.1594525182622068,0.09602460592079964,0.016596693579392537,0.053050365244136824,0.2233356401384083,-0.01086351403306422,0.007117262591311027,-0.10207151095732407,0.02026912725874664,-0.07747174163783158,0.09296116878123795,-0.035352556708958045,0.05868512110726642,-0.1080692041522491,0.11333487120338329,-0.13540023068050747,0.17290580545943865,-0.09224759707804689,0.13486505190311412,-0.012222991157247239,-0.00968242983467894,-0.13542483660130716,-0.06614686658977313,-0.1822314494425221,-0.17999846212994997,-0.09283198769703957,0.041350249903883106,-0.133277970011534,0.13533871587850826,-0.05869127258746633,0.11118800461361011,-0.12433986928104573,-0.061484044598231404,-0.006778931180315258,0.02318492887351018,0.28238985005767014,-0.05368396770472891,-0.06409227220299883,-0.0555909265667051,-0.00839677047289504,0.027767781622452886,-0.01733487120338334,-0.057276432141484014,-0.12919953863898498,0.22478738946559015,-0.1071095732410611,-0.30124413687043444,-0.029607074202229855,-0.06847212610534406,-0.027355632449058025,0.028801230296039967,0.05877739331026527,-0.005948481353325638,0.10811226451364858,-0.13944175317185692
AngMaMyMyRt37518-00,1,11,53,kmeans,-27.50352272727273,152.84197454545458,2022,0.10832756632064588,0.07334242074726499,-0.06678829820698329,-0.0640313166264723,-0.18196078431372548,-0.05663835587711019,0.15247841739191217,0.30481702841564434,-0.008746286393345223,0.15579462444514344,0.0585117612107231,0.03463842578029425,0.07587571213868786,0.3036370626682045,-0.0016161616161616127,0.08599210094019778,-0.12535598196497846,-0.08717206668763755,-0.049223026108839205,0.11346684841494527,-0.06454021180664776,-0.08116598511062174,-0.05737094124637375,0.09647757855370308,-0.12590402292824432,0.23770997168921043,-0.1309482366921813,0.11411554996330081,-0.02372793680752157,0.02334207123134455,-0.1345552409912271,-0.07489706756142739,-0.19493481528083603,-0.17158715179476422,-0.15622522805913808,-0.030886022858341185,-0.157298940966761,0.14056691482297012,0.0271839502289329,0.03595260564118692,-0.13244136870434445,-0.03414630736430041,0.0026059907028765095,-0.013460557128377171,0.2412386844220754,-0.023722344552794344,-0.11758274789416653,-0.013583586732375637,-0.06961797909894793,0.003623781063227416,-0.0820607458669742,-0.11142008318478903,-0.09842368319876965,0.17595470273670963,-0.08805564293453563,-0.19069029394288906,-0.1052238649470483,-0.04310509943727933,0.04908321974065917,-0.0386760336933347,0.062141134528677734,-0.04686868686868685,0.14100870294641918,-0.142630456817308
AngMaMyMyRt37518-00,2,3,53,kmeans,-27.686413,153.08367433333333,2020,0.08337306164295781,-0.11878508266051516,0.01615788799179803,-0.00883762655388954,-0.1090452390106369,-0.1790695886197616,0.0659028578751762,0.14650775342816866,-0.0878226323209022,0.12831987697039599,0.00984236831987699,-0.006664103549916669,-0.05347686787133152,0.0978290401127771,-0.11870306292451616,-0.00410098679994874,-0.020792003075740105,0.04336793540945787,-0.00801742919389973,0.1201179033704985,0.0392464436755094,0.12343970267845698,-0.17338972190183255,0.060981673715237696,-0.1630142252979623,0.22489811610918875,-0.0662924516211713,0.12473151352044085,0.015112136357811064,-0.03617070357554779,-0.02792772010765092,-0.15899525823401253,-0.21610149942329873,-0.134799436114315,0.013143662693835701,-0.056696142509291225,-0.13666538510829163,0.06590285787517616,-0.00721773676790978,0.0896065615788799,-0.2048237857234397,-0.06426246315519667,-0.0026246315519671756,0.09953094963475582,0.2452595155709343,-0.03428424964757137,-0.09625016019479685,0.05677816224529024,-0.031208509547609883,0.02146866589773161,-0.041112392669486075,-0.03617070357554787,-0.2521286684608484,0.18251441753171851,-0.06292964244521335,-0.34753812636165576,0.023724208637703435,-0.0847468922209406,-0.009186210431885132,0.10437011405869537,0.1499730872741253,-0.09460976547481734,-0.07459694989106747,-0.0882532359348968
AngMaMyMyRt37518-00,3,13,53,kmeans,-29.557547307692303,152.95935092307693,2017,0.0802815485168426,0.004149883181025021,-0.10347736077839881,-0.060928045426315296,-0.13830420252565578,-0.0988495549049182,0.14197143110637916,0.33643864785733296,-0.019561707035755438,0.12637506284565106,0.0480619879927838,0.013802975187058225,0.050640877768905426,0.31373968591961665,0.013651554135983186,0.09144411912577999,-0.15465294413391298,-0.08080679028775911,-0.027397746428888252,0.14395410049389284,-0.005295004879779961,-0.06811581344453313,-0.01998757874190398,0.08209860112974297,-0.08836364711797233,0.21849584479342266,-0.1395297666577943,0.1095247390057078,-0.04042468872918699,-0.02057433531481971,-0.09310975068760532,-0.13369059237571343,-0.17913583532960695,-0.1906911542897702,-0.14720492118415993,-0.07631620974181523,-0.16385650489456713,0.1497980066838198,0.06123088752846535,-0.029522373051784775,-0.14003608079732643,-0.05462041226747105,0.04071806701564483,0.026276284269363806,0.24452606985478959,-0.034088664123266166,-0.11492857776594798,0.02020997841067044,-0.06949753053559278,0.018974950462839715,-0.10055304172951228,-0.10960991334693755,-0.07390293674030693,0.17001271700233633,-0.1111572472126105,-0.12459586549551942,-0.15621447372312422,-0.04563925117558332,0.017356637979475315,-0.010935439032324846,0.12475201845444056,-0.06599118682163664,0.12802649868393812,-0.15146837015349124
AngMaMyMyRt37518-00,4,16,53,kmeans,-25.708311124999998,152.83412475,2022,0.12652441368704342,0.11497885428681273,-0.061518646674355984,-0.04361399461745478,-0.1911111111111111,-0.09165705497885426,0.1383506343713956,0.2755594002306805,-0.026447520184544396,0.20866205305651672,0.07040753556324486,0.0445251826220684,0.08146866589773162,0.2527028066128412,-0.052748942714340594,0.00940023068050748,-0.08891580161476352,-0.03530949634755858,-0.06151480199923103,0.091757016532103,-0.07449058054594382,-0.022525951557093388,-0.14674356016916565,0.16279507881584002,-0.13577854671280273,0.24677816224529028,-0.13348327566320642,0.147116493656286,0.055117262591311,-0.019046520569011904,-0.15953863898500573,-0.07651287966166855,-0.1914763552479815,-0.18287197231833904,-0.12802383698577466,0.0014109957708573788,-0.13788158400615144,0.13635909265667046,0.05028835063437136,0.06288735101883888,-0.13693194925028832,-0.018162245290272945,0.0006612841214917453,-0.018089196462898846,0.20755478662053053,-0.05605920799692422,-0.13557477893118028,-0.05115340253748554,-0.04484813533256439,0.038961937716262926,-0.05668589004229138,-0.11585928489042674,-0.10719338715878504,0.2288696655132641,-0.10079969242598996,-0.2072856593617839,-0.07692810457516337,-0.10811610918877353,-0.00585159554017687,-0.08165321030372931,0.05840830449826986,0.02805843906189924,0.09865820838139172,-0.14424836601307187
AngMaMyMyRt37525-00,0,16,46,kmeans,-37.5263616875,144.5299223125,2021,0.054648212226066875,0.04423683198769701,-0.000965013456362962,-0.04965013456362934,-0.19266435986159167,-0.10344098423683197,0.1834717416378316,0.2748904267589389,0.05023836985774699,0.1098923490965013,0.14855055747789309,-0.006266820453671659,0.06294502114571314,0.27600153787004994,0.03928104575163394,0.05799692425990001,-0.11181084198385233,-0.012483660130718936,-0.11429450211457129,0.2602883506343714,-0.046370626682045314,-0.028596693579392523,0.04675124951941557,0.05082660515186461,-0.048127643214148356,0.10550173010380617,-0.17653979238754322,0.017024221453287178,-0.04983083429450208,-0.05569011918492883,-0.17188004613610147,-0.14272971933871587,-0.19698577470203765,-0.16431372549019604,-0.06555940023068046,-0.17668589004229143,-0.16833910034602073,0.07777777777777775,0.0556209150326797,-0.03711264898116108,-0.19590157631680125,-0.0772049211841599,-0.0355094194540561,-0.0360207612456747,0.23842368319876966,-0.08346405228758166,-0.07009611687812375,-0.09321799307958474,-0.16377162629757785,-0.024217608612072235,-0.0311649365628604,-0.1846712802768166,0.006720492118415992,0.07009611687812375,-0.12934640522875812,-0.20209919261822373,-0.10514033064206071,-0.02849673202614376,-0.06410226835832368,-0.09538254517493269,0.04414071510957321,-0.007143406382160697,0.16405613225682428,-0.015763168012302937
AngMaMyMyRt37525-00,1,7,46,kmeans,-36.327493999999994,141.69429900000003,2024,-0.06763113088372599,0.03841159993409128,0.2387037952435876,0.0016608996539792288,-0.22104025924095128,-0.0026099851705388005,0.1415104080848025,0.33555445707694836,-0.0047805788982259595,0.0913494809688581,0.14809249189872023,-0.014508705442961477,0.07295655517108797,0.30738067776130057,-0.043596418959740715,-0.04155764266490905,0.005843906189926917,0.015018399516669403,-0.06689295325973524,0.13485802164002852,-0.12308233097160429,0.04631185807656393,-0.008418740045037572,-0.10262426539243145,-0.09935519305761517,-0.030616795737902963,-0.09131432965342999,0.10272971933871586,-0.11240511891030919,-0.13624649859943974,-0.1640511891030922,-0.14467402647333436,-0.19778766408524193,-0.1439094853627725,0.02893832042620965,-0.003752402921953102,-0.23879167353215797,0.08098863074641618,-0.15505245235349033,0.10685999890152138,-0.13163288844949741,-0.03647827758554397,-0.020712912616026785,-0.018621409348052932,0.2163299829735816,-0.009991761410446488,-0.06017905201296202,-0.0931334102268358,-0.11802054154995327,-0.10602515516010322,0.12320536057560276,-0.04231339594661391,-0.07376503542593504,-0.004929971988795488,-0.05417696490360847,-0.22198055692865382,0.05733179546328329,0.07505684626791889,0.01262811006755643,-0.03804251112209587,0.03226890756302517,0.02255835667600374,0.1525830724446641,0.0954797605316636
AngMaMyMyRt37525-00,2,10,46,kmeans,-36.579446299999994,144.5948341,2022,0.02616224529027295,0.07682583621683964,0.08740638216070737,-0.001648596693579401,-0.19064052287581695,-0.06556862745098035,0.20691733948481356,0.2992018454440599,0.06083198769703957,0.11805305651672429,0.12772318339100341,-0.05151249519415606,0.08752326028450592,0.2826789696270665,-0.01951864667435599,-0.02044136870434447,-0.060819684736639706,0.02653748558246827,-0.10827835447904649,0.21311188004613607,-0.0802460592079969,0.015224913494809677,0.02164705882352938,0.010519031141868515,-0.07017608612072276,0.05086043829296419,-0.116878123798539,0.013871587850826598,-0.03908650519031136,-0.08225759323337174,-0.17055594002306804,-0.14999769319492498,-0.2202968089196463,-0.21268127643214146,-0.03568473663975392,-0.15256901191849284,-0.21001768550557476,0.07376855055747787,-0.004687427912341405,0.048424452133794656,-0.1496409073433295,-0.06029065743944631,-0.05295809304113798,-0.01560630526720492,0.2781330257593233,-0.06296039984621296,-0.09248135332564394,-0.09018685121107262,-0.13816224529027293,-0.034577470203767745,-0.0202875816993464,-0.16318031526336021,-0.05709188773548632,0.07966782006920413,-0.11089273356401377,-0.18528873510188387,-0.03218454440599766,-0.012628988850442124,-0.08058439061899267,-0.07691195693963855,0.011952326028450574,0.05043598615916951,0.15536793540945787,0.06820761245674739
AngMaMyMyRt37525-00,3,12,46,kmeans,-36.01457166666667,142.26243258333332,2023,-0.10769703960015375,0.024529027297193348,0.10626682045367164,0.09302063308983718,-0.21973087274125336,-0.11279764193259,0.1701243111623734,0.33763424323977953,0.014322696398820958,0.08673587081891576,0.10191977444572597,0.0006510316544918737,0.0965321030372933,0.2429475842624631,-0.03530437011405867,-0.07815455594002305,-0.10340638216070738,0.09286684608483912,-0.10185825964372675,0.17434832756632063,-0.07885684992951425,0.03552992438805584,-0.03682686146353964,-0.06030501089324612,-0.044377803408945225,0.020597206202742524,-0.08051262334999358,0.005280020504933983,-0.040584390618992675,-0.13900294758426243,-0.18875304370114057,-0.21268742791234138,-0.22916826861463538,-0.19872356785851591,-0.02760476739715493,-0.059761630142252935,-0.20120979110598483,0.07986671792900164,-0.005413302575932338,0.05611175189029856,-0.10930667691913364,-0.05435858003332047,-0.012174804562347805,3.5883634499547096e-05,0.23382801486607713,-0.07856465462001791,-0.04519800076893499,-0.0659746251441753,-0.10196591054722538,-0.005956683326925533,0.08378316032295267,-0.1346610278098167,-0.04024093297449696,0.05734204793028319,-0.12274766115596564,-0.19511982570806097,-0.06557477893118027,-0.010924003588363432,-0.07972830962450336,-0.09086761501986412,0.07832884787902085,0.06594899397667563,0.1258695373574266,0.1340151223888248
AngMaMyMyRt37525-00,4,1,46,kmeans,-36.558689,143.86586,2024,-0.0157477893118031,-0.0935640138408304,0.07535563244905802,0.0271280276816609,-0.1998615916955017,-0.0246059207996924,0.0271280276816609,0.3014225297962323,-0.1663360246059207,0.1137408688965782,0.23646289888504424,-0.0711111111111111,-0.027128027681660893,0.186082276047674,0.015747789311803102,-0.0177777777777777,-0.01039600153787,-0.13016532103037287,-0.1476970396001538,0.03844675124951939,0.017777777777777705,-0.0517339484813533,-0.0553633217993079,0.1137408688965782,-0.1537870049980776,-0.09842368319876968,-0.1417301038062283,-0.06698961937716261,-0.0629911572472126,0.0984236831987697,-0.3014225297962323,-0.1137408688965782,-0.01993079584775079,-0.1358861976163014,0.024605920799692402,-0.059115724721261,0.1476970396001538,-0.1034063821607074,-0.0935640138408304,0.1663360246059207,-0.2519646289888504,0.0088581314878892,0.05536332179930789,-0.0482276047673971,0.0888273740868896,-0.048227604767397105,-0.17279507881584,-0.0669896193771626,-0.17937716262975772,-0.17279507881584,0.10851211072664362,-0.03543252595155699,-0.1301653210303729,-0.1793771626297577,-0.0517339484813533,-0.2761399461745483,0.007443291041906899,0.0842137639369473,0.013840830449826896,0.0061514801999231,0.12456747404844291,-0.06299115724721262,0.1663360246059207,0.1085121107266436
AngMaMyMyRt37558-00,0,46,299,kmeans,-30.449722978260876,151.61102552173915,2022,0.14483258947227654,0.07171288634806008,-0.018463801547899644,-0.08273607141066142,-0.07817728967119666,-0.116676194774585,0.14301790281329918,0.2312876318472828,0.1361202213195593,0.07499590458519295,0.18588569613693728,-0.17800110325460103,0.0695946375139996,0.23796466242080805,0.031837921869515055,0.05683700249068081,-0.06936195108904597,0.020602109556525063,-0.07471641341958773,0.09242197816893166,-0.09882085485515599,-0.012266853885629269,-0.026772311652708797,0.1100392825501897,-0.09828594353342357,0.06059475452585124,-0.09233238052254146,0.10014609765474813,-0.005363823278672082,-0.08425120772946856,-0.16560319609514731,-0.07355699312973267,-0.20817678819183258,-0.14302726376142952,-0.13835615064440093,-0.26944285642645804,-0.1278705514601407,0.06252177256239237,-0.00522340905671731,0.06624876719656315,-0.17012052220717783,0.017245541012653985,-0.07414004647042102,-0.03325677415041034,0.21951289637764737,-0.09983718636644764,-0.14707386791033544,-0.10390251241161422,-0.21738127476054364,-0.07112448389415439,-0.06887651906457379,-0.12057703558831884,-0.033012052220717764,0.18573190913193918,-0.08866823796867421,-0.11345067950453834,-0.034678300987914315,-0.11688347291175631,-0.073360413218996,-0.09447737492268857,-0.00509369306119721,0.017816558848603364,0.15750597596242244,-0.13832271868679266
AngMaMyMyRt37558-00,1,45,299,kmeans,-30.31881871111111,151.75428277778002,2019,0.0853401683113332,0.019101029518561227,-0.1241983852364475,-0.05983339741125205,-0.03812414028792341,-0.08516929386133534,0.13183305566235207,0.2927708146439404,0.07039070442992007,0.013369216967832873,0.12894459395958813,-0.1101019266094237,0.04584219744542693,0.25817078901277285,0.06939143064633257,0.059186808492460136,-0.11280037592378997,-0.07957964885300522,-0.03858481780511766,0.10830022640864621,0.03991900551070099,-0.07907112648981153,-0.022459737707719245,0.08247221154256905,-0.07874168055021573,0.11774889999572812,-0.13010107223717368,0.10561271305907982,-0.02286573540091416,-0.09449903883121871,-0.159837327523602,-0.13777265154427779,-0.18945055320603185,-0.1537077192532786,-0.06049912426844372,-0.1827577427485155,-0.14282370028621466,0.07227442436669652,0.009548464265880643,-0.05180229826135245,-0.17117245503866033,-0.04686744414541412,-0.018353282925370563,0.055214319278909796,0.19060976547481737,-0.09357768379683025,-0.11943987355290697,-0.0024182152163697707,-0.21416036567132302,-0.10518621043188514,-0.025821179888077236,-0.115837840146952,0.02213849374172324,0.17665274039899181,-0.05291913366653848,-0.11548925626895633,-0.12170771925327863,-0.07488401896706391,-0.07709308385663631,-0.09755290700158056,0.11908992267931134,-0.013928318168225887,0.12055944294929297,-0.2021239694134734
AngMaMyMyRt37558-00,2,38,299,kmeans,-30.287552947368418,151.6948283421053,2023,0.07018515145996475,0.053198972055282345,-0.0742564600659665,-0.017740545134462445,-0.07725449725813954,-0.07985268823731759,0.15017381978591227,0.31135717031910803,0.08996863554503325,-0.022009348631093287,0.17798174791072258,-0.1932374188065319,0.046527853659523624,0.20424209312207853,0.0937356077621967,0.005146198830409364,-0.052789412978813774,-0.022608308545296323,-0.07502053865922009,0.05378498148485398,0.01963131589064933,-0.051120419271939894,-0.08128857322082597,0.07101883890811223,-0.11232602845059592,0.09496914142333916,-0.044991602420121776,0.11893563204435537,-0.027790121208442084,-0.09586758129464373,-0.1537497723547623,-0.1240559299055019,-0.17626257107590199,-0.16873186426273293,-0.045370404095590726,-0.14537080879823547,-0.16482405552520282,0.08351767538800862,-0.07717679435035106,0.019815860296647017,-0.1334919767700682,-0.0236993868754932,-0.05540055444262326,0.07841518444323031,0.23950788158400615,-0.12746514498472244,-0.0730860600174022,-0.0484396689532366,-0.20982051437706145,-0.12566017118921868,-0.012395232602845072,-0.10824176935996274,-0.050914830328416164,0.22866185070519435,-0.05390153584653671,-0.14034602076124564,-0.06354964689694242,-0.11672433679354093,-0.045956413525162366,-0.09122159493312285,0.11693154454764357,0.012335336611424746,0.1473894655901576,-0.16786256298184904
AngMaMyMyRt37558-00,3,23,299,kmeans,-30.40665356521739,151.56486204347823,2022,0.07102285074302525,0.09596576567540907,0.08349965732243447,0.03583103488624773,-0.1171027865536666,-0.08311452117078713,0.19218293967203248,0.29095164067331963,0.12716179395884522,0.00048142018955920685,0.17278705514601406,-0.19144476204804167,0.025397589555856456,0.15726125403272984,0.09950152951206054,-0.03447770924226466,-0.08318940875582967,0.0847673971549404,-0.06616318138508595,0.002342911589188104,-0.008641492402587625,0.0006392190294702562,-0.054721428213229006,0.05913712117413033,-0.11176972067599415,0.009160356384668097,-0.007946107684335457,0.03993113016732691,-0.11846681042408436,-0.12308309513063534,-0.20601039733881615,-0.10362837035922635,-0.1798050916871437,-0.20650519031141865,-0.033068217909499646,-0.14233187904317735,-0.049297427410862016,-0.013311268241311859,-0.14967888604717244,0.10457516339869277,-0.14543436470922552,0.0012463433796366177,-0.14429500359393538,0.01820303227855504,0.24766126740551292,-0.1625033849857078,-0.06965080320278151,-0.15681460307908326,-0.19819801748491384,-0.08066997643046986,0.01192852247463351,-0.10969426474767228,-0.1399782692275546,0.17851328084515986,-0.03760426591779078,-0.16773481771225113,-0.020227671631312352,-0.01487588385737925,-0.10658910452501544,-0.07403975059759622,0.07760760911355162,0.06137839961218926,0.11659194624141211,-0.06336559517242529
AngMaMyMyRt37558-00,4,147,299,kmeans,-30.7204377414966,151.40527761904764,2022,0.15199763565556937,-0.00363899808289328,-0.01798366405385681,-0.02870941840788599,-0.07006619641320576,-0.038287733394011175,0.12178298770488584,0.1705587856057455,0.0990693793857412,0.08977687807149003,0.19918116266114289,-0.13443285811056446,0.028642881989397018,0.28488760209966335,-0.010934151438353086,0.0458703742935082,-0.0815326391994706,-0.02197584916319465,-0.03799438729740255,0.12065730867510402,0.007990228771247034,0.05755609433315807,-0.028976819485964284,0.11233523474749374,-0.18024464687835917,0.03479729146560577,-0.1051141502352575,0.07760238736017278,-0.020693244618108647,-0.10335700293189169,-0.2097654748173779,-0.11854153426076311,-0.2665432185946274,-0.1767613189066476,-0.07569710237035987,-0.21954005131464352,-0.13756174365170903,-0.009102098355682086,-0.08461298244788104,0.039072360970531975,-0.24543317980787088,0.013321093143139569,-0.040870099673856436,0.0011147988607207657,0.16718007464423673,-0.041429591444420814,-0.11758742712771378,-0.10188901704472636,-0.24907343329488657,-0.1384555913868815,-0.06524293377481706,-0.17213641011960337,-0.031213531164099587,0.16214171943287115,-0.05439414981678941,-0.18591405189526788,-0.019431145007022393,-0.04415381839010109,-0.13395789688424387,-0.08859763513248435,0.01651944437905875,0.008548883605729848,0.18591572576743115,-0.18243993022045416
AngMaMyMyRt37750-00,0,29,370,kmeans,-33.09325675862068,151.5254809655172,2019,0.04044704291452887,-0.06426811968871383,-0.007243898235426677,-0.008047833061554585,-0.16723541343515091,-0.12847048217529064,0.036242824377891766,0.3156918426599849,-0.028197112516406136,0.16048787601585593,0.0765838072889737,0.0796765169894868,-0.013367802834453588,0.16709753543066985,0.03351283988916726,0.07010141987829613,-0.13596680321892107,-0.005996632594890562,-0.08057802701878586,0.2321017115433056,-0.006999960227498691,0.04914396319717878,-0.06564477853345528,0.07481048403134069,-0.09367007384427738,0.14446008829495283,-0.16824298346789693,0.1292998714022458,-0.06403478768113055,-0.10991634517228119,-0.12098264593193597,-0.15655729228811194,-0.11361571809251081,-0.15753728671996178,-0.05268636731230691,0.01178962998316296,-0.10667939386708027,0.0945906746741969,-0.028644685730952246,0.02607803364753608,-0.23002505667581433,-0.07707592570496755,0.03553858595500401,0.08210953346855981,0.26424213498786936,-0.05172122128093966,-0.053240000530299994,-0.008580254278858258,-0.11682297259674655,0.04849063357594553,0.030125283379071707,-0.06337085205955266,-0.009358734704158884,0.13165440347876808,-0.13912527012157125,-0.3319784167892985,-0.06989990587174691,-0.050983043656948876,-0.05549907860372001,0.065445385726975,0.11984780389505359,-0.10736029908920969,0.03845947844993303,-0.12052022431690726
AngMaMyMyRt37750-00,1,101,370,kmeans,-33.762080851485145,151.04586588118812,2022,0.1271517047898561,0.1011693141632502,-0.02117327303664621,-0.05504783004251979,-0.14908020905896816,-0.0961257094567588,0.1115214635650416,0.24135850263227013,0.08992124125907396,0.1727256462670488,0.11110974073185861,-0.04422670640766498,0.036323576994377604,0.24820796266477857,-0.00203181563831124,0.10809856072112398,-0.08665669335099596,-0.017578006935641648,-0.09675852014267167,0.14186409644424647,-0.08419914655825439,0.016361719216904384,-0.007457299363154316,0.12433298693191115,-0.11183817343672083,0.18923475738577317,-0.14149135328757784,0.06827473058724554,-0.03141944644291417,-0.027780937263276476,-0.1675565757267768,-0.042556670892002664,-0.16983932303264926,-0.14673229260642323,-0.09697351742094623,-0.20558673168354893,-0.11715402682136723,0.09472974979158813,-0.001630446781702391,0.08184757576103627,-0.1648261711984347,-0.048745912653549064,-0.005818934834659936,-0.021033189824172707,0.268560226264841,-0.06291319789418383,-0.14653739422385142,-0.05183200673008477,-0.09365841774488863,-0.007747819764675423,-0.09317604424802339,-0.13065134887191138,-0.042192454539571586,0.14323082135203136,-0.14004545091187315,-0.25510797446526656,0.003985062866148214,-0.028587938378612923,-0.06019923791687125,-0.031829951161206085,-0.04292027818698824,-0.020047734877293943,0.12816395826433852,-0.04133246542647341
AngMaMyMyRt37750-00,2,48,370,kmeans,-33.42610852083333,151.3350809791667,2024,0.08196975522235034,-0.012532359348968333,0.07457260028194282,0.011549404075355624,-0.14791362296552607,-0.09521337946943481,0.12544790465205685,0.2508227604767397,0.0076483403819044005,0.08897090862488782,0.08059720620274251,-0.059215686274509766,-0.014699474561066253,0.17734845572215813,0.0008419838523644751,0.03389978213507626,-0.012431116237344594,0.03960015378700498,-0.04765218505702932,0.14866717929001663,0.0061719851339228395,0.050954760989363045,-0.10806228373702417,0.061988978597975114,-0.10782006920415223,0.19974496988337817,-0.057075483788286516,0.026519287453543504,-0.05051903114186848,-0.05115981032936047,-0.10366653851082913,-0.0895322311931308,-0.18010893246187362,-0.1486210431885172,-0.02113674227861078,-0.07236191208509546,-0.17944252210688194,0.058949122132513104,-0.09218377547097267,0.0637267717544534,-0.17021145713187233,-0.07964885300525437,-0.0458541586569268,0.05063437139561704,0.30443675509419454,-0.036195053184672546,-0.06409073433294885,-0.008354479046520563,-0.11731000897090861,-0.028512110726643586,-0.015385108291682673,-0.06692810457516338,-0.2030090990644624,0.17017813661412273,-0.07763552479815453,-0.33451621171344353,0.06578495450467764,-0.018276303985646537,-0.008166089965397909,0.038104575163398664,0.06574009996155322,-0.04378828655645262,0.06944892989875687,-0.06358836344995512
AngMaMyMyRt37750-00,3,95,370,kmeans,-33.539611715789476,151.27867885263157,2020,0.1101684777110018,0.030251037050527105,-0.06621129525081444,-0.03325425443655271,-0.14750213480645094,-0.0924159533782553,0.11271389546530683,0.3063352961411603,0.028519557255306638,0.11452178311985266,0.06917436613448265,-0.0008819280033994931,-0.007089742811469263,0.2649060482810255,0.045443898095874034,0.13490714097816628,-0.0980856755498897,-0.06470644893664376,-0.05270134968332015,0.23080288957688339,0.0074264554118861105,-0.024993787814403347,0.02151269754547845,0.08125393067443692,-0.07212901920314045,0.22976426070944372,-0.10436018535381127,0.03831724640320522,-0.07653153645359068,-0.0042943807037778975,-0.1161541917076428,-0.08367113863089091,-0.15073781339161046,-0.15957004391023694,-0.06950201339565751,-0.13398571399664094,-0.1319997571784131,0.08160683138064302,0.009978995932738419,-0.015014144357433359,-0.20150047552560754,-0.09670839150933848,0.007543009773568862,0.021960784313725473,0.2826754082437929,-0.04512596369817274,-0.07665197596066287,0.014331653817357688,-0.09067799834071912,0.022968979542281276,-0.08823877456039173,-0.15179457293753412,-0.0848755337016127,0.16813031425160363,-0.10505497885428677,-0.2738056213197353,-0.056889536413120445,-0.02954199801695701,-0.025528642829680877,0.015556769663489733,0.05778376737691979,-0.08965944272445817,0.09518541451668383,-0.09153273032639264
AngMaMyMyRt37750-00,4,97,370,kmeans,-33.43253606185567,151.3540709587629,2020,0.09405296139074182,-0.011810207810635895,-0.05346524136236256,-0.09265270692873873,-0.15705426540941825,-0.1401427682453616,0.1074631882265742,0.29824912702093165,0.03629880656527819,0.15427405002833958,0.033416489296345164,0.02210157076778556,0.019810302936618326,0.2989410100001189,0.006339195472003227,0.1508907359183819,-0.15058696694768464,-0.0324588877394499,-0.05548635140330639,0.17860347130564372,-0.04491341553803649,0.013989226982484915,-0.012939670309199073,0.08220597153354971,-0.09454254311386974,0.18186819502411838,-0.1693844952575734,0.10562091503267973,-0.053340309238714634,-0.051461253998263914,-0.12765209257343524,-0.12416857909527257,-0.20540933899332928,-0.13098340447964105,-0.08938290982453215,-0.14560109711966449,-0.1064206074586697,0.13495142629519966,0.05235290154064452,0.028015236011526088,-0.18039183977613685,-0.0629220323666155,0.0630082799240577,0.015958334819676786,0.23856264640483238,-0.02221699029318619,-0.15442625160029644,0.03773013551488917,-0.08710242293804522,0.02092517945120234,-0.07743445225270215,-0.09689278905417026,0.012189443394095043,0.11224929349140098,-0.14416596313075458,-0.1934291727606749,-0.08512189998295655,-0.01191548056457271,-0.06398680919709704,0.06019001414998986,0.058762490239677806,-0.08961691974141583,0.10341589475895469,-0.0738348850759224
AngMaMyMyRt37761-00,0,3,73,kmeans,-32.79859733333333,151.116647,2022,0.15585800333205174,0.11390490836857617,-0.06752274766115593,-0.08975009611687809,-0.09048827374086885,-0.11249006792259383,0.041440471613481966,0.22641548122516983,0.10662565679866713,0.1587491990260156,0.04195309496347553,0.017736767909778267,-0.0247084454696911,0.3616660258874791,-0.10131487889273352,0.23658592848904267,-0.14388312187620142,0.0022965526079713056,-0.027312572087658575,0.10404203511469942,-0.0207714981417403,-0.00736127130590798,0.09694732795078809,0.11521722414455976,-0.08212226066897343,0.0727720107650903,-0.1457900807381776,0.07779571959502754,-0.13375368448032807,-0.06557477893118027,-0.1457900807381776,-0.05909521978726126,-0.13846981930026908,-0.16951428937588103,-0.13824426502627193,-0.279277201076509,-0.10139689862873252,0.01923362809175954,0.030203767781622398,0.0035268486479559016,-0.2719979495066,0.0005946430859925869,0.0830859925669614,-0.05431757016532099,0.177675253107779,0.009124695629885968,-0.2097039600153787,0.007402281173907468,-0.11423298731257207,-0.033012943739587304,-0.1137818787645777,-0.19779059336152754,0.021181596821735236,0.03362809175957965,-0.1246905036524413,-0.09385108291682683,-0.0749660387030629,0.032049211841599354,-0.09848519800076891,0.009329744969883362,0.0247084454696911,-0.10182750224272713,0.1420171728822248,-0.0971318723567858
AngMaMyMyRt37761-00,1,23,73,kmeans,-32.85533565217391,151.17162673913043,2017,0.13245741604399644,0.04534175818665061,-0.11593935442889856,-0.1428641158083011,-0.041982515086170825,-0.1288708356317804,0.02244755361650199,0.26887050131220436,0.0007435267372080945,0.09730571853634885,0.02725373184226801,0.03274459655985152,0.06904367885261516,0.34873276164685824,-0.026796382662186743,0.15133443658793436,-0.12973739197298695,-0.025253163498988672,-0.07800611804824228,0.21819032813466394,-0.04952209016598962,-0.06780001002958726,-0.023215151363188056,0.1445062935660197,-0.07524597562810288,0.019214014676629393,-0.1361910970696889,0.12966517894455307,-0.07292980960500137,-0.13718335757150255,-0.09122377680825097,-0.13295755812981622,-0.14144125169249283,-0.08864282968089193,-0.12400314260401515,-0.1936245256841014,-0.06280126372799756,0.13206425622252307,0.05042876485632612,-0.0178178961269077,-0.2644976012570416,-0.01576918576467243,0.12601708373033782,0.061060127375758444,0.1678685455426842,0.09568761178810822,-0.14660582050381957,0.04263510689868441,-0.11525199338047236,-0.03607976865085333,-0.10322986142453568,-0.1380445647994918,0.08447854504120487,0.03698911789779847,-0.09569831001454285,0.01629607341657889,-0.16016849706634567,-0.041482373000351014,-0.05237316751082355,0.018727245373852848,0.08694181167778275,-0.08102034334620462,0.18083747053808732,-0.19488691640338998
AngMaMyMyRt37761-00,2,25,73,kmeans,-32.88866144,151.18624472000002,2017,0.11462668204536713,0.14053917723952322,-0.10273217993079581,-0.007642599000384463,-0.030673740868896522,-0.09087458669742403,0.01249980776624375,0.29752003075740097,-0.032883352556708906,-0.0043552479815455675,0.10726212995001919,0.024923337178008424,0.004345405613225661,0.3063510957324106,0.0110234525182622,0.11070695886197611,-0.10654363706266817,-0.08027435601691651,-0.09158323721645517,0.30833187235678583,-0.00686013071895422,-0.13984282968089196,0.046015532487504764,0.1321337946943483,0.007236601307189541,0.09525198000768931,-0.060830757400999566,-0.0006594386774317652,-0.1907574009996155,-0.09902406766628218,-0.011478662053056504,-0.01892195309496344,-0.05940607458669739,-0.13141038062283733,-0.1161645520953479,-0.13294579008073815,-0.0951338715878508,0.0957244136870434,0.008402921953094958,-0.0523343329488658,-0.32395417147251054,-0.08228958093041135,0.07205105728565933,0.05432987312572084,0.20400768935024988,0.09265359477124181,-0.09623867743175699,0.018011534025374837,-0.06577900807381774,-0.002403998462129936,-0.1339570934256055,-0.1930309880815071,0.015924951941560905,0.1210069973087274,-0.08184667435601686,-0.10351710880430601,-0.14925213379469432,-0.09035786236063048,-0.006353248750480572,-0.06820761245674739,0.06571503267973852,-0.01160169165705495,0.125197385620915,-0.22862837370242214
AngMaMyMyRt37761-00,3,8,73,kmeans,-32.960021000000005,151.227798125,2018,0.08449058054594384,0.016439830834294497,-0.1040215301806997,-0.1479507881584006,-0.13532487504805843,-0.09068819684736637,-0.0006920415224913462,0.3300269127258746,0.10255286428296803,0.05526336024605917,0.03534025374855821,-0.024875048058439035,0.017670126874279143,0.3486043829296424,0.05468665897731643,0.2286735870818916,-0.03287966166858898,-0.03360246059207996,-0.11464052287581697,0.0733487120338331,-0.03321030372933485,-0.1109419454056132,-0.016639753940792014,0.06028450595924641,-0.0382775855440215,0.10863514033064206,-0.10385236447520181,0.10133794694348322,-0.06752018454440599,-0.048896578239138774,-0.12303729334871202,-0.1597308727412533,-0.13902345251826217,-0.03671664744329099,-0.13011918492887348,-0.23550941945405615,-0.1143406382160707,0.1897270280661284,0.05043444828911954,-0.055816993464052236,-0.1279661668589004,-0.03247212610534406,0.06059207996924257,0.020684352172241398,0.18841983852364472,-0.002475970780469036,-0.17119569396386003,0.24716647443291045,-0.04417531718569777,-0.04880430603613991,-0.01591695501730106,-0.13180315263360243,0.07762399077277964,0.042821991541714684,-0.024052287581699326,5.3825451749339726e-05,-0.06985005767012682,-0.029027297193387123,0.038415993848519764,0.051280276816608954,0.16245290272971932,-0.10848904267589385,0.2136947327950788,-0.09307958477508647
AngMaMyMyRt37761-00,4,14,73,kmeans,-32.899063071428564,151.20752078571425,2017,0.09678035920250451,0.12453232273301476,-0.11413632119514468,-0.031214368100181224,-0.08382709946723785,-0.04737957928269343,0.023173504695996036,0.30263085626407427,0.048882298017246084,0.02235184269786343,0.11211072664359858,-0.013520074696545259,0.012957653649695158,0.307486131707585,0.044084143461306076,0.17062887900258142,-0.06281979458450043,-0.11860493216894596,-0.10667984840995218,0.1741703740319657,-0.013309166803976492,-0.182637447135717,0.0609963200966661,0.07186686439281591,-0.029443620585489085,0.15310594826165758,-0.08016696874828359,0.035392980721700405,-0.17742187070906792,-0.005452847805789005,-0.09647717910693684,-0.03687812379853902,-0.08350634371395613,-0.16721480749162407,-0.1594771241830065,-0.183437139561707,-0.1408601087493821,0.12325808754874497,-0.0021530180699730617,-0.012698412698412714,-0.21236227824463114,-0.08550996869335965,0.017373537650354227,0.043258087548744946,0.2598868567034657,-0.002785741747679449,-0.05704179711100122,0.03807326852309548,-0.053640907343329464,-0.05748118855385287,-0.08423133959466134,-0.19538419289284337,-0.03267754160487725,0.11328829571044101,-0.07377382325479209,-0.11365738452243639,-0.1051683418465425,-0.04429065743944635,0.023445927390564045,-0.06211237436150929,0.09137145054100068,-0.060526171252814814,0.1627242269456802,-0.17729884110506947
AngMaMyMyRt37785-00,0,12,24,kmeans,-38.83764991666667,145.54520516666668,2023,0.08700756119441237,0.030357554786620514,0.032423426887094695,-0.0914520056388568,-0.16802768166089962,-0.10628219915417143,0.13269768037934127,0.2738228886325772,0.07277201076509032,0.18235550429322053,0.14079200307574008,0.02514417531718567,0.09937716262975775,0.2640625400486992,0.05520953479430984,0.0916929386133538,-0.10196078431372546,-0.011641676278354475,-0.09771113674227858,0.16735101883890807,-0.10278098167371519,0.019992310649750065,0.04577213892092784,0.08191721132897602,-0.12899653979238754,0.16874535435089066,-0.12533640907343324,0.004844290657439434,-0.15083429450211452,-0.05714212482378568,-0.14379084967320255,-0.11792387543252592,-0.1660130718954248,-0.15804690503652433,-0.03964116365500445,-0.16342432397795714,-0.09179546328335253,0.12488017429193897,-0.012051774958349373,0.073438421120082,-0.09244136870434444,-0.0881097013968986,-0.07662181212354216,-0.0337408688965782,0.28639753940792,-0.011826220684352153,-0.11003972830962447,-0.025277457388184016,-0.09463027040881707,0.009452774573881828,-0.11914904523901058,-0.13538382673330768,0.0033628091759579743,0.05761373830577978,-0.14822504165064715,-0.267117775214661,0.0005792643854927552,0.04342432397795716,-0.10612841214917336,-0.012482378572343987,-0.009837242086376999,0.0001384083044982526,0.06698449314366267,0.06716391131616042
AngMaMyMyRt37785-00,1,4,24,kmeans,-38.87266175,146.24807775,2024,0.09673202614379081,0.10080738177623985,0.010580545943867772,-0.1538023836985774,-0.18660515186466742,-0.07483275663206454,0.08558246828143018,0.27094194540561317,0.1428681276432141,0.11995386389850049,0.11655517108804302,-0.028127643214148373,0.06577470203767775,0.29993079584775084,0.010303729334871177,0.17565551710880428,-0.047504805843906206,-0.03858515955401768,-0.1786236063052672,0.10763552479815452,-0.1063898500576701,-0.026805074971164904,0.0030603613994617494,0.0646828143021914,-0.11580161476355244,0.15543252595155704,-0.141038062283737,0.04775086505190306,-0.15086505190311417,0.0013225682429834507,-0.12767397154940405,-0.12490580545943863,-0.12975009611687807,-0.04115340253748558,-0.0755247981545559,-0.22205305651672433,-0.03286428296808919,0.15004998077662435,-0.021361014994233,0.08262975778546709,-0.09404075355632445,-0.0511649365628604,-0.016301422529796217,-0.03372549019607843,0.24904267589388698,-0.023883121876201435,-0.1725951557093425,0.09900807381776236,-0.13194925028835064,-0.07643214148404456,-0.1036524413687043,-0.15444828911956937,0.1126028450595924,0.022376009227220255,-0.07900038446751245,-0.18685121107266434,0.06657439446366777,0.04550557477893112,-0.05833141099577085,0.03371011149557863,0.019976931949250265,-0.05410226835832367,0.08201460976547478,0.06100730488273735
AngMaMyMyRt37785-00,2,1,24,kmeans,32.737032,-117.061086,2022,0.0935640138408304,-0.3100961168781238,0.027128027681660893,0.0935640138408304,-0.0629911572472126,-0.015747789311803095,-0.05173394848135332,0.3014225297962323,-0.0015378700499806969,-0.0984236831987697,0.0935640138408304,0.0039369473279506975,-0.1537870049980776,-0.051733948481353306,0.0711111111111111,0.0271280276816609,-0.00024605920799691816,0.029773164167627795,-0.16,-0.029773164167627805,0.0517339484813533,0.0448442906574394,-0.0325413302575932,-0.055363321799307905,-0.0797231833910034,0.1245674740484429,-0.007443291041906903,0.1190926566705113,0.14173010380622827,0.1476970396001538,0.032541330257593204,-0.14173010380622827,0.04822760476739707,-0.019930795847750805,-0.07535563244905802,0.0888273740868896,0.0711111111111111,0.0711111111111111,-0.17279507881584,0.0711111111111111,0.06698961937716261,-0.3100961168781238,0.0088581314878892,-0.0448442906574394,0.04158400615148009,0.1537870049980776,-0.1929104190695886,0.2599000384467512,-0.002214532871972298,-0.0629911572472126,-0.1793771626297577,0.11909265667051129,0.0711111111111111,0.0888273740868896,-0.1301653210303729,-0.2761399461745483,0.16,-0.0030142252979622995,-0.0669896193771626,0.1190926566705113,0.2141330257593233,-0.08882737408688958,0.1245674740484429,0.1793771626297577
AngMaMyMyRt37785-00,3,4,24,kmeans,-38.30369125,143.93413475,2017,-0.041768550557477885,0.060515186466743504,0.1495732410611303,0.03218762014609762,-0.22166858900422914,-0.11484813533256438,0.19670895809304112,0.31675509419454057,0.1208458285274894,0.09225682429834678,0.13067281814686654,-0.049796232218377534,0.07503267973856205,0.2219761630142253,0.05474817377931563,-0.010534409842368319,-0.08947327950788155,0.1279815455594002,-0.05650134563629368,0.13284121491733947,-0.10129950019223372,0.0450595924644367,-0.055424836601307155,0.018316032295271054,-0.09957708573625525,0.025390234525182576,-0.03840061514801994,-0.11097270280661281,-0.16958093041138023,-0.14306805074971163,-0.18285274894271425,-0.14594386774317564,-0.20032295271049597,-0.1560169165705497,0.0435832372164552,-0.01279507881584003,-0.1412687427912341,0.05259515570934252,-0.13854671280276812,0.08978085351787769,-0.09936178392925793,-0.10182237600922717,-0.15580161476355242,-0.02386774317570165,0.2790157631680123,-0.0786774317570165,-0.004429065743944645,-0.06475970780469047,-0.10040753556324487,0.04032295271049592,0.08030757400999618,-0.11020376778162243,-0.1175086505190311,0.025497885428681272,-0.09736255286428291,-0.2546251441753172,0.011088043060361423,0.0713725490196078,-0.072156862745098,-0.03803152633602457,0.009042675893886978,0.04310649750096111,0.09387158785082658,0.10572856593617835
AngMaMyMyRt37785-00,4,3,24,kmeans,-39.040167,146.344976,2023,0.14620017941817245,0.21763936947327953,-0.048391644239395015,-0.16077918749199022,-0.16561835191592975,-0.20523388440343454,0.14989106753812634,0.11995386389850056,0.18015635012174802,0.0548917083173138,0.17986928104575162,-0.014537998205818234,0.02419582211969755,0.15688325003203896,-0.06020248622324742,0.059259259259259206,-0.07043444828911953,0.047284377803408904,-0.09832115852877096,0.1466922978341663,-0.055527361271305864,0.001127771369985898,-0.08665385108291679,0.021325131359733407,-0.06764577726515442,0.2239753940792003,-0.10560041009867997,-0.0687325387671408,-0.15021914648212223,0.0368063565295399,0.04956042547738046,0.003280789439958985,-0.04880174291938999,0.0072997565039087525,-0.07049596309111875,-0.17406638472382413,-0.212718185313341,0.0776931949250288,0.045377418941432726,0.04488530052543887,-0.1398436498782519,-0.056880686915288935,-0.09852620786876841,-0.10002306805074967,0.18630783032167114,-0.11550429322055615,-0.17037549660387027,0.08870434448289116,-0.11788286556452642,-0.13075996411636542,0.03313597334358577,-0.17129821863385877,0.020833012943739574,0.033976675637575234,-0.19405869537357426,-0.35547353581955654,0.0709880815071126,-0.029383570421632667,0.05439958990131996,-0.0662104318851723,-0.00853005254389333,0.04111239266948605,-0.15807253620402406,0.009432269639882078
AngMaMyMyRt37857-00,0,15,54,kmeans,-17.937189,134.5589356,2021,-0.09582775855440212,0.2381278995258234,0.040181468665897696,0.16843983083429448,-0.1307886710239651,0.17733487120338326,0.04545123670383183,0.2727648340381904,-0.163436626938357,-0.0883885684992951,-0.04324080481865945,-0.043761630142252934,-0.16110726643598614,-0.02490529283608864,-0.11106292451621169,-0.16004511085479936,0.045508650519031094,0.09730001281558372,-0.06543944636678198,-0.0939577085736255,0.18196898628732536,0.054756375752915525,-0.19226656414199664,0.020623862616942185,-0.017671152120979097,-0.0029732154299628166,0.13241676278354475,0.14066794822504164,0.06682968089196459,-0.0702622068435217,-0.15793310265282579,-0.12352582340125592,0.07890708701781363,-0.1989183647315135,-0.03424323977957195,0.15056362937331796,-0.10127797001153399,-0.007947712418300635,-0.07804998077662434,0.0604075355632449,-0.08566551326412913,0.09735332564398305,0.09439241317442006,0.1456834550813789,0.09804229142637443,-0.10579725746507748,-0.15975804177880298,-0.11775983596052797,0.013652185057029316,-0.053128283993335884,0.18689427143406379,0.04222786107907213,-0.1817885428681276,0.1183011662181212,0.01975445341535305,-0.10205715750352426,-0.003379213123157733,-0.05797975137767521,0.013861335383826723,0.018204280404972434,0.28626528258362166,0.13668178905549144,0.08260207612456744,-0.04557016532103033
AngMaMyMyRt37857-00,1,17,54,kmeans,-17.332008823529414,134.08534094117647,2021,-0.022091050953253245,0.18040844019268606,-0.026360901915552827,0.1710943754664495,-0.10485017074880698,0.19365583372910872,0.037628966234706074,0.2961069271999457,-0.17043218671551663,-0.08926883325417823,-0.010942397720333799,-0.020777529004681435,-0.09128796616685886,-0.0058294321188683,-0.15058823529411763,-0.12864192505145078,0.07969785376665078,0.10709727028066127,-0.06626953434199512,-0.10871474772146457,0.16815613904154506,0.018751159056471445,-0.16714295406744006,0.1006924938372119,-0.025069091073568965,0.07898862428477732,0.06895809304113798,0.18540561322568241,0.0730578736684985,-0.01962684035551935,-0.17369608973924056,-0.1599023000203541,0.0294692086753963,-0.23461021778953794,-0.08579143768233932,0.17595766334215343,-0.151757016532103,0.0045593323834724146,-0.06893276341678536,0.08999977384263967,-0.056705791889997026,0.05419454056132253,0.083790397358482,0.15755388199108936,0.16399122509442066,-0.09019517380193133,-0.16634326164145008,-0.07343781803378786,0.0011325960603387891,-0.07004726688830085,0.11701924599136078,0.03086595653255532,-0.1711160865730375,0.1564285229662799,-0.04184092091277109,-0.0666024379763439,-0.028065223782707982,-0.07953863898500572,-0.02822443856435304,-0.02580003166203041,0.2981839563968609,0.14432096252572535,0.08587466359092652,-0.10178890471990407
AngMaMyMyRt37857-00,2,14,54,kmeans,-15.78930107142857,133.244878,2021,0.016942934036359627,0.1048168286922612,-0.09678914703136153,0.09249629263470091,-0.11568297907398253,0.13470862854945898,0.039813258636788015,0.26941725709891795,-0.18749711649365625,-0.07324655352337012,-0.04379414510902398,-0.0010633272917009856,-0.07661229197561376,0.03708903169110778,-0.14521447794804193,-0.05542923051573567,0.035081012797275754,0.07725819739660567,-0.039615532487504795,-0.11407041247871695,0.1883583237216455,0.028090294941505996,-0.20286263525017847,0.1993562915362223,-0.02988301202834074,0.1570472895040369,0.022641841050145554,0.20922062942824188,0.09176690283956716,-0.003822705552809346,-0.15059262920854616,-0.14581205031032016,0.04271763607403743,-0.21890481682869223,-0.1271027626736969,0.13923875432525948,-0.13177788762563847,0.04263415169989561,-0.10033064206074582,0.07413851815235895,-0.13296863843576642,0.008313286098753231,0.0628373702422145,0.12972153567309275,0.16031196792442465,-0.09257538309441421,-0.14557477893118026,-0.042480364694897535,-0.030963914977755774,-0.013634316471686711,0.05945845004668533,0.04387323556873726,-0.14481023782061841,0.2066457955731312,-0.06869445817542699,-0.04313066403031797,-0.030498160048333008,-0.09462294721810288,0.024254407645411077,0.009091008952600628,0.24146756741912448,0.07485912011863564,0.07878727961772941,-0.1909727028066128
AngMaMyMyRt37857-00,3,4,54,kmeans,-17.33171725,133.76623974999998,2021,-0.10903498654363701,0.05613225682429837,-0.028804306036139954,0.12262975778546711,-0.10571318723567857,0.07291041906958858,-0.06316032295271047,0.2651595540176855,-0.3152633602460592,-0.032879661668589,0.009427143406382135,-0.04384467512495192,-0.1518954248366013,0.0757400999615532,-0.21191849288735098,-0.028988850442137632,0.11486351403306416,-0.03375624759707805,-0.0402614379084967,-0.10435986159169543,0.14594386774317566,-0.03235678585159553,-0.21447135717031912,0.08395232602845057,-0.12299884659746248,0.007935409457900777,0.027620146097654754,0.22209919261822375,-0.021991541714725116,-0.007058823529411774,-0.13241061130334483,-0.11812379853902341,0.0964705882352941,-0.1498961937716263,-0.00945790080738175,0.1091580161476355,-0.025836216839677018,0.09377931564782772,-0.16269127258746632,0.17007304882737403,-0.18680507497116491,0.015840061514801974,0.1200461361014994,0.14731257208765858,0.01439446366782001,-0.0576701268742791,-0.22454440599769313,-0.021914648212226044,-0.08535178777393305,-0.08023068050749706,0.09730103806228373,0.1567089580930411,-0.14059207996924258,0.05953094963475587,-0.04296808919646287,-0.005244136870434443,0.014917339484813521,-0.019577085736255308,0.09525567089580927,0.023806228373702394,0.2227758554402153,-0.02705113417916187,-0.004782775855440232,0.0020299884659746234
AngMaMyMyRt37857-00,4,4,54,kmeans,-16.071236250000002,133.40583075,2021,-0.011518646674356026,0.013333333333333308,-0.07263360246059204,0.037108804306036115,-0.15701653210303726,0.11449442522106877,-0.011810841983852377,0.20155324875048056,-0.2166243752402922,-0.04259900038446745,-0.040399846212994986,0.011026528258362152,-0.08847366397539405,0.09517877739331025,-0.20682814302191463,0.0017839292579776705,-0.009411764705882356,-0.06243752402921949,-0.040138408304498205,-0.1701806997308727,0.1717647058823529,0.020822760476739723,-0.30173010380622833,0.29577854671280274,-0.11610918877354863,0.10726643598615915,-0.06805074971164933,0.19195693963860053,0.11280276816608996,-0.050611303344867326,-0.15244905805459433,-0.11381776239907723,0.07661668589004224,-0.10397539407920027,-0.1529873125720876,0.11730872741253363,-0.06786620530565168,0.05631680123029599,-0.11421760861207225,0.06768166089965395,-0.1914648212226067,0.013625528642829655,0.09723952326028447,0.06958861976163012,0.1498039215686274,-0.10045367166474431,-0.16835063437139558,-0.04170703575547863,-0.1258900422914263,0.04502883506343715,0.07034217608612069,0.048612072279892275,-0.18672818146866588,0.14094579008073813,-0.08487504805843904,0.0020146097654748646,0.013348712033833145,-0.0997308727412533,-0.0123337178008458,-0.01308727412533638,0.2228373702422145,0.04212226066897344,0.09736255286428294,-0.1265820838139177
AngMaMyMyRt37868-00,0,8,22,kmeans,-31.32203425,145.94001799999998,2023,-0.1325028835063437,0.22831218762014607,-0.0065513264129181195,0.006243752402921961,-0.25057285659361783,-0.008904267589388698,0.10709727028066127,0.302237600922722,-0.01857747020376775,-0.02412149173394848,0.12096885813148786,0.005244136870434464,0.039407920030757354,0.05589388696655129,0.015617070357554781,-0.042129950019223344,-0.012379853902345236,0.16792003075740097,-0.15607843137254898,0.19662437524029217,-0.0933102652825836,-0.061376393694732745,-0.09667051134179157,0.03489427143406379,-0.0015916955017301017,-0.001745482506728166,-0.15928489042675892,0.11203383314109955,0.05141099577085734,-0.11461745482506727,-0.10196078431372545,-0.12689734717416373,-0.06509803921568623,-0.14060745866974236,0.011311034217608573,0.007835447904652074,-0.20528258362168395,-0.04565936178392922,-0.005590157631680109,0.020246059207996898,-0.1412533640907343,-0.011926182237600938,0.015655517108804303,0.1204998077662437,0.2767012687427912,-0.17252595155709344,-0.05700884275278738,-0.11214148404459819,-0.12801230296039984,-0.10394463667820064,0.09382545174932717,-0.16223760092272196,-0.05670126874279122,0.11803921568627448,-0.03527104959630908,-0.23338715878508265,-0.037677816224528995,-0.14625913110342173,0.03973856209150323,-0.20039215686274506,0.09181853133410221,0.05185697808535174,0.09917723952326024,0.02314494425221069
AngMaMyMyRt37868-00,1,5,22,kmeans,-31.1147178,146.44241200000002,2023,-0.016584390618992688,0.13878969627066506,-0.009350249903883119,-0.06320030757400996,-0.1991111111111111,-0.16089811610918878,0.09022991157247208,0.2491349480968858,-0.0655255670895809,-0.014455978469819258,0.10959477124183004,0.031372549019607836,0.03981237985390232,0.09224759707804689,-0.04473356401384079,0.02757093425605534,-0.06264667435601688,0.19703191080353707,-0.14761091887735484,0.23914494425221072,-0.18212072279892347,-0.0002091503267973758,-0.16695117262591305,0.14008150711264894,-0.03383314109957706,-0.006151480199923107,-0.2012149173394848,0.17550173010380618,0.08132256824298342,-0.17865128796616683,-0.03575240292195306,-0.10833986928104572,-0.07696732026143788,-0.05991541714725101,-0.016941176470588223,-0.07699192618223757,-0.08822452902729713,0.010162245290272983,0.0203490965013456,0.10348019992310646,-0.25999846212995004,0.03957862360630522,0.09100499807766241,0.09358861976163013,0.26498116109188774,-0.08393079584775084,-0.1808289119569396,-0.02525797770088423,-0.18562706651287963,-0.10348019992310646,0.047317185697808475,-0.08267589388696653,0.05838985005767011,0.004023068050749652,-0.11476201460976543,-0.1117477893118031,-0.04437677816224524,-0.18485198000768935,0.010088427527873853,-0.1079830834294502,-0.009670126874279095,-0.017482506728181454,-0.03049903883121874,-0.12392772010765085
AngMaMyMyRt37868-00,2,2,22,kmeans,-30.587079,145.68539199999998,2020,-0.18632833525567086,0.3553710111495578,-0.0517339484813533,-0.05321030372933485,-0.2846905036524415,-0.007504805843906157,0.08445982314494421,0.2679584775086506,-0.07541714725105725,-0.2288965782391388,0.049119569396385995,-0.030019223375624703,-0.034356016916570496,-0.020176855055747747,0.057362552864282955,-0.0063667820069204,0.04333717800845825,0.1417916186082276,-0.1728565936178392,0.2071818531334102,-0.0314033064206074,-0.1896193771626297,-0.1538485198000769,0.07560169165705494,0.1246289888504421,0.03457131872356785,-0.0866435986159169,0.07996924259900035,-0.04358323721645513,-0.10346789696270665,0.07135717031910802,-0.005259515570934244,0.02017685505574774,-0.09362552864282965,0.035678585159553945,0.04998077662437521,-0.142714340638216,-0.10632833525567084,-0.022452902729719296,0.061422529796232195,-0.15111111111111106,-0.007381776239907699,-0.014917339484813455,0.179438677431757,0.24439830834294501,-0.1368704344482891,-0.0202998846597462,-0.01039600153787,-0.16006151480199915,-0.09611687812379849,0.053671664744329065,-0.10608227604767395,-0.03260284505959239,0.09848519800076891,0.06535947712418294,-0.21468665897731642,-0.0034448289119569514,-0.15701653210303723,0.1009150326797385,-0.22914263744713573,0.018023836985774644,-0.002214532871972319,-0.073356401384083,-0.0386928104575163
AngMaMyMyRt37868-00,3,1,22,kmeans,-31.418788,145.28703,2022,-0.16,0.3460207612456747,0.1358861976163014,-0.11909265667051128,-0.3460207612456747,0.00885813148788922,0.1537870049980776,0.2141330257593233,0.0629911572472126,-0.0842137639369473,-0.07111111111111108,-0.0246059207996924,-0.0711111111111111,0.0222068435217224,0.013840830449826903,-0.10851211072664362,0.006151480199923093,0.1417301038062283,-0.17279507881584,0.07535563244905802,0.0246059207996924,-0.003936947327950701,-0.0711111111111111,-0.017777777777777698,-0.0297731641676278,-0.1476970396001538,-0.1085121107266436,0.06698961937716261,0.002214532871972298,-0.1417301038062283,-0.1034063821607074,-0.1085121107266436,-0.075355632449058,-0.14769703960015382,0.0797231833910034,-0.0448442906574394,-0.1998615916955017,-0.0984236831987697,0.06299115724721262,0.1417301038062283,-0.1034063821607074,0.0984236831987697,-0.0271280276816609,0.2288965782391388,0.0935640138408304,-0.1190926566705113,-0.0325413302575932,-0.2069357939254133,-0.10851211072664362,-0.17279507881584,0.10851211072664362,-0.1190926566705113,-0.05536332179930789,0.0842137639369473,-0.04484429065743941,-0.3278123798539023,0.010396001537869997,-0.0015378700499807038,0.012056901191849198,-0.0711111111111111,0.055363321799307905,0.015747789311803095,0.0629911572472126,0.0797231833910034
AngMaMyMyRt37868-00,4,6,22,kmeans,-31.163709666666666,145.84891516666667,2023,-0.12780725362040238,0.1438933743432013,0.02784570037165189,-0.0004203511469947664,-0.24621299500192234,-0.054666154043316637,0.12159425861848006,0.3076560297321543,-0.021038062283737002,0.01769575804177878,0.06791234140715105,0.032182493912597705,0.06790208894015122,0.1095578623606305,-0.06932718185313337,-0.062437524029219524,-0.07049596309111876,0.17236447520184542,-0.15073176983211584,0.15570421632705367,-0.08746379597590664,-0.006858900422914284,-0.0771088043060361,0.027107522747661143,-0.03937972574650773,-0.03421248237857233,-0.19788286556452644,0.15074202229911568,0.1000025631167499,-0.15137767525310775,-0.14406766628219908,-0.2101653210303729,-0.13414327822632316,-0.17008842752787384,-0.024687940535691358,-0.038323721645520954,-0.19729847494553376,0.018495450467768824,0.05203127002434958,0.02092528514673842,-0.11945149301550681,0.0057413815199282014,0.06332948865820832,0.09748045623478145,0.2235345379982058,-0.1501678841471229,-0.13080097398436494,-0.11884659746251439,-0.11318723567858512,-0.08747404844290653,0.05921824939125976,-0.132318339100346,-0.013164167627835451,0.11386389850057667,-0.09049852620786875,-0.17888504421376392,-0.08285018582596433,-0.14669229783416632,-0.02527233115468408,-0.14228373702422142,0.14639497629117,0.06243752402921947,0.1483326925541458,0.009524541842880936
AngMaMyMyRt37879-00,0,7,23,kmeans,-37.169256142857144,147.60321028571428,2018,0.15919151974515292,0.06981051244027017,-0.0604163233921019,-0.11976053166364581,-0.034263744713571694,-0.08107650903498652,0.09064645466029546,0.18807711319822046,0.12130718954248362,0.12391717471302241,0.11029603998462124,-0.0612951062778052,0.05600483330587132,0.3478574174767946,0.0250892513868292,0.15175701653210302,-0.12260778821332452,-0.049352446861097375,-0.03310375130444336,0.12549019607843137,-0.039589169000933684,-0.0835458889438128,0.039158565386939084,0.13765255121656506,-0.06037238424781676,0.07705168341846538,-0.1883055967485033,0.013014774537265874,-0.09144614708628546,-0.10365244136870429,-0.16806722689075626,-0.08322073927610256,-0.18333168561542262,-0.11580600867798094,-0.06909869830285051,-0.2712539133300379,-0.08018893832042615,0.04697094524084138,0.027488328664799222,-0.011617509748997631,-0.23675289723732632,0.013164167627835448,-0.03537101114955783,0.003734827264239012,0.14851430768385782,0.05643543691986598,-0.2070851870159828,0.022725325424287367,-0.20057340583292138,-0.08015378700499803,-0.10028670291646066,-0.15565002471576866,0.0911385730762893,0.05877299939583677,-0.06935354533970448,-0.09817762399077275,-0.07938045806557914,0.03229527104959627,-0.127528972373263,-0.10606909430438838,-0.0002284835502828486,-0.0016784753116932949,0.12592079969242598,-0.13085077168122144
AngMaMyMyRt37879-00,1,13,23,kmeans,-37.757732538461546,146.09225676923074,2019,0.12282140005323391,0.004783958832401736,-0.10331174400378551,-0.11467305474225886,-0.054227663916245186,0.020380327093129855,0.08572324253985152,0.17984562150652114,0.1136698902788868,0.06132552568538723,0.09646940525833256,-0.033757430574039536,-0.008640463726968903,0.39391240055599913,0.021937124774494984,0.15893058882678257,-0.09191730991038946,-0.12003903823973025,0.02705704906396946,0.07312217194570134,0.05901635465649303,-0.13099813681128558,0.09625173749741221,0.07375624759707801,-0.03824801111998338,0.11501375210717768,-0.15232011356578826,-0.009799781149262103,-0.16856002129358527,-0.10754680152604024,-0.17229822849200005,-0.09343152042113975,-0.25553248750480584,-0.13840830449826985,-0.02900186318871438,-0.2548510927749682,-0.11806110076006267,0.06657794339455235,0.021416614911424603,-0.06277822139413833,-0.19579215094786023,-0.0651063200544169,0.030445095081773267,0.027312572087658568,0.12903912696300235,0.10924082453494215,-0.17752225475408862,0.0940230089019016,-0.14888001656167743,-0.06943601573359355,-0.09200248425161918,-0.17344808209860108,0.09228166681453875,0.03194510986898528,0.03532369207109688,-0.008957501552657274,-0.10747109100050274,0.1488942122852157,-0.1259586549551947,-0.08328630999911274,0.10768875876142309,0.010429124892792671,0.1708597285067873,-0.07515689231952204
AngMaMyMyRt37879-00,2,1,23,kmeans,-38.150106,176.264093,2024,-0.004982698961937714,-0.05173394848135329,0.2141330257593233,0.0088581314878892,-0.1929104190695886,-0.0797231833910034,0.18608227604767402,0.2519646289888504,0.1358861976163014,0.019930795847750805,0.1085121107266436,-0.0842137639369473,0.0415840061514801,0.1358861976163014,0.186082276047674,0.0797231833910034,-0.019930795847750794,0.12456747404844287,0.007443291041906899,0.029773164167627805,-0.032541330257593204,0.06698961937716258,-0.1537870049980776,0.1034063821607074,-0.0482276047673971,0.0984236831987697,-0.024605920799692406,-0.1663360246059207,-0.1663360246059207,-0.1301653210303729,-0.186082276047674,-0.1245674740484429,-0.2599000384467512,-0.14769703960015382,0.007443291041906901,-0.08421376393694728,-0.0842137639369473,-0.05911572472126098,-0.18608227604767397,0.0842137639369473,-0.1190926566705113,0.0015378700499807003,-0.16633602460592067,0.075355632449058,0.3460207612456747,-0.051733948481353306,0.013840830449826882,-0.12456747404844289,-0.13016532103037293,-0.01039600153787,0.0448442906574394,-0.11374086889657821,-0.2069357939254133,0.0842137639369473,-0.0629911572472126,-0.2679584775086506,0.0629911572472126,0.0482276047673971,-0.075355632449058,0.012056901191849212,0.055363321799307905,0.055363321799307905,0.0711111111111111,-0.059115724721261
AngMaMyMyRt37879-00,3,1,23,kmeans,-33.525081,150.13101,2022,0.1537870049980776,0.16,0.1358861976163014,-0.010396001537869994,-0.075355632449058,-0.0415840061514801,0.2141330257593233,0.1034063821607074,-0.08421376393694732,0.075355632449058,0.0222068435217224,-0.1929104190695886,-0.04822760476739709,0.186082276047674,-0.1301653210303729,-0.05911572472126099,0.1137408688965782,0.0935640138408304,0.06698961937716261,0.1537870049980776,0.035432525951557,0.04822760476739709,-0.0325413302575932,0.0842137639369473,-0.1301653210303729,0.0448442906574394,-0.017777777777777688,-0.0222068435217224,-0.1476970396001538,-0.1663360246059207,-0.1085121107266436,-0.0482276047673971,-0.05536332179930788,-0.0935640138408304,0.07535563244905802,-0.16,-0.1190926566705113,-0.06698961937716258,-0.2599000384467512,-0.0448442906574394,-0.292871972318339,0.035432525951557006,-0.15378700499807757,-0.0271280276816609,0.2441522491349481,0.0711111111111111,-0.1301653210303729,-0.035432525951557,-0.2141330257593233,-0.003014225297962303,-0.0015378700499806969,-0.06299115724721262,-0.2141330257593233,0.1190926566705113,0.1245674740484429,-0.30142252979623224,0.16,0.0669896193771626,0.02220684352172239,-0.10340638216070738,-0.05536332179930789,-0.0448442906574394,0.015747789311803106,-0.14769703960015376
AngMaMyMyRt37879-00,4,1,23,kmeans,-41.072085,175.061849,2022,0.1137408688965782,0.0199307958477508,0.07535563244905802,-0.1476970396001538,-0.1190926566705113,-0.0015378700499806969,0.0482276047673971,0.16,0.1417301038062283,0.10851211072664362,0.1085121107266436,0.0384467512495194,0.08421376393694731,0.2761399461745483,0.10340638216070741,0.0888273740868896,-0.05536332179930789,-0.1245674740484429,-0.1137408688965782,0.2679584775086506,-0.1190926566705113,-0.03543252595155699,0.013840830449826898,0.0842137639369473,-0.17279507881584,0.0797231833910034,-0.1245674740484429,-0.1417301038062283,-0.2599000384467512,-0.1663360246059207,-0.059115724721261004,0.0325413302575932,-0.17937716262975772,-0.1537870049980776,0.0448442906574394,-0.059115724721261,-0.0984236831987697,0.0797231833910034,-0.22889657823913878,0.0199307958477508,-0.1663360246059207,-0.0935640138408304,0.017777777777777698,0.0629911572472126,0.2519646289888504,0.186082276047674,-0.1537870049980776,-0.09842368319876971,-0.14173010380622825,-0.1085121107266436,-0.1417301038062283,-0.1537870049980776,0.0482276047673971,0.0325413302575932,-0.013840830449826903,-0.25990003844675114,0.0629911572472126,0.0669896193771626,-0.0842137639369473,-0.0222068435217224,0.012056901191849198,0.07111111111111111,0.03254133025759319,-0.0711111111111111
AngMaMyMyRt37883-00,0,63,216,kmeans,-36.22538285714287,146.71694166666668,2017,0.03384388177929122,0.007742077223046082,0.025951435040247023,-0.004350951709659899,-0.10441307677755193,-0.08087438897127476,0.13816810384284428,0.2950318253663121,0.048615245662535146,0.07579892959362391,0.1274118013218359,-0.09669150448850561,0.0663744713571703,0.31861738159316005,0.011472998785570877,0.034630880674709937,-0.04202437401976037,-0.03128955285818028,-0.04671316892770177,0.17735107986549736,-0.044329714456588704,-0.06243557117836237,-0.0014421803579819734,0.05355888760733047,-0.08051799368985063,0.1459365445524615,-0.13421162800632233,0.03978543051207408,-0.08177660606726347,-0.11522503554798824,-0.19699187736096616,-0.13296473273405218,-0.2762307537394042,-0.18674722176452277,-0.049393456729096834,-0.23452664726021125,-0.1316572990852114,0.09595527971537196,0.014115205995252109,0.040549971622635954,-0.1897741405930564,-0.04598182628171091,-0.019874163172894393,0.035171820362131755,0.2472621641249092,-0.02291572838285638,-0.10118110860902091,-0.011805959856709555,-0.1694020004515967,-0.06908795762313635,-0.058318961571556666,-0.14106906379109374,-0.034045025417574426,0.11688202950025323,-0.0404913860969224,-0.11527190396855905,-0.093013309899123,-0.023373671908850667,-0.09589083563708706,-0.1071099638112325,0.08560126447092996,-0.02522204524511329,0.13818372664970124,-0.058436132622983805
AngMaMyMyRt37883-00,1,51,216,kmeans,-35.81311474509804,148.06813764705885,2017,0.05587715132188972,0.1089608069294615,-0.014638110530640541,-0.05238407550640398,-0.07852545401090075,-0.07395526607413436,0.09369669282553464,0.29185275648129305,0.08798305327513548,0.03628890848919344,0.18155430415149526,-0.15010576625882954,0.06677250831128294,0.24447791573376754,0.12660590572253505,0.040389895289142164,0.02701585363095639,-0.037908798275173204,-0.12043392058861221,0.17278301708995783,-0.08818689644254468,-0.13083233447165868,0.0012206466592788508,0.08525710322575777,0.0041021929725369635,0.1382129045389782,-0.103836985774702,0.03897023015280695,-0.10287928473965516,-0.06022902202018829,-0.1264659897023015,-0.04940724155867647,-0.12353257796774991,-0.15254947192256368,-0.07798388251878988,-0.2660044779157338,-0.1130485258309398,0.10290943905436067,0.0013509132988066413,0.06828866725467576,-0.19449532985050996,-0.03438194962721725,-0.07431953019577686,0.03145336258301857,0.2811142019283684,-0.07078423833970339,-0.048064771467987405,-0.020198566162335733,-0.12515246775372973,-0.09638887004244216,-0.0355832975250846,-0.1530210854045578,-0.03202508838983496,0.14598909921523393,-0.018652252904237422,-0.15368327415549068,-0.06374260276967378,-0.11390852688634082,-0.00982548190364188,-0.12361459770374891,0.030945563923377856,-0.009329744969883355,0.12750088578299446,-0.11988028737061912
AngMaMyMyRt37883-00,2,47,216,kmeans,-35.20952110638298,148.8458406808511,2017,-0.0036319909691035455,0.08513779479251021,0.07568545649381986,0.018658617389383764,-0.1438294600276489,-0.09299598354151836,0.17814032246190087,0.3115842515562754,0.12195898467856059,-0.025917364025293054,0.16814482154981303,-0.18010486964915293,0.0741148658044778,0.19437630371297454,0.06307884856070084,-0.03213166785278984,-0.028826883277299216,0.069418799643345,-0.07354421785401682,0.11957561330748402,-0.0413392557690577,0.021301136224201798,-0.07018969790669707,0.0369769401294101,-0.05221559629275153,0.014469066725563792,-0.01985488396443264,0.05619442603908476,-0.096381915302625,-0.11847619982494453,-0.15530000736214383,-0.1276405964972555,-0.19521002560390027,-0.1592238664343501,-0.050964359043575665,-0.16354691730676413,-0.1518852814383993,0.049478842016572974,-0.08584325177713971,0.09606648833918212,-0.16040573592808,0.016413981529199054,-0.07295131986879021,0.043928112755323205,0.2537380876422325,-0.11912799496102153,-0.015046258803897036,-0.13350020859407588,-0.20517542352777574,-0.10315377882483821,0.03125737236905608,-0.12908946640817356,-0.08967156658241099,0.1474352744852634,-0.04748419184110853,-0.14507546197452695,-0.0397071502777164,-0.06354217281405676,-0.052049375444796174,-0.06729064925928649,0.07527186761229313,0.028994412950829024,0.1371518319467962,-0.07350233543563438
AngMaMyMyRt37883-00,3,24,216,kmeans,-35.78947991666667,148.735201,2019,0.03624247084454693,-0.001717288222478533,-0.02361143150070484,-0.13879277201076504,-0.13728309624503393,-0.16787902088940146,0.11377675253107776,0.25890554914776365,0.09952838651800586,0.06593617839292577,0.10849160579264382,-0.11199282327310003,0.10982698961937713,0.2569293861335384,0.0722055619633474,0.09083942073561448,-0.04641548122516979,0.012943739587338202,-0.09778546712802766,0.16147635524798154,-0.12268102012046642,-0.0045341535306933295,-0.0869486095091631,0.10401640394719976,-0.03659105472254256,0.038977316416762775,-0.17900294758426244,0.10205818275022421,-0.01180315263360246,-0.1539664231705754,-0.153118031526336,-0.14765859284890423,-0.1887607330513905,-0.04534409842368321,-0.08061771113674226,-0.26193259002947583,-0.08935024990388307,0.10402665641419963,0.038592848904267577,0.055622196591054676,-0.21269255414584134,0.05430731769832109,0.009465590157631688,0.01984364987825192,0.17436883250032031,-0.0396719210560041,-0.13701653210303724,0.023339741125208237,-0.22448289119569392,-0.10921953094963471,0.025846469306676875,-0.09832115852877095,0.11332820709983336,0.07495578623606303,-0.07019864154812247,-0.07186466743560167,-0.060297321542996246,-0.10625656798667178,-0.061842880943226916,-0.05663462770729202,0.045564526464180424,-0.039266948609509134,0.11536075868255796,-0.11422529796232214
AngMaMyMyRt37883-00,4,31,216,kmeans,-36.241938903225815,146.61741158064518,2018,0.0026530738797733017,-0.03288859123662113,0.02800114100035965,0.07690540858974833,-0.15167962694249107,-0.12624226414158324,0.16507199464225913,0.30798080142873085,0.018065508303258024,0.009606230854137953,0.15248527241383583,-0.09058550681499669,0.01698205404869095,0.2994500874353536,0.031447954260768164,-0.006105840185536556,-0.021835770361275417,-0.01497190906723219,-0.08534285820590093,0.18582827944587066,-0.03405340377770333,-0.0009128002877305231,-0.029138172663119626,0.015291389167937874,-0.08533095211519141,0.15403901725142932,-0.10479542607681906,-0.009965397923875397,-0.07307363172973172,-0.15453312001587477,-0.14261313886718505,-0.20998772184395578,-0.25446093934094827,-0.1579303245649936,0.02963624412446822,-0.170034850119681,-0.1851516166238791,0.10691669457156673,-0.02133571455147522,-0.04513995857672603,-0.19241433195669155,-0.09931664000198431,-0.025387754089618082,0.07455990871997117,0.25094070518783096,-0.05258324961863299,-0.0605365182125981,0.030029145117882655,-0.18164328856147138,-0.07991963388771064,-0.04882886234822832,-0.14810978407808406,-0.04129032258064512,0.14863365206930335,-0.059443142215773036,-0.16461757884684547,-0.09321079981644774,-0.015140578685617155,-0.06183626644838829,-0.09857647802954195,0.12085475809552156,-0.00983046222916742,0.06520767446763648,0.04078629807394175
AngMaMyMyRt37886-00,0,5,49,kmeans,-29.9222106,151.819125,2019,0.003973856209150306,0.011023452518262172,-0.047292579777008806,-0.019992310649750065,-0.043392541330257536,-0.030843521722414446,0.13520953479430983,0.3209965397923875,0.04456132256824292,-0.04511495578623602,0.1624605920799692,-0.18317877739331023,0.07167704728950401,0.14298500576701265,0.08532103037293345,-0.046886582083813896,-0.06228988850442133,-0.0105928489042676,-0.04955632449058052,-0.014849673202614405,0.06740792003075735,0.030462129950019203,-0.15421760861207226,0.031163398692810415,-0.13068204536716646,0.03469434832756631,-0.046591311034217556,0.20528719723183386,0.013545559400230632,-0.1490134563629373,-0.13994617454825065,-0.1496039984621299,-0.17489888504421375,-0.11144021530180692,-0.038791234140715086,-0.07674586697424063,-0.18240369088811992,0.034743560169165674,-0.12692964244521332,-0.0204229142637447,-0.0465174932718185,0.02135793925413297,-0.02483967704728944,0.1172841214917339,0.2403506343713956,-0.1620299884659746,-0.03368550557477891,-0.08861822376009222,-0.25372395232602846,-0.21498193002691268,0.058131487889273345,-0.08779392541330254,-0.030572856593617793,0.18213302575932333,-0.058525182622068427,-0.15016993464052286,-0.06936409073433292,-0.11988004613610148,-0.03994771241830064,-0.08099038831218758,0.1943129565551711,-0.0007504805843906032,0.16216532103037287,-0.19309496347558627
AngMaMyMyRt37886-00,1,12,49,kmeans,-30.901589166666664,151.55538024999998,2017,0.07798539023452515,0.07049596309111875,-0.09548122516980645,-0.020904780212738665,-0.0645239010636934,-0.06935793925413299,0.17512238882481093,0.3278482634884019,0.07052159425861844,0.006023324362424702,0.17118031526336022,-0.18474945533769058,0.06371395617070354,0.2293323080866333,0.08935537613738304,-0.018700499807766235,-0.057613738305779816,-0.036585928489042636,-0.048422401640394686,0.07542739971805709,0.03074714853261564,-0.09508137895681146,-0.04386518005895167,0.06415481225169802,-0.07758554402153013,0.11566320645905416,-0.0577726515442778,0.08038959374599508,-0.05899782135076251,-0.09025759323337176,-0.18353966423170573,-0.12933487120338324,-0.1951249519415609,-0.21126746123285914,-0.04034858387799561,-0.15866717929001664,-0.15767781622452898,0.06970139689862871,-0.05683967704728947,0.013446110470331892,-0.11114186851211069,-0.047858515955401734,-0.09001666025887477,0.06018198128924769,0.22820453671664745,-0.11544790465205687,-0.07006535947712417,-0.0734640522875817,-0.19243880558759452,-0.11105984877611172,-0.03864667435601689,-0.11807253620402408,-0.03853389721901827,0.2159425861848007,-0.06107394591823654,-0.13779315647827756,-0.08349609124695627,-0.09057541971036775,-0.07175189029860306,-0.1351480199923106,0.13665000640779185,0.05349224657183131,0.13007304882737405,-0.15803152633602455
AngMaMyMyRt37886-00,2,11,49,kmeans,-30.37727009090909,151.66571827272728,2017,0.14270874838348885,0.04138268498130086,-0.027754360211107575,-0.07229666911327806,-0.06852189717241615,-0.10781867114047042,0.1731473908636538,0.27761070916780256,0.08409632658767603,0.06519450560973049,0.16376917968613466,-0.1605312641990842,0.08015378700499805,0.24338611023732126,0.039498095138233526,0.01782251581559537,-0.10613540246758235,0.020171262801020592,-0.05164447240571804,0.06682185173534652,-0.044033413721995,-0.04158400615148018,-0.04183006535947711,0.11296354548949701,-0.12214043549683685,0.03844115899479217,-0.09087413931704585,0.1194393764635979,-0.039956660025864135,-0.11145922896787946,-0.2097039600153787,-0.12705043514732092,-0.2238132186921114,-0.20446960959071683,-0.08066827443990071,-0.2049561357519835,-0.08233476634860715,0.031484394114151874,-0.06018384537415673,0.09075670196777463,-0.16820383768480654,0.010317709971689206,-0.0923616790744818,0.004921184159938495,0.19201006605850895,-0.0747572611932473,-0.1499954562930341,-0.1174820873090769,-0.2377770787459369,-0.09714864912096742,-0.0636622278144769,-0.08752437873545138,-0.024393415120058718,0.16822061444898811,-0.0941623850966411,-0.11114606270315608,-0.05754430114291702,-0.06372374261647613,-0.11548565237146549,-0.08177554087588687,0.053322148823878895,0.04847925623012124,0.1329278948656111,-0.1796064450735731
AngMaMyMyRt37886-00,3,15,49,kmeans,-30.5118786,151.7067383333333,2021,0.10668307061386642,0.06410662565679862,0.0378069973087274,0.003145456875560667,-0.10445623478149424,-0.0999738562091503,0.15113776752531075,0.2458049468153274,0.10090478021273865,0.030560553633217975,0.17413200051262331,-0.22174445726002817,0.022715365884916044,0.177437395873382,0.08735922081250797,0.0025795206971677455,-0.05935358195565803,0.06260566448801741,-0.07098398052031266,-0.001689606561578877,-0.0024236831987697223,-0.02984288094322693,-0.03750762527233112,0.0912059464308599,-0.1553002691272587,0.05927566320645901,-0.022981930026912706,0.059829296424452096,-0.10229501473792127,-0.1206428296808919,-0.1977823913879277,-0.1258223760092272,-0.17166320645905417,-0.23291964628988848,-0.016354735358195545,-0.20333922850185823,-0.03608048186594899,0.012508009739843652,-0.13677611175189028,0.10779853902345249,-0.1691246956298859,-0.008952454184288059,-0.16165269768037932,0.022485710624118915,0.217918236575676,-0.12567884147122899,-0.10669537357426626,-0.09643060361399458,-0.20593105215942586,-0.07551557093425601,-0.06032141484044595,-0.1233904908368576,-0.11615635012174799,0.2079036268102012,-0.03982468281430216,-0.16186594899397666,-0.0023375624759707937,-0.014648724849416858,-0.1261668589004229,-0.0918457003716519,0.08936460335768293,0.0215014737921312,0.09604100986799946,-0.09655363321799304
AngMaMyMyRt37886-00,4,6,49,kmeans,-30.16809783333333,151.68816533333333,2018,0.038159682173523,0.09862873253876711,0.08874535435089065,0.07627835447904646,-0.08004100986799945,-0.057618864539279765,0.18677944380366523,0.30992182493912596,0.07867743175701648,-0.058510829168268566,0.15637062668204535,-0.18422657952069715,-0.020986799948737665,0.06633346148917081,0.1444059976931949,-0.1137101114955786,-0.055055747789311785,0.07872869409201587,-0.0597411252082532,-0.08417275406894782,0.043408945277457346,0.0020197359989747414,-0.13874663590926564,0.02777393310265279,-0.09658849160579264,-0.042024862232474675,0.054686658977316366,0.04513135973343582,-0.08165064718697934,-0.14486735870818912,-0.1913110342176086,-0.11124951941560937,-0.10037165192874532,-0.15198257080610023,0.03818018710752273,-0.0321107266435986,-0.05394848135332561,-0.05247212610534405,-0.15914904523901058,0.05773164167627834,-0.0948148148148148,0.013512751505831061,-0.13391772395232593,0.08728950403690884,0.24317826476996027,-0.19565808022555423,-0.020689478405741396,-0.17688581314878893,-0.1585441496860182,-0.1144482891195694,0.11859028578751758,-0.05951557093425604,-0.17707035755478653,0.17481481481481478,-0.04535691400743299,-0.19572984749455336,-0.03998462129950013,-0.055312059464308574,-0.06503139818018706,-0.053312828399333566,0.141114955786236,0.0978803024477765,0.11015250544662308,-0.026769191336665395
AngMaMyMyRt37891-00,0,347,1220,kmeans,-37.24050044092219,145.71723817002882,2019,0.10607633729877777,0.0181587440875655,-0.07094269882898059,-0.10509245501896297,-0.09950577643047948,-0.023833883443189097,0.08182142315026252,0.22825802977573467,0.09121120562142467,0.06861329105298668,0.09155937585521859,-0.02130592645036767,0.003531871470405429,0.3880990131261862,0.03986230079984752,0.1690325711569591,-0.10006543703541199,-0.10548263968524627,-0.017753490953933696,0.1322979523504039,0.03818526902200107,-0.09840471465751918,0.09307047721614495,0.06785703126817769,-0.05204045883483072,0.1452547069570892,-0.1418811430318864,-0.002942960311208165,-0.16664678958547308,-0.08493297301968758,-0.1413517966377374,-0.10202291958202726,-0.21044107398285075,-0.14077866305023445,-0.04057760980868583,-0.22371426640385483,-0.13085776142405878,0.10261732629990457,0.035289995978048785,-0.06961419183710099,-0.18904402762404615,-0.08119404308030492,0.018763078266284185,0.019599998670429324,0.17410514909472857,0.058564750644564734,-0.1440696163191501,0.0919041778433699,-0.14210734731820057,-0.046887043001638665,-0.09551405079181469,-0.1780959883529611,0.078881476532524,0.034932430111672824,-0.014829144631803091,-0.0571531011681386,-0.10023810394361732,0.10499920779748863,-0.09854245817669326,-0.050033693536181464,0.09963075607142892,-0.029690553511340652,0.1619739692226554,-0.05980444231713137
AngMaMyMyRt37891-00,1,129,1220,kmeans,-37.84234558914729,144.8696128449612,2020,0.07567941966268188,-0.03465619961314818,0.10847396201222545,-0.01909343156627296,-0.14912332466046152,-0.12463518801653506,0.12206777953619506,0.22943018338206234,0.047245752230060556,0.10722554533289222,0.13272605348568972,-0.04053157849247007,0.050493638403833904,0.22858614307556124,0.016432081876678307,0.049396386005382514,-0.021398567634988333,0.058190141537691205,-0.04178857863254739,0.2255118335523904,-0.059255921246747625,0.0535483967108655,-0.03151942157011762,0.07032953932446968,-0.09827108834109717,0.176157887991798,-0.06952889318061925,-0.015878925517615453,-0.09621058090358803,-0.09819669834798181,-0.12685544319567008,-0.14179304918501823,-0.20998864479672397,-0.14861928477121197,0.021764318434472133,-0.1657447195324398,-0.16090698568529094,0.06608120311508094,-0.048258123738931624,0.05127759448512645,-0.18426067493420836,-0.08707205636472552,-0.05946287802246597,0.03231053053536355,0.2968480220785684,-0.003283173734610123,-0.07923774100003275,0.00974795025169211,-0.12597039302116952,-0.02360547076407702,-0.042439014213376466,-0.11296835742961112,-0.09751574379561823,0.08062063189768989,-0.08055720965996974,-0.28887970935448204,0.054356195738669365,0.001080562335893459,-0.07368567247540447,-0.02096939459778437,0.02554151802079699,0.01158194969734358,0.0593460475845605,0.002191166784391213
AngMaMyMyRt37891-00,2,163,1220,kmeans,-36.73727395705522,144.1884830245399,2017,-0.006217901090425325,0.04990058094692222,0.11676075506589015,0.006511511617759116,-0.18577356986340784,-0.13157714234496876,0.1625473921073301,0.3369626123034321,0.1022285435285626,0.050661779447734784,0.14332986604963166,-0.08720685531520436,0.0735894405879758,0.23502918886789648,0.06494868655991204,0.021613584204281954,-0.07319770829058193,0.041856482759108686,-0.0710756363173201,0.1250678950757495,-0.12679861214304078,-0.031323865526001075,0.0010540542452997514,-0.00330708104244945,-0.05775937994589147,0.061234400171713076,-0.07929220238558551,-0.021682646834747354,-0.15444593042317367,-0.1086430655505315,-0.21973200491552328,-0.10092843007526597,-0.23337847878234655,-0.15630194144300324,-0.021786429476157103,-0.13555635751233006,-0.095314732653557,0.06209334305116247,-0.06126194974561455,0.07851024735649097,-0.1404571625354099,-0.05237626868382379,-0.0973541559051143,-0.03114837851416277,0.2619164408214868,-0.08201206237336744,-0.04883709191603981,-0.0716998417314718,-0.16112613600715153,-0.025373534954701217,0.020415743826701846,-0.11716758302021639,-0.06839955373464193,0.06470640126614818,-0.09079169644520863,-0.1582545646671997,-0.017436238539683874,0.005228758169934648,-0.06553477544030963,-0.08146107089533752,0.058633418482273186,0.0027228791191684087,0.12691107478718658,0.03771046058264519
AngMaMyMyRt37891-00,3,305,1220,kmeans,-37.16049470491804,145.7903769639344,2017,0.08192319473594643,0.05445209597821768,-0.02724601508877416,-0.04478922986745323,-0.10992372416661936,-0.05462413573594011,0.11433826838353467,0.2739667593170344,0.07201386604143423,0.07123978797562094,0.1416377307592918,-0.07085718607597327,0.04089544374483961,0.3291217375410466,0.06387313832636876,0.10805669950397384,-0.06575246594941413,-0.08049705976894128,-0.07868186889027545,0.19391865675874975,-0.017618242668330574,-0.09575192391324897,0.07372196065825877,0.06635248737875088,-0.046742778628648465,0.15973841082559667,-0.10962583117464277,-0.014570738870926048,-0.15810070527728928,-0.06541322694297902,-0.1424569869091963,-0.08449774046552079,-0.17361130964761343,-0.16166553847511358,-0.06443705762600763,-0.21987144919041224,-0.11636785347375848,0.10325672975715515,-0.0036235243695678238,-0.02603528277270406,-0.19045285230775047,-0.08387069286087945,-0.04816931697140442,0.012561725943993782,0.2483106497500961,-0.003976881527281433,-0.0835635222266341,0.025793660697966084,-0.15644101575056246,-0.0428062346764485,-0.11087286730828617,-0.19042481769306885,0.0028776826063115673,0.09127445307920656,-0.03939488595180917,-0.1370939046142404,-0.0669430294779435,0.016134626656834364,-0.06543258897901813,-0.09081379797177627,0.05042075872457626,-0.02916507522327475,0.13932598433137316,-0.05751089429664502
AngMaMyMyRt37891-00,4,276,1220,kmeans,-37.672647018115946,145.39967265942028,2022,0.10243930706695861,0.02197816893168178,-0.007454435027776374,-0.11463639960104524,-0.13044949267004327,-0.10053078804696072,0.11339696549264772,0.2463186399879645,0.0780870233856543,0.1342415681816915,0.11389354150298933,-0.006618190328134661,0.0682901225281246,0.32066507307668735,0.02683962132736014,0.1290478021273869,-0.10754748730978606,-0.0227096601641509,-0.0846777995085502,0.19642634661139247,-0.07381954543681636,-0.02221241551465711,0.03952727211941893,0.0965479274972279,-0.08413152132123093,0.10321180816742723,-0.16988761290250678,0.035410906618970374,-0.1133933994171695,-0.0861762198485532,-0.15088488819796173,-0.10665931163599279,-0.18577113596219957,-0.12151959391315488,-0.08220873799932019,-0.2150209785533992,-0.09332464102435514,0.11254199889674538,0.036011567457332444,0.015503736021262723,-0.18400013372783042,-0.058628063899614946,-0.00926020649805815,-0.01633418584825233,0.21930428096217172,0.023370052766773088,-0.14335311390825153,0.0037853891201265963,-0.15757752035170414,-0.01902657283430563,-0.10507842580055604,-0.1573515203182722,0.06306626771197252,0.029235578289286697,-0.10334553599786034,-0.13294440822649034,-0.06390986744228805,0.025180727590837393,-0.09409669636538898,-0.0398482189124584,0.019591350038168143,-0.027190879761964437,0.13369595863352443,-0.031016610110938366
AngMaMyMyRt37950-00,0,1,15,kmeans,-32.068341,151.901201,2019,0.002214532871972305,0.1476970396001538,-0.1137408688965782,0.01777777777777769,-0.0297731641676278,-0.029773164167627805,0.0297731641676278,0.3839138792772011,-0.015747789311803095,-0.07972318339100339,0.1663360246059207,-0.0842137639369473,-0.0415840061514801,0.1929104190695886,0.1137408688965782,0.0669896193771626,0.0246059207996924,-0.0842137639369473,-0.1476970396001538,0.1245674740484429,0.0246059207996924,-0.1476970396001538,-0.0888273740868896,0.04158400615148009,0.075355632449058,0.2141330257593233,-0.0711111111111111,0.1358861976163014,-0.1301653210303729,-0.0088581314878892,-0.024605920799692413,-0.0415840061514801,0.0177777777777777,-0.0797231833910034,-0.0842137639369473,-0.0888273740868896,-0.2364628988850442,0.0935640138408304,-0.0935640138408304,-0.0935640138408304,-0.1537870049980776,-0.1301653210303729,0.0448442906574394,0.1245674740484429,0.3368550557477893,-0.1417301038062283,0.044844290657439397,0.05173394848135329,-0.1476970396001538,-0.1301653210303729,-0.00024605920799691816,-0.1417301038062283,-0.05911572472126099,0.16633602460592073,0.01039600153787,-0.2288965782391388,-0.0384467512495194,-0.1190926566705113,0.17279507881584,-0.0711111111111111,0.1417301038062283,-0.0669896193771626,0.05911572472126099,-0.16
AngMaMyMyRt37950-00,1,7,15,kmeans,-32.11108085712858,151.87352771428573,2020,0.09711429669907176,0.010975998242434212,-0.08792222771461522,-0.16152029439226664,-0.1368264953040039,-0.23635744493875982,0.0354764650958422,0.28707200527269733,0.10004943153732078,0.09610369638051297,-0.030906794090185097,0.0019508980062613243,0.007935409457900791,0.3358620310869445,-0.014183555775251263,0.2346086669962102,-0.11650903498654358,-0.014719613335530297,-0.055530290547591545,0.12264293952875265,-0.052006371175921294,0.007873894655901588,-0.06780688746086669,0.09463612896138844,-0.030194979952765398,0.02769923655736803,-0.12429505135387485,0.10504091832811555,-0.07039050914483437,-0.09510188389081119,-0.15227549843466798,-0.16515845553907832,-0.18126654583401988,-0.08973252045916401,-0.1074312077772285,-0.20616246498599436,-0.1327489427143406,0.11541055637941451,0.07268413247651996,-0.0711198989399681,-0.217516339869281,0.023577744823419525,0.10867907947492718,0.02987861811391221,0.13322348547262036,0.029579831932773082,-0.11955841159993405,0.17898171033119128,-0.08320316361838849,-0.01904322513319051,0.028428626352501776,-0.10230790355357827,0.07948591201186354,0.003330587136815541,-0.07699016861646615,-0.012918108419838509,-0.11213269621574116,-0.08354588894381279,0.018586258032624814,0.08286922612182124,0.10994452683033995,-0.13049047069808312,0.16076454111056182,-0.13090349865436368
AngMaMyMyRt37950-00,2,4,15,kmeans,-32.16542975,151.82734725,2020,0.05614763552479814,0.1570472895040369,-0.04313725490196078,0.0446289888504421,-0.03483275663206455,-0.17845444059976928,0.03086505190311415,0.3247673971549404,0.01793156478277584,-0.10066897347174159,0.06034602076124565,0.016270665128796595,-0.08359861591695503,0.24910419069588619,-0.017362552864282947,0.10489811610918871,-0.12476739715494037,-0.09877739331026522,-0.11068050749711644,0.30841983852364474,0.012871972318339104,-0.09122645136485966,0.008442906574394492,0.12761245674740485,0.07520184544405994,0.08030757400999611,-0.007181853133410229,-0.041138023836985754,-0.2659746251441753,-0.1297654748173779,-0.004429065743944652,-0.007458669742406811,-0.0736947327950788,-0.13885428681276427,-0.06897347174163779,-0.10569780853517875,-0.12116878123798534,0.050026912725874624,-0.03766243752402921,-0.07978469819300266,-0.32359861591695505,-0.07710880430603609,0.1115570934256055,0.03981545559400225,0.18432910419069587,0.10828143021914641,-0.06320645905420988,0.034555940023068,-0.056163014225297916,0.04464436755094191,-0.09806997308727407,-0.14898885044213758,-0.0017993079584775248,0.1255824682814302,-0.06660515186466742,-0.14871203383314108,-0.1305036524413687,-0.15952326028450595,0.024021530180699663,-0.02414455978469817,0.04545943867743173,-0.018592848904267573,0.048442906574394415,-0.2017224144559785
AngMaMyMyRt37950-00,3,2,15,kmeans,-32.270025000000004,151.639128,2017,0.10153018069973085,0.07446366782006916,-0.049211841599384805,-0.14775855440215296,-0.11653979238754325,-0.26651287966166853,0.0842752787389465,0.3510342176086121,0.08070742022299116,0.07360246059207995,0.014148404459823141,-0.0776624375240292,0.04598231449442518,0.28865820838139167,0.053948481353325604,0.1476970396001538,-0.05198000768935021,0.024144559784698157,-0.0668358323721645,0.11380238369857745,-0.10214532871972315,-0.020761245674740497,-0.1134948096885813,0.10091503267973854,-0.029803921568627448,0.1358861976163014,-0.14594386774317566,0.09996155324875047,-0.005905420991926161,-0.0776624375240292,-0.15086505190311417,-0.15384851980007688,-0.13917723952326025,-0.026297577854671315,-0.1198615916955017,-0.2560553633217994,-0.12210688196847365,0.16759707804690502,0.05723952326028443,-0.0467512495194156,-0.16855055747789313,-0.001322568242983449,0.024144559784698153,0.011349480968858152,0.1685505574778931,-0.075355632449058,-0.1793771626297577,0.19503267973856203,-0.0705267204921184,-0.0458285274894271,-0.0019377162629758,-0.1043906189926951,0.03844675124951935,0.08888888888888885,-0.09119569396386001,-0.09996155324875045,-0.07089580930411375,-0.12007689350249899,0.049273356401384055,-0.0018454440599769521,0.046658977316416744,-0.1285966935793925,0.1244136870434448,-0.07541714725105725
AngMaMyMyRt37950-00,4,1,15,kmeans,-31.997767,151.920888,2020,0.1476970396001538,0.0629911572472126,-0.0629911572472126,-0.16,-0.10340638216070738,-0.2844444444444444,0.1137408688965782,0.2519646289888504,0.0935640138408304,0.11909265667051132,0.035432525951557,0.0015378700499806969,0.01039600153787,0.3014225297962323,0.004982698961937697,0.16,-0.18608227604767397,0.0246059207996924,-0.007443291041906892,0.1663360246059207,-0.1358861976163014,0.022206843521722402,-0.0517339484813533,0.1034063821607074,-0.0415840061514801,0.0935640138408304,-0.1998615916955017,0.0935640138408304,-0.05536332179930789,-0.1358861976163014,-0.16633602460592073,-0.0797231833910034,-0.1929104190695886,-0.1301653210303729,-0.10340638216070741,-0.17279507881584,-0.1929104190695886,0.0935640138408304,0.11374086889657818,-0.0222068435217224,-0.2441522491349481,-0.003936947327950703,0.0842137639369473,0.0246059207996924,0.1417301038062283,-0.024605920799692402,-0.10340638216070741,0.02220684352172239,-0.10851211072664362,0.032541330257593176,0.03844675124951939,-0.03844675124951939,0.0669896193771626,0.059115724721261,-0.2069357939254133,-0.0984236831987697,-0.1476970396001538,-0.1085121107266436,0.0482276047673971,0.0015378700499806969,0.006151480199923093,-0.0842137639369473,0.09842368319876968,-0.1929104190695886
AngMaMyMyRt37962-00,0,57,177,kmeans,-35.38356766666667,138.9521925263158,2023,-0.056604409909818756,-0.013740464193933495,0.11212205831765107,0.03609839670302245,-0.23806552135818207,-0.09114659004296591,0.1532894905468207,0.3452199896126321,0.016715838038001557,0.11438839312814907,0.11211558307533537,0.030273916240042588,0.08133767714172009,0.24765535522774645,3.561383273639751e-05,-0.005871965573295036,-0.10135265113957516,0.044427716735128846,-0.08077541026730606,0.2053256170029071,-0.0739170494479181,0.03485083335019591,0.009191606467148257,-0.03099374734413886,-0.05801385432053794,0.0983179209076131,-0.13440228791895154,0.03126139069318815,-0.07097189340132334,-0.10741671556823622,-0.15269053063261767,-0.1732893556459391,-0.22916314238113544,-0.17250369291163314,-0.030619262496880385,-0.04835603040665869,-0.19416661607883606,0.1003533054088508,-0.03188733078370664,0.024459148640536346,-0.10657385486014148,-0.10727210182318539,-0.046812764321414804,-0.01603269997369431,0.2753067983299271,-0.05993484287419815,-0.044091004134711995,-0.03777116763458046,-0.10737462649318409,0.004282293584788571,0.03272047862832779,-0.1128516022852209,-0.029685748396365754,0.0831162103644347,-0.12543623572580043,-0.27014387179020216,-0.031628321091078306,0.00010899991231443518,-0.08525951557093422,-0.054959698361628756,0.06137882191060115,0.006695400554442621,0.11132560351281895,0.09399461745482504
AngMaMyMyRt37962-00,1,37,177,kmeans,-35.698370675675676,139.73286143243243,2023,-0.11673846857237857,0.03447655267724471,0.19325456944834105,0.07479202385776777,-0.2423949208724295,-0.02718455479701154,0.14450325758284233,0.3580111599488762,-0.017505117574321716,0.08349719962176706,0.06686326464873174,-0.014434365161008753,0.06006172262227623,0.24875255878716085,-0.0367359747290543,-0.05940168542244663,-0.03389964358822487,0.04716855263568062,-0.025482091087627404,0.1613383625840373,-0.04880451385641693,0.0228951442792273,-0.04237871089082158,-0.11138501823622925,-0.058859690139966926,0.02782464125024678,-0.024935108118499073,0.03974188721593563,-0.12991427413572737,-0.15348441867473006,-0.15346114280370332,-0.1761251909348795,-0.16970271309371654,-0.19151054168355205,0.056427361617673005,0.03514656525037145,-0.22676018579132765,0.06095119340794078,-0.1625337448174818,0.06399035713914604,-0.12992424950902454,-0.05946652534887826,-0.02970666167897998,0.0015943971653314248,0.23312779907935613,-0.02381620374699956,0.00210147864127104,-0.0543890603406174,-0.12175940646528881,-0.04603302264201916,0.14477425522408222,-0.05161091887735482,-0.10105718174922322,0.021362261915895117,-0.010676974552407077,-0.2788765235824059,0.06423475378492675,0.06928561779772852,-0.012429315128277045,-0.02263079688685222,0.05835427122624351,0.008289535209950433,0.1193121148830491,0.08197761775616444
AngMaMyMyRt37962-00,2,17,177,kmeans,-32.39398647058823,140.44023952941177,2024,-0.22047628740077344,0.17153221611597344,0.11526064635773567,-0.01462604880475836,-0.3067236583214601,0.03071036026867492,0.09757333152407442,0.2964325937987652,-0.03389465590157631,-0.03491869642897524,-0.021779858425492488,0.011007531040097683,-0.005192572992288036,0.11988511206097201,-0.03151367121242958,-0.09083926996404096,-0.05377479250062191,0.05278331863310488,-0.1478019766153289,0.13065743944636674,0.01111608657303751,-0.0406974692991383,-0.0386493882443404,-0.09339032498812667,-0.04007146572585204,-0.07366940317072615,-0.09295248433860276,0.05856209150326793,0.012205260420200384,-0.18036501797951013,-0.15628016373792886,-0.19005540855327135,-0.09939344595969876,-0.17723861863084334,0.08856684080783409,0.0049682248908790696,-0.13652667526064632,-0.023426284008413033,-0.016431689169324,0.005149150779112096,-0.07506976954564984,0.0313110342176086,0.07503720288576789,0.1221285930750616,0.15067869823823415,-0.0927462288260171,-0.07271411448085574,-0.11769952733111695,-0.09744668340231132,-0.12544677386525538,0.10276228599859778,-0.11700839043806677,0.002663229074790225,0.08187620146097652,0.0034375918764276356,-0.23516023248976636,0.0026089513083203276,-0.04206888753194471,-0.05584820317977246,-0.06916434855372364,0.22652644910328606,0.08753556324490576,0.14948820589366077,0.0978881425695999
AngMaMyMyRt37962-00,3,52,177,kmeans,-35.408793461538465,139.85900217307693,2023,-0.16086239020495072,0.019949723479135234,0.18336142903616948,0.12715937657114126,-0.23164226776683522,-0.08457102297932745,0.13860349569692126,0.35300978913435654,0.0030000295744240374,0.0739656345192677,0.0840836364711797,0.00837074497974151,0.05167598261023863,0.20397007068287343,-0.022423328305681223,-0.1003235441989767,-0.08704344482891192,0.12009227220299878,-0.06262561736610175,0.14562801289444885,-0.058269896193771584,0.0618827078342649,-0.07832135569159787,-0.10784017981249809,-0.02958861976163011,-0.009867210836068965,-0.03133942566468517,0.001382900068021168,-0.08299411468961637,-0.16160293378286456,-0.17062195013752102,-0.1983876024014432,-0.19102948570076594,-0.1633643864785733,0.01976517907313753,0.031133587673380026,-0.18080619879927837,0.058182355898618844,-0.08329932274568949,0.05815396445154227,-0.11282879365924345,-0.04362700736403155,-0.023069233726673147,0.002599000384467514,0.2160009463815692,-0.0973211486706296,-0.0013083725194451765,-0.08295389347292459,-0.09807352201815865,-0.004966137284476382,0.1660745866974241,-0.09578564457457188,-0.08621417797888381,0.032107177712714034,-0.06637683731109334,-0.24764439712536596,-0.005670008576582971,0.02829562594268475,-0.05628367787537335,-0.06420015970188976,0.09701830656847954,0.06110785792446689,0.12188448229970719,0.1322035903350782
AngMaMyMyRt37962-00,4,14,177,kmeans,-34.51227207142857,138.6297885,2018,-0.12912835722524302,-0.0072367770637667,0.1402537485582468,-0.050877135167792596,-0.2954072609435931,-0.14705992200801882,0.09437249409567745,0.36643928159499095,0.09185917504256598,0.026095457790959467,0.11221618058988297,-0.025137584445542913,0.09136266271214362,0.19941780633822154,0.05744603723842475,0.0706497500961168,-0.03777887625638489,0.10374910748613167,-0.14774097874443895,0.14130389410666225,-0.1294403251496677,0.052287581699346386,-0.0808831768001318,-0.0447080793101554,-0.03394298896028997,0.01576975888394576,-0.12273081781732297,0.09563354753666164,-0.0643269072334816,-0.10227714615257866,-0.11375844455429227,-0.16717086834733894,-0.1891052891744933,-0.07118141374196733,-0.059133300378975066,-0.10683363541495028,-0.11813917723952323,0.13187015982863728,0.004442247487230169,0.12227385071675723,-0.12507277420772228,-0.026200911737243912,9.227220299885819e-05,-0.02039215686274508,0.21565332015159003,-0.12872411709781947,-0.059511177019827506,0.04207612456747402,-0.14253419014664687,-0.09330916680397648,0.14909430438842203,-0.04884714670181796,0.048706541440105444,0.0033086175646729263,-0.06911627396056458,-0.14267040149393087,0.046263525017850256,-0.033402537485582445,-0.03907508101279725,0.013295985060690942,0.10417531718569778,-0.05416817707475145,0.1061745482506728,0.02497500961168781
AngMaMyMyRt37968-00,0,61,465,kmeans,-30.492624163934426,152.53120216393444,2018,0.08177535752327286,-0.03203307681156677,-0.09468640686747212,-0.114231978873195,-0.0776901696068977,-0.11426828269076833,0.055092051606885094,0.31309219026729945,0.005736003176584029,0.10608782246424764,-0.008655435173104936,0.09070508820693177,0.024528270967660595,0.31920534977089515,-0.02056510421590687,0.17996205746843896,-0.16942084066027566,-0.03645810879800326,-0.05469976868921786,0.1563968461058483,-0.0024313473380351835,-0.018006693516365063,-0.01809341930279023,0.11375297016910264,-0.09527735234241556,0.06787200383206962,-0.15568287102690637,0.15401793761541901,-0.08416233352871846,-0.10410018845210857,-0.0715669257095316,-0.16662443826775322,-0.13489792702680556,-0.11285243380540898,-0.127411273091686,-0.11596951991982904,-0.08584642728836953,0.10486559393927931,0.034129622276425825,-0.03534277484700082,-0.19359918316410457,-0.03579657256666728,0.11672786633136055,0.04685007657836516,0.2026660616030404,0.043002880354970636,-0.14503879340228537,0.08827474930827357,-0.1213918984501547,-0.029853839317790745,-0.06905591166071054,-0.12078380950580164,0.028568079112069104,0.05628201007178822,-0.09250515249494198,-0.06248895443744837,-0.12968127012939537,-0.009132426998443213,-0.028616484202166857,0.07019746503551594,0.12432444015857708,-0.11114917969759422,0.10901532197578481,-0.18153522289661603
AngMaMyMyRt37968-00,1,106,465,kmeans,-31.3999840754717,152.48329565094338,2023,0.06428354841751718,-0.03141665397198463,-0.004617672448187594,0.012962793700536053,-0.14807947596352633,-0.05251971302764537,0.14308342945021144,0.32380057017257513,-0.027623628067579203,0.08410059991440154,0.07616402979985924,-0.02639275169927383,0.020676517739911332,0.2661977613835027,0.007490297635887502,0.04187358998353316,-0.07799206401021376,-0.00556476826764743,-0.07556977359941383,0.14376937752533492,0.01878870971251985,-0.012545537637918653,-0.10283824073469562,0.07946841925819528,-0.12409160482542995,0.14325520663315267,-0.08282329728043637,0.08134520104749257,-0.033048537209926496,-0.0362264150943396,-0.11876012854272303,-0.14939449993834006,-0.19861388580589467,-0.17829194866996,-0.11880713513670357,-0.031253581713854596,-0.1557711475267132,0.10942786881678307,-0.05996242374123156,0.041464458517406204,-0.17530267748978984,-0.06632166147998225,0.008997990613189396,0.06427426316438523,0.2960707420222991,-0.004685570861715009,-0.056998106678853536,0.012263498074035394,-0.10994436102224829,0.0009575417292333049,-0.05398330105257046,-0.10415268438118863,-0.14183050060571764,0.1467389175425997,-0.06569490689357502,-0.2185493242802115,-0.06212878936258186,-0.02724931630069709,0.022036807323743385,0.026006253037656045,0.1088829405236012,-0.06547438213169098,0.13045200322082215,-0.12879864783501263
AngMaMyMyRt37968-00,2,141,465,kmeans,-31.031539978723398,152.5928393546099,2017,0.0557494253437712,-0.02667081128098575,-0.09857332558944865,-0.02929282518180404,-0.1307887582790034,-0.08112929833315606,0.13102914590951106,0.345579250751893,-0.0076884776995209125,0.09393223010244284,0.06036172666813906,0.0219682009919807,0.0295833844593323,0.32236417526265126,0.014709890631262934,0.10349930877649346,-0.156392876716811,-0.08434333766881802,-0.02107034664790681,0.15481399679883076,0.020057751928472665,-0.05609321019466051,-0.015932769992992327,0.07007975655844312,-0.08107956296132689,0.18922214860078365,-0.1414434710054234,0.09228136477786772,-0.06895067636288275,-0.03582604617427555,-0.09939134157348098,-0.15517217873103903,-0.19212250607376868,-0.17672635456630154,-0.1325303688434072,-0.06585530387930444,-0.17078341390790772,0.14105998511210904,0.03812347133262979,-0.0468428673096272,-0.1559221357851999,-0.0776578566345186,0.05011754889690541,0.03340471886153984,0.25013663593653285,-0.028066455618542777,-0.08781608819302994,0.045502629921388635,-0.08911531571326901,0.007906615295262862,-0.0746375234838755,-0.11176061580243278,-0.04694146550290257,0.14921484099132626,-0.09474850098570922,-0.14259392868536647,-0.14872839415282174,-0.015703725517463275,0.013315118844088869,0.0007477756782034162,0.13051608628432596,-0.08033484120946387,0.13601446252259766,-0.14680223918242025
AngMaMyMyRt37968-00,3,79,465,kmeans,-32.757729278481015,151.58739779746836,2021,0.108771407297096,0.05440633836061104,-0.05838611244944735,-0.08604051995581052,-0.0986783077589437,-0.05932129317351162,0.06730887341285481,0.2762108049971043,0.030534701843010686,0.12544113997050788,0.012361360528326495,0.0490241825198682,0.004601151455866523,0.3497241080597044,-0.02334369935613857,0.2093481085658388,-0.1222197888835355,-0.06852826809552312,-0.04742635500464764,0.15625694109860372,0.0444152443802043,-0.020398775543972864,0.07626122377469226,0.09987356372184016,-0.08969870400381545,0.10118172659979849,-0.10655064507808581,0.07585709488560871,-0.11710082295514379,-0.04879291801108625,-0.07550513677796754,-0.10372407885964012,-0.14919208288924898,-0.16875846193528288,-0.12157037945483479,-0.19785340594415968,-0.09786459930211842,0.08766092885404343,0.002870171647710945,-0.03167856569284449,-0.20225132495291487,-0.03667839535913642,0.06667893069364748,-0.0015440993970186716,0.26933983521430416,0.03735038617084955,-0.1348879447534784,0.03457832673898549,-0.061322470909435975,-0.008592605570398912,-0.14992403116620187,-0.19628906116926786,-0.06279259681037963,0.078270188194414,-0.06252395621937032,-0.08825738883292206,-0.10760729806938905,0.0365475790713406,-0.06063880007202678,0.04574365263603577,0.07498265029516395,-0.1277459983745297,0.16058945196346097,-0.07434881423405795
AngMaMyMyRt37968-00,4,78,465,kmeans,-31.088596141025654,150.7585360641026,2018,0.053103835802797705,0.0369096698508463,-0.11936079811512335,-0.025311763720068207,-0.08844014629481754,-0.018831415924841513,0.04756671497155923,0.31866244738217053,0.03222192647798182,0.03464860655172072,0.04887193288577368,0.06319462928459466,-0.04186161141178439,0.31801417600725557,0.021879553229034183,0.19628348071254642,-0.1291850274549236,-0.13640907343329486,-0.03902483265805064,0.14536972959118286,0.09941344058991117,-0.10720531550981373,0.07829335857017518,0.08069006989422212,-0.04053825451749324,0.17031713640710178,-0.09398594229044054,0.04424491566360075,-0.17492443734658267,-0.026825974230818506,-0.05494849121146696,-0.10086061573950844,-0.11202634095367658,-0.16783761669574815,-0.08860576306943085,-0.10042212561243699,-0.14368911365451154,0.09173749741223787,-0.03646960242115949,-0.09689133370794269,-0.17974230818521472,-0.115296089275328,0.06850619584183595,0.04846498881100953,0.25819260836561875,0.01745679669555101,-0.0690834885990595,0.10023600390382395,-0.06439732252881039,-0.03482053253679549,-0.06790051163753585,-0.16842437326866389,-0.04881909324815896,0.11811551770029276,-0.025823598418754125,-0.1352111120969252,-0.11191987302713943,0.03675351689192517,0.006416467039304402,0.010886542651248526,0.13954553968394795,-0.0935159061110618,0.11469277102495093,-0.15350151322469657
AngMaMyMyRt37978-00,0,31,110,kmeans,-32.77309919354838,151.25118003225805,2018,0.05189864940283509,0.024451141620468506,-0.08051692277163866,-0.08808721211444728,-0.13124282223958525,-0.12580372313378227,0.10971462588830597,0.3367955252942416,0.07831231164192429,0.05340278552913886,0.1534199005345338,-0.05839540623333453,0.0433639667125547,0.25617740075157197,0.13078642209571997,0.08615445672260047,-0.052095099899542315,-0.0589371333606181,-0.19722042390643793,0.1509414493185003,-0.0722878297429028,-0.1186064912998722,-0.07233942280264412,0.05124183006535943,-0.036297701876449456,0.16310352097828376,-0.15575547866205303,0.11968200816063299,-0.036436606268060626,-0.05602014113678358,-0.11136163510312408,-0.16497079287122812,-0.13801937220175858,-0.1338026317421339,-0.09971350969230194,-0.14184321166796887,-0.19240044151753044,0.2106624003174957,0.07692128337736102,0.02101226575386634,-0.10508315660229933,-0.08773796678696776,0.02234376356488195,0.06694596371122764,0.2633587577978693,-0.10590269251280521,-0.08309856010715477,0.06676340365368155,-0.09997345933945999,-0.07184730438665025,0.021692897272761066,-0.11225657625479031,0.03814116158797483,0.15733502002951716,-0.13955922660019096,-0.15198124790713247,-0.10291823244161671,-0.1106571914028103,0.0392107254033808,-0.094072007044437,0.09483994989520157,-0.024802371296399624,0.16238518683880887,-0.07506591757512615
AngMaMyMyRt37978-00,1,25,110,kmeans,-32.77692328,151.25510612,2018,0.09281599384851978,0.13310572856593614,-0.05338500576701267,-0.06240799692425986,-0.06914509803921565,-0.14504452133794693,0.12243414071510954,0.28757923875432523,0.01926151480199921,-0.02000953479430988,0.1386051518646674,-0.002007843137254918,-0.039106189926951127,0.19478539023452518,0.05501637831603224,0.03995755478662049,-0.09454825067281811,0.003764705882352941,-0.1734865051903114,0.3480236831987697,-0.04708096885813144,-0.060178700499807725,-0.05710049980776619,0.14087873894655897,0.012696655132641264,0.10854409842368315,-0.12236032295271047,0.06000399846212993,-0.07155893886966548,-0.14881168781237983,0.0267687812379854,-0.05552818146866585,-0.04292256824298343,-0.07918923490965012,-0.033360707420222936,-0.08604690503652439,-0.12739469434832754,0.08524721261053435,0.06796893502499034,-0.008432449058054589,-0.2952858131487889,-0.07754063821607071,0.05701683967704725,0.06051580161476351,0.23418439061899268,-0.03840984236831986,-0.12335686274509802,-0.022974548250672792,-0.16760076893502496,-0.05687904652056899,-0.046337870049980745,-0.13390788158400613,0.02854286812764319,0.13689504036908878,-0.1538928104575163,-0.21082845059592462,-0.08567535563244902,-0.1560851980007689,0.027499577085736235,-0.13673756247597074,-0.0018872741253364161,-0.00897131872356785,0.012553940792003037,-0.16589803921568622
AngMaMyMyRt37978-00,2,25,110,kmeans,-32.776850800000005,151.25582668,2018,0.016407227989234895,0.11328073817762396,-0.0800529027297193,-0.042996386005382504,-0.14051457131872355,-0.08563598615916952,0.0756041522491349,0.33831418685121106,0.07018346789696267,-0.0352627450980392,0.16957170319108034,-0.09620668973471738,-0.01902775855440214,0.19037600922722026,0.1337823913879277,0.057304728950403644,0.027179700115340225,-0.024908573625528625,-0.2686523644752018,0.14831218762014606,-0.06455117262591306,-0.19602306805074968,-0.06600784313725487,0.024578854286812724,0.07212241445597842,0.1986288350634371,-0.06466682045367161,0.09771503267973852,-0.1317031910803537,0.023031141868512073,-0.043414686658977276,-0.04653225682429831,-0.03233956170703573,-0.10881722414455974,-0.11175517108804303,-0.14639538638985003,-0.18100853517877735,0.16857762399077275,0.021338254517493258,0.061507420222991126,-0.1271830834294502,-0.1247003460207612,-0.026434140715109522,0.05697008842752782,0.3193504036908881,-0.13026866589773162,0.002787850826605147,0.06261960784313722,-0.09787251057285655,-0.11136885813148786,0.04092702806612834,-0.14718277585544018,-0.01299930795847751,0.1354851211072664,-0.09455317185697804,-0.1858214532871972,-0.032536409073433234,-0.12606597462514416,0.11521722414455976,-0.11330288350634368,0.08748389081122641,-0.006045674740484425,0.09123383314109954,-0.09947927720107648
AngMaMyMyRt37978-00,3,11,110,kmeans,-32.77050509090908,151.23325027272728,2022,0.10987662088008104,0.1875586312956555,-0.08432001677676415,-0.05239942679389043,-0.11209674600678057,-0.07049037083639158,0.09518017545699202,0.2800880780119534,0.10120303379818947,0.07634546153577292,0.09563314808989544,-0.06393624829610985,-0.008131138373352886,0.24680297787564226,0.030667924923980266,0.14192024046695323,-0.032502184474502774,-0.06842123658732649,-0.12395791828317776,0.1526741463073643,-0.03978330012932088,-0.07257628184963821,0.003008633043235112,0.08856453811471109,-0.02695466778511759,0.23878368459683338,-0.09383803432246336,0.025405613225682404,-0.05468106672258917,0.0012414805494390217,-0.10623047079794483,-0.022570340078990583,-0.09401139421900663,-0.12650798643878225,-0.12286742861137326,-0.25094124637377235,-0.1420376778162245,0.10507287406941383,0.05357939254133019,0.0014931320121631536,-0.18734053336129458,-0.039967844535318556,-0.01952256125266503,-0.01645241340743069,0.2772695816294432,-0.12109468386284991,-0.11446226975638737,0.023392401523889418,-0.11412114221802801,-0.06530075844954736,-0.10241655307399249,-0.1879668658907413,-0.04337352766418506,0.1654468561042955,-0.09111460627031559,-0.21447974555240992,-0.0026451364859669275,-0.06410960819265313,0.006951172625913091,-0.08863723742616474,0.019528153507392246,-0.10802558456537692,0.10487155289923453,-0.07415329768270944
AngMaMyMyRt37978-00,4,18,110,kmeans,-32.75592,151.22721627777776,2018,0.07379042248707758,0.03793754538852574,-0.09208765859284887,-0.02200521167072491,-0.11429791960357125,-0.10339612969370751,0.13903028749626206,0.34024520483574694,0.034680678371566465,0.06358921782220511,0.15397496689307527,-0.01868341236276644,0.025730274680678317,0.23041052586611988,0.119837669272502,0.02541244820368231,-0.07740954333803235,-0.0203340595497458,-0.16812678884189838,0.2669263958306634,-0.028436925968644482,-0.0668597547951642,-0.06232132940322094,0.11330684779358363,-0.022606689734717397,0.15121021829210984,-0.10813960442564823,0.07342475116408215,-0.050083301294373925,-0.07408090905207394,-0.1293041138023836,-0.13698662907428763,-0.13546926395830663,-0.17449698833781876,-0.06983297022512705,-0.09669101627579134,-0.16486308684693918,0.1125413302575932,0.04914349181938567,-0.026547054551668135,-0.19886026741851423,-0.07965483361100428,0.0061378102439232606,0.04788927335640132,0.27085309069161434,-0.05628946131829634,-0.028252381562646815,-0.04464607629544187,-0.14887265581613907,-0.03753769917553073,-0.025583322653680185,-0.16149344269298127,-0.007193814344910069,0.1628296808919646,-0.12061685676449227,-0.19524456405655943,-0.11769490366952877,-0.13550343884830618,0.01580588662480241,-0.14966551326412914,0.07130249049510867,0.027855952838651762,0.1537972574650775,-0.15635695672604547
AngMaMyMyRt37983-00,0,5,22,kmeans,-29.989844599999998,153.1582334,2017,-0.022871203383314064,-0.042900422914263686,-0.1319738562091503,-0.0073817762399076906,-0.21489580930411378,-0.17090042291426372,0.018245290272971913,0.31566935793925416,-0.022883506343713902,0.11465128796616682,0.05615071126489812,-0.02021376393694732,0.006053056516724303,0.22395078815840058,-0.019844675124951923,0.0346205305651672,-0.1430834294502114,-0.05567089580930407,-0.08372164552095343,0.14161937716262973,0.007074202229911581,-0.0349896193771626,-0.08936870434448284,0.054526720492118375,-0.10857362552864279,0.2572425990003845,-0.12268512110726638,0.1621407151095732,-0.057011918492887295,-0.05265667051134175,-0.06430757400999612,-0.15362706651287963,-0.1445351787773933,-0.19596155324875045,-0.07176316801230292,-0.01904498269896194,-0.17713802383698574,0.17407458669742404,0.030929642445213373,0.08044905805459435,-0.13202306805074968,-0.06563629373317947,0.05644598231449438,0.10135178777393307,0.23397770088427527,-0.09869434832756628,-0.043687812379853884,0.09432679738562091,-0.06460284505959243,-0.023855440215301796,0.00697577854671276,-0.0225267204921184,-0.02706651287966166,0.2321937716262976,-0.09975240292195303,-0.2294871203383314,-0.07944021530180699,-0.06168704344482888,0.030535947712418257,0.007049596309111887,0.1986559015763168,-0.10205305651672432,0.10474740484429063,-0.14887812379853899
AngMaMyMyRt37983-00,1,6,22,kmeans,-29.773968666666672,153.08166716666668,2017,0.01625016019479685,-0.050011534025374796,-0.04511085479943609,-0.030654876329616783,-0.15975394079200303,-0.030203767781622426,0.11901063693451233,0.3335024990388312,-0.022411892861719823,0.08329104190695884,0.04407535563244901,0.04784826348840187,0.04225041650647185,0.2772267076765347,-0.03481737793156475,0.05271818531334101,-0.15172625913110338,-0.05413302575932331,-0.06884531590413939,0.17509163142381132,0.04125592720748431,0.007268999102909148,-0.09841343073176978,0.06424195822119697,-0.12407535563244905,0.125356914007433,-0.15813405100602326,0.16127130590798405,-0.02594899397667562,-0.07569396386005378,-0.11749327181853131,-0.15693451236703826,-0.18695373574266302,-0.14935793925413302,-0.1305959246443675,0.029598872228629985,-0.17329744969883376,0.08267589388696654,-0.0070229398949122335,0.017019095219787287,-0.17003716519287448,-0.03311546840958604,0.0784928873510188,0.06137126746123281,0.22755350506215555,-0.007340766371908203,-0.03679610406254002,-0.0025016019479687374,-0.18269896193771618,-0.06488786364218888,-0.004234268870947036,-0.057772651544277825,-0.04921184159938481,0.10194027937972572,-0.07568371139305391,-0.1826784570037165,-0.09817762399077272,-0.015768294245802898,0.03810841983852363,0.009524541842880922,0.16853005254389336,-0.06245802896321923,0.16127130590798405,-0.2605972062027425
AngMaMyMyRt37983-00,2,8,22,kmeans,-29.858760875,153.124384875,2017,0.058262206843521666,0.03655517108804303,-0.12048442906574394,-0.08960399846212991,-0.1523567858515955,-0.054640522875816964,0.09773933102652821,0.32018454440599775,0.029004229142637464,0.0743021914648212,0.04532871972318335,0.042306805074971136,0.008719723183390982,0.3395001922337562,-0.029850057670126873,0.134156093810073,-0.17816224529027294,-0.0727643214148404,-0.05201076509034984,0.1685428681276432,0.005274894271434086,-0.05733948481353322,-0.006812764321414807,0.08718954248366009,-0.07406382160707416,0.19351018838908113,-0.15684736639753932,0.09073433294886579,-0.06817377931564779,-0.04844290657439443,-0.08021530180699729,-0.07565551710880428,-0.18961168781237986,-0.09271049596309108,-0.09975394079200303,-0.07802383698577466,-0.15061899269511722,0.14373702422145326,0.042345251826220634,-0.09326412918108416,-0.1669511726259131,-0.08454440599769315,0.09446366782006917,0.010726643598615901,0.2067743175701653,-0.005036524413687013,-0.13171856978085345,0.09434832756632061,-0.08995770857362552,-0.020415224913494776,-0.07291810841983848,-0.09444828911956937,0.004890426758938872,0.11184928873510186,-0.06926566705113413,-0.09027297193387157,-0.13496347558631297,-0.01995386389850058,0.04605920799692423,0.02289119569396386,0.13602460592079968,-0.064398308342945,0.17191080353710111,-0.205997693194925
AngMaMyMyRt37983-00,3,1,22,kmeans,-36.882528,174.828389,2018,0.027128027681660904,-0.0553633217993079,0.1190926566705113,-0.1663360246059207,-0.2141330257593233,-0.1476970396001538,0.1476970396001538,0.3460207612456747,0.1417301038062283,0.0842137639369473,0.0415840061514801,-0.0222068435217224,0.13588619761630139,0.2141330257593233,0.1137408688965782,0.1537870049980776,-0.0384467512495194,0.055363321799307905,-0.0711111111111111,0.0553633217993079,-0.0797231833910034,0.075355632449058,-0.16,0.0415840061514801,-0.2069357939254133,0.1137408688965782,0.008858131487889193,0.019930795847750808,-0.1358861976163014,-0.0842137639369473,-0.1417301038062283,-0.1034063821607074,-0.3014225297962323,-0.055363321799307884,0.048227604767397105,-0.0384467512495194,0.0246059207996924,0.1137408688965782,-0.1358861976163014,0.1417301038062283,0.00301422529796231,-0.1034063821607074,-0.059115724721260976,-0.008858131487889201,0.3014225297962323,0.03254133025759319,-0.0448442906574394,0.1137408688965782,-0.0711111111111111,0.003014225297962303,-0.0669896193771626,-0.06299115724721262,-0.1137408688965782,0.0629911572472126,0.0009842368319876865,-0.2288965782391388,0.0553633217993079,-0.022206843521722395,-0.1190926566705113,0.1998615916955017,0.1190926566705113,-0.0553633217993079,0.1537870049980776,-6.15148019992573e-05
AngMaMyMyRt37983-00,4,2,22,kmeans,-29.4941495,152.253277,2022,0.1432679738562091,0.10103806228373699,-0.09657823913879275,-0.08910419069588615,-0.11112648981161091,-0.11595540176855054,0.10608227604767395,0.20010765090349864,0.15726259131103415,0.05908496732026139,0.1331487889273356,-0.15074202229911568,0.028819684736639706,0.22529796232218374,-0.038169934640522846,0.0665897731641676,-0.101038062283737,-0.09464052287581692,-0.06572856593617835,0.04379853902345249,-0.0445982314494425,-0.05883890811226444,0.014148404459823143,0.1482506728181468,-0.123675509419454,0.1861745482506728,-0.14197616301422525,0.0854133025759323,-0.0200230680507497,-0.061176470588235235,-0.21779315647827757,-0.0763398692810457,-0.18632833525567086,-0.1894963475586313,-0.0888273740868896,-0.26801999231064977,-0.1085736255286428,0.06920415224913491,0.03816993464052286,0.09722414455978466,-0.18632833525567083,-0.012795078815840046,-0.05271818531334099,-0.03189542483660124,0.17993079584775085,-0.0941176470588235,-0.2291426374471357,-0.011810841983852346,-0.1828527489427143,-0.0857516339869281,-0.038169934640522846,-0.07757016532103035,0.04505959246443675,0.22591311034217604,-0.07249519415609376,-0.17645520953479432,0.041584006151480106,-0.07264898116109185,-0.10091503267973853,-0.10718954248366011,0.006397539407920039,0.02340638216070741,0.1274894271434064,-0.1721491733948481
AngMaMyMyRt38083-00,0,24,48,kmeans,-27.494442083333336,152.24881791666667,2019,-0.03929001666025883,-0.014896834550813753,0.0014558503139818074,0.0055465846469306725,-0.17677559912854027,-0.07347430475458155,0.07011662181212351,0.320635652953992,0.014889145200563864,0.011336665385108292,0.056242470844546935,0.05718057157503519,0.04110982955273608,0.1854209919261822,-0.0075099320774061305,0.014397026784570001,-0.14419325900294755,0.022673330770216563,-0.07507881584006149,0.1572292707932846,0.05672689991029089,0.03190311418685116,-0.11555299243880555,0.13005510701012427,-0.09011149557862358,0.05919774445725998,-0.17741894143278225,0.17683455081378952,-0.024998077662437487,-0.0789978213507625,-0.13342560553633215,-0.14810457516339864,-0.16383185954120205,-0.12319364347046004,-0.1751095732410611,0.06948353197488141,-0.21673971549404075,0.06824042035114697,0.0051877483019351495,-0.08500576701268739,-0.2251903114186851,-0.028404459823144892,0.09355632449058052,0.06734589260540813,0.2220325515827246,-0.09727540689478403,-0.029199026015634982,-0.09176470588235291,-0.2542304241958221,-0.05242086377034471,0.04846341150839416,-0.116957580417788,-0.05133410226835827,0.12893246187363833,-0.06631039343842107,-0.17741637831603227,-0.14001025246699983,-0.12491093169293858,0.0072074843009098805,-0.05555811867230548,0.13633474304754578,-0.019423298731257185,0.19970011534025373,-0.23781366141227733
AngMaMyMyRt38083-00,1,11,48,kmeans,-27.493329090909086,152.24495363636368,2019,-0.0626332529446716,-0.0535066932298766,-0.006218587256649512,-0.10782985564992481,-0.1782698961937716,-0.12531124392716086,0.06033483625179123,0.2840529866135403,0.03693684247317461,0.047752263115584864,0.01458460032854493,0.05008982559155565,0.07835867323756592,0.2352326028450596,-0.037423368634441234,0.09816643948131834,-0.15384851980007686,0.014618153856908178,-0.1163133060710915,0.09104749921358915,-0.03221697948341545,0.04311628394673372,-0.17299080773129213,0.10095138233546536,-0.07145783090419765,0.02395721925133687,-0.23731851385830627,0.21364649959805673,0.01234769843766384,-0.10370277166124914,-0.12970675614274227,-0.15682359931494874,-0.21124183006535946,-0.006939988116458671,-0.19519205899828737,-0.025293768131138355,-0.19600852818845893,0.14426339519765122,0.07125650973401836,-0.06992555310894406,-0.18807311873055813,0.003914578309041999,0.15148299605047005,0.023096012023347642,0.1957009541784628,-0.10417252105833417,-0.11989794135122853,0.023006535947712424,-0.2503484673726888,-0.09595190660934602,0.1010744119394638,-0.0733647897661738,0.06938310440040536,0.0392296669113278,-0.08013141798608925,-0.05506693229876619,-0.10335045961343536,-0.10106322743000941,-0.0009674600678061113,0.0013645101534374773,0.12609975184369646,-0.07226870783964205,0.18135682080318755,-0.17634616056761382
AngMaMyMyRt38083-00,2,4,48,kmeans,-27.493074999999997,152.24672750000002,2018,-0.020807381776239947,0.10586697424067659,-0.012995001922337573,-0.0037677816224529273,-0.16732026143790846,0.03710880430603612,0.08590542099192615,0.33465590157631675,0.03667820069204147,-0.022252979623221803,0.12741253364090732,0.0002614379084967533,0.024267589388696623,0.17482506728181466,0.03609381007304883,0.016193771626297523,-0.06755863129565548,0.024267589388696602,-0.13217993079584775,0.049550173010380574,0.055317185697808476,-0.06391387927720105,-0.08447520184544405,0.09256439830834293,-0.0953018069973087,0.08361399461745478,-0.1011303344867358,0.1746251441753172,-0.06617454825067277,-0.03658592848904265,-0.10932718185313337,-0.0751095732410611,-0.05859284890426754,-0.17042675893886966,-0.12458285274894271,0.053548635140330564,-0.2763860053825451,0.0529181084198385,-0.0517954632833525,-0.028681276432141502,-0.1746251441753172,-0.07447904652056897,0.014502114571318704,0.0925490196078431,0.28902729719338716,-0.11507881584006148,-0.013087274125336376,-0.08665897731641672,-0.1651364859669358,-0.14742022299115723,0.07028066128412146,-0.07793925413302573,-0.12049211841599382,0.16981161091887734,-0.06635909265667048,-0.22901960784313724,-0.05328719723183384,-0.1291657054978854,0.11004998077662434,-0.10037677816224524,0.12679738562091503,-0.006089965397923794,0.21816224529027298,-0.2545943867743175
AngMaMyMyRt38083-00,3,7,48,kmeans,-27.486272428571425,152.2264555714286,2018,0.07612896138847691,0.06353600263634862,-0.08279013566210794,-0.03644312627011586,-0.12323172406217386,-0.030625583566760012,0.12829351348382487,0.3438501675179876,0.01696929752293072,0.028156203657933712,0.07146262426539238,0.017558082056351947,0.0348437414181359,0.2670709067940902,0.0066523864447740125,0.10518152358982806,-0.16080848025484698,0.0029175591805349274,-0.08401164387323554,0.0927643214148404,0.04642609985170535,-0.03270829900587683,-0.04133794694348325,0.11106058109518313,-0.15014005602240893,0.10469819300269122,-0.12730048882298017,0.17037842588015598,-0.0043675509419453876,-0.048183665623111945,-0.11559510078541216,-0.09830065359477122,-0.12351293458559894,-0.16985994397759102,-0.0973076289339265,-0.0420497610809029,-0.1970582742901082,0.11427692645685722,-0.003849069039380454,-0.03595100785412204,-0.21366727082990059,-0.05923875432525946,0.04139067391662543,0.099574888779041,0.2552512769813808,-0.05603119679244243,-0.12385565991102318,-0.03769099796781454,-0.15619487010490463,-0.1093205909814906,0.005650573955072194,-0.08320316361838852,-0.06982808809798424,0.1378634591091338,-0.09734278024935461,-0.1849750096116878,-0.1063415169989564,-0.06113692535837863,0.04060855714834952,-0.0411709781951996,0.07952985115614869,-0.0464173120228483,0.13992859889053658,-0.30724886032844506
AngMaMyMyRt38083-00,4,2,48,kmeans,-27.500991,152.152107,2023,-0.00039984621299499895,0.16316801230296035,0.1301653210303729,-0.08688965782391384,-0.20352172241445596,0.020915032679738557,0.13594771241830061,0.23652441368704347,-0.035494040753556305,0.0412456747404844,0.0775394079200307,-0.10632833525567084,-0.03278738946559014,0.19650903498654365,-0.061053440984236804,-0.025990003844675046,-0.0010149942329872874,0.0412456747404844,-0.07560169165705494,-0.005936178392925748,0.05327181853133405,0.041645520953479405,-0.13954632833525565,-0.006920415224913504,-0.2365244136870435,-0.1191541714725105,-0.130718954248366,0.25605536332179935,-0.04490580545943859,-0.09119569396385999,-0.0463821607074202,-0.12512110726643594,-0.030326797385620902,-0.11186466743560164,-0.00322952710495961,0.013071895424836548,-0.2679584775086506,0.0888273740868896,-0.13917723952326025,0.15086505190311417,-0.2037677816224529,0.10595924644367549,-0.003844675124951888,0.1967550941945405,0.11186466743560164,-0.03398692810457509,-0.09362552864282965,-0.16006151480199918,-0.12736639753940793,-0.1828527489427143,0.15403306420607454,0.073356401384083,-0.13880815071126484,0.08476739715494039,0.013071895424836534,-0.21437908496732025,-0.006766628219915407,0.041830065359477045,0.18272971933871582,0.04822760476739709,0.0482276047673971,-0.06905036524413685,0.13954632833525565,-0.24030757400999614
AngMaMyMyRt38084-00,0,8,85,kmeans,-14.730882999999999,132.63943262499998,2021,-0.018877354863514023,0.15285659361783926,-0.06299115724721258,0.03660899653979237,-0.17791618608227602,0.1644982698961937,0.03806997308727409,0.27023452518262203,-0.10984236831987693,-0.16651287966166853,-0.09815455594002302,-0.0022914263744713524,-0.096316801230296,0.017670126874279095,-0.16495194156093806,-0.0842599000384467,0.04474432910419067,0.07055747789311798,-0.02841214917339483,-0.15541714725105726,0.19344867358708187,0.0440907343329488,-0.1626220684352172,0.2192233756247597,-0.03411764705882349,0.12448289119569393,-0.024775086505190273,0.19698577470203765,0.0857900807381776,0.01231064975009609,-0.09791618608227602,-0.18472895040369083,0.06587466359092652,-0.2620222991157247,-0.0922875816993464,0.14908881199538634,-0.11401768550557473,-0.0019300269127258771,-0.08152249134948092,0.12393694732795077,-0.1229911572472126,0.04640522875816988,0.11743944636678198,0.15260284505959246,0.08692810457516338,-0.08021530180699726,-0.17703960015378695,-0.04906574394463662,-0.0120953479430988,-0.04978085351787771,0.02898885044213763,0.1020530565167243,-0.10151480199923103,0.1875586312956555,-0.05321799307958474,-0.023375624759707753,0.028043060361399433,-0.09038062283737022,-0.004752018454440586,0.0586236063052672,0.24850442137639367,0.1230834294502114,0.038239138792771986,-0.21736255286428294
AngMaMyMyRt38084-00,1,24,85,kmeans,-14.45834025,132.40301254166664,2021,0.020548506984493117,0.12772779700115336,-0.09821607074202227,0.052023580674099665,-0.16776368063565292,0.16736896065615786,0.06547481737793152,0.2657285659361784,-0.11335640138408304,-0.15976675637575288,-0.09139305395360754,0.010544662309368166,-0.0800281942842496,0.012408048186594862,-0.11717800845828524,-0.05673971549404071,0.04312443931821089,0.057219018326284725,-0.03268486479559139,-0.14927335640138412,0.2307497116493656,0.014473920287069049,-0.14743047545815707,0.2424170190952198,-0.014294502114571289,0.1631500704857106,0.00934768678713314,0.19551710880430603,0.06875304370114055,0.018590285787517584,-0.12352941176470586,-0.15550941945405608,0.11499935922081247,-0.27130078175060873,-0.12592336280917593,0.14505959246443673,-0.13920543380750988,-0.006182237600922713,-0.09209534794309877,0.06252210688196842,-0.11366653851082914,0.018392925797770056,0.06036652569524537,0.12087914904523897,0.13022683583237213,-0.0851723696014353,-0.12577726515442775,-0.031872356785851555,-0.007540689478405721,-0.02197616301422526,0.02421120082019733,0.06566961425092908,-0.16593105215942583,0.2286223247468922,-0.04473920287069071,-0.05081891580161471,0.01704985262078685,-0.10341150839420732,0.018151992823273067,0.025087786748686357,0.2474074074074074,0.09398949122132512,0.06935793925413299,-0.22814558503139815
AngMaMyMyRt38084-00,2,33,85,kmeans,-14.422107363636364,132.19629333333333,2021,0.04136777230202833,0.09378956811482758,-0.0955902741369869,0.05923875432525948,-0.14368180070602213,0.15873801451656117,0.08962333834306148,0.28444444444444444,-0.1203304090501322,-0.13173860869362597,-0.0747684457027017,0.012166882201484243,-0.046171519112695555,0.042939195880372295,-0.11269884543240943,-0.03196346393578224,0.004924912329756614,0.05689000733983429,-0.03322917758903914,-0.15011662181212349,0.20393648130672348,0.01565085689653161,-0.16414945300758446,0.23628021856395554,-0.01802010881595654,0.1685785187515291,0.025817575990586355,0.2083264012675777,0.07589435298777855,-0.026080411962764873,-0.13376859715960057,-0.13449559027413696,0.05254296133188863,-0.252809059452658,-0.18124870387846162,0.1597092027541854,-0.1485228292148707,0.028313585683827865,-0.07559423531741867,0.06546479792154529,-0.07987231018372883,0.02971351345053764,0.05621707268766088,0.1091608122749991,0.15144198618247057,-0.06562697330863417,-0.1455701187189076,-0.04163806461384312,-0.02603753800985631,-0.018180420118136364,0.003713257138862683,0.06897486980531958,-0.1572653874383978,0.24359115957731875,-0.07056120606293612,-0.02526021460277511,-0.018529003996132,-0.09754383512168976,0.010757634010229125,0.04045437069658519,0.25261333053720597,0.09276245732993137,0.0970983188284226,-0.253194925028835
AngMaMyMyRt38084-00,3,3,85,kmeans,-13.010729333333336,134.72818299999997,2019,0.0008407022939894704,0.09143150070485706,-0.14617967448417274,0.07623734461104696,-0.18893246187363835,0.11197744457260024,0.09688581314878889,0.26799948737665,-0.09235422273484553,-0.017511213635781116,-0.01765474817377928,0.06336024605920795,-0.005249263103934379,0.045623478149429665,-0.11642701525054464,-0.007402281173907472,0.003219274637959804,0.05072920671536589,0.013881840317826438,-0.09879277201076507,0.21429706523132128,0.08054338075099314,-0.164634115083942,0.20254773804946807,-0.025836216839676997,0.22272459310521597,-0.039307958477508634,0.2072228630014097,0.08677688068691526,0.007402281173907435,-0.09754197103678067,-0.09729591182878376,-0.044003588363449905,-0.1999026015635012,-0.19405869537357426,0.18263744713571703,-0.19918492887351014,0.09028322440087143,-0.051692938613353764,0.08630526720492117,-0.12409586056644872,-0.03455081378956806,0.07892349096501343,0.07705754197103673,0.1383262847622709,-0.09028322440087143,-0.1060310137126746,-0.009350249903883105,-0.02782519543765219,0.005495322311931311,0.01615788799179803,0.028932461873638328,-0.1383262847622709,0.29414327822632325,-0.05876714084326536,-0.03610918877354863,-0.0124875048058439,-0.10190952197872609,0.008222478533897196,-0.002153018069973065,0.2015429962834807,0.06850698449314359,0.052984749455337675,-0.2737818787645777
AngMaMyMyRt38084-00,4,17,85,kmeans,-14.510276941176471,132.269168,2020,-0.004696836058529521,0.13387430173915008,-0.0829255716127281,0.042340276364294244,-0.15455413076418567,0.20335346133839927,0.06055589479159594,0.28168351539000835,-0.1282909288282787,-0.1655218581088721,-0.06368591265802744,-0.016540244702263802,-0.07595630639799168,0.01919261822376006,-0.1206196711671981,-0.07490693624624009,0.044949227672614556,0.05633670307800162,-0.037379288508944467,-0.1740398489268833,0.21607978831671074,0.02876359771128748,-0.1614401700703349,0.20197480607006352,-0.02446118008910595,0.09801479069136301,0.0372128366917701,0.18996856412691948,0.06858176719361328,0.005738969174751784,-0.1022918786891919,-0.15659859330121895,0.07636158038763367,-0.24760431508243436,-0.13351968699821332,0.16149082931904016,-0.181229843725264,0.005207047063346655,-0.09191758825790983,0.1011520455933238,-0.07447271411448082,0.03967342877173932,0.06751068593527373,0.15474229368794803,0.09165705497885426,-0.0562390030983558,-0.11696496822489086,-0.0672827193161001,-0.015928715200036137,-0.06590406404776439,0.04389623900309832,0.10010991247710152,-0.1651853359567587,0.21755252504692765,-0.07970509080218013,-0.05555148472307027,0.015302711626749876,-0.08084130538028356,0.0533405703688626,0.054827781170138125,0.24608815613904153,0.11041183255309041,0.07954225750277039,-0.2310821629689938
AngMaMyMyRt38118-00,0,21,51,kmeans,-34.66665542857143,137.4369035714286,2021,-0.09243038391827317,-0.1241866681313048,0.20939638600538252,0.1232815217590304,-0.2567862177550759,-0.1550758865637758,0.040321488072353105,0.21310777905933612,-0.04767397154940403,0.059241683601545164,0.15334761355522597,-0.0019538272825470396,0.0020153420845462344,0.1180849856282382,-0.025678035920250402,-0.04903315574595847,-0.04282601929660752,0.10629171930209988,-0.06955566540341623,0.15249812343237945,0.013662144596400604,0.13204591640577798,-0.1289145200563885,-0.042161073579758665,-0.150339246809835,0.11152926530089158,-0.05562402738873323,-0.01489244063638523,-0.06485124768861789,-0.12983138353380563,-0.07146848281796375,-0.17955877775946974,-0.2191625931418319,-0.18490470698083153,0.055263726405594876,0.10590798410867612,-0.19909705058493984,0.05398363266875374,-0.1239347503707365,0.15519012833891724,-0.12842533091668037,-0.09791691840134743,-0.0577272477618498,0.02052250965745772,0.1857424799985353,-0.07383240878050562,-0.036923527580966974,0.03681807363468258,-0.10212628842386624,-0.00043060361399463454,0.13706083740685815,-0.014458907746104938,-0.1434437304333498,0.05620695336958309,-0.13015067464894453,-0.33634536167408136,0.02883286647992528,0.029597407590487155,-0.14579593929074894,0.03322385163215608,0.15270903132494823,0.01034913311729918,0.029245894436205816,0.14874279123414072
AngMaMyMyRt38118-00,1,11,51,kmeans,-32.17030845454545,119.82969545454544,2023,-0.08666317150746215,-0.031221558141973374,0.17721296005033024,-0.012247037852574173,-0.25353046031246723,-0.03828457586243052,0.12443325993498999,0.34135682080318763,-0.036578938170633665,0.08922442417252101,0.015563244905805462,0.0331285170039495,0.03028765160253047,0.21073293488518402,-0.044217958127992715,0.01082660515186468,-0.06272832127503407,0.05623012128202437,0.009629862640243271,0.18396281150606408,-0.016513928209429925,0.04229422250183491,-0.013919122016007798,-0.04469329977980492,-0.0850358253818461,0.10269616581035262,-0.14199293977840688,0.08230680507497112,-0.11868442207542548,-0.14988920345321727,-0.10703016322393483,-0.10825486700919223,-0.16850581944007548,-0.164826115829576,0.040046136101499395,0.03208835762468976,-0.20924539512774806,0.052539233162070494,-0.12851560588584807,-0.0034336444025025153,-0.13838034322463386,-0.1333025759323337,-0.022419349201356117,0.058875257767991296,0.292206494005802,0.035393380168466666,-0.03784278773898148,0.023090419768620446,-0.14013631120897557,-0.07414770542798221,0.11410995770857359,-0.017112299465240607,-0.08150711264898111,0.04487225193107544,-0.07885638390828698,-0.30425780294292404,0.06192862884904403,0.015803711859075146,-0.04343504246618431,-0.03877669427842435,0.09092446960959068,-0.0394589493551431,0.10333927510398094,-0.06064800251651458
AngMaMyMyRt38118-00,2,9,51,kmeans,-34.51861588888889,128.6230098888889,2024,-0.0873168439489085,-0.02066213849374171,0.12118415993848516,0.05653893801529322,-0.25843051817676965,-0.09009867999487373,0.0806527403989918,0.30956982357213036,0.02217950360972272,0.14391046178820105,0.13298133196633768,-0.009931223033875867,0.056347558631295605,0.17062839078986713,0.03200136699559996,-0.03183049254560209,-0.09944209492075692,0.11480029048656498,-0.10229228074672131,0.16356785851595537,-0.0781237985390234,0.08370797556495362,-0.05100260583536243,-0.01568627450980388,-0.0929010209748387,0.10210773634072362,-0.09208082361484896,0.025665342389679185,-0.09470545516681611,-0.13881840317826474,-0.11540176855055745,-0.12130718954248362,-0.183115895595711,-0.1697398436498782,0.004661454995941755,0.02772950574565337,-0.1516203169721047,0.11891494724251353,-0.0914930155068563,0.11195010466060058,-0.0819582211969755,-0.1204459823144944,-0.0715007048571062,-0.00041693365799480055,0.27618779102054763,-0.05426289034132167,-0.0015242000939809305,-0.03933529838950828,-0.11057627408261776,0.0285086932376436,0.08761074800290485,-0.05156307403135542,-0.06772096202315343,0.08318168225896017,-0.12287239950446407,-0.30370541244820365,0.021605365457729904,0.02584305181767694,-0.08803451663889954,-0.008885471399888923,0.0768524926310393,-0.015043786577811968,0.11916784142851039,0.08786364218890166
AngMaMyMyRt38118-00,3,9,51,kmeans,-31.750890666666667,115.55402188888888,2024,-0.09503353411081204,-0.1274518347644068,0.14083472168823954,0.04223332906147204,-0.23742663078303217,-0.06105002349523686,-0.0012986458199837903,0.34296552607971287,-0.031762142765602935,0.17878251954376517,0.06847964458114396,0.02844034345764447,0.01593916869580074,0.12104746037848688,0.04206245461147418,0.024325686701695888,-0.08392669486095086,0.05316929386133534,-0.053066769191336606,0.1845170660856935,-0.05945747362125675,0.04632748088342089,-0.0066641035499167035,-0.06724251356315945,-0.07957964885300521,0.1527890982100901,-0.1209654406424879,0.10950318253663116,-0.14030842838224608,-0.1377248066982784,-0.09519757358281,-0.07120680080310987,-0.1852552437096843,-0.16978085351787772,0.0630526720492118,0.054064675979324135,-0.0652330300311846,0.09228587295484642,-0.07787090435302657,0.17637660728779525,-0.07625101456704685,-0.11051475928061852,-0.03558289546755519,0.05202101755734971,0.25901832628476223,-0.022193173565722576,0.012138920927848261,-0.014455978469819285,-0.09766500064077917,-0.015604254773804949,0.10940065786663243,0.06571831346917849,-0.032848904267589366,0.07536246742705796,-0.08903925840488697,-0.32699218249391254,0.08212909564697335,0.06273826306121573,-0.09942842496475711,0.05209620231534876,0.11081549831261478,-0.09808876927677386,0.06364048015720447,-0.05003203895937458
AngMaMyMyRt38118-00,4,1,51,kmeans,-35.063934,138.501332,2021,-0.0797231833910034,-0.007443291041906899,0.1929104190695886,-0.015747789311803102,-0.3278123798539023,-0.1190926566705113,-0.006151480199923107,0.2844444444444444,0.0415840061514801,-0.05536332179930789,0.20693579392541334,-0.1417301038062283,-0.0629911572472126,0.1301653210303729,0.04484429065743941,-0.024605920799692396,0.16633602460592073,0.032541330257593204,-0.1998615916955017,0.1663360246059207,0.0049826989619377,0.1034063821607074,-0.1245674740484429,-0.07111111111111108,-0.075355632449058,0.17279507881584,-0.03254133025759319,-0.004982698961937697,-0.1245674740484429,-0.012056901191849195,0.1085121107266436,-0.0935640138408304,-0.1476970396001538,-0.0984236831987697,0.0669896193771626,-0.059115724721261,-0.075355632449058,0.1085121107266436,-0.0669896193771626,0.1301653210303729,-0.16,-0.0629911572472126,-0.09356401384083042,-0.004982698961937702,0.2679584775086506,-0.1358861976163014,-0.0797231833910034,0.2069357939254133,-0.09356401384083039,-0.0888273740868896,-0.002214532871972305,0.0384467512495194,-0.0629911572472126,0.09842368319876971,0.0517339484813533,-0.2214532871972318,0.17279507881584,0.0177777777777777,-0.05173394848135329,0.13588619761630144,0.1085121107266436,-0.1301653210303729,-0.007443291041906906,0.19986159169550166
AngMaMyMyRt38903-00,0,13,49,kmeans,-29.57407423076923,152.77182707692307,2017,0.13089876674651757,0.016694170881022083,-0.095541951320498,-0.17770206725224022,-0.024449767840771276,-0.1127613639724366,-0.020068021175287595,0.2760736994647029,0.06090911779493093,0.11028657616892906,-0.07846922781178835,0.12576464673350485,0.03591044864401263,0.28505486055659063,-0.07069470322065477,0.23581462751012924,-0.16620826309407621,-0.0467417857037234,-0.07460325910152896,0.14254872386360273,-0.01217519888800164,-0.030473486528849833,0.006397539407920027,0.12904385887084843,-0.1465945050720137,-0.04387898145683608,-0.11414308106349627,0.16299529766657792,-0.09691893650371156,-0.14451246561973202,-0.044347440333599455,-0.16422086179871642,-0.037651790731375465,-0.10573448082098598,-0.11146482122260665,-0.11648537544731313,-0.013897613343980098,0.06521515393487708,-0.02866589773164166,-0.04162186141424894,-0.15584065300328276,-0.03841835980244284,0.1332883802087954,0.06577825096856234,0.19572590423801495,0.09797415195339068,-0.17105373672847718,0.11633395439623809,-0.08097240706237242,-0.012269837044923529,-0.09029899742702507,-0.1425676514949871,-0.010935439032324846,0.03703191080353709,-0.10920770118001949,0.010481175879099788,-0.08771064383521128,-0.03862656374767098,-0.05725608493774579,0.1034111140685535,0.11939076686481527,-0.12932304143376805,0.12175672078786265,-0.20624020347203736
AngMaMyMyRt38903-00,1,13,49,kmeans,-29.068847692307695,153.13053461538462,2017,0.09888741016768696,-0.043154999556383626,-0.07819950906456094,-0.12253748558246824,-0.0747404844290657,-0.12905805459438674,0.07451808476029924,0.3606328926744151,-0.04415816401975567,0.1382805429864253,-0.05387277082778806,0.078052819921332,0.051521012628279,0.2269896193771626,0.017512790938396437,0.1466702155975512,-0.14219383077514564,-0.048147162334013525,-0.005962203886079327,0.15425546387484101,0.012922840327684596,-0.04978913435660835,0.039852127879809525,0.10476917162038266,-0.12715109573241057,0.11755951852837662,-0.08092981989175757,0.14709608730369975,-0.13300446573802974,-0.09555614704403627,-0.03513441575725311,-0.17322568242983466,-0.0060331825037707315,-0.19539940259663444,-0.1106982521515393,-0.09043149084671571,-0.02615325466536539,0.07666637092242626,-0.02536302605506755,0.00013722532753674029,-0.14146511696684705,-0.07275308313370593,0.04182060154378491,0.06758583976577053,0.286772543104723,-0.0027255789193505542,-0.11815573891698458,0.003993730222103906,-0.03606660160293376,0.05628131192145032,-0.11452636559902994,-0.12098068790110307,-0.1433010972111318,0.16412149173394847,-0.14257238340283318,-0.12682932599887614,-0.09470913553958535,-0.037793747966758315,-0.04975601100168569,0.07625469493981601,0.13273947889864843,-0.15528701978528964,0.019367698814065575,-0.15677283884896334
AngMaMyMyRt38903-00,2,5,49,kmeans,-28.131941599999998,153.3029352,2017,0.041682429834678944,-0.01259823144944252,-0.1216516724336793,-0.12505959246443668,-0.11061591695501727,-0.09618454440599768,0.017925413302575896,0.3535378700499808,0.015046520569011887,0.10393540945790077,0.04782160707420226,0.03895117262591307,0.03161860822760475,0.21179546328335253,0.0476862745098039,0.19260284505959246,-0.07407612456747403,-0.10696193771626294,-0.09946943483275658,0.02199769319492499,0.008378316032295281,-0.09533564013840828,-0.00996539792387546,0.07759477124183004,-0.14357554786620527,0.13151864667435598,-0.06444290657439446,0.15195386389850055,-0.1260684352172241,0.0014271434063821559,-0.06593156478277584,-0.1310265282583621,-0.01377931564782778,-0.13374548250672813,-0.11296578239138791,-0.08960246059207995,-0.022797385620915017,0.14280046136101496,-0.0237447135717032,0.060542868127643194,-0.08847058823529408,-0.0981653210303729,0.07125874663590923,0.08851980007689349,0.26099500192233754,-0.06352018454440599,-0.08945482506728178,0.13757170319108034,0.0037400999615532365,-0.046640522875816964,-0.06027220299884656,-0.11952326028450592,-0.12558861976163008,0.16717262591311033,-0.09132487504805839,-0.133118031526336,-0.049273356401384014,-0.06711264898116105,0.051241830065359525,0.09102960399846213,0.1479800076893502,-0.20486889657823915,0.11559861591695497,-0.10741714725105728
AngMaMyMyRt38903-00,3,9,49,kmeans,-29.164405888888886,152.87959311111112,2017,0.11949592037250625,-0.0031850997479601906,-0.1906138664616173,-0.12118415993848519,-0.05823401255927203,-0.04500833012943735,-0.009890213165876377,0.27674142423854076,0.05740014524328245,0.07577940108505274,-0.025467128027681613,0.09946259985475667,-0.029506600025631137,0.3406894784057413,-0.037318979879533476,0.1846537656456918,-0.13322055619633472,-0.146316374044171,0.0067734631979153095,0.12958434790038015,0.09337946943483269,-0.11536759366055786,0.10311931308471096,0.10687171600666408,-0.10273655431671577,0.1612986458199837,-0.07955914391900545,0.06506215558118669,-0.13291981716433848,-0.07678414285104017,-0.02784570037165192,-0.14999359220812503,-0.15123755820410953,-0.16529027297193385,-0.04025802041949675,-0.11596223674655042,-0.09582639155880215,0.09185526934085178,0.0008270323379896832,-0.0724439318210944,-0.1358520227263018,-0.09934640522875814,0.12714426075441068,0.06236233927122044,0.19162544320560465,0.0363825878935452,-0.12382929642445209,0.13629629629629628,-0.052164552095347885,-0.03477636806356525,-0.06268358323721643,-0.156158742364048,-0.016499636891793724,0.12409586056644875,-0.02191293946772608,-0.033101798453586226,-0.11370669400657861,0.05804946815327432,-0.02163270536972957,0.07069417745311629,0.20692895894741337,-0.1442522106881968,0.14488102866418895,-0.1475808449741552
AngMaMyMyRt38903-00,4,9,49,kmeans,-34.49497655555555,150.854928,2020,0.13401341364432479,-0.017907642359776134,0.02435302661369554,-0.17266521423384165,-0.10575761459267799,-0.23836985774702035,0.021092742107736318,0.3037327523602033,0.07596394549105041,0.12661796744841722,-0.009268230167884153,0.07738562091503265,0.024168482207697836,0.14769703960015376,0.05604681959929935,0.21973770771925327,-0.09856721773676788,0.03895937459951296,-0.0585962663932675,0.16987654320987652,-0.16132598573198337,0.050032038959374546,-0.04744158229740694,0.13311119654833609,-0.12403434576444954,0.06251270878721854,-0.15183220129010208,0.15948054167200645,-0.1210611303344867,-0.08098765432098762,-0.1483395275321457,-0.1518595412021017,-0.07016104916912295,-0.09194412405485064,-0.033354692639583065,-0.15732752360203336,0.01488658208381391,0.023047545815711883,-0.032739544619590735,0.14455294972019306,-0.16009568969199878,-0.010491691229868882,0.07452176513306843,0.07004485454312441,0.23646289888504418,-0.03767439873552904,-0.15648682130804387,-0.006199325045922511,-0.007648340381904414,0.0503327779913708,-0.0650211457131872,-0.09953778461275577,-0.05946430859925664,0.09216284335084793,-0.19677901661754024,-0.23484984407706433,0.0038207527019522404,-0.11429450211457126,-0.1257430902644282,0.16928873510188386,-0.018796189499765026,-0.13877055833226534,-0.016793540945790032,-0.09076850783886534
AngMaMyMyRt38947-00,0,43,268,kmeans,-35.993650651162795,149.1021443255814,2017,0.011117012240372658,0.10067541106729963,0.09081730640272523,0.012819398621281626,-0.15994420750516344,-0.0926741950770276,0.16351492717470023,0.295803224162442,0.1174288958629507,0.010860938994840977,0.1722729182872419,-0.16992677235052706,0.06811262215784623,0.2080244628631206,0.07652584426383408,-0.028156612394159657,-0.017917974303264368,0.049094534302549085,-0.08451990737015277,0.09477285122895485,-0.060261616730595546,-0.0027052207111754947,-0.0632801337589299,0.011626297577854647,-0.0699623579481952,0.036648516223634894,-0.018335702726142884,0.023571613780030927,-0.12811101275895673,-0.09298033851023305,-0.16851908478849814,-0.09366272363938732,-0.17844013483186252,-0.19155423227202414,-0.02883041406256983,-0.1329835573080121,-0.14743667462425003,0.05095428413043281,-0.11012723192332104,0.13371458204804948,-0.15487567393578497,0.0024291193905742955,-0.09333082982394962,0.028293947766064906,0.2531090904213943,-0.11374516062695027,-0.018198367354237632,-0.11412712463006175,-0.16358216428386219,-0.10082132989994902,0.056848260508033585,-0.1071931189256368,-0.09787291113435789,0.12553454395894242,-0.0540486217286732,-0.16988242447001597,-0.00663787630875423,-0.03382455763883298,-0.033413982099907896,-0.07317257226648066,0.05224037266525396,0.033551317471813155,0.1320493906636982,-0.03261572025070857
AngMaMyMyRt38947-00,1,42,268,kmeans,-39.31194897619048,154.65634354761906,2017,0.03259845114516394,-0.021314878892733556,0.1565478478973288,-0.02115816261144983,-0.17051024331301146,-0.11601252265612123,0.16147196133355302,0.252468464509987,0.041607440361765606,0.08201534208454622,0.13770967210413573,-0.06182823456179855,0.05786052983284816,0.21034107760751358,0.04914446824481424,0.011132714523717982,-0.012880027828124696,0.06722249684187397,-0.045933981435711535,0.19000457699419632,-0.07741051976346092,0.062021566796653285,-0.07292433313194555,0.0357840391058384,-0.09402976877025317,0.10264330568828836,-0.057435784771424886,-0.035937826110836485,-0.12602625363871037,-0.13696270665128793,-0.13241500521777336,-0.13971036780725357,-0.20014719613335527,-0.1341169147397521,0.019897109170465572,-0.09146518738214238,-0.14202010215851044,0.048666996210248774,-0.10702257373537649,0.06915142527599273,-0.15892056168872776,-0.05769502572270734,-0.09032862818329944,0.021604877245015648,0.28659746251441753,-0.025153695465114142,-0.06318009556763879,-0.043625711722597514,-0.13774921733399242,-0.01618718075465482,-0.0026832170776807523,-0.08265831822925246,-0.11375405063986377,0.06428003881291075,-0.07917687336372453,-0.25945625308947107,0.04287581699346403,0.022943556507570326,-0.061876567620512246,-0.0023917540872558235,0.04673367386170152,0.003983815748521621,0.0554599879167353,0.056990534776001876
AngMaMyMyRt38947-00,2,69,268,kmeans,-35.167304521739126,149.37222602898552,2017,0.09505017579637705,0.07598058717661543,-0.03246733419142027,-0.06869152889914132,-0.09515359198524534,-0.11210047417659871,0.13044793251202155,0.24492073840050368,0.08655756704500496,0.08261259604722818,0.16095927430364015,-0.14996595512316885,0.08587377207205697,0.25863319013311487,0.05637697875399091,0.027084343257052737,-0.024387498676651666,-0.019742685366274944,-0.08666900690369922,0.15602115128518013,-0.08685265979082735,-0.05454579899592687,-0.0337858905994907,0.09286417152823047,-0.0706430637045952,0.10430057558687011,-0.12287982882837702,0.06789272799202087,-0.030087870328580416,-0.08368955084164949,-0.16103327036981313,-0.10742802378126581,-0.1813643581899938,-0.15691267015473423,-0.07773955390624562,-0.2450196969950242,-0.13481370041622784,0.10162780201594701,-0.0033601346193493087,0.07708607057486248,-0.18710930578540022,-0.006520569011918494,-0.06014632053446553,0.018601541213245747,0.2315417147251057,-0.07514612551471281,-0.1148820130496074,-0.06330942948364338,-0.16372209128038823,-0.08916971733279841,-0.03918760343011883,-0.12492586463400361,0.00015244972669377008,0.15769096612785494,-0.07410037388072588,-0.1379866160729708,-0.05229471385030282,-0.08802322406655183,-0.05505842234592044,-0.11227610339390087,0.01582178537797614,0.0005304537273846666,0.1459050866723501,-0.10244443330045852
AngMaMyMyRt38947-00,3,67,268,kmeans,-37.468008089552235,147.7004037164179,2017,0.06948142792381802,0.015345647770375337,-0.014511066352206663,-0.06526720492118415,-0.1309007442602443,-0.08116740404092568,0.13648298300883127,0.2738574715809648,0.06464654811295309,0.09933997830914627,0.1218562321036111,-0.01925780555125179,0.06723567858515951,0.32460259257346485,0.056850694623766955,0.11294209460196132,-0.10451548485943979,-0.06690790568495464,-0.07975899051455522,0.16740932018110138,-0.03835769250632648,-0.07203383314109955,0.023665754273614587,0.06591999632747447,-0.07005801442613917,0.16213832796800307,-0.15311309657020547,0.025301864380519526,-0.11281263807835099,-0.063181210441449,-0.15531752999707343,-0.11001417365307256,-0.20540618705779062,-0.14990330928976794,-0.09916736961099915,-0.1789171788118232,-0.14946719688753463,0.13261214113974532,0.02655235931071287,-0.007298226284953505,-0.15644407719189518,-0.07522433966270148,-0.015188647305571318,-0.008426609742521511,0.24871444392799552,-0.0103500949692139,-0.1107835677437495,0.009044512156633225,-0.13847440995713473,-0.024565523019275025,-0.08609960577734163,-0.1532150091526221,0.010552083871300914,0.059907153964892934,-0.09001084542684498,-0.13948068194207736,-0.0916139028043175,0.026746085030441798,-0.05773210074196489,-0.05098567141225817,0.06162130523851328,-0.017968749103387333,0.15489335330269063,-0.024055960107191833
AngMaMyMyRt38947-00,4,47,268,kmeans,-41.76745134042553,173.39550157446808,2024,0.09689890140453342,0.025283892447258427,0.04808494277978191,-0.16091748672769066,-0.11739510990044741,-0.14582803667983668,0.03355174360106995,0.20870139962534864,0.1433870769834842,0.11111929127095138,0.15720042209624774,-0.022643991263589278,0.09505869264685428,0.18253928521763313,0.14683190589544118,0.0916073196070251,0.019445221559629272,0.04120182908374026,-0.12717334576717626,0.17037113385195546,-0.12696000719854064,0.026316555825500826,-0.05535808649701012,0.08677251793500043,-0.10192740926157695,0.07028131569690871,-0.09726406373980545,-0.02433892038250428,-0.1998615916955017,-0.1157263572930215,-0.06019681464575813,-0.07749032696098879,-0.0602465500175873,-0.10170883539064349,-0.032070153050790584,-0.18275393261184322,-0.03132281364777863,0.07506507317152974,-0.05767601658936415,0.1320421769041367,-0.09733474032082584,-0.026423879522605866,-0.05537510122947799,0.0269133802874508,0.25614109139692587,-0.022797123855800128,-0.038293618657308535,-0.037380058406341246,-0.0987626690225527,-0.050484020057751905,-0.030091208782219603,-0.144409269757131,-0.008882999173803842,0.022583785287164506,-0.0862097229379862,-0.2129105826727854,0.025443569167341508,-0.035706070496617476,-0.07180609749114496,0.028541559302068698,0.039191473001382426,0.008613381105466805,0.003507652539530625,-0.015891760124992826
AngMaMyMyRt38951-00,0,10,19,kmeans,-42.5760819,172.8458202,2024,0.0370626682045367,-0.034448289119569396,0.14145943867743174,-0.0651318723567858,-0.1352710495963091,-0.13285966935793922,0.10749711649365624,0.2180207612456747,0.08233141099577082,0.1422775855440215,0.20598231449442517,-0.050337562475970765,0.1284367550941945,0.22628835063437136,0.16607766243752398,0.02512264513648594,0.010451364859669368,0.06939484813533256,-0.08169780853517875,0.15111726259131103,-0.14243137254901958,0.06371703191080351,-0.05400384467512492,0.07463590926566702,-0.11695194156093809,0.07340561322568241,-0.09493579392541329,-0.05662437524029219,-0.16335255670895807,-0.18401537870049978,-0.13989081122645133,-0.16545021145713185,-0.16765244136870433,-0.17067896962706652,-0.003943098808150719,-0.1370672818146866,-0.07030526720492115,0.07745943867743173,-0.10608227604767392,0.15069896193771626,-0.09770396001537865,-0.03991080353710105,-0.11352556708958088,0.03075124951941558,0.278471357170319,-0.07492502883506341,-0.021093425605536315,-0.12277124183006533,-0.09940176855055742,-0.04519492502883502,0.0014948096885813167,-0.09098654363706263,-0.045687043444828906,0.05386236063052668,-0.10925028835063436,-0.2248058439061899,0.04126412918108418,0.005431757016532092,-0.08648366013071891,-0.0450226835832372,0.01823913879277199,0.050214532871972264,0.05577547097270279,0.0636924259900038
AngMaMyMyRt38951-00,1,2,19,kmeans,-38.950337000000005,175.8387355,2023,0.04490580545943859,-0.004459823144944197,0.0094117647058823,-0.040138408304498184,-0.03278738946559015,-0.12195309496347555,0.04509034986543635,0.14471357170319105,0.0866435986159169,0.15701653210303723,0.2971472510572856,-0.21419454056132256,0.10857362552864279,0.13880815071126484,0.18614379084967314,-0.05736255286428296,0.0888273740868896,-0.12736639753940787,-0.14179161860822762,-0.004183006535947692,-0.07541714725105725,-0.028450595924644353,-0.061053440984236804,0.21053440984236832,-0.13302575932333716,0.03850826605151855,-0.11641676278354475,-0.11112648981161091,-0.16,-0.19638600538254516,-0.19638600538254514,-0.06905036524413685,-0.0055670895809304,-0.22517493271818534,-0.040015378700499746,-0.16639753940792001,0.21053440984236832,0.06705113417916185,-0.18608227604767397,0.19638600538254516,-0.1537870049980776,-0.09381007304882735,-0.028819684736639706,0.04539792387543244,0.21779315647827754,-0.020084582852748906,0.005936178392925748,0.008981161091887707,-0.1111264898116109,-0.10346789696270664,-0.179438677431757,-0.021068819684736603,-0.03844675124951939,0.2141330257593233,0.01783929257977695,-0.18272971933871585,0.0031987697039600116,-0.03189542483660125,-0.0535486351403306,-0.1663360246059207,0.013840830449826896,-0.05736255286428297,0.071357170319108,0.11653979238754325
AngMaMyMyRt38951-00,2,1,19,kmeans,-44.553063,169.084681,2021,0.2141330257593233,-0.012056901191849191,-0.09356401384083042,-0.1998615916955017,-0.0415840061514801,-0.1929104190695886,0.0482276047673971,0.1137408688965782,0.2288965782391388,0.10851211072664362,0.3368550557477893,-0.0199307958477508,0.0448442906574394,0.19986159169550172,0.0711111111111111,0.0049826989619377,0.1137408688965782,-0.0629911572472126,-0.1793771626297577,0.17279507881584,-0.16,0.0842137639369473,-0.0797231833910034,0.0935640138408304,-0.1476970396001538,-0.10851211072664357,-0.186082276047674,-0.0448442906574394,-0.1537870049980776,-0.1137408688965782,-0.032541330257593204,-0.1190926566705113,-0.1085121107266436,-0.1085121107266436,-0.1085121107266436,-0.2288965782391388,-0.013840830449826896,0.1137408688965782,0.09356401384083042,0.186082276047674,-0.1301653210303729,0.015747789311803095,0.06698961937716261,0.0325413302575932,0.1358861976163014,-0.0517339484813533,-0.1358861976163014,-0.032541330257593204,-0.12456747404844291,-0.1537870049980776,-0.0629911572472126,-0.0984236831987697,0.1245674740484429,0.075355632449058,-0.0888273740868896,-0.1929104190695886,-0.044844290657439397,-0.05911572472126099,-0.013840830449826896,0.04484429065743941,-0.008858131487889193,0.0199307958477508,-0.01039600153787,0.1929104190695886
AngMaMyMyRt38951-00,3,5,19,kmeans,-44.328672,170.0753882,2019,0.03249211841599382,0.11570934256055357,0.060875048058439005,-0.1037262591311034,-0.13148173779315644,-0.09966628219915415,0.07825913110342173,0.15436524413687042,0.1679723183391003,-0.002768166089965418,0.2630126874279123,-0.15600153787004997,0.08420146097654745,0.12899653979238754,0.20071049596309107,0.013643983083429423,0.07640138408304495,0.08172856593617836,-0.16110726643598614,0.16941176470588232,-0.11770242214532867,0.00168550557477892,-0.05132795078815838,0.07397770088427524,-0.06769088811995382,0.04803075740099959,-0.03829911572472125,-0.07012687427912338,-0.2669127258746635,-0.14742637447135715,0.03492810457516342,-0.030326797385620916,0.013533256439830832,-0.13687043444828909,0.018909650134563603,-0.17076509034986542,-0.061059592464436735,0.07862821991541713,-0.08145790080738176,0.12878738946559015,-0.18093963860053822,-0.006766628219915395,-0.1361691657054978,0.059472510572856546,0.30223452518262206,-0.08420146097654746,0.05734409842368316,-0.12314033064206073,-0.14399384851980002,-0.10538715878508265,0.05552326028450595,-0.1161768550557478,-0.033439446366781964,0.044032295271049536,0.018921953094963452,-0.21049134948096881,-0.008476739715494017,-0.05496962706651286,0.02450749711649365,0.008230680507497083,0.040956555171088024,0.04785851595540176,-0.06336024605920798,-0.07339946174548247
AngMaMyMyRt38951-00,4,1,19,kmeans,-45.303593,169.337775,2023,0.00744329104190691,0.051733948481353306,0.1190926566705113,-0.2141330257593233,-0.1998615916955017,-0.17279507881584,0.1137408688965782,0.2141330257593233,0.2069357939254133,0.05536332179930789,0.22889657823913884,-0.1476970396001538,0.14769703960015385,0.1929104190695886,0.1998615916955017,0.0711111111111111,0.02977316416762779,0.2519646289888504,-0.1137408688965782,0.0482276047673971,-0.1663360246059207,0.12456747404844291,-0.1085121107266436,0.0797231833910034,-0.0711111111111111,0.006151480199923093,-0.1476970396001538,-0.0553633217993079,-0.0797231833910034,-0.1190926566705113,-0.075355632449058,-0.15378700499807757,-0.0002460592079969225,-0.0888273740868896,-0.017777777777777705,-0.2599000384467512,-0.032541330257593204,0.16,0.012056901191849198,0.0888273740868896,-0.1537870049980776,0.0297731641676278,-0.09356401384083042,-0.0246059207996924,0.2441522491349481,-0.1663360246059207,-0.0797231833910034,0.0246059207996924,-0.19986159169550172,-0.0711111111111111,0.1417301038062283,-0.0842137639369473,0.038446751249519406,-0.10340638216070741,-0.041584006151480106,-0.0482276047673971,0.00024605920799692337,-0.1137408688965782,-0.0199307958477508,0.0517339484813533,0.0935640138408304,0.0199307958477508,0.0629911572472126,-0.0088581314878892
AngMaMyMyRt38953-00,0,4,28,kmeans,-34.916707249999995,116.81709599999999,2022,0.06057670126874276,-0.030895809304113744,0.07836985774702035,-0.1333025759323337,-0.22356016916570548,-0.06023836985774697,0.07999999999999995,0.19166474432910416,0.033356401384082975,0.21828527489427144,0.11875432525951554,0.021576316801230254,0.023575547866205276,0.2572856593617839,-0.06666666666666662,0.08053825451749323,-0.1439753940792003,-0.019008073817762393,-0.12927335640138402,0.2662206843521722,-0.0661899269511726,0.0425221068819684,0.060745866974240614,0.016624375240292172,-0.21279507881584006,0.0725413302575932,-0.23118800461361014,0.11660130718954245,-0.07447904652056894,-0.10040753556324487,-0.1054209919261822,-0.13671664744329098,-0.19492502883506338,-0.07507881584006147,0.004598231449442502,-0.04327566320645903,-0.12505959246443674,0.1438677431757016,-0.10205305651672429,-0.024928873510188368,-0.12267589388696654,-0.1553402537485582,0.019577085736255277,0.005213379469434797,0.18911188004613608,0.09773164167627832,-0.14606689734717412,-0.04633602460592075,-0.17548635140330637,-0.045643983083429394,-0.041553248750480554,-0.0687735486351403,0.07606305267204917,-0.009257977700884247,-0.0889196462898885,-0.31903114186851206,0.018193002691272546,0.1317647058823529,-0.0757093425605536,-0.017254901960784323,0.048166089965397875,-0.03583237216455204,0.14359092656670508,-0.0038908112264513725
AngMaMyMyRt38953-00,1,9,28,kmeans,-34.733614777777774,116.62505266666666,2024,0.06726985347515911,-0.015440215301806975,0.10875133495664055,-0.052827544961339616,-0.1979272929215259,-0.10939382288863254,0.10262035969071721,0.19949933786150625,0.08348242129095643,0.2125678157973429,0.2285958392071425,-0.016062198299799203,0.03577427485155278,0.2288077235251399,0.09016702977487287,0.02052543893374342,-0.11061044897261733,-0.004722969797940922,-0.1722687855098466,0.1686599171258917,-0.15590584817805112,0.019274637959759044,-0.01496176684181294,0.053347003289333124,-0.1466991328121662,0.1201725831944978,-0.1888914520056388,0.032062881797599155,-0.0424930582254688,-0.07345550856508176,-0.14930325943013367,-0.13225682429834673,-0.23019522405912254,-0.1274791746764065,-0.07312742962108587,-0.06516468025118541,-0.1226126703404673,0.16169507454397877,-0.054365415011320396,0.027654320987654323,-0.0820607458669742,-0.12569524541842875,-0.07556751676705535,-0.023519159297705983,0.251438335682857,-0.0335802469135802,-0.10529283608868381,-0.07718057157503519,-0.12207954205647396,-0.009958562945875493,-0.009193045409885067,-0.08534837028493313,0.01558374983980518,0.06588918791917633,-0.16336280917595794,-0.2939518988423256,0.006493229099918842,0.027073347857661533,-0.06698278439916266,-0.13548293391430646,-0.018105856721773644,0.07770002990302873,0.14557819642018024,0.09944209492075692
AngMaMyMyRt38953-00,2,4,28,kmeans,-34.86912175,116.75862649999999,2021,-0.009411764705882324,0.025667051134179122,0.1331487889273356,-0.07271049596309107,-0.2681891580161476,-0.022683583237216406,0.0911495578623606,0.2300961168781238,0.0692041522491349,0.16249134948096886,0.18523644752018448,-0.06394463667820065,0.0519800076893502,0.2571626297577854,-0.001045751633986923,0.0241906958861976,-0.053979238754325226,-0.04744329104190694,-0.14986543637062663,0.16982698961937712,-0.09926951172625909,0.025467128027681654,0.005490196078431367,-0.0007535563244906035,-0.18611303344867358,0.11477124183006532,-0.1446674356016916,0.08167627835447899,-0.10246828143021913,-0.11163398692810453,-0.0763244905805459,-0.10111495578623601,-0.14680507497116493,-0.10114571318723561,-0.012995001922337525,0.0006612841214917696,-0.2066435986159169,0.20364475201845444,-0.15358708189158013,0.003075740099961576,-0.05896193771626296,-0.1622606689734717,-0.047520184544405944,0.00329104190695885,0.25831603229527106,0.024990388312187597,-0.06351403306420603,-0.026174548250672773,-0.12822760476739709,-0.06911188004613607,0.025928489042675903,-0.033971549404075346,-0.018669742406766644,0.07943098808150709,-0.0695117262591311,-0.341837754709727,0.07504805843906186,0.06628219915417143,-0.003998462129950024,-0.0867666282199154,0.02185313341022682,-0.0011072664359861456,0.18560553633217988,0.03680123029603998
AngMaMyMyRt38953-00,3,6,28,kmeans,-34.7248165,116.69835616666667,2024,0.040538254517493266,-0.05953607586825578,0.044854543124439275,-0.13589645008330126,-0.20000512623349992,-0.10831731385364599,0.0904472638728694,0.21841855696526974,0.05568114827630395,0.19391516083557603,0.11199794950659997,0.005505574778931162,0.04035371011149552,0.3002024862232475,0.04782775855440214,0.11852877098551835,-0.16868383954889143,-0.01999231064975008,-0.14833269255414583,0.2113341022683583,-0.09128796616685886,0.03271562219659104,0.034181724977572714,0.033217993079584736,-0.1432269639882096,0.09027297193387156,-0.2110470331923619,0.07754966038703057,-0.06259131103421756,-0.0979828271177752,-0.11244905805459435,-0.13031910803537097,-0.21530180699730872,-0.08050237088299368,-0.08777136998590282,-0.12215814430347298,-0.10389850057670125,0.18231962065872095,-0.01434320133282073,-0.06424195822119695,-0.14045879789824425,-0.10846084839164419,-0.0010457516339869508,-0.0068589004229142525,0.20105087786748682,0.03185441496860181,-0.16157887991798026,0.001199538638984976,-0.19400743303857487,-0.011841599384851978,-0.07258746635909263,-0.1345226195053184,0.10929129821863386,0.013523003972830988,-0.13730103806228372,-0.18414455978469815,-0.054522619505318434,0.068876073305139,-0.09078559528386515,-0.07084454696911441,0.02992695117262588,-0.03478662053056513,0.15450467768806866,0.02917852108163522
AngMaMyMyRt38953-00,4,5,28,kmeans,-34.762494,116.70289199999999,2024,0.10783544790465205,-0.018343713956170696,0.0717262591311034,-0.10472279892349093,-0.1706543637062668,-0.15817916186082268,0.09232141484044594,0.1941161091887735,0.09875586312956555,0.2219823144944252,0.18913341022683577,0.03669973087274125,0.05651980007689343,0.21937408688965782,0.10380007689350243,0.10028143021914646,-0.15641983852364472,-0.01048212226066899,-0.16926412918108413,0.12974702037677813,-0.18647597078046907,-0.024347558631295663,0.0008612072279892396,0.08973779315647823,-0.12507189542483652,0.11444213763936942,-0.21728258362168393,0.060001537870049935,-0.03186466743560168,-0.03986159169550172,-0.16323567858515953,-0.12234063821607072,-0.222240676662822,-0.10763860053825448,-0.10348019992310645,-0.08539484813533253,-0.06321261053440982,0.16169780853517876,0.03455901576316797,0.03556785851595539,-0.06993002691272585,-0.09399461745482501,-0.05087274125336405,-0.03839753940792001,0.20732948865820836,-0.03741330257593232,-0.1815547866205305,-0.06648519800076888,-0.13037447135717034,0.021333333333333315,-0.07391618608227599,-0.09576624375240292,0.07472818146866586,0.025725490196078393,-0.20032910419069586,-0.23300576701268738,-0.0413256439830834,0.01557554786620527,-0.09945713187235673,-0.1121660899653979,-0.03484198385236445,0.04996232218377543,0.12558861976163013,0.10414455978469814
AngMaMyMyRt39003-00,0,8,33,kmeans,-24.9255595,152.27977325,2024,-0.008342945021145718,-0.0029988465974625095,-0.008435217224144559,0.09763168012302956,-0.1897424067666282,-0.01767781622452899,0.14996539792387542,0.3217762399077278,-0.04625144175317186,0.12854286812764318,0.04232218377547095,0.023598615916954974,0.04552095347943093,0.18430603613994617,-0.05243367935409452,-0.036593617839292575,-0.11361783929257972,0.06445213379469432,-0.06459054209919259,0.03986928104575162,0.11860822760476736,0.09848519800076891,-0.17248750480584388,0.11017301038062281,-0.14080738177623986,0.1784236831987697,-0.07226451364859665,0.1224221453287197,-0.0018685121107266459,-0.02640522875816989,-0.11821607074202228,-0.08869665513264124,-0.17104959630911185,-0.17730872741253362,-0.1628373702422145,0.14453671664744322,-0.1012302960399846,0.09699346405228754,-0.07627835447904649,0.10767397154940404,-0.1265667051134179,-0.11454056132256822,-0.02513648596693576,0.016955017301038013,0.25862360630526715,-0.11672433679354091,-0.010888119953863875,-0.012164552095347947,-0.08589773164167623,0.045613225682429856,0.017616301422529776,-0.05686274509803918,-0.204075355632449,0.24881199538638987,-0.08010765090349861,-0.24146866589773164,-0.060907343329488633,-0.009296424452133772,-0.04712033833141096,0.02430603613994614,0.12263744713571702,-0.07247212610534406,0.11595540176855054,-0.16100730488273735
AngMaMyMyRt39003-00,1,14,33,kmeans,-25.210583071428573,152.49497942857144,2024,0.04042840665678034,0.014029768770253179,-0.06925687922227709,0.02413577195584114,-0.18352941176470583,-0.03341571922886799,0.14615916955017297,0.3429538089745702,-0.04704124787169767,0.15685835118361066,0.02019443071346186,0.06033723293238861,0.06253858406107536,0.2610688196847366,-0.055543472290877124,0.022914263744713538,-0.15718350085132088,-0.0011072664359861317,-0.030594826165760407,0.10391168231998678,0.045002471576865995,0.04788487944197283,-0.09713187235678582,0.09098039215686271,-0.13507771736145435,0.1843159224474103,-0.11583676607898058,0.16978524743230622,0.009209644642170577,-0.0003339374965672555,-0.1201340143900697,-0.11291041906958857,-0.18295820288899875,-0.18760257043994066,-0.18268578019443069,0.04798154555940019,-0.14234085791179216,0.1395111770198275,0.004380732685230926,0.03915417147251057,-0.152420497610809,-0.06205964738836708,0.01703081232492995,0.004055583017520747,0.235746690833196,-0.070693689240402,-0.08580875487449878,-0.027677266985225435,-0.06723128467073101,0.05860163673312459,-0.04817048387982639,-0.10521667490525617,-0.11840281210523422,0.21597846981930025,-0.10675015104080846,-0.20254187949689678,-0.12112703905091445,-0.05405393529961,-0.012729170099412289,0.0010721151205580273,0.0965914208820783,-0.08513209205250725,0.11600373482726423,-0.18325698907013785
AngMaMyMyRt39003-00,2,7,33,kmeans,-25.291506285714288,152.64619885714288,2022,0.0984851980007689,0.08842313395946613,-0.06103147141209422,-0.009156917669028396,-0.19753281704838796,-0.08006590871642773,0.13000714011094627,0.2607436700170265,0.017988685670346533,0.230557477893118,0.13090349865436368,0.04841214917339481,0.09166584280771127,0.20618004064370843,0.007170868347338932,0.04313945185917503,-0.1451309935739001,-0.04516944032514967,-0.12638655462184872,0.0879925303454715,-0.1018421486241555,0.02200472345801062,-0.15089580930411375,0.1470731037513044,-0.15452518262206844,0.2225957049486461,-0.11213269621574116,0.1276695776349755,0.04237491074861313,0.012487504805843866,-0.151238534629538,-0.0846443675509419,-0.20525731861371996,-0.17239083868841648,-0.1207096171802054,0.0339473828747185,-0.07721865216674904,0.15353215796122366,0.03574009996155324,0.14385675838963033,-0.11731751524139064,-0.028173779315647806,0.0017399901136925452,-0.03791069368924035,0.2320426209699566,-0.053948481353325584,-0.09579612237051681,-0.032453451969022884,0.015677486680946866,0.08108529686384354,-0.053016971494480106,-0.08107650903498652,-0.09953973746361286,0.22856264074257152,-0.13528862525402313,-0.24612951062778052,-0.08163893008183662,-0.10252759927500409,-0.04248036469489752,-0.004297248311089127,0.02278684022628659,-0.02103806228373701,0.09518976217938155,-0.09068160597572358
AngMaMyMyRt39003-00,3,3,33,kmeans,-25.16709566666667,152.60626066666666,2021,0.051487889273356374,0.061740356273228186,0.021571190567730353,0.059423298731257165,-0.2045777265154428,0.040784313725490115,0.08404972446494935,0.3163706266820453,-0.07884147122901447,0.1498295527361271,0.1559400230680507,0.0026861463539663913,0.02696398820966292,0.22846597462514417,-0.08392669486095089,-0.05729078559528385,-0.006930667691913361,0.05712674612328586,-0.07730360117903368,0.0796616685890042,-0.005761886453928004,0.10297577854671276,-0.15112136357811096,0.028071254645649052,-0.19530949634755862,0.08669486095091627,-0.04857618864539273,0.19368960656157885,-0.015522235037805934,-0.02249391259771883,-0.16442906574394459,-0.08302447776496216,-0.1839907727797001,-0.20697680379341277,-0.08566961425092909,0.11484813533256437,-0.19984108676150197,0.13600922722029982,-0.15493528130206324,0.17603485838779953,-0.16492118415993848,-0.045726002819428374,0.017736767909778264,0.05269768037934122,0.19194668717160066,-0.046136101499423265,-0.052759195181340465,-0.07613481994104829,-0.017736767909778295,-0.04937588107138275,0.06176086120722797,-0.042260668973471735,-0.1387363834422658,0.16711521209791103,-0.10242214532871965,-0.2674048442906574,-0.005331282839933371,-0.021550685633730603,0.08630526720492115,0.02394976291170063,0.11232602845059586,0.014948096885813111,0.13824426502627193,-0.11899013200051262
AngMaMyMyRt39003-00,4,1,33,kmeans,-24.90548,152.337876,2024,0.1137408688965782,0.09842368319876968,0.08882737408688957,0.055363321799307905,-0.10340638216070738,-0.0797231833910034,0.22889657823913884,0.1929104190695886,-0.059115724721261004,0.0842137639369473,0.1190926566705113,0.06698961937716261,-0.0482276047673971,0.1537870049980776,-0.075355632449058,-0.08882737408688958,0.0842137639369473,-0.07535563244905799,-0.1085121107266436,-0.18608227604767402,0.1793771626297577,0.0669896193771626,-0.1137408688965782,0.1998615916955017,-0.0888273740868896,0.027128027681660893,-0.0935640138408304,0.3553094963475586,0.0553633217993079,-0.1245674740484429,-0.0797231833910034,0.004982698961937697,0.09842368319876968,-0.0482276047673971,-0.2519646289888504,0.2519646289888504,-0.0935640138408304,0.024605920799692413,0.055363321799307905,-0.029773164167627805,0.024605920799692406,-0.0246059207996924,0.0297731641676278,-0.0222068435217224,0.16000000000000003,-0.16,-0.0177777777777777,-0.059115724721261,-0.1034063821607074,0.024605920799692413,-0.013840830449826896,0.03543252595155701,-0.3368550557477893,0.1190926566705113,0.075355632449058,-0.1929104190695886,-0.1358861976163014,0.0797231833910034,-0.0448442906574394,0.06698961937716261,0.0984236831987697,-0.010396001537869987,0.1663360246059207,-0.1245674740484429
AngMaMyMyRt39009-00,0,12,28,kmeans,-14.598874,132.46684091666668,2020,0.05833141099577083,0.07369985902857873,-0.1198923490965013,0.03840061514801998,-0.12977060105087784,0.12072792515699086,0.0787491990260156,0.2871510957324106,-0.16660771498141738,-0.08102012046648722,-0.062488786364218854,0.005654235550429307,-0.017372805331282826,0.05301550685633727,-0.12051774958349348,-0.028091759579648854,-0.0076432141484044785,0.01854158656926822,-0.013092400358836326,-0.10573369216967828,0.1817403562732282,0.0076637190824041974,-0.1793976675637575,0.2299320774061258,-0.038277585544021483,0.1790132000512623,0.018690247340766356,0.22195565808022558,0.11621171344354732,-0.00350121748045624,-0.12682301678841468,-0.13336921696783283,0.03869793669101623,-0.20070229398949122,-0.17584006151480197,0.14425733692169673,-0.14988081507112644,0.06841983852364472,-0.05838779956427012,0.042891195693963824,-0.12215814430347302,0.018731257208765846,0.05625016019479684,0.13620915032679734,0.16507497116493652,-0.05093938228886323,-0.15509419454056128,-0.02408304498269894,-0.028312187620146048,0.007392028706907583,0.0018300653594771205,0.05107266435986157,-0.15408945277457384,0.23535050621555811,-0.09018582596437263,-0.02346789696270664,-0.03445854158656923,-0.10511341791618606,0.041261053440984186,0.03493015506856333,0.2286453927976419,0.06919389978213501,0.06758938869665511,-0.2608945277457388
AngMaMyMyRt39009-00,1,8,28,kmeans,-20.126904250000003,147.155127625,2019,-0.027474048442906532,0.06267589388696654,-0.021176470588235286,0.056239907727796946,-0.18202998846597457,0.06405228758169933,0.07343329488658203,0.3005767012687428,-0.1299730872741253,0.12336793540945787,-0.011318723567858499,0.03489427143406381,0.016362937331795446,0.10595155709342556,-0.11334102268358318,-0.019354094579008056,-0.03341791618608224,0.07717800845828524,-0.024859669357939266,-0.0321184159938485,0.15150326797385616,0.10491349480968858,-0.1810073048827374,0.14868896578239135,-0.0723337178008458,0.17934640522875817,-0.04712802768166088,0.19671664744329104,0.01995386389850056,-0.06442906574394462,-0.14170703575547863,-0.04990388312187614,-0.1014071510957324,-0.16156093810073047,-0.1814532871972318,0.15481737793156475,-0.10207612456747402,0.1170626682045367,-0.060015378700499764,0.13224144559784698,-0.10509034986543635,-0.06888888888888883,0.027704728950403677,0.04839677047289499,0.18152249134948095,-0.10462898885044211,-0.04395232602845056,-0.03406382160707418,-0.03064206074586695,0.041930026912725835,0.037747020376778115,-0.0034832756632064803,-0.14492887351018838,0.2603921568627451,-0.08999615532487501,-0.15164936562860434,-0.039938485198000744,-0.08774317570165316,-0.04126105344098421,0.011241830065359441,0.16745098039215683,-0.026551326412918082,0.13434063821607073,-0.19842368319876968
AngMaMyMyRt39009-00,2,6,28,kmeans,-25.193236499999998,152.7661648333333,2024,0.023006535947712414,-0.0650929129821863,-0.06104318851723693,0.037616301422529766,-0.13920799692425984,-0.030429322055619643,0.0517031910803537,0.33474304754581574,-0.0787594514930155,0.17690631808278862,0.009391259771882599,0.006612841214917328,-0.008765859284890432,0.1831398180187107,-0.051774958349352786,0.06401640394719975,-0.09901832628476223,0.011318723567858534,-0.04337818787645772,0.14421120082019728,0.052410611303344894,0.06906061771113671,-0.06394463667820066,0.0552607971293092,-0.1208048186594899,0.2525387671408432,-0.04193259002947583,0.15457644495706777,-0.025364603357682924,-0.017244649493784445,-0.04268102012046645,-0.08502370882993715,-0.17356401384083045,-0.16301422529796228,-0.08577213892092783,-0.009586056644880155,-0.019151608355760616,0.11826220684352168,-0.019520697167755993,0.11453030885556834,-0.16484941689093938,-0.05805972062027424,0.027753428168653067,0.07272074843009098,0.2714750736896065,-0.05929001666025884,-0.07719082404203509,0.06095091631423806,-0.05135460720235803,0.031956939638600496,-0.1024118928617198,-0.07913879277201075,-0.1787927720107651,0.28486479559143923,-0.09336921696783285,-0.22238626169422016,-0.03134179161860819,-0.04096885813148787,-0.015881071382801468,0.11064462386261692,0.12982698961937714,-0.15393053953607583,0.0413687043444829,-0.13589645008330126
AngMaMyMyRt39009-00,3,1,28,kmeans,-25.722818,152.913219,2023,-0.027128027681660897,-0.1137408688965782,0.01574778931180311,0.0297731641676278,-0.2364628988850442,-0.0517339484813533,-0.05911572472126099,0.2214532871972318,-0.1417301038062283,0.2069357939254133,0.035432525951557,0.04158400615148009,-0.0935640138408304,0.1537870049980776,-0.048227604767397105,0.0177777777777777,-0.0935640138408304,0.0842137639369473,-0.13588619761630144,0.1476970396001538,0.14173010380622833,0.20693579392541334,-0.1417301038062283,0.1929104190695886,-0.2069357939254133,0.003936947327950691,-0.186082276047674,0.17279507881584,0.0415840061514801,-0.0030142252979622978,-0.017777777777777712,-0.1190926566705113,-0.05911572472126099,-0.1301653210303729,-0.1085121107266436,0.0629911572472126,0.05173394848135329,0.0935640138408304,-0.1137408688965782,0.16,-0.3647212610534409,0.0325413302575932,0.0842137639369473,0.1190926566705113,0.0888273740868896,-0.012056901191849202,-0.1301653210303729,-0.0384467512495194,-0.027128027681660907,0.055363321799307905,-0.008858131487889206,0.0246059207996924,-0.1476970396001538,0.0888273740868896,-0.0711111111111111,-0.2214532871972318,-0.0246059207996924,-0.0711111111111111,0.055363321799307905,0.2069357939254133,0.1085121107266436,-0.18608227604767397,0.027128027681660897,-0.17279507881584
AngMaMyMyRt39009-00,4,1,28,kmeans,-23.176511,150.936252,2022,-0.09356401384083039,0.051733948481353306,-0.0415840061514801,-0.0629911572472126,-0.1793771626297577,-0.06698961937716258,0.012056901191849198,0.2599000384467512,-0.22889657823913878,0.17279507881584,0.1537870049980776,-0.1301653210303729,-0.0935640138408304,0.1190926566705113,-0.1358861976163014,-0.0448442906574394,0.1358861976163014,-0.0888273740868896,-0.1137408688965782,0.0629911572472126,0.1245674740484429,0.0669896193771626,-0.1476970396001538,0.024605920799692392,-0.1301653210303729,0.0448442906574394,-0.0711111111111111,0.186082276047674,-0.22889657823913878,-0.075355632449058,0.07535563244905799,0.035432525951557,0.06698961937716261,-0.0935640138408304,0.055363321799307905,0.0935640138408304,-0.02977316416762779,0.24415224913494807,-0.1476970396001538,0.1793771626297577,-0.048227604767397105,-0.1301653210303729,0.0448442906574394,0.1929104190695886,0.0888273740868896,-0.0415840061514801,-0.008858131487889196,0.05911572472126099,0.0009842368319877004,-0.0517339484813533,-0.0246059207996924,0.22889657823913884,-0.17279507881584,0.2679584775086506,-0.0061514801999231,-0.2214532871972318,0.0325413302575932,0.032541330257593204,0.1476970396001538,0.10340638216070741,0.04158400615148009,-0.2141330257593233,-0.0222068435217224,-0.01039600153787
AngMaMyMyRt39051-00,0,70,325,kmeans,-37.59471602857142,146.41019407142858,2023,0.11563903992969732,0.05984159938485195,0.027590267479540825,-0.07188356126764428,-0.1467523479980227,-0.10556203657933758,0.15103377821716918,0.2580519580381172,0.08008172680837036,0.18717987587191737,0.1592837919481518,-0.005292909320590983,0.09265183720547039,0.25223617290053274,0.07018223760092268,0.07883033997912887,-0.08211259405723069,-0.017447355412753322,-0.11389114077003348,0.15571066073488216,-0.13638095238095235,-0.011180754654803088,0.012460262536387096,0.11001307189542481,-0.08435173285000272,0.15230449826989617,-0.13217246114131925,0.004833305871368151,-0.08051496677102213,-0.03337968913055416,-0.16789850057670125,-0.08085417696490357,-0.17924446641401656,-0.15211116603504143,-0.08457406492008565,-0.18010391607623438,-0.0999228868017795,0.10824759707804688,0.001064206074586696,0.07446366782006918,-0.09595869720437192,-0.0730338880650299,-0.08341231394518588,-0.04719591365958144,0.2900712912616027,-0.04150227934310976,-0.10510419069588617,-0.056069863239413376,-0.08570857362552863,0.017847201625748307,-0.11962959301367602,-0.1407309276651837,-0.03073982534190144,0.07406733673861698,-0.15531696600208705,-0.24109847860712913,-0.015777667929917062,-0.015954303289943416,-0.07957466908331957,-0.050647772834624016,-0.05956829790739823,0.012389081122645126,0.11886768825177127,0.06003405283682097
AngMaMyMyRt39051-00,1,61,325,kmeans,-38.66981167213115,145.51093349180326,2023,0.06152589483237843,-0.021692539439433757,0.10109302222978547,-0.01913110342176086,-0.17318534485475318,-0.10756619459098325,0.15226930373563757,0.2628739261696321,0.050560125046482704,0.14069443656601177,0.14500854022097426,-0.03278436414745903,0.07762058728988215,0.26248769388822707,0.050594411985301964,0.04627425769407729,-0.06570990980770318,0.03189895437442093,-0.06832680999111308,0.20729177302550722,-0.07839708561020033,0.03428996413737463,-0.009562022173060798,0.055332060178619795,-0.10547771664114051,0.15546706500022056,-0.07882668078481793,-0.035989184487681264,-0.1163789463069059,-0.07792009378486203,-0.14552385274263993,-0.15046520569011912,-0.2132355147137608,-0.16123432979749275,-0.02668229747701071,-0.12904998707937046,-0.1465484271497091,0.09214816495547108,-0.06008886872010134,0.05388394123319527,-0.13959927140255005,-0.10018441835107554,-0.09847410516762149,0.0013543340833601213,0.304590037879504,-0.022601143318143693,-0.0653055256175115,-0.018347546025803425,-0.12349449455127597,0.00976572692722219,-0.07037898412338253,-0.13460144584995679,-0.07091547387196598,0.0676955269410882,-0.11397482683205068,-0.2755338741089492,0.01566408884350911,0.026614732038749284,-0.08608240210259607,-0.011074681238615654,0.010437347552328544,-9.882705894959098e-05,0.0883634919734528,0.06831470871858866
AngMaMyMyRt39051-00,2,91,325,kmeans,-39.150977670329674,145.73898387912087,2024,0.10659771600948068,-0.002588353591813808,-0.012074476849563344,-0.10873653835591549,-0.13619917952097882,-0.07170057163136745,0.1110997883316222,0.24593550240609063,0.05909206518203054,0.1392242206083036,0.1317227946985732,-0.0042343815354196,0.06783257496060259,0.34828802109078927,0.06231584639889134,0.12292617801268314,-0.07728016696874825,-0.05263841886679254,-0.07061223282676565,0.1970521904085918,-0.04590558998863492,-0.04437718375434635,0.05593858659602602,0.07507239396512749,-0.07999898601974723,0.1382325479211292,-0.13657705616183122,-0.004243169364276624,-0.14330042122429662,-0.05436150930960616,-0.1498196382625448,-0.11814221918028142,-0.19974734992036025,-0.1595653404649944,-0.08972914052498823,-0.2134232395824091,-0.11017706630163374,0.12049938527447175,0.030111157585206008,-0.0011485016329307266,-0.16454803942693214,-0.08422390373947464,-0.025529318816516038,-0.007994896299394556,0.23599308803461053,0.03435365096264747,-0.10452919629390214,0.022324465231039613,-0.1263547832405964,-0.017145054100071402,-0.1327989657401422,-0.19126709507332346,0.04338145514616103,0.021142840243186245,-0.08931814052921316,-0.13041002826469952,-0.07093535453397042,0.04806739588746506,-0.08262316691382432,-0.04135214266702153,0.03702244698784489,-0.03327274801323242,0.16538085520784482,0.009656471940208973
AngMaMyMyRt39051-00,3,61,325,kmeans,-42.165832688524596,146.3913220983607,2024,0.11528882334032936,0.05465741423538234,0.010470626051770751,-0.15058319309723242,-0.16497362300754437,-0.1265883865600242,0.06651161911244725,0.20586987350388564,0.12427906038661041,0.1844264185905799,0.19767932888359457,0.04670687818682597,0.12627980411065098,0.2199890332217747,0.14171396877619574,0.09116191124472929,-0.06478416245958361,-0.01180176602945903,-0.12560919192492168,0.15113783475460255,-0.14691449064357337,0.005873150931861007,0.022797788996665833,0.13301718758863232,-0.09107619389768119,0.141830947743932,-0.16577936606979657,-0.020636703411676442,-0.14816898922860686,-0.03679492754993348,-0.17557433773895284,-0.07410617606090969,-0.13757432513346063,-0.14509929976490754,-0.03793143872785369,-0.18380017773744017,-0.034301056970522034,0.11991655164155018,0.002392018202330745,0.1234934861118989,-0.04484227377868534,-0.06413271062201797,-0.06808982673750949,-0.03635524798154553,0.2583924215780815,-0.04774355386641956,-0.08708479084337042,-0.08319927392364851,-0.048637031154473986,-0.022865354434927272,-0.0824580709815266,-0.13834981501440174,0.05236321465262414,-0.011960091011653774,-0.13219026729946232,-0.2558894750442768,0.023775975192391316,0.019170432557465263,-0.12514228449335374,-0.05323349783500669,-0.0199156692570953,0.0784646510484618,0.08953731540832338,0.11066916255412482
AngMaMyMyRt39051-00,4,42,325,kmeans,-41.878548190476195,146.1223447857143,2024,0.04557368045257315,0.005944966221782824,0.06803537101114954,-0.11456106625656795,-0.18228739861957854,-0.09156771205214108,0.07352044085608096,0.20422328408487578,0.09042090038629828,0.16167847531169327,0.21538968528587904,-0.04068618296991998,0.10557844052653738,0.2524816462532725,0.0807293897951337,0.02976437633877079,-0.02105124402702256,0.027232016989802436,-0.1557173980703392,0.19085406711704286,-0.11443657201442664,0.05610735797587006,-0.03516742644770325,0.0728877171783746,-0.14954394829827353,0.06688270079273537,-0.1190882627560828,-0.016691016275791348,-0.16443492429651593,-0.102328408487578,-0.13461782098460295,-0.10872594789549803,-0.156010325698907,-0.12121638197762762,-0.01732959850606909,-0.14119111696966363,-0.07899232895772686,0.14702184141630506,-0.0978656560663481,0.11243001775873747,-0.10670035334395195,-0.08629647937606412,-0.0524428333424873,0.0029644276011057923,0.2563790483513667,0.0015554457076948462,-0.05376393694732792,-0.061719851339228485,-0.11883048644294315,-0.07250984053752219,-0.004481792717086847,-0.09858039948005343,0.038064480694238456,-0.018807418392193465,-0.07398326650921802,-0.252976693945552,0.05567821900001828,0.05303747642847988,-0.042090770948902415,-0.024459456985408523,0.010746050054008513,0.05381959319675582,0.11649878251954374,0.06899031508028045
AngMaMyMyRt39646-00,0,15,50,kmeans,4.8042680666666655,-74.06208506666667,2022,0.04276098936306548,-0.041378956811482744,0.05040112777136996,-0.042994745610662556,0.027271562219659103,-0.03836883250032036,-0.0040189670639497466,-0.07982160707420219,0.12373907471485324,0.025401512238882474,0.14518313469178518,-0.23520389593745994,-0.11431090606177108,-0.0037195950275535072,0.03575240292195304,-0.16595053184672556,-0.10510829168268612,-0.047637062668204506,-0.059312572087658555,-0.18125951557093423,-0.06211354607202356,0.0004880174291938845,-0.03282839933358963,-0.09493374343201326,-0.11439702678457,0.04645187748301932,0.08994694348327562,-0.03935306933230806,-0.05647468922209403,-0.01470203767781621,-0.06823631936434701,-0.04855158272459308,-0.15139612969370753,-0.008718697936691028,-0.039705754197103635,-0.1988978597975138,0.11263770344739199,-0.16300192233756244,-0.20698500576701265,0.06473817762399076,0.017941817249775692,-0.1278195565808022,-0.31233115468409584,0.06764987825195434,-0.09390849673202611,-0.07169755222350374,-0.04919543765218503,0.16685274894271435,-0.05338254517493268,-0.024970908624887822,-0.011548378828655628,-0.0244459823144944,0.0743262847622709,0.2573738305779828,0.12606023324362423,-0.16978495450467768,0.14515852877098548,-0.0319589901320005,-0.1908312187620146,-0.281360502370883,-0.05468255799051644,0.050926054081763386,-0.07417044726387284,-0.1541396898628732
AngMaMyMyRt39646-00,1,7,50,kmeans,4.732539857142858,-74.05968457142856,2019,0.12465535233701319,-0.13418135881803694,0.06970505849398578,-0.01792717086834731,0.029342560553633205,-0.07536442027791505,0.09790520129620475,-0.15342670401493927,0.043227330147745345,0.008884494974460373,0.08682374910748611,-0.21475696160817265,-0.14165980117537208,-0.048192453451969,-0.015703850167517953,-0.2100818366562311,-0.054124237930466286,-0.06346570000549237,0.06573295985060687,-0.06710386115230406,0.03036194870104903,0.050705772505080446,-0.06370297138463225,-0.09644642170593724,-0.12662382600098862,0.0801186356895699,0.0850661833360795,-0.06388751579062993,-0.022988960289998334,-0.04054704234635029,0.01713626627121434,-0.0763047179656176,-0.22370297138463227,-0.02764650958422582,0.05816663920470145,-0.15539517767891464,-0.01508870214752564,-0.14601856428846047,-0.1784280771131982,-0.017496567254352703,-0.04066128412149171,-0.10380183445927388,-0.2949195364420278,0.07471412094249459,-0.07377382325479205,-0.013840830449826976,-0.08891525237545995,0.12059537540506399,-0.06633053221288512,0.028595595100785395,-0.025405613225682383,0.021248970176305816,-0.0933531059482616,0.25180644806942387,0.18559894546053715,-0.16425330916680392,0.09692096446421704,-0.012294172570989189,-0.21847421321469762,-0.2182369418355577,0.04125006865491293,0.05574119844016033,-0.20245400120832646,-0.08800131817432853
AngMaMyMyRt39646-00,2,7,50,kmeans,5.207333571428571,-73.83132685714286,2020,0.05283242708848242,-0.10071730653045528,0.04708518701598281,-0.04074916241006205,0.08105014554841541,-0.012109628164991504,-0.048412149173394814,-0.036706761135826826,0.10041852034931617,0.06627780523974294,0.11300269127258743,-0.15882243093315754,-0.17011479101444496,0.0038666446970945234,-0.0031548305596748663,-0.17278629098698298,-0.19233921019388145,-0.037005547316965974,-0.07243807326852306,-0.09713187235678582,-0.06467842038776289,-0.028129840171362667,0.052190915581919003,-0.04434338441258852,-0.08055802713242159,-0.08479376064151148,0.05689240402043165,-0.04770033503597514,-0.14210798044708076,-0.09502279343109785,-0.08284286263525013,-0.0033217993079584715,-0.1393398143571154,-0.06861536771571368,-0.09570824408194648,-0.15775910364145657,0.1643060361399461,-0.25235129345855983,-0.14035920250453116,0.026952271104520233,-0.0653638710386115,-0.15563244905805457,-0.2846641401658702,0.0699071785576976,-0.08816828692261217,0.009649036085022274,-0.06176964903608499,0.0721832262316691,-0.10175427033558516,0.015396276157521815,-0.030502553962761553,-0.047392761025978995,0.14345251826220679,0.11924204976108087,0.07331685615422637,-0.11828417641566424,0.0603635964189597,-0.025124402702257412,-0.26876695776349757,-0.26495304003954523,-0.02791893227879383,0.08091832811555989,-0.06467842038776289,-0.26383698577470205
AngMaMyMyRt39646-00,3,9,50,kmeans,4.662778222222221,-74.06239699999999,2021,0.0627656029732154,-0.07866376180101667,-0.02091503267973855,-0.07384510231107688,0.013198342517835006,-0.06782348669315216,-0.0938715878508266,-0.060974838737237774,0.15001409714212477,0.08868383954889142,0.1444299201161946,-0.1916596180956042,-0.1038779956427015,0.004442735699944481,-0.0032944593959587896,-0.14886582083813915,-0.020805673031739906,-0.08137041308898282,-0.10445213379469431,-0.20202827972147464,-0.013157332649835533,-0.06852748942714339,-0.07095390661711304,-0.09687214319278907,-0.05985390234525178,0.0501482335853731,0.05594429492930067,-0.044974155239437784,0.020272544747746583,0.043231235849459565,-0.10550472040668116,-0.07221154256909731,-0.15975394079200309,0.003171429791960355,-0.1052860011106839,-0.2667145115126661,0.07931991968900848,-0.12471784356444097,-0.06315519671921052,0.08780212738690245,-0.005447477465931917,-0.09415865692682299,-0.2640488700926994,0.027551796317655558,-0.13045922508436925,-0.08900508351488738,-0.10979025161262762,0.3177717971720278,-0.0322132513135973,-0.051679268657353984,0.034318424537571016,-0.09057029347686785,0.1680447691058994,0.2599752232047503,0.12408219061044895,-0.14598146012217522,0.14680165748216492,-0.07421419112307229,-0.17287709855183903,-0.2617249775727284,0.06212311504122342,0.030880430603613993,0.006206160023922418,-0.09387842282882647
AngMaMyMyRt39646-00,4,12,50,kmeans,4.828909333333334,-74.0591,2021,0.04186594899397664,-0.1312930924003588,0.14060745866974236,-0.04853517877739328,0.02753812636165575,0.011052159425861838,0.028435217224144535,-0.08682301678841467,0.04866846084839161,0.00816608996539792,0.10587210047417658,-0.20049211841599385,-0.09631167499679605,-0.0006869152889914104,0.05499935922081247,-0.15659618095604255,-0.13479943611431497,-0.03323849801358452,-0.004188132769447607,-0.1364654620017941,-0.04037934127899524,0.025979751377675237,-0.04885300525438931,-0.08216327053697291,-0.1575035242855312,0.01212866846084841,0.11763680635652952,-0.05919261822376007,-0.12379853902345248,-0.01224144559784699,-0.10052031270024346,-0.07757016532103034,-0.2601512238882481,-0.051262334999359206,-0.02515442778418557,-0.10354991669870561,0.09225682429834678,-0.20930411380238367,-0.27437652185057027,0.1011815968217352,0.02806612841214915,-0.09189798795335123,-0.32543380750993206,0.05028835063437134,-0.10717929001666021,0.03102909137511212,-0.004839164423939498,0.037764962194027904,-0.10429834678969625,-0.052128668460848356,0.012651544277841834,0.07189542483660123,-0.003291041906958867,0.15401255927207483,0.12415224913494805,-0.12733051390490832,0.10122773292323463,0.0287838011021402,-0.25715750352428557,-0.23557606048955532,-0.01364603357682942,0.061858259643726723,-0.06301678841471223,-0.22909137511213634
AngMaMyMyRt39671-00,0,25,169,kmeans,-24.40117768,-45.628183480000004,2021,0.03200246059207995,-0.048409688581314864,0.006862591311034227,-0.04550618992695115,-0.06212256824298344,-0.06514909650134562,0.10779115724721255,0.18932041522491347,-0.12517277970011528,0.0699497116493656,-0.04783391003460204,-0.0014369857747020334,-0.07439108035371009,0.04649780853517877,-0.07881276432141482,-0.08320492118415991,0.02405966935793924,0.11024928873510186,0.026904113802383688,0.04983437139561702,0.07271295655517104,0.15333179546328332,-0.19421699346405227,0.07207812379853898,-0.11516063052672049,0.19270618992695115,-0.0611580161476355,0.0884681276432141,0.004980238369857767,-0.08117001153402535,0.006254825067281797,-0.09269050365244133,-0.0014812764321414946,-0.1691263360246059,-0.030646674356016916,0.009935870818915792,-0.16451272587466356,0.014724183006535937,-0.03519138792772009,0.0885025759323337,-0.18095194156093808,-0.05590957324106109,-0.0921663975394079,0.1768452133794694,0.19712049211841598,-0.03948758169934639,-0.011963398692810465,0.022812149173394837,0.018926874279123394,-0.06462499038831215,0.05731949250288347,0.021663052672049196,-0.26615978469819296,0.28593310265282584,-0.1053970011534025,-0.24709757785467126,0.055272279892349056,-0.06788281430219142,0.1192845828527489,0.02602076124567472,0.12845767012687426,-0.09916678200692038,-0.05623437139561705,-0.24489780853517876
AngMaMyMyRt39671-00,1,41,169,kmeans,-22.972898097560975,-46.764863439024396,2021,0.05027409720463984,0.012290957511651254,-0.06354479046520568,-0.06094916589304299,-0.019294642773417345,0.07002034864639302,0.11248206599713054,0.24710045854783808,-0.05860560197297471,-0.013569265104415763,-0.014169409514164316,-0.10943033167355892,-0.06344426627657276,0.06626194428034242,0.02533959734061006,-0.03058185875976403,-0.03935446966926416,0.03850226460742114,-0.004583602929454894,-0.0542440524751268,0.08784763833797504,0.019032079594152332,-0.18083101246237374,0.11120675912641476,-0.14171209947393587,0.1279867968229855,0.013002128637203327,0.12457047477049163,-0.08243283540101834,-0.10650762839808325,-0.08672536829174517,-0.10231561969598929,0.10727131215948837,-0.18096604495456717,-0.10042966588835436,-0.016563985709061226,-0.07452743316360497,-0.012104912744629154,-0.1604876173329207,0.051030279160923064,-0.25535544490393003,0.0026811451505518585,-0.16112827149032727,0.16384842602751284,0.1777762774167534,-0.06400840202173644,-0.07766918914863888,-0.003816918446001079,-0.1112262638197316,-0.13612625538020084,0.05037612175429711,-0.009690831856415429,-0.14320795941523426,0.27287215986346713,-0.04349696645755383,-0.09255277051040403,0.06806837895368568,-0.009474779868905929,0.0806459054209919,-0.059577835916767435,0.10530583921756169,-0.12980373402349937,-0.027684661621702703,-0.3919438114796373
AngMaMyMyRt39671-00,2,35,169,kmeans,-22.844153942857144,-47.34023331428572,2021,0.050549349151425255,-0.07075432525951554,-0.07768264953040037,-0.05687834349426043,-0.02143351458230351,-0.056609435931235234,0.10727478442357331,0.22763464601526884,-0.04388290218048002,-0.009251826220684342,-0.044107870599220056,-0.09329862140934803,-0.08271807546548028,0.029049047069808313,-0.016345361674081384,-0.026352941176470576,-0.08042972483110887,0.040993464052287584,0.014884824518042489,-0.04447344427967266,0.0864493875981765,0.055205140879881334,-0.18411028725215575,0.10913604657549292,-0.13142373812270003,0.16449409567748666,-0.007515351238534633,0.11959883561267642,-0.015255670895809294,-0.11313978140275714,-0.06081529082221121,-0.17293744164332395,0.04042401274235183,-0.17573021365408908,-0.05527192837919478,-0.052069643543691965,-0.055648047454275804,0.010564727851925085,-0.07538023836985772,0.03224781677376832,-0.2648792222771461,0.015116823199868165,-0.1279015763168012,0.14540868896578232,0.15612456747404843,-0.11938792772010758,-0.17494633932004172,0.061439226671060554,-0.13890745317734937,-0.10192651178118302,0.022299994507606932,0.002569561157796452,-0.13880375679683635,0.29853836436535397,-0.09111396715548961,-0.0575901576316801,0.05646531553797987,-0.03322150821112757,-0.010343274564727854,-0.03828154006700718,0.15219640797495465,-0.12844290657439444,-0.1083802932937881,-0.29104058878453337
AngMaMyMyRt39671-00,3,39,169,kmeans,-24.07582605128205,-45.68612558974359,2022,0.08819487573812829,-0.05376393694732794,-0.04608720511834697,-0.10599946766036727,0.002238192411202794,-0.08036514555545696,0.050429519218446524,0.29533256439830835,-0.04116444365579311,0.09633848914125728,-0.045651869596506245,0.018605861650844352,-0.011146797582783724,0.11529451197271265,-0.014137363341515573,0.03552558680586359,-0.07411271798815047,-0.009386527864036494,0.007569475251136139,0.04978282514614693,-0.009350249903883135,0.03703979731661391,-0.09625804670787368,0.08836680172320309,-0.15918611185047168,0.12207533591616634,-0.0746963199558355,0.1367174360945987,-0.06460946973057699,-0.11308155640335567,-0.02476996027169036,-0.15254566783978543,0.05283648300949338,-0.1618533305730537,-0.12203590335078221,-0.07045179861788856,-0.018787251451611336,0.021392955372194114,-0.057517917171896395,0.022323563915259404,-0.1920965309200603,-0.023577519494474508,-0.027268407614428378,0.17120042587170614,0.22281449935429173,-0.06224193850491427,-0.1039852522205463,0.07380672128076969,-0.01576198503534143,-0.050937410660594006,-0.04737270674986935,-0.08413805341140983,-0.16231548023935566,0.25235895464269165,-0.10406096274608381,-0.10570451207129404,-0.009921233450645195,-0.06605743353148193,0.056890150730981165,0.037019292382614165,0.08575636589477417,-0.1943394552391092,-0.03201451118406135,-0.28101381125602576
AngMaMyMyRt39671-00,4,29,169,kmeans,-22.97436234482759,-46.81343234482758,2021,0.012493868406050695,-0.05227697569900168,-0.03703827440374389,-0.0618775272110196,-0.008739344284028679,-0.08054833021782071,0.07780986092882045,0.13675164724442854,-0.15109944451073193,0.039952803298466094,-0.005143910167177093,-0.03885402166275568,-0.0723626191517851,-0.0009842368319877004,-0.08853676967744499,-0.08872767768364949,0.05086849885322621,0.07272746556364261,0.07238383115247446,-0.022580174733855637,0.06813082501425177,0.07121080751435122,-0.18038473266250377,0.027007119277731383,-0.08776041045221333,0.15452730382213734,-0.040635829720664436,0.14740431399064016,-0.015228095294913077,-0.10934149995359872,-0.042173699770645216,-0.10969574036511154,0.03353617308992561,-0.1928086014662795,0.0293319545532885,-0.07666441289159337,-0.16925691710084978,-0.061516923199299973,-0.09256492860836014,0.12054143631759667,-0.23911439897121795,-0.027751660501928954,-0.1386225457052327,0.15118853491362735,0.12146840074772298,-0.0813055986424319,-0.08459557994935632,0.051301223667289744,-0.046276100703973255,-0.18260987153482078,0.118129631839213,0.08424133953784349,-0.14341645786103485,0.278441448249347,-0.0787028861578438,-0.17345265083721112,0.11839478184783037,-0.07111747471131788,0.07963197178803907,-0.11250633045645572,0.12231475957522966,-0.07811319253867872,-0.0836261915178512,-0.29180288748359384
AngMaMyMyRt39713-00,0,27,154,kmeans,-28.63364744444444,153.29463374074075,2018,0.0874056986629074,0.05066997023936662,-0.11987412248850154,-0.062268927905221615,-0.025861278425676718,-0.018137753285773273,-0.006201603371922479,0.28708274595241146,0.02720093411365996,0.03813917723952324,-0.011715152291853534,0.1495242570521309,-0.06048272032124394,0.31908183462201145,-0.07018155410312271,0.1904452703376194,-0.19058652654961764,-0.11591211357455106,-0.0037842994859526857,0.18070314836174117,0.12725134207640934,-0.08340040155495744,0.12111808848448596,0.1262762185484215,-0.0591726828712603,0.04258874791746761,-0.06285445768721427,0.04522704942543464,-0.20565765303942923,-0.12156008372848048,0.00993122303387585,-0.1224668574764691,-0.09839178663477006,-0.17019095219787259,-0.07107237956911155,-0.054155809019323,-0.06837939823714521,0.026237202215672023,-0.06627650333917151,-0.12385891466245172,-0.21301208936733734,-0.10755293548065555,0.13778632150027764,0.04617711136742273,0.20832785111139587,0.11694875190453811,-0.11320774061258487,0.09654406424879317,-0.07474504108106565,-0.003358252523958022,-0.0885334700328933,-0.16423085138194707,-0.0068281430219146455,0.07286542213108915,-0.023293605023708815,-0.046363934099420426,-0.13078046905036522,0.04655531348341804,-0.03402679880957463,0.03936491662750793,0.1592208125080097,-0.0891736796388853,0.09588107138280144,-0.20482834237543962
AngMaMyMyRt39713-00,1,27,154,kmeans,-29.185986037037036,153.09661974074075,2018,0.09484671137881438,0.02135474959773305,-0.10977202500462782,-0.08215187890697309,-0.08492460164893842,-0.04761017842140486,0.053871018269326575,0.3211323280219858,0.024963617981687933,0.0912378429948595,0.004171614905947835,0.06060119327324246,0.006978512537912762,0.3007891551682401,0.020078887037748974,0.17924274139575944,-0.13967733208025399,-0.1140142680165748,-0.01950930553775611,0.12837000014239536,0.03510216868156121,-0.09213322511284829,0.06432853460919587,0.09334757287083312,-0.12428723995044637,0.14604069659817448,-0.08073931678699071,0.08237743318097024,-0.13432326598032093,-0.05767354436327905,-0.05603314964329954,-0.12775257379640304,-0.09080496105486491,-0.1856630640636792,-0.10529511441468375,-0.09028778105287136,-0.08880231250088993,0.07968217352300397,-0.06087459239323903,-0.049669785125379104,-0.14215615076822302,-0.08356216270095544,0.05506258276731167,0.06347416235920654,0.26926851495863413,0.022386831275720154,-0.08616173266692295,0.07238013869309523,-0.04029903028749625,-0.006812194739914845,-0.0952454184288094,-0.17539464878180755,-0.10772608825665338,0.15046064903811918,-0.06348555398920641,-0.12483859484243948,-0.10507183846668657,-0.02421404872769731,0.001093596479986303,0.03405186039557435,0.13136372050635792,-0.14317228416421032,0.12843834992239447,-0.17468153274381645
AngMaMyMyRt39713-00,2,46,154,kmeans,-28.621921565217388,153.3758433478261,2018,0.11147953128395433,-0.035350951974992856,-0.09242331544723599,-0.16179195292780366,-0.06040887284154921,-0.12159737893452348,0.018367517509987788,0.3133537268274743,0.01049496013239054,0.13280377112481817,-0.08181736121558598,0.14004245858616243,0.03497918860638882,0.25528107918359155,-0.036407401835414445,0.2028530832622904,-0.17709977767748186,-0.0420360062183441,-0.039386857897464156,0.14345251826220679,-0.015817327783628356,-0.015688949066412588,0.03376226534944753,0.11758554402153015,-0.16350634371395611,0.022850074386105687,-0.11316583922571583,0.17790348193838487,-0.13149056382996505,-0.1154739815789913,-0.04476539123748388,-0.16775353960851175,-0.03591929525433363,-0.1540089931965966,-0.10825669057051632,-0.08286979924109451,-0.01021011985356804,0.05398993698075988,-0.029838690804540047,0.00908680607792989,-0.14424284974006651,-0.0425949885495545,0.11625361483041635,0.07008274409508045,0.22206041154739814,0.06750714608093873,-0.14762750112832854,0.05011182989819965,-0.06136502682914595,0.0120796349230229,-0.09486919746585759,-0.12121892917439778,-0.06206174882570245,0.08277084064657401,-0.13485783060027076,-0.07000785651003791,-0.09095230931247175,-0.042291426374471336,-0.057501629807933365,0.11591127158450759,0.13194657573174196,-0.16487036758437384,0.056013239055212855,-0.21054911990371594
AngMaMyMyRt39713-00,3,34,154,kmeans,-28.521494352941176,153.26594494117646,2017,0.10374290431282085,0.022706198973245564,-0.1316380577605898,-0.17380464527218034,-0.04506502024108373,-0.08823574643236762,-0.012968767668543768,0.2945817219621412,0.08850894452359948,0.09466947101793424,-0.06380532374426122,0.10954881606621883,-0.004928421195467811,0.32536807110387406,-0.07036388719270865,0.23891444467060177,-0.164201099124771,-0.07765158197073518,-0.01703779089490465,0.07408010493701514,0.04124929325824905,-0.04476106474885221,0.061183707623764585,0.08866996856412687,-0.14644503245358115,0.06630210100187708,-0.11959743989868148,0.1396693579392541,-0.09833864803130013,-0.1041698894090508,-0.036651966438247696,-0.17559038378904038,-0.1094275957211027,-0.11399778365786908,-0.07164665174028087,-0.12157857837483317,-0.06991519098989073,0.09343917497794962,-0.023704909876291903,-0.07053395752764771,-0.10865866069611232,-0.07135355180134334,0.13380916841938617,0.05414569057149961,0.19425107990139537,0.032593798765180794,-0.17458624510934703,0.18506004477915727,-0.059700115340253726,-0.053481692561684384,-0.04351448537892662,-0.1288879842594477,-0.0027898771965533566,0.07810389669131779,-0.06733699708257002,-0.028821493995522057,-0.07610285636746045,0.013649049008299968,-0.02676436664631248,0.10532419657597752,0.1712662550602709,-0.16175679037474272,0.10062736051744803,-0.17565913562656893
AngMaMyMyRt39713-00,4,20,154,kmeans,-28.9187437,153.20360475,2019,0.06639292579777008,0.03653364090734332,-0.16345713187235675,-0.09821760861207224,-0.07131103421760858,-0.011592464436755101,-0.01214609765474818,0.2670880430603614,0.1164229142637447,0.026746635909265626,0.00784621299500192,0.07241830065359475,-0.0622929642445213,0.3487489427143406,-0.032442906574394435,0.23440830449826988,-0.11441753171856975,-0.1410872741253364,0.012355247981545546,0.03290119184928872,0.12743406382160705,-0.12988235294117645,0.11213533256439827,0.06881353325643978,-0.06619300269127257,0.1416224529027297,-0.06997616301422525,0.0610042291426374,-0.15093579392541326,-0.0606043829296424,-0.04485659361783925,-0.1502314494425221,-0.17339792387543246,-0.14118262206843518,-0.06150249903883118,-0.12831372549019604,-0.14580853517877737,0.08457054978854284,-0.0455824682814302,-0.12671434063821602,-0.11571856978085349,-0.1068050749711649,0.10560246059207994,0.03140330642060743,0.2082860438292964,0.019229527104959607,-0.12122414455978467,0.19702268358323718,-0.07321799307958474,-0.06524259900038441,-0.009291810841983855,-0.1560138408304498,0.0026205305651672423,0.08983006535947709,0.035380238369857736,-0.02640830449826985,-0.06861053440984233,0.09534179161860819,0.0024175317185697737,0.020395232602845044,0.21796847366397537,-0.11826835832372162,0.12517647058823528,-0.11454363706266815
AngMaMyMyRt39736-00,0,52,159,kmeans,-21.71184267307692,-47.12163244230771,2024,0.06641587555082362,0.012881436134031282,-0.08643894360157334,-0.09284239789430096,0.007382959216869239,0.032271611510365825,0.09630497146068077,0.25786176914204595,-0.05408334072693932,0.011127081300091678,-0.04063407565137667,-0.06563156182533342,-0.031132404696418516,0.07248454736344011,-0.008827374086889637,-0.02060864164670392,-0.07874367846686181,0.02191583118918758,-0.002535119628545246,-0.0303871292106586,0.05914293319137611,0.0370129831721527,-0.16978676840268533,0.12902848017034868,-0.14395055156300826,0.10795492857776592,0.00749297607429095,0.14085824978558542,-0.04534114098127938,-0.12866767219708394,-0.0772389317718037,-0.13085263064501815,0.07832135569159789,-0.1536308520391565,-0.12854819152397004,-0.03741164640818619,-0.04028864637861172,0.015388164315499941,-0.12204891609735896,0.0462319226333067,-0.2240653003282761,0.01871587850826603,-0.0992352053943749,0.15893650371159018,0.1597669535385798,-0.042872268062579474,-0.1358566231922633,0.025063732883802085,-0.08540857066808623,-0.09940555407683432,-0.00874574867654454,-0.01686333658651997,-0.10280069795640726,0.2575967823026647,-0.07875314228255403,-0.02698015556147039,0.024085410936621983,-0.02779049478011415,0.05676396652175196,-0.022771123532369198,0.08604028036553985,-0.13435424245112823,-0.024682814302191436,-0.3672528317511016
AngMaMyMyRt39736-00,1,54,159,kmeans,-22.696927481481477,-46.37172846296294,2022,0.009440243780881995,-0.029560140686630473,-0.032617654178592255,-0.06621612770017227,-0.007896677915901304,-0.07346348270608168,0.08629273641192131,0.13451920201631845,-0.15624759707804686,0.05324106113033446,-0.012660657581841733,-0.024610477451692356,-0.06208666182522388,0.010580545943867752,-0.11582211969755218,-0.0984612755777692,0.07464593390006688,0.10726244891565917,0.07294858103008811,0.01121278140885984,0.058734105116265804,0.10960912469562986,-0.18235949136372048,0.04132427698748343,-0.0952374442878095,0.1531912227490851,-0.06019451208224755,0.13960442564825493,0.020438862545744497,-0.11684280974553943,-0.017796004385777553,-0.08143420621698202,0.012388397624845122,-0.17224941973884686,0.028605522092642416,-0.06984550101812691,-0.19935694248650798,-0.03631765560254601,-0.06791234140715106,0.12428951827644633,-0.21708801458128638,-0.04001082204849983,-0.1070676520426616,0.1561496290600481,0.13429250857932132,-0.05774872912127811,-0.07596394549105043,0.04612926652142338,-0.011516937929856016,-0.15886083700001422,0.1007509932077406,0.07847579990601902,-0.1725091489028436,0.2845173508764435,-0.07437367394307029,-0.19718683697153513,0.10798695658365015,-0.08086120722798919,0.11129850342460873,-0.09242712916684465,0.10765432098765429,-0.07973571418400328,-0.06285104019821433,-0.27160265994560495
AngMaMyMyRt39736-00,2,21,159,kmeans,-28.61672209523809,-41.95666457142856,2022,0.04124421010234157,-0.022666739898573804,0.1432884787902089,-0.01913110342176086,-0.10376375386756007,-0.10573808608410681,0.10454587063583601,0.2309529301916845,-0.04267076765346661,0.15374599513007817,0.03572545358012482,-0.05677523296900456,-0.022783910950000902,0.19765584665238645,-0.02461763790483512,-0.022271287600007312,-0.012695483422127007,0.10855019131835737,0.0040101792350927465,0.07979934457443104,-0.0822189267864008,0.0798872228630014,-0.09837974405448449,0.0546192856227458,-0.14953662510755936,0.1262957470569927,-0.17266619065927025,0.0703348528954065,-0.09797550392706098,-0.09616521118251219,-0.049923655736804504,-0.13159773713406928,-0.03467677266985224,-0.2269925486534483,-0.06252833159407553,-0.017777777777777774,-0.11181633437688798,0.0201973599897475,-0.07316746306365682,0.08540890866150379,-0.23351311766536678,-0.019336152761758277,-0.06396660625034324,0.12616100034785152,0.2392105600410098,-0.06243166547664814,-0.07704289558960836,0.04677761300598671,-0.03833836802694934,-0.05656139580015011,0.04360520678859779,-0.03339374965672541,-0.21236374288277404,0.1925969865070211,-0.038180187107522724,-0.2065637758371322,0.029969425678768237,-0.024143095146555354,0.0812346899544131,-0.05172516065249627,0.029664780945057756,-0.04349389428974203,0.0015407993262664677,-0.16327200161110195
AngMaMyMyRt39736-00,3,10,159,kmeans,11.9357339,-78.6153349,2022,0.057467128027681655,-0.14568550557477888,0.10529488658208383,-0.042685121107266404,0.03099115724721261,-0.09545866974240676,0.06818915801614761,0.00818762014609764,0.007498654363706281,0.012315263360246057,0.02569473279507878,-0.0099346405228758,-0.1480230680507497,0.009276432141484034,-0.02949019607843135,-0.08145174932718184,-0.016412149173394848,0.03513110342176086,-0.03620146097654747,0.0007135717031910849,-0.13353018069973088,0.1285905420991926,-0.006009996155324865,-0.12266051518646674,-0.1660899653979239,0.08147020376778161,0.03195078815840059,0.021296424452133797,-0.08343867743175701,0.05395463283352556,0.015329488658208379,-0.06444905805459436,-0.08613917723952326,0.04660361399461746,0.042352941176470565,-0.04424144559784697,0.04508419838523642,-0.07678892733564012,-0.11498346789696268,-0.023621683967704712,0.14602998846597462,-0.23880046136101496,-0.08036293733179545,0.172235294117647,-0.10967474048442899,-0.038975778546712775,-0.07650595924644366,0.058857362552864265,0.023984621299500204,-0.02159169550173009,0.0027497116493656326,-0.05374548250672816,-0.04592695117262589,0.20221145713187233,0.12650519031141869,-0.17570472895040368,0.08537024221453285,-0.037628604382929615,-0.13108804306036131,-0.17526797385620907,0.05349942329873123,-0.10077354863514032,-0.0038815840061514582,-0.10559630911187999
AngMaMyMyRt39736-00,4,22,159,kmeans,-24.02149840909091,-47.49346209090909,2022,0.10237461116353846,0.010781867114047022,0.018359372269406884,-0.11774212715389182,-0.02354339240152386,-0.09657823913879274,0.19789311803152632,0.061361014994232924,-0.11565901226800879,0.0057544301142917345,-0.04281430219146479,-0.07086505190311418,-0.1370661633637412,-0.0026395442312397294,-0.08503862150920971,-0.19594421725909614,0.08968019293278806,0.05386180140505396,0.08013980636818005,0.05046450665827828,0.09761560239068887,0.12989689280346714,-0.23418964733843625,-0.004333997413582202,-0.06167697738631992,0.11641396665618114,-0.04586487714515394,0.06686938590052774,0.05591695501730101,-0.10062703156128758,0.0802125056796337,-0.06238719373667466,-0.008704344482891185,-0.11811960434797801,0.07923945335710042,-0.04262975778546711,-0.24815350739226172,-0.04292614728600887,-0.05033029254482539,-0.042297018629198546,-0.24691202684282268,-0.013706616336374091,-0.13142637447135713,0.12553213798888538,0.1361126839327531,-0.061254762154416116,-0.12357764496172796,0.004731047499213589,-0.04892663660829749,-0.059227569815805084,0.0703281954493027,0.06304987592184821,-0.26264863164517144,0.22151759812659463,0.005072175037572964,-0.1804508755373807,0.07142707350319805,-0.06502953409527802,0.09526685540526367,-0.03829855649924852,0.1260354409143336,-0.040476739715494,-0.18658278284575863,-0.13479011568976962
AngMaMyMyRt39985-00,0,184,828,kmeans,-33.522773836956524,32.82852453804348,2022,0.011214415860120692,-0.06742423482607021,0.16705648329237915,0.003887468030690535,-0.20247831101750158,-0.11651237818230444,0.08061414506126403,0.28332380522541495,-0.0010999114053123482,0.0683215485682764,0.06906039483141932,-0.04995804289320159,0.014089564214432554,0.15025391571803484,0.04509971081356665,0.046100663624358496,-0.03094428564264578,0.10933520552295936,-0.03998662721695667,0.17081490396670174,-0.08629624057636692,0.07377563813249083,-0.04115774869197463,0.0141744813867576,-0.1373087274125336,0.11124116142620728,-0.10167728131320727,0.05823947311234807,-0.09948314193537597,-0.12795379703458534,-0.06882871136519396,-0.10490580545943864,-0.15666950838306337,-0.13413804055296455,0.0321495077144242,-0.01837821573642244,-0.1278672082643799,0.060886281196195415,-0.15476455543854367,0.11169182421476687,-0.13630643732343745,-0.10159771325409957,-0.09701118298981994,0.07186433311602558,0.28977182688932346,-0.03127392474466341,-0.042801932367149735,-0.03321999899704127,-0.130868395098875,-0.001836417431422696,0.06649582936328836,-0.034432241779917404,-0.1547525199338047,0.10851311368537181,-0.080076893502499,-0.31434699028801627,0.08127877237851659,0.021194189525767675,-0.08382327867208261,0.0505461110275312,0.06732895374688662,-0.07690520368420169,0.04644166959196293,-0.028871504270932585
AngMaMyMyRt39985-00,1,328,828,kmeans,-33.92729124390244,27.303695600609753,2023,0.029236410011158915,-0.13092319089280857,0.19373130409504782,-0.004283530724580598,-0.1464556783976144,-0.16324228017366677,0.03218705751071349,0.16956817734267304,-0.08153561950844421,0.0989641882577995,0.06616479590401438,0.022236663197081785,-0.002318057782653954,0.10886919665044398,-0.05001941092075277,0.02817978075974528,0.050334861826126884,0.13024296471338412,0.037181196725462044,0.19507994111082977,-0.06448120328954152,0.11909622002794423,-0.025413677666188413,0.048522800798942216,-0.11250157069044736,0.16447088830749895,-0.12213932727562567,0.0635446029200776,-0.04604289157078417,-0.1460036946390225,-0.0541499048208475,-0.10700406035202217,-0.1710375934209169,-0.15952701118706683,0.12852636415637508,-0.07830684258399674,-0.2049553173732429,0.058583284102737186,-0.08084845415928205,0.07853752309149387,-0.1650005157491021,-0.13008936525351408,-0.08143415759417107,0.06983299106347461,0.2703260472051087,-0.004433191736761649,-0.07060248872384914,0.04583096557609172,-0.060424602169897076,-0.01193368404272277,0.07359664669311052,0.014296940201235913,-0.1921478605789518,0.09039187554505299,-0.050416256411699036,-0.3717667688787614,0.10911000459485559,-0.03853227182790857,-0.0854136776661884,0.017588732288706957,0.0807424911619358,-0.04909593871025213,-0.01690850610928253,-0.022600313200363813
AngMaMyMyRt39985-00,2,122,828,kmeans,-30.462527581967212,142.5408725081967,2017,0.10385513768348867,-0.008018101486817794,-0.05858377294987427,-0.10836992077448143,-0.07713804904797018,-0.08519749654924647,0.03964124769161921,0.3079894870194944,0.015119531579909362,0.10925280944907692,0.011669156251378723,0.05102400715991957,0.030651514865026666,0.27226148833046554,0.004449234531485366,0.17599384851980007,-0.12465722515299914,-0.06353672295018939,-0.05099980461487068,0.14462180371988073,-0.008844517556299256,-0.05061357233346564,0.015021208740648296,0.09428756909385412,-0.13326828899351445,0.08450671557597643,-0.10606109882075616,0.12492294892884828,-0.11350640674141721,-0.07911963242384704,-0.08073162276804001,-0.14595344791725753,-0.09252280018404016,-0.15412886594689304,-0.12307800908855981,-0.11217980474092559,-0.06483408020874692,0.09241741826913984,-0.03328505429815769,-0.016048304246160022,-0.16618929667656193,-0.04853669143645883,0.06141799181903555,0.05829031709115658,0.2503627230384278,0.025327963393650593,-0.12533439219467918,0.04720958521627873,-0.07244225108879937,0.005857015901828425,-0.10165321030372931,-0.14015845103711685,-0.06897977448774428,0.11808371307378622,-0.09571551925173793,-0.09425227371565795,-0.09466926339806254,-0.03418407800278579,-0.022189195832624235,0.05691984797776387,0.11022746610698278,-0.13641613250893414,0.11834187355430761,-0.15408247773554937
AngMaMyMyRt39985-00,3,58,828,kmeans,-25.922144431034482,26.789266396551728,2021,0.13011229102864943,0.0015325670498084198,-0.04753609354492304,-0.022798658340956394,0.009607975712259208,-0.050042291426374466,0.05924617852550077,0.15553911625502126,-0.11164618382850092,-0.013249015630593003,0.039190231873682514,-0.13591907621736993,-0.03180527383367138,0.022467751130201913,-0.05690649484946106,-0.041086584735313986,0.024114862983733054,0.04904320619390417,0.053903936151877906,0.05170849408052604,0.06323191345503715,0.005827997189409905,-0.10868923093239996,0.03805857163690357,-0.15734743931379175,0.10814302191464818,0.009219796099643338,0.167319200837874,0.05534210979861854,-0.09917989102334641,-0.10516379641782336,-0.11050179639130836,-0.06606795794720861,-0.186428031658911,0.12516671306791816,-0.1516498959286216,-0.09540839730077288,-0.06307176284983226,-0.14347585146296515,0.06546235532752653,-0.2645984965994511,0.007669198849248944,-0.10679818107094084,0.18384334937490882,0.18874862453433028,-0.08954752151029441,-0.16750480584390617,0.0278821143061687,-0.11410783650850466,-0.13263121611051448,0.044393535642789875,-0.007268292036219477,-0.16343528351164666,0.2008458285274894,0.015464609102599787,-0.18989831497169524,0.06526190192101178,-0.09144281377189141,-0.08903419109361119,-0.01773535377639899,0.15694759310079676,-0.041532036749791175,-0.09579021331318188,-0.19839160004772696
AngMaMyMyRt39985-00,4,136,828,kmeans,-33.69136447058823,24.554593720588237,2023,0.08240586199877872,-0.1353203519008526,0.12359725897279322,-0.08830223669629328,-0.13318994956690863,-0.14626184499174522,0.03126263654250625,0.27719338715878505,0.0028097790442589837,0.12795259741728293,0.036057172580681626,0.02620168713390776,0.02914037587353277,0.15395526607413434,0.05813284483343508,0.13493407512947506,-0.0740760341045299,0.0881841825542212,-0.04335255670895807,0.2203396883551575,-0.1166388493113508,0.060905081755885715,0.02307754935884388,0.0397629870864147,-0.14238188931858783,0.09445281226677518,-0.14516679105321478,0.12204446253703322,-0.0644865097134586,-0.13007078725377114,-0.08815478209738334,-0.1355795282357464,-0.13113372684714023,-0.12037632584752465,-0.01808354252889159,-0.11574190922043555,-0.02625777415925999,0.03770721668136688,-0.04238957866883777,0.06654951715403574,-0.11854399891444464,-0.10392383020105388,-0.054172829454734575,0.07770224121944046,0.28434810140896033,-0.006786530067621053,-0.09959608295451972,0.0033910034602076047,-0.11770088427527871,0.059611009340298934,-0.04790012890969533,-0.09197141370965915,-0.11096727502996581,0.0957821652305674,-0.11773118936155774,-0.27280502973969284,0.03678132844833432,-0.02073636836510843,-0.14126557658819006,0.05809801659995021,0.07161046656263426,-0.13148788927335636,0.00789877196553361,-0.04662731528597597
AngMaMyMyRt40824-00,0,6,52,kmeans,-31.91265633333333,151.89784083333333,2021,0.10422657952069711,0.1613328207099833,-0.07335640138408302,-0.05340510060233237,-0.08340381904395744,-0.05753684480328078,-0.0104062540048699,0.27150583109060616,0.09231321286684604,0.009914135588876057,0.08007176726899905,-0.0045418428809432185,-0.042178649237472714,0.2573369216967833,0.018464693066769164,0.19646802511854414,-0.06820966295014735,-0.11612969370754833,-0.1559912854030501,0.10432910419069588,-0.008263488401896711,-0.1709188773548635,0.029065743944636666,0.08183519159297697,-0.038498013584518764,0.16996539792387538,-0.06634371395617066,0.013215429962834823,-0.17735742663078302,0.011113674227861059,-0.06367807253620401,-0.02427784185569656,-0.02018710752274766,-0.11110598487761117,-0.1447750865051903,-0.1739331026528258,-0.10182750224272712,0.06977829040112776,-0.07884147122901446,0.0026348840189670524,-0.18313981801871074,-0.08523901063693447,0.0037626553889529776,0.03281814686658975,0.2682147891836473,-0.007197231833910051,-0.10195053184672559,0.13618351915929766,-0.024400871459694995,-0.09297962322183771,-0.022483660130718966,-0.20759195181340512,-0.04855568371139303,0.10067922593874148,-0.06545174932718184,-0.20748942714340635,-0.008858131487889285,-0.033617839292579776,0.033699859028578735,0.005033961296937048,0.06373958733820323,-0.04469050365244133,0.0554863514033064,-0.14536972959118283
AngMaMyMyRt40824-00,1,13,52,kmeans,-31.15931576923077,152.37247753846154,2023,0.13959601336763963,0.05855262768757577,-0.1037470795256262,-0.13093662200928632,-0.024875639546919816,-0.1594132434270842,-0.021492325436962084,0.2036991689586845,0.0745795995622985,0.10815248573034036,-0.04487268210451599,0.08380208795433708,0.01662792417117677,0.29675213675213674,-0.1274066187560997,0.22740129535977285,-0.17050956732617628,-0.013268269600449502,-0.07793452222517966,0.15215922869902104,-0.06374826250258772,-0.02809806879011028,-0.04076538609410581,0.13920799692425986,-0.08782420962351753,-0.04394522816668145,-0.1364067074793718,0.12007689350249903,-0.05658415402360037,-0.16161358057551822,-0.018889776121610025,-0.1096288409783219,-0.05979238754325257,-0.03839943217105845,-0.14239257090468158,-0.1699701298317215,-0.07070889894419301,0.015610563984266388,0.020782539260047916,0.010287167657409847,-0.23158430189572057,0.016074290953183683,0.1232945908378434,0.009397568982344073,0.13421583414662996,0.11812261556206188,-0.23302280188093333,0.15479490136929583,-0.12628515659657524,-0.07713482979918963,-0.020654777748203346,-0.16136752136752133,0.07675627717150205,0.003430633188418651,-0.1313057108212817,-0.06624197793747966,-0.035229053914175,-0.01998757874190398,-0.06692337266731727,0.030530269423002965,0.06525300919764583,-0.07143761275249161,0.004944843699168967,-0.16070032236122198
AngMaMyMyRt40824-00,2,12,52,kmeans,-34.58823775,150.60805941666666,2024,0.13545046776880684,0.08028706907599639,-0.09330770216583362,-0.06966551326412915,-0.09936691016275787,-0.07991285403050107,0.10865051903114181,0.25176983211585285,0.055701653210303695,0.09934640522875814,0.07333589645008325,-0.01332308086633343,0.007043444828911977,0.3423401255927207,-0.017818787645777275,0.15266435986159166,-0.13119569396386002,-0.05656798667179288,-0.047099833397411216,0.18074586697424064,0.0001332820709983272,-0.06008970908624884,0.06228373702422142,0.12211713443547352,-0.09267204921184156,0.14688196847366397,-0.13534794309880813,0.0388363449955145,-0.09980264001025246,-0.07203383314109953,-0.15587850826605149,-0.08499807766243747,-0.17105215942586183,-0.15876457772651542,-0.08430603613994614,-0.22861976163014222,-0.09923875432525947,0.09658336537229266,0.012087658592848896,-0.04638728694092012,-0.24735101883890812,-0.06048955529924383,0.030147379213123156,0.0020043572984749514,0.20894527745738817,0.029926951172625914,-0.1686787133153915,0.016475714468794013,-0.12250672818146864,-0.017229270793284623,-0.1286223247468922,-0.18007945661924898,0.014512367038318574,0.10162757913622962,-0.0845726002819428,-0.12136870434448285,-0.10795847750865047,0.02774317570165319,-0.07077277970011531,-0.027456106625656784,0.04584390618992693,-0.05635268486479557,0.1328873510188389,-0.12535691400743298
AngMaMyMyRt40824-00,3,12,52,kmeans,-31.639958166666663,152.16601475000002,2023,0.12204536716647438,0.031608355760604875,-0.09457900807381772,-0.1272126105344098,-0.04330642060745863,-0.09967961040625396,-0.028250672818146833,0.25463027040881714,0.096075868255799,0.07924131744200946,-0.011246956298859398,0.057936691016275764,-0.010970139689862865,0.33904908368576187,-0.05622965526079711,0.25624503396129694,-0.1271716006664103,-0.08211200820197356,-0.039728309624503376,0.09193387158785082,0.021581443034730204,-0.07672946302704085,0.08755606817890552,0.11113161604511082,-0.10557477893118031,0.012108163526848653,-0.10813276944764831,0.10600025631167495,-0.12619249006792255,-0.1140381904395745,-0.04845828527489425,-0.17161091887735483,-0.08624887863642183,-0.14388312187620142,-0.11101883890811223,-0.20646930667691912,-0.09365628604382925,0.0470229398949122,-0.028219915417147245,-0.042450339612969325,-0.19525823401255926,-0.02344226579520695,0.09824939125977185,0.03437139561707031,0.19231577598359603,0.07981545559400231,-0.19269511726259128,0.13933102652825835,-0.04622837370242211,-0.04802768166089962,-0.04698193002691273,-0.18016147635524796,0.012195309496347565,0.03797001153402536,-0.07815968217352298,-0.023396129693707537,-0.08576188645392793,0.026430859925669584,-0.0696603870306292,0.056639753940791966,0.1392285018582596,-0.11455081378956807,0.07718057157503525,-0.12664359861591692
AngMaMyMyRt40824-00,4,9,52,kmeans,-33.93508733333333,151.12207166666667,2022,0.13660387030629242,-0.024694775513691314,0.007942244435900706,-0.10122602417873464,-0.09540945790080735,-0.08209492075697378,0.0417890554914776,0.26722029988465973,0.02405912255969929,0.15767610748002903,-0.022302533213721193,0.0677824768251527,0.002064163355974216,0.26122602417873464,-0.023573839121705298,0.2050766799094365,-0.11537442863855779,0.0019001238839762222,-0.07960015378700497,0.2362783544790465,-0.016561151693792995,0.03990260156350116,0.020607458669742396,0.10504677688068689,-0.11654320987654318,0.05066769191336665,-0.10385749070870176,0.11338545004058267,-0.1127908069545901,-0.07134350036310817,-0.09511555384681103,-0.12293391430646328,-0.10821820667264725,-0.13036353539237044,-0.10093212012473832,-0.1738134905378273,-0.003185099747960163,0.003670383185954116,-0.046498355333418735,0.03720278525353496,-0.24281942842496476,-0.003752402921953099,0.07379725746507748,0.027702165833653723,0.26915459865863556,0.06857533427314279,-0.1558101584860523,-0.002843350847964443,-0.08746721346490662,0.030039728309624494,-0.1495083087701311,-0.17611687812379848,-0.06975778546712798,0.06024349609124691,-0.11050792430261863,-0.15540005980605745,-0.034557648767567985,0.0032397795719594884,-0.10887436456063902,0.12912640437438586,0.030217437737622255,-0.16017087444999784,0.07413900636507323,-0.08852663505489339
GymPiPiPnCx50757-00,0,206,631,kmeans,33.852655995145625,-117.43368033980582,2022,0.2235964509542633,0.01568717035643498,0.03321381246197318,0.06549027073231728,0.03498101924950447,-0.030534633804026073,0.01065430398315808,0.05121286435762196,-0.02873159315125251,-0.14738170158602176,0.0968586391343135,0.013875171237350839,-0.2210662814526153,-0.0701758472282878,0.06848956525309532,0.11420760499135878,-0.08563636838706543,0.0854754146090189,0.14219265928339733,-0.040841946525421516,0.03831715210355985,-0.02477941643057375,0.13114000216496266,-0.12541345188370417,-0.06947111454518984,0.11942740469498285,-0.1887417460797378,-0.0026087053896372923,0.11789461110924473,0.08496926126247184,0.05204182110689315,0.09508366834264637,0.12277398909306723,0.13908914793787303,0.06835011179419413,0.022365706990963123,0.0011051761271803628,-0.026349536959272557,-0.3092250553371929,0.028942714340638203,0.030855048282400717,-0.013374094355046412,0.06224909762115392,-0.03351033769685295,-0.011706326543562393,0.15891572696087758,-0.07217597413989389,0.023201531897739096,-0.04103724109099187,-0.20663150468639768,0.09928429319567154,-0.06915667237768892,0.08502450513805367,0.1518361496511797,-0.06037379200680842,-0.1574283229377797,0.052519008745702735,0.010873786407766985,-0.08658656304707298,-0.19518168889486115,0.16121775418714981,0.01878023015793029,0.022901423276335084,-0.07854365199344535
GymPiPiPnCx50757-00,1,161,631,kmeans,33.95743985093167,-117.58091812422361,2024,0.1919689751433395,-0.043942965080320265,0.056084305845100144,0.06038843158746872,0.04819359969051556,-0.013976086598322182,0.013354825306081501,0.007164372995575041,-0.04826084568524766,-0.1391755201654404,0.08956516963136488,-0.13866085905803063,-0.21673613349858273,-0.12049068561781061,0.02470182275808873,0.07063771459137788,-0.07440310821685876,0.033139666778902496,0.05713273203569575,-0.0604308424136918,-0.015220901659896677,0.01494121945453373,0.05473289059869468,-0.0906655586360716,-0.06353103560264685,0.10255625523866833,-0.1378023263866501,0.017023934893650547,0.13876898756092376,0.09419406296192813,0.028692643297728276,-0.05039475977944456,0.09671884440050527,0.05248397057032531,0.009108775650072468,0.0011855927366684095,0.05235597393262503,0.035503210661928866,-0.34796860261581186,0.023911300240471292,0.09646476152268238,-0.0856958503776617,0.08914602840283596,-0.060638311590620886,0.053111345134814344,0.22319136691334673,0.01500349841556401,-0.010821638118162849,-0.05183214291684278,-0.2179847693553124,0.036208911527100165,-0.0047996828740021116,0.11839841819080571,0.096285566229902,-0.08133441270796465,-0.1237303378299316,0.06655557704752828,-0.053762026549750305,-0.07585386413730025,-0.15154496240098764,0.2226384978543847,-0.027550225546314,0.11329154338632294,-0.04122485140688839
GymPiPiPnCx50757-00,2,99,631,kmeans,34.48117434343434,-118.55296108080809,2021,0.1667324533299158,-0.00219527066124528,0.026460685284214677,0.005740760158291867,0.013253022341834314,-0.020851032431193905,0.04144109297511834,0.1469489201899813,0.026980764973844544,-0.11356937308494398,0.04679474483396048,-0.07147647175328833,-0.19324533299158442,-0.05865715983363039,0.08817680845362502,0.12025273884558771,-0.022679699726989216,0.14339845979984386,0.03296199208540614,-0.08487489271802996,0.024658736538782672,0.004516677734670812,0.0430746527170979,-0.08767350552817678,0.02352599427570591,0.136564724523202,-0.16099355725653297,0.03230459147414163,0.18927110396545227,0.1111038101118839,0.05414234618386865,-0.009662173445333759,0.10951188159954017,0.21815323554654578,0.015391127732534874,-0.07008524304948754,0.02362851894570464,0.0583446149305434,-0.25074862426650196,-0.0050025825343011,0.06900718061041008,-0.05920395807362357,0.08120637361698489,-0.07827230397011248,0.018008924306502153,0.12971172703583314,-0.11222785331205168,0.18322401252043696,-0.010550099223686313,-0.17319337162474413,0.08924617182979351,-0.07475539710833828,0.1149407182163814,0.1110391885017029,-0.02346510083534304,-0.13807028376809227,0.08922380281088468,-0.026378665548215708,-0.0197922322028435,-0.0923138342284824,0.18026384568483758,-0.03207033813723547,0.08571248820383767,-0.012628553897296682
GymPiPiPnCx50757-00,3,155,631,kmeans,36.34994262580645,-120.76214261935485,2024,0.18426421599632894,0.02334705014200493,-0.03061254356264959,0.06648162617355605,0.07391499547320507,0.019620046880232153,0.03150153166896104,0.080559784698193,0.12049559102578411,-0.17553506715779288,0.13851426870558467,-0.007419081990797577,-0.2546744552343391,-0.12580491374285319,0.11825803971177334,0.13386970271979756,-0.010364251962644636,0.026173556076447006,-0.06063692624424846,0.036550904738872125,0.0024812293038657673,-0.010411876325482747,0.044361697114013214,-0.011363966712554713,0.1042247274621423,0.1943220845580484,-0.15184234351552128,0.009484788728900791,0.14792166784487354,0.08128050005580977,0.026447396162766174,0.049219382123500875,0.17866438466594733,0.10934077464002677,-0.022489811610918863,-0.017503540821768297,-0.03727400131463085,0.008035023750170522,-0.2064694720392901,0.09565154841190109,0.025815579615780508,-0.11713767657600671,0.1620387195991616,-0.06209383487740445,0.05713613870595675,0.12647721099825127,-0.05089417221664123,0.020838436829507243,0.030199402215028925,-0.08011568751472758,0.028572236484726718,-0.06628596941622947,0.06687809899418334,0.1148128139301261,-0.09693581872976892,-0.18228224876288274,0.1533405265964703,-0.04650280909327677,-0.0709222011385199,-0.1182116059580062,0.2136194763800523,0.00014168247944339185,0.036333817018268405,-0.04024179285882599
GymPiPiPnCx50757-00,4,10,631,kmeans,-33.059886399999996,21.179215399999997,2022,0.04063052672049208,0.0558615916955017,0.018632833525567077,0.05249058054594384,-0.21379469434832754,-0.1994002306805075,0.08819377162629756,0.1913110342176086,0.07071741637831601,0.03364244521337943,0.27281199538638984,-0.16986082276047673,0.04996232218377543,0.11618915801614765,0.06275740099961549,-0.006151480199923124,-0.11142176086120725,0.1138146866589773,-0.14547635524798153,0.06100422914263739,-0.15242752787389463,-0.050638985005766975,-0.06894579008073813,0.026949634755863115,-0.15243367935409455,0.013957708573625507,-0.1511480199923106,0.11716724336793538,-0.053124183006535944,-0.09756247597078047,-0.12004613610149939,-0.04716955017301036,-0.11783160322952707,-0.11636755094194536,0.018017685505574782,-0.10135178777393306,0.008076893502499044,-0.0125982314494425,-0.11637985390234522,0.15857900807381775,-0.2099438677431757,-0.03053594771241828,-0.05629219530949632,0.0525828527489427,0.2427374086889658,-0.17990618992695118,-0.09731641676278352,-0.08164244521337946,-0.2411380238369858,-0.13245367166474428,0.1533256439830834,-0.04652979623221834,0.03848366013071891,0.07149250288350631,-0.04256824298346789,-0.18965013456362934,-0.014689734717416384,-0.02013379469434832,-0.07903421760861205,-0.08516724336793538,0.06913648596693575,0.08209150326797383,0.013920799692425984,-0.06474432910419065
